smiles,similarity,w_similarity
CC(C)[C@@H]1C(=O)N2[C@@H](C[C@@]3([C@H]2NC4=CC=CC=C43)C(C)(C)C=C)C(=O)N1,0.24434100272452658,0.42953436787355176
C[C@H]1CCC/C=C/C(=O)C2=C(C=C(C=C2CC(=O)O1)O)O,0.40473273712867563,0.6164933074366461
C[C@H]1CCC(=O)CCC(=O)C2=C(C=C(C=C2CC(=O)O1)O)O,0.37371205347852854,0.5384281073877094
C[C@H]1CCC(=O)[C@H](CC(=O)C2=C(C=C(C=C2CC(=O)O1)O)O)O,0.21542377622611933,0.3211103614796894
C[C@H]1CC/C=C/CC(=O)C2=C(C=C(C=C2CC(=O)O1)O)O,0.36763053478677754,0.5719310847977833
CCC(C)[C@@H]1C(=O)N[C@H](C(=O)N1)CC2=CNC3=CC=CC=C32,0.5854793383974666,0.662653515090686
CC(C)C[C@@H]1C(=O)N[C@H](C(=O)N1)CC2=CNC3=CC=CC=C32,0.5729629799072667,0.5582721406177953
C[C@H]1[C@H](OC(=O)C2=C(C(=C(C=C12)O)C)O)C,0.4180461641294241,0.7057776632927174
CC1=CC(=C2C(=C1)C3=C(CC[C@@H]3O)OC2=O)O,0.5693952458362985,0.7394896185549834
CC1=CC(=C2C(=C1)C3=C(CC[C@]3(C(=O)OC)O)OC2=O)O,0.6371448144703664,0.7446681955098502
COc(c3)c(O)cc(c3)C(O1)=C(OC)C(=O)c(c(O)2)c(cc(OC)c(OC)2)1,0.6566634467363084,0.7591321877922458
C(C3(C)4)([H])(CCCC4)C(O)CC(C3([H])2)(C(C1(C)CC2)([H])CCC1([H])C(C)CCC(=O)OC)[H],0.7386044317668496,0.6406760788587696
C(C3(C)4)([H])(CCCC4)C(O)CC(C3([H])2)(C(C1(C)CC2)([H])CCC1([H])C(C)CCC(=O)OC)[H],0.7455266692827813,0.6513420680888556
C(C1(C)4)([H])(C(C)CCC(=O)OC)CCC1(C(C3([H])CC4)([H])CC(C(C3(C)2)([H])CC(O)CC2)O)[H],0.7440270183796684,0.804130657537324
C(C1(C)4)([H])(C(C)CCC(=O)OC)CCC1(C(C3([H])CC4)([H])CC(C(C3(C)2)([H])CC(O)CC2)O)[H],0.8301966168647578,0.8034048311631702
C(C1(C)4)([H])(C(C)CCC(=O)OC)CCC1(C(C3([H])CC4)([H])CC(C(C3(C)2)([H])CC(O)CC2)O)[H],0.7498028059019137,0.8139942958407737
C(C1(C)4)([H])(C(C)CCC(=O)OC)CCC1(C(C3([H])CC4)([H])CC(C(C3(C)2)([H])CC(O)CC2)O)[H],0.853921946681584,0.7850035981988515
C(C3(C)4)([H])(CC(O)CC4)CC(C(C3([H])2)(C(C1(C)C(O)C2)([H])CCC1([H])C(C)CCC(=O)OC)[H])O,0.7163672730349713,0.8764791733732213
C(C3(C)4)([H])(CC(O)CC4)CC(C(C3([H])2)(C(C1(C)C(O)C2)([H])CCC1([H])C(C)CCC(=O)OC)[H])O,0.6841392342566207,0.8644145235682416
C(C3(C)4)([H])(CC(O)CC4)CC(C(C3([H])2)(C(C1(C)C(O)C2)([H])CCC1([H])C(C)CCC(=O)OC)[H])O,0.7125811162009874,0.8741384552877253
C(C3(C)4)([H])(CC(O)CC4)CC(C(C3([H])2)(C(C1(C)C(O)C2)([H])CCC1([H])C(C)CCC(=O)OC)[H])O,0.7432588635058578,0.8887841651047438
C(C3(C)4)([H])(CC(O)CC4)CC(C(C3([H])2)(C(C1(C)C(O)C2)([H])CCC1([H])C(C)CCC(=O)OC)[H])O,0.7401012931139166,0.8775766077701241
C(C3(C)4)([H])(CC(O)CC4)CC(C(C3([H])2)(C(C1(C)C(O)C2)([H])CCC1([H])C(C)CCC(=O)OC)[H])O,0.7547146166609521,0.882264440177484
C(C3(C)4)([H])(CC(O)CC4)CC(C(C3([H])2)(C(C1(C)C(O)C2)([H])CCC1([H])C(C)CCC(=O)OC)[H])O,0.7780168671389487,0.9015079543600343
C(C3(C)4)([H])(CC(O)CC4)CC(C(C3([H])2)(C(C1(C)C(O)C2)([H])CCC1([H])C(C)CCC(=O)OC)[H])O,0.841267470888593,0.9013318160453379
C(C1(C)4)([H])(C(C)CCC(=O)OC)CCC1(C(C3([H])CC4O)([H])C(O)CC(C3(C)2)([H])CCCC2)[H],0.6356979441336092,0.7713981936508535
C(C1(C)4)([H])(C(C)CCC(=O)OC)CCC1(C(C3([H])CC4O)([H])C(O)CC(C3(C)2)([H])CCCC2)[H],0.6558815992733915,0.7690686681446146
C(C1(C)4)([H])(C(C)CCC(=O)OC)CCC1(C(C3([H])CC4O)([H])C(O)CC(C3(C)2)([H])CCCC2)[H],0.6288326436850635,0.7591925766404432
C(C1(C)4)([H])(C(C)CCC(=O)OC)CCC1(C(C3([H])CC4O)([H])C(O)CC(C3(C)2)([H])CCCC2)[H],0.6847851902278073,0.7605236135659831
C(C1(C)4)([H])(C(C)CCC(=O)OC)CCC1(C(C3([H])CC4)([H])C(O)CC(C3(C)2)([H])CCCC2)[H],0.7851347528404414,0.7988142961092116
C(C1(C)4)([H])(C(C)CCC(=O)OC)CCC1(C(C3([H])CC4)([H])C(O)CC(C3(C)2)([H])CCCC2)[H],0.7577441877569445,0.7853887085708385
C(C3(C)4)([H])(CC(O)CC4)CC(C(C3([H])2)(C(C1(C)CC2)([H])CCC1([H])C(C)CCC(=O)OC)[H])O,0.8926518837946195,0.9173719544748317
C(C3(C)4)([H])(CC(O)CC4)CC(C(C3([H])2)(C(C1(C)CC2)([H])CCC1([H])C(C)CCC(=O)OC)[H])O,0.900280909010129,0.9221936752481561
C(C3(C)4)([H])(CC(O)CC4)CC(C(C3([H])2)(C(C1(C)CC2)([H])CCC1([H])C(C)CCC(=O)OC)[H])O,0.8974148242364137,0.9228073143774026
C(C3(C)4)([H])(CC(O)CC4)CC(C(C3([H])2)(C(C1(C)CC2)([H])CCC1([H])C(C)CCC(=O)OC)[H])O,0.8606393908339084,0.8752601926433956
C(C1(C)4)([H])(C(C)CCC(=O)OC)CCC1(C(C3([H])CC4O)([H])CCC(C3(C)2)([H])CC(O)CC2)[H],0.7458024261546389,0.8644558796856621
C(C1(C)4)([H])(C(C)CCC(=O)OC)CCC1(C(C3([H])CC4O)([H])CCC(C3(C)2)([H])CC(O)CC2)[H],0.7873429403235259,0.8731297312579781
C(C1(C)4)([H])(C(C)CCC(=O)OC)CCC1(C(C3([H])CC4O)([H])CCC(C3(C)2)([H])CC(O)CC2)[H],0.7337845802879923,0.8768208421737815
C(C1(C)4)([H])(C(C)CCC(=O)OC)CCC1(C(C3([H])CC4O)([H])CCC(C3(C)2)([H])CC(O)CC2)[H],0.763281069613041,0.8937751428883938
C(C1(C)4)([H])(C(C)CCC(=O)OC)CCC1(C(C3([H])CC4O)([H])CCC(C3(C)2)([H])CCCC2)[H],0.5768854058263142,0.8030766429224421
C(C1(C)4)([H])(C(C)CCC(=O)OC)CCC1(C(C3([H])CC4O)([H])CCC(C3(C)2)([H])CCCC2)[H],0.5874792082441264,0.809764387759874
C(C1(C)4)([H])(C(C)CCC(=O)OC)CCC1(C(C3([H])CC4)([H])CCC(C3(C)2)([H])CC(O)CC2)[H],0.8909745821892007,0.9011628025138565
C(C1(C)4)([H])(C(C)CCC(=O)OC)CCC1(C(C3([H])CC4)([H])CCC(C3(C)2)([H])CC(O)CC2)[H],0.769729619540726,0.8049454303763343
C(C1(C)4)([H])(C(C)CCC(=O)OC)CCC1(C(C3([H])CC4)([H])CCC(C3(C)2)([H])CC(O)CC2)[H],0.47897066853744297,0.7157266288498837
CCCCCCCCCCC(O1)=CC(OC)=C(C=O)C(=O)1,0.8384039911041702,0.8802109715650935
COC(=O)C(C(C)1)C(C2OC(=S)n(c3)cnc3)C(CCC2)C(=O)C1,0.8696621474515556,0.9099710381751749
COC(=O)C(C(C)1)C([H])(C(O)2)C([H])(CCC2)C(=O)C1,0.8898592979200567,0.9139306969994028
COC(=O)C(C(C)1)C([H])(C2)C([H])(CCC2)C(=O)C1,0.19916560181152052,0.4140021701767884
COC(=O)C(C(C)1)C([H])(C2)C([H])(CCC2)C(O)C1,0.888183618111826,0.92159576494959
OCC([H])(C([H])(C)1)C([H])(C2)C([H])(CCC2)C([H])=C([H])1,0.8241138824400889,0.8813432968432605
c(c3)ccc(c3)C(=O)C(C(=O)2)C(=NO2)c(c1)cccc1,0.8804544316092262,0.8971850169244766
Fc(c3)c(ccc3)C(=O)C(C(=O)2)C(=NO2)c(c1)cccc1,0.8623689286060388,0.8098381359014425
Fc(c3)ccc(c3)C(=O)C(C(=O)2)C(=NO2)c(c1)cccc1,0.8963631042446742,0.8841107141304927
Fc(c3)cc(cc3)C(=O)C(C(=O)2)C(=NO2)c(c1)cccc1,0.8421700837486091,0.8342318051361897
c(c3)ccc(c3)C(=N2)C(C(=O)O2)C(=O)c(c(F)1)c(F)ccc1,0.885889820146852,0.8153837367301234
c(c3)ccc(c3)C(=N2)C(C(=O)O2)C(=O)c(c1)c(Cl)ccc1,0.8828374843591346,0.8850794931772229
Clc(c3)cc(cc3)C(=O)C(N=1)C(=O)OC(c(c2)cccc2)1,0.9255390323438016,0.8989256003619365
Clc(c3)ccc(c3)C(=O)C(N=1)C(=O)OC(c(c2)cccc2)1,0.9079318591339078,0.9119118594439976
Clc(c3)cc(Cl)c(c3)C(=O)C(C(=O)2)C(=NO2)c(c1)cccc1,0.8637735549922076,0.8214604596740536
Fc(c3)cc(F)c(c3)C(=O)C(C(=O)2)C(=NO2)c(c1)cccc1,0.9256929325610029,0.8461803803994935
c(c3)ccc(c3)C(=N2)C(C(=O)O2)C(=O)c(c(F)1)c(F)c(F)c(F)c(F)1,0.8615946269701248,0.8535671350391509
Fc(c3)ccc(c3)C(=O)C(C(=O)2)C(=NO2)c(c1)cccc1,0.6045864224447767,0.4765965931061922
BrC#CCCCOC(C1)OCCC1,0.8261571657477552,0.7200321150458312
c(c4)ccc(c4)C=Cc(c3)ccc(c3)C(C(=O)1)C(=O)c(c2)c(ccc2)1,0.8265377729374079,0.8571381316181155
C[Si](C)([Si](C)(C)1)[Si](C)(C)[Si](C)(C)[Si](C)(C)[Si](C)(C)1,0.13052204127799175,0.3653536360933048
C[Si](C)(C)[Si](C)(C)[Si](C)(C)[Si](C)(C)[Si](C)(C)[Si](C)(C)C,0.7393236408123814,0.8715385359002612
C(C2)Cc(c1)c(C2)ccc1,0.7713600866488762,0.9072232856743686
C(C(c(c6)cccc6)(c(c5)cccc5)c(c4)cccc4)(c(c3)cccc3)(c(c2)cccc2)c(c1)cccc1,0.6658365321043674,0.4999990616408124
c(c1)cc(OCC(O3)C3)cc1OCC(O2)C2,0.6644072746492293,0.7800799527626847
c(c5)ccc(c5)C(=C(c(c4)cccc4)2)C(C1)C(C=3)C(C(=O)C3)C12,0.7894907503691874,0.8666185958885083
CC(=O)CCC(C(C)=C)C[Si](C)(C)C,0.8296278096429441,0.7870781698760707
CCC(=O)CCC(C(C)=C)C[Si](C)(C)C,0.8477258453697974,0.8031439163339529
CC(C)=CCCC(=C)C(CCC(C)=O)C[Si](C)(C)C,0.8313064832396216,0.7666782454576172
O=C(C1)CC(CC1)C(C(C)=C)C[Si](C)(C)C,0.8511760393507986,0.8026331396997652
C=CC(C[Si](C)(C)C)C(C1)C(C)C(=O)CC(C(C)=C)1,0.844998383954006,0.7043518709101823
CC(C)=CCCC(=C)C(C[Si](C)(C)C)C(C1)C(C)C(=O)CC(C(C)=C)1,0.7641917309367998,0.7331586931240515
C=CC(C[Si](C)(C)C)C(C1)CC(=O)CC1,0.604418120920285,0.7577767526802083
CC(=C)C(C1)CC(C)(CC(=O)1)C(C(C)=C)C[Si](C)(C)C,0.8724137983651421,0.8014590527217118
CCCCC(=O)CC(C)(C=C)C(=O)CCCC,0.8871023716855205,0.7273093084820551
CCCCC(=O)CC(=C)C(C(=O)CCCC)C[Si](C)(C)C,0.8480477344864434,0.8899276487408424
CCC(=O)CCC(C=C)C[Si](C)(C)C,0.8730754454550701,0.7566677751270371
CCC(=O)CCC(C(=C)CCC=C(C)C)C[Si](C)(C)C,0.8551462386260517,0.7201275296025361
CC(C)=CCCC(=C)C(C[Si](C)(C)C)C(C1)CC(=O)CC1,0.8536701612285248,0.7245594550467143
CC(C)(O)C([H])(C1)CC([H])(C(C)(O)2)C(C)(CCC2)C1,0.8429060507563426,0.7789640561301936
COC(=O)C(C)C(C1)CC([H])(C([H])(C)2)C(C)(CCC(=O)2)C1,0.8952156578611499,0.901799380490843
OCC(C)C([H])(C2)CC([H])(C(C)1C2)C([H])(C)C([H])(O)CC1,0.6502398122454129,0.6464315413609857
CC(=C)C([H])(C1)CC([H])(C(C)=2)C(C)(CCC([H])2)C1,0.8222613741688587,0.7690537880983932
CC(C)(O)C([H])(C2)CC([H])(C(C2)1)C([H])(C)C([H])(O)CC([H])(C)1,0.8531381607738601,0.875500800288424
O=CC([H])(C([H])(C)2)C([H])(C([H])1C([H])=C([H])2)C([H])(CCC1)O[Si](C(C)C)(C(C)C)C(C)C,0.8799148946712586,0.8664473179175027
OCC([H])(C([H])(C)2)C([H])(C([H])1C([H])=C([H])2)C([H])(CCC1)O[Si](C(C)C)(C(C)C)C(C)C,0.8125698916028987,0.8323763214816219
CC(C)C[SiH](C)CC(C)C,0.764169491767696,0.8904192961063467
CCCC[Si](C([2H])([2H])[2H])(C([2H])([2H])[2H])C([2H])([2H])[2H],0.32064366513727066,0.4916103621496392
CCCC[Si](C)(C)C,0.8884766349249636,0.9035003476470036
CCCC[SiH](C([2H])([2H])[2H])C([2H])([2H])[2H],0.28992378915621,0.6367819388209804
CCCC[SiH](C)C,0.8400347261071073,0.8561964443301727
CCCC[Si]([2H])([2H])C([2H])([2H])[2H],0.1789979919278784,0.5877652912173685
CCCC[SiH2]C([2H])([2H])[2H],0.2152444014704178,0.586956309794539
CCCC[Si]([2H])([2H])C,0.3502493616343128,0.5814457327091619
[2H]C([2H])([2H])CI,0.6990922988214237,0.7049503673279452
CCC[Si]([2H])(CCC)[Si]([2H])(C)C,0.4046281942758892,0.5916388993312206
CCC[SiH](CCC)[SiH](C)C,0.8423908262948302,0.9135021774772809
CCCC[Si]([2H])(C)[Si]([2H])(C)CCCC,0.3371385864022892,0.521080990844471
CCCC[SiH](C)[SiH](C)CCCC,0.8741458317714512,0.891559774966113
CCCC[Si]([2H])(C)[Si]([2H])(C)C,0.4610706535153844,0.6325109673616073
CCCC[SiH](C)[SiH](C)C,0.8770394420186908,0.8761302884604713
CCC[Si]([2H])(C)[Si]([2H])(C)CCC,0.4211157608565327,0.6572480172150865
CCC[SiH](C)[SiH](C)CCC,0.8021894271830314,0.8335349967224394
CCC[Si]([2H])(C)[Si]([2H])(C)C,0.4912081353207694,0.6656334009108152
CCC[SiH](C)[SiH](C)C,0.8623036619726814,0.8999444545210807
[2H][Si](C)(C)[Si](C)(C)[Si]([2H])(C)C,0.5645168023801411,0.5871536560266338
C[SiH](C)[Si](C)(C)[SiH](C)C,0.892205895741307,0.8925774801375245
[2H][Si](C)(C)CCCC[Si]([2H])(C)C,0.4009729885559767,0.5237943544367736
C[SiH](C)CCCC[SiH](C)C,0.8408655184929823,0.819647595522284
[2H]C([2H])(C([2H])([2H])[Si]([2H])(C)C)C([2H])([2H])[Si]([2H])(C)C,0.33842531855023233,0.5009418591161827
C[SiH](C)C([2H])([2H])C([2H])([2H])C([2H])([2H])[SiH](C)C,0.6067013994858232,0.7192340303642465
[2H]C([2H])([Si]([2H])(C)C)C([2H])([2H])[Si]([2H])(C)C,0.26571746414995345,0.5275259920881605
C[Si](C)(C)C([2H])([2H])C([2H])([2H])[Si](C)(C)C,0.7754441393703405,0.72037639038659
C[Si](C)(C)CC[Si](C)(C)C,0.8962658088595056,0.8400770938546351
CC[Si]([2H])(CC)[Si]([2H])(CC)CC,0.5128515684960002,0.7516550214235526
CC[SiH](CC)[SiH](CC)CC,0.6519925940080901,0.7798659587941583
CC[Si]([2H])(CC)[Si]([2H])(C)C,0.32670604970185324,0.6020006174906846
CC[SiH](CC)[SiH](C)C,0.866102881620652,0.9149501240013623
CC[SiH](C)[SiH](C)CC,0.8440920748673253,0.9121386931044609
CC[Si]([2H])(C)[Si]([2H])(C)C,0.5577647649308491,0.7317224595320019
CC[SiH](C)[SiH](C)C,0.9138368367160004,0.932532018054233
C[SiH2]C([2H])([2H])C([2H])([2H])[SiH2]C,0.230782082761285,0.5505044280986485
C[SiH2]CC[SiH2]C,0.7791709188499463,0.9075498901865815
[2H][Si](C)(C)CCC[Si]([2H])(C)C,0.24366412361933473,0.41008921766982975
C[SiH](C)CCC[SiH](C)C,0.8611435330976395,0.8682719196528026
[2H][Si](C)(C)C[Si]([2H])(C)C,0.6743368783550923,0.6895298767581214
C[SiH](C)C[SiH](C)C,0.5997992638271407,0.8018425275863214
c(c2)ccc(c2)C#C[Si](C)(C)c(c1)cccc1,0.9189637320430722,0.904021291828366
CCCC[Si](C)(I)CCCC,0.4001510322203236,0.4974393678426032
CCCCC(C1)[Si](CC)(CC)c(c2)c(ccc2)[Si](CC)(CC)1,0.817563580752773,0.8878415102250081
C([Si](c(c4)cccc4)(c(c3)cccc3)c(c2)cccc2)(=O)c(c1C)c(cc(C)c1)C,0.45803281743641905,0.4890915906332802
Cc(c1)ccc(c1)[SiH](CC)[SiH](CC)C(C)C(C)C,0.2819317507925934,0.48491778769959887
Cc(c2)ccc(c2)[Si](C)(CC)[Si](C)(CC)c(c1)ccc(C)c1,0.8260636456636057,0.8768340029085953
CCCCCC([Si](CC)(CC)1)[Si](CC)(CC)c(c2)c(ccc2)1,0.7668228730506584,0.9125130609125129
CC(C)(C)[Si](C)(C)I,0.7809591611406814,0.7839996593543445
IC[SiH](c(c2)cccc2)c(c1)cccc1,0.8152459576045883,0.770015537170853
I[Si](CC)(CC)CC,0.9195204533932175,0.8813411734005875
CC[Si](I)(I)CC,0.9047492690678515,0.9325171830884506
COC=CC#C[Si](C)(C)C,0.6130477750145302,0.8085754897321508
CCO[Si](C)(OCC)c(c1)cccc1,0.5401634887359364,0.6814338539148542
c(c1)c(ccc([Si](c(c4)cccc4)([Si](c(c3)cccc3)(c(c2)ccc(c2)Br)C)C)1)Br,0.9280870071784358,0.9539764862138216
Brc(c2)sc(c(Br)2)c(s1)c(Br)cc(Br)1,0.28624131990315543,0.41451191134657034
CCO[Si](C)(C)C,0.7363144063475959,0.8022128709364342
C[Si](C)(C)C#CC#CC#C[Si](C)(C)C,0.9052690556029669,0.8752444027585656
c(c1)ccc(c1)C#C[Si](C)(C)[Si](C)(C)C,0.8764357615279902,0.863321035306537
c(c3)c(ccc3[Si](c(c4)cccc4)(C)Cl)c(c2)ccc(c2)[Si](c(c1)cccc1)(C)Cl,0.14498781050470558,0.22503196967477715
CC[Si](CC)(CC)C#CC#CC#CC#C[Si](CC)(CC)CC,0.8679452846696075,0.9349384841776774
C#CC#C[Si](C)(C)C,0.7908730580414283,0.7880036766033528
CC[SiH](CC)c(c2)c(ccc2)[Si](CC)(CC)C#Cc(c1)cccc1,0.6750378226772541,0.5853035428974174
c(c5)cc(cc5)[Si](c43)(c(c2)c(c3cccc4)ccc2)C(C=1C)(C(=C(C)C(C)1)C)C,0.9276468196502823,0.9163449331686299
CC[Si](CC)(C1)c(c2)c(ccc2)[Si](CC)(CC)C1,0.8004148239359508,0.8523369116633747
CC[Si](CC)(c21)c(c3)c(ccc3)[Si](CC)(CC)c(cccc2)1,0.887538074823029,0.9005997513292501
CC[SiH](CC)c(c2)c(ccc2)[Si](CC)(CC)C([H])=C([H])c(c1)cccc1,0.815579607488037,0.8177676106540399
Cc(c1)ccc(c1)[Si](C)(Cl)CC,0.8437963201812347,0.8715414031483981
Brc(c1)cc(cc1)N([Si](C)(C)C)[Si](C)(C)C,0.7553124230958561,0.6347219129858781
C[SiH](C)O[Si](C)(C)O[SiH](C)C,0.2848887379240091,0.30712325396454687
C#CC#C[Si](C)(C)C,0.7047011467574286,0.8093044022634289
c(c1)ccc(c1)C#C[Si](C)(C)Cl,0.6193772471303004,0.8814406169719496
C#CC(C(C#C)=1)=C([Si](C)(C)C)[Si](C)(C)C([Si](C)(C)C)1,0.8480878881762197,0.7987194488974395
C[Si](C)(C)C#Cc(c1)cc(N)c(c1)C#C[Si](C)(C)C,0.8354511848241102,0.8087789488504842
C[SiH](C)C#Cc(c1)cccc1,0.6355777238333913,0.8335165878384321
OCC(O)Cn(c2)c(C(=O)1)c(n2)N(C)C(=O)N(C)1,0.1906897243613577,0.5454091929983367
OCC(O)Cn(c2)c(C(=O)1)c(n2)N(C)C(=O)N(C)1,0.1906897243613577,0.5454091929983367
CC(O)Cn(c2)c(C(=O)1)c(n2)N(C)C(=O)N(C)1,0.3307848794753444,0.5712229407562537
OCCn(c([H])2)c(C(=O)1)c(n2)N(C)C(=O)N(C)1,0.3136388892583275,0.693162435966327
O=C(C1)NC(=O)S1,0.6859204359417909,0.7389873606287637
O=C(N1)NC(=O)C(N)C(=O)1,0.24246514240256767,0.5740704608743208
CC(O)C(O)=O,0.7896297180008366,0.5994128778579135
OCCCCCCCCCCCC(O)=O,0.8538712889685129,0.8143532510461395
c(c4)ccc(c4)C(=C3)Oc(c1)c(C(=O)3)c(c2)c(ccc2)c1,0.8202005991590695,0.8540395886400615
S(S1)SSSSSS1,0.4318015895812551,0.7000249586710305
COC(=O)c(c(C)1)c(O)cc(O)c1,0.8860076886091239,0.9009079610237734
CCOC(=O)CN.Cl,0.44214269448079746,0.1951819780972867
C1=CC=C2C(=C1)C(=O)NC2=O,0.6803771368286554,0.7727045208706337
COC(=O)c(c(C)1)c(OC)cc(O)c1,0.8545750633624505,0.8852719303053292
O(C1)C1(C34[H])C(C(C4O)OC(C)=O)(C(C(O3)([H])2)(COC(C)=O)CC(OC(=O)CC(C)C)C(C)=C2)C,0.5997383961715362,0.7165423441992332
COc(c4)cc(c3c4)c(ccn3)C(O)C(C1)N(C2)CC(C=C)C([H])(C2)1,0.8194494248156454,0.7085440706713408
COc(c4)cc(c3c4)c(ccn3)C(O)C(C1)N(C2)CC(C=C)C([H])(C2)1,0.7915638227587203,0.5947231748224988
CC(=O)c(c1)c(O)ccc(O)1,0.8507391572563723,0.8697054644739447
NCC(=O)NCC(O)=O,0.47750226677395413,0.40983059384064274
OCC(O)=O,0.49261503401884266,0.4359255756680825
OCC(O)=O,0.5000074284674064,0.5169167030735256
c(c2)ncc(c2)C(=O)C(C)(C)c(c1)cncc1,0.6800893749849585,0.7082242541493611
[O-1][N+1](=O)c(c1)cc(C)c(N)c1,0.7704628344472336,0.8421698121178732
O=C(O1)C(CC(C(=O)3)=C(O)c(c4)c(ccc4)O3)=C(O)c(c2)c(ccc2)1,0.6298649653693107,0.7078818765810072
OC(=O)C=Cc(c1)c(O)ccc1,0.7852426262750337,0.8274716347885924
OC(=O)C=Cc(c1)ccc(O)c1,0.7902571962387142,0.8675901225883387
C(C1)COS(=O)(=O)C1,0.6362189717346289,0.6321920999970154
C(C2([H])O)C(C3(C)4)(C(C([H])(O)CC3([H])CC([H])(O)CC4)(C(C21C)([H])CCC1([H])C([H])(C)CCC(O)=O)[H])[H],0.6442475565581082,0.8361315074436457
[O-1][N+1](=O)c(c1)cc([N+1]([O-1])=O)c(Cl)c1,0.8115081828011892,0.8845694249751038
O=C(C1)CC(C)(C)CC(=O)1,0.8794706654295115,0.8933503861783821
O[B](O)c(c1)ccc(Br)c1,0.48867646814848376,0.2825812043108553
BrCc(c1)cc(cc1C(F)(F)F)C(F)(F)F,0.6599131241539964,0.7003150779333451
N#Cc(c1)cc(CBr)cc1,0.6984244979940314,0.8419445411101366
CC(=O)c(c1)cc(Br)cc1,0.8317550698886225,0.9020594087338639
CNc(c2)c(cc(Cl)c2)C(=O)c(c1)c(Cl)ccc1,0.7446676090029546,0.8695673924185097
NCCCCC(O)=O,0.7182915198670713,0.8329861236292297
NCCCC(O)=O,0.5031085512077288,0.6972028839644893
CC(=O)NC(CS)C(O)=O,0.511151139457461,0.6048933489268719
CC(=C(N)1)N(C)N(c(c2)cccc2)C(=O)1,0.6916459586613927,0.6703145870050528
NC(=N1)SCC1,0.7875960128785728,0.855363072150533
OC(=NC1=NC=CS1)C,0.426836120016674,0.6026652767084472
OC(=O)CNC(=O)c(c1)ccc(N)c1,0.8536459567518203,0.8182612813828519
Nc(c1)ccnc1,0.8240513298063289,0.7996199856210096
NNc(c1)ccc(c1)[N+1]([O-1])=O,0.760371753123119,0.8483104646702916
OC(=O)Cn(c(=O)1)c(=O)c(c2)c(ccc2)1,0.7581424344015154,0.8360674629235463
NCc(c1)ccc(OC)c1,0.7950334289381803,0.9176673545989047
CN(C)c(c5)ccc(c5)c(c4)c(c1)c(c3c4)c(c2cc3)c(ccc2)c1,0.8126498334629606,0.788751925322394
CN(C)c(c4)ccc(c4)C(c21)c(c3)c(ccc3)c(cccc2)1,0.7830319822512645,0.6832789256070867
CN(C)c(c4)ccc(c4)c(c21)c(c3)c(ccc3)cc(cccc2)1,0.8818340923122253,0.8970494463576572
CN(C)c(c3)ccc(c3)c(c1)c(c2)c(ccc2)cc1,0.8454785577986309,0.8412317842645691
CN(C)c(c4)cc(C)c(c(C)4)c(c1)c(c3)c(ccc3)c(c2)c(ccc2)1,0.46354533816464427,0.4532591006902097
O=C(C1)CC(C2)C(CCC2)1,0.9088389991342151,0.9066451431391763
O=C(C1)C(C2)C(CCC2)C1,0.9109061176685835,0.9480930259570246
OC(C1)C([2H])C(C2)C(CCC2)1,0.7889273701183082,0.875803470418586
[2H]C(O)(C1)C(C2)C(CCC2)C1,0.852000723777684,0.8986226361811949
OC(C1)CC(C2)C(CCC2)1,0.8370328801938474,0.8640309873824171
OC(C1)C(C2)C(CCC2)C1,0.8633766843160108,0.9105492785599926
C(C13[H])(=O)N(c(c5)cccc5)C(C1([H])CN(C3([H])c(c4)cccc4)C(=O)c(c2)cccc2)=O,0.8499163639857374,0.8427746288865775
c(c4)ccc(c4)N(C(=O)1)C(=O)C([H])(C([H])([Si](C)(C)C)2)C([H])1C(c(c3)cccc3)=N2,0.665935612989635,0.663143410832203
c(c5)(cccc5)C(N(C3([H])c(c4)cccc4)C(C(C3([H])1)(C(N(c(c2)cccc2)C1=O)=O)[H])([Si](C)(C)C)[H])=O,0.8762558039777252,0.825210731930806
c(c4)ccc(c4)N(C(=O)1)C(=O)C([H])(C([H])([Si](C)(C)C)2)C([H])1C(c(c3)cccc3)=N2,0.6007320257494729,0.6118163673297493
c(c4)ccc(c4)C(=N3)C([H])(C(=O)1)C([H])(C3)C(=O)N(c(c2)cccc2)1,0.8442132946253573,0.8792707622921166
c(c4)ccc(c4)N(C(=O)1)C(=O)C([H])(C([H])([Si](C)(C)C)2)C([H])1C(c(c3)cccc3)N2,0.7368628765717727,0.8225566947722844
COC(=O)c(n1)c(=Cc(c([H])2)n(C(=O)OC)c([H])c([H])2)c(=O)n(C)1,0.7741527048721294,0.8981257945328818
c(c5)ccc(c5)N(N31)C(c(c4)n(cc4)C(=O)3)c(c2)c(ccc2)1,0.8272073386245793,0.8838374751032415
C(C56[Si](C)(C)C)(C(C(c(c7)cccc7)(N6C)C(C53)C(=O)N(c(c4)cccc4)C3=O)1)C(N(c(c2)cccc2)C(=O)1)=O,0.8771237943019184,0.8670734078666159
COC(=O)c(c1)c(C(=O)OC)nn(C)c(=O)n(c2)c(cc2)1,0.8223064873251253,0.9085354714101657
COC(=O)c(c1)c(C(=O)OC)nn(C(C)(C)C)c(=O)n(c2)c(cc2)1,0.7713117743479424,0.8976329514719534
c(c1)ccc(c1)C=NC([Si](C)(C)C)[Si](C)(C)C,0.8714320610802874,0.8694234966344556
C=CCOc(c1)c(ccc1)C=NC([Si](C)(C)C)[Si](C)(C)C,0.8439037339941473,0.8764573076210493
COC(=O)C1=C(NC(=C1C(=O)OC)[Si](C)(C)C)C2=CC=CC=C2,0.6900090290185531,0.7354625453029385
COC(=O)c(c(c(c2)cccc2)1)c(C(=O)OC)c([Si](C)(C)C)n(C)1,0.8869423165112089,0.8922282163013776
COC(=O)c(c([H])1)c(c(c2)cccc2)n(C)c([Si](C)(C)C)1,0.8605854062438121,0.8227791502615216
c(c1)ccc(c1)C(=O)N(C)C([Si](C)(C)C)[Si](C)(C)C,0.678003613532839,0.7181178812677497
c(c1)ccc(c1)C(=O)NC([Si](C)(C)C)[Si](C)(C)C,0.7647212373427476,0.7397085580148784
CC(C)(C)NC(=O)NC(C)(C)c(c1)cccc1,0.4776241723508302,0.7232737418340722
O=C(N1)n(c2)c(cc2)C=N1,0.8525780827392963,0.8720914999316942
c(c3)ccc(c3)CN(N=1)C(=O)n(c2)c(cc2)C1,0.858080497723854,0.9004641136476103
CN(N=1)C(=O)n(c2)c(cc2)C1,0.8115159166943291,0.9151929405099728
[H]c(c([H])1)c([H])n(C(=O)2)c1C(=O)NN(C(C)(C)C)2,0.7520440642052447,0.784358248576094
CC(C)(C)N(N=1)C(=O)n(c2)c(cc2)C1,0.9101714577806024,0.9198267155640695
SC(=N1)n(c2)c(cc2)C=N1,0.8347676464231131,0.8481537712322045
COC(=O)C=C(C(=O)OC)N(C)Cc(c1)cccc1,0.8180933994414467,0.8408443497892765
O=C(OC)C1=NN(C(=O)C1=CC2=CC=CN2C(=O)OC)C=3C=CC=CC3,0.8099594515956801,0.8706811620549716
COC(=O)C(C(c(c3)cccc3)1)=C(C(=O)OC)C(c(c2)cccc2)N(C)1,0.6692270815502462,0.6840663094288845
COC(=O)C(C1)=C(C(=O)OC)C(c(c3)cccc3)N(Cc(c2)cccc2)1,0.7857666283777636,0.8134104723576169
COC(=O)C1=CNC(=C1C(=O)OC)C2=CC=CC=C2,0.9361115051008055,0.9481784045093555
[2H]C([2H])([2H])Oc(c1)c(ccc1)C(C)=O,0.8582897345711141,0.8537130319111315
[2H]C([2H])([2H])Oc(c1)cc(cc1)C(C)=O,0.8638577103915895,0.8427593058299879
[2H]C([2H])([2H])Oc(c1)ccc(c1)C(C)=O,0.8376449765267386,0.8374661491007919
Cc(c1)oc(c2)c(ccc2)1,0.8192943929056089,0.8752647290005804
c(c2)cc(c1)c(c2)oc1,0.8797598437285346,0.8765534053165644
Fc(c1)cc(C)c(F)c1,0.7471306044249655,0.8345636257265008
Cc(c1)cc(F)c(F)c1,0.7968469405989861,0.8715660744411455
c(c42)(c71)c(c3)ccc1ccc(c67)ccc(c56)ccc(c45)ccc2c3,0.8490342802355373,0.8774695748078354
CC(=O)c(c1)c(O)ccc1,0.778139936821369,0.8219203636786256
Fc(c1)cc(F)c(C)c1,0.767475688204731,0.8553666526436366
Fc(c(F)1)c(F)c(c(F)c(F)1)C(F)(F)F,0.8513865924059615,0.8991009098802799
CO[B](OC)OC,0.6952319402201365,0.812847649094459
CCO[Si](C)(C)C,0.8992678529596294,0.9027054090581976
OC(=O)c(c1)c(O)ccc1,0.8740651509832629,0.8762492429292902
O=Cc(c1)c(F)ccc1,0.8242203489986796,0.8623173076762052
COc(c1)ccc(O)c1,0.8527992706518305,0.8610083228186406
COc(c1)cc(O)cc1,0.8008036322053099,0.867223788024029
COc(c1)c(O)ccc1,0.8166002566005757,0.8376538195193798
C[Si](C)(C)Cl,0.8188637863115834,0.8145431644593227
COC(=O)c(c1)ccc(OC(C)=O)c1,0.8107930415908537,0.8257292665919238
CC(=O)c(c1)c(Br)ccc1,0.7738140826739253,0.8755998549636149
Oc(c1)ccc(c1)C(F)(F)F,0.6921215637497162,0.7938647887708143
COc(c1)ccc(Br)c1,0.8998863934867415,0.9215208320609694
COc(c1)cc(Br)cc1,0.8600002416615895,0.8972197978680044
COc(c1)c(Br)ccc1,0.8765839080445117,0.9024520347224461
OCc(c1)ccc(c1)C(F)(F)F,0.6658207338148108,0.8233263224802677
Oc(c1)cc(F)cc1,0.7857720265553266,0.8238919771871014
BrCc(c1)cccc1,0.9300387375510072,0.8991406518548353
Oc(c1)ccc(F)c1,0.8126816549370577,0.8681274945845279
Fc(c1)cc(F)cc1,0.7063691780398729,0.7779192691252982
Fc(c1)c(F)ccc1,0.8602145869203319,0.8666671526598885
Oc(c1)ccc(O)c1,0.8861201368831862,0.9072643207489742
Oc(c1)cc(O)cc1,0.8008292950128263,0.8289532402320002
CCCOC(OCCC)(OCCC)OCCC,0.6449192850153826,0.6114520960604938
COc(c1)cc(cc1)C(C)=O,0.8398170153444373,0.8989989986986088
COc(c1)c(ccc1)C(C)=O,0.8094110930144665,0.8552231111884817
Oc(c1)c(O)ccc1,0.8630110224225375,0.9021043678932097
Oc(c1)c(F)ccc1,0.8889970649298419,0.9105562965647326
Oc(c1)c(ccc1)C(F)(F)F,0.8096612381144439,0.8654199698250141
CC(=O)C(F)(F)F,0.6853587890696673,0.6010283511664282
[Si](C)([Si](C)(C)C)(c(c3)c(c4)c(ccc4)cc3)c(c1)c(c2)c(ccc2)cc1,0.8573786149311393,0.8868274263597569
c(c4)ccc(c4)[SiH](C)c(c2)c(c3)c(ccc3)c(c2)[SiH](C)c(c1)cccc1,0.8635663240270026,0.9234508432958637
[Si](C)([Si](C)(C)C)(c(c3)cc(c4)c(ccc4)c3)c(c1)cc(c2)c(ccc2)c1,0.8650216758755778,0.90180691419394
c(c4)cc(c3)c(c4)c(cc3)[SiH](C)c(c2)c(c1cc2)c(ccc1)[Si](C)(C)C,0.4293012329131133,0.565941877270375
Cc(c1)c(ccc1)[SiH](C)Cl,0.6615711927695298,0.7347737978601999
c(c4)ccc(c4)[SiH](C)c(c1)cc(c2)c(ccc2[SiH](C)c(c3)cccc3)c1,0.8459517310478809,0.9239827831670663
c(c4)ccc(c4)[SiH](C)c(c3)cc(c2)c(c3)cc(c2)[SiH](C)c(c1)cccc1,0.8610153314805793,0.9015371334297686
C[Si](C)(C)[Si](C)(C)c(c2)ccc(c2)c(c1)ccc(c1)[Si](C)(C)[Si](C)(C)C,0.8476066407328342,0.8912303229173701
c(c4)ccc(c4)[SiH](C)c(c3)c(c2)c(cc3)c(cc2)[SiH](C)c(c1)cccc1,0.8549156585871547,0.9239155874203117
c(c4)ccc(c4)[Si](C)(c(s3)c([H])c([H])c(Br)3)[Si](C)(c(c2)cccc2)c(s1)c([H])c([H])c(Br)1,0.49540558676018137,0.6555146687346917
C[Si](C)(Cl)c(c2)c(c1)c(cc2)c(cc1)[Si](C)(C)Cl,0.8495939945557299,0.9311757548671556
c(c4)ccc(c4)[Si](C)(Cl)c(c1)cc(c2)c(ccc2[Si](C)(Cl)c(c3)cccc3)c1,0.9045407671280596,0.9295251254196085
c(c4)cc(c3)c(c4)cc(c3)[Si](C)(C)[Si](C)(C)c(c1)cc(c2)c(ccc2)c1,0.8081283077804788,0.9178092404174018
CCCCCC[SiH](C)c(c1)sc(c1)[SiH](C)CCCCCC,0.8682191034544641,0.8588864184858395
C#C[Si](C#C)(C#C)c(c1)cccc1,0.6203646416923664,0.9242476983053433
C[Si](C)(Cl)c(c1)cc(cc1[Si](C)(C)Cl)[Si](C)(C)Cl,0.577249224485189,0.538776969541914
C[Si](C)(C)[Si](C1)([Si](C)(C)C)[Si](CC1)([Si](C)(C)C)[Si](C)(C)C,0.7683455751542607,0.8879504304823669
c(s2)cc(c2)[Si](C)(C)c(c1)csc1,0.7183359210738546,0.8511712607804217
C[Si](C)(Cl)c(c1)scc1,0.6704760079812492,0.8432583706142017
c(c2)ccc(c2)[SiH](C)c(c1)cccc1,0.61189934082072,0.7894121176434199
c(c2)ccc(c2)[Si](C)(C)[Si](C)(C)c(c1)cccc1,0.6953684987037493,0.747648178071702
c(c3)ccc(c3)[Si]([Si](C)(C)C)(c21)C(=Cc(cccc2)1)[Si](C)(C)C,0.8010025879917452,0.8241312308405415
Cc(c2)ccc(c2)[SiH](C)CC[Si](C)(Cl)c(c1)ccc(C)c1,0.8224496154520882,0.8488482599160396
c(c1)ccc(c1)[SiH](Cl)Cl,0.5100385982671538,0.6742010827785916
Cc(c2)ccc(c2)[Si](Cl)(Cl)c(c1)ccc(C)c1,0.8672052661095694,0.8931219605393003
CC(C)=C(C)C[Si](C)(c(c2)cccc2)c(c1)cccc1,0.860820448617918,0.8134348997044969
Cc(c3)ccc(c3)[Si](C2)(CC(C)=C(C)2)c(c1)ccc(C)c1,0.8002353070648698,0.89195397708057
C[Si](C)(C)C#C[Si](c(c2)cccc2)(c(c1)cccc1)[Si](C)(C)C,0.8344045827893786,0.8718215445184504
C[Si](C)(C)c(c1)ccc(c1)[Si](C)(C)[Si](C)(C)C,0.28100253465338937,0.4477041054505555
[Si](C)(c(c4)cccc4)(c(c3)cccc3)CC(C)=C(C[Si](C)(c(c2)cccc2)c(c1)cccc1)C,0.9153959609154636,0.9069052193844396
c(c4)ccc(c4)[Si](c(c3)cccc3)(c(c2)csc2)c(c1)csc1,0.8367330839436288,0.8609128069417671
c(c4)c(ccc4)[Si](C)([Si](C)(c(c3)cccc3)c(c2)cccc2)c(c1)cccc1,0.26357520378349086,0.3415338042653812
Brc(c2)sc(c2)[Si](C)(C)c(c1)sc(Br)c1,0.8709494393175775,0.9253447671780122
c(c3)ccc(c3)[Si](C)(Cl)c(c2)oc(c2)[Si](C)(Cl)c(c1)cccc1,0.5822591294311734,0.7271605070053121
c(c1)cccc1[Si](C#C[2H])(c(c4)cccc4)[Si](C#C[2H])(c(c3)cccc3)c(c2)cccc2,0.35565348009195763,0.585696591965715
c(c1)cccc1[Si]([Si](c(c4)cccc4)(c(c3)cccc3)C#C)(c(c2)cccc2)C#C,0.42208518105527093,0.5223876279110613
CC[Si](C)(C#1)[Si](C)(CC)C#C[Si](C)(CC)[Si](C)(CC)C1,0.7220166174241335,0.9249011119713549
Brc(c3)ccc(c3)[Si](C)(c(c2)cccc2)c(c1)ccc(Br)c1,0.6990993532216141,0.8840738888388532
c([Si](c(c4)cccc4)(C)[SiH](c(c3C)c(cc(C)c3)C)c(c2)cccc2)(c1)cccc1,0.8511478743645835,0.8715173039778654
C[Si](C)(C)c(c1)ccc(c1)[Si](C)(C)C,0.42313315178317856,0.5216051738952986
Cc(c2)ccc(c2)[Si](C#Cc(c1)cccc1)([Si](C)(C)C)[Si](C)(C)C,0.817793797543383,0.8781049896261413
C[Si](C)(C)c(c([Si](CC(C)C)(C)c(c4)ccc(c43)cccc3)2)c(c1)c(cc2)ccc1,0.8954617985086999,0.8691287008701575
c(c1)ccc(c1)[Si](C)(C#CC=C[Si](C)(C)[Si](C)(C)C)[Si](C)(C)C,0.8433757828529488,0.7884800355055119
c(c2)cc(c1)c(c2)cc(c1)[Si](C)(C)Cl,0.8316486491135747,0.9113325940023573
ClC[SiH](c(c3)cccc3)c(c2)ccc(c2)[SiH](CCl)c(c1)cccc1,0.3159454662699052,0.3110967847950407
c(c1[Si](C)([Si](C)(CCCCCC)c(c2)cccc2)CCCCCC)cccc1,0.9177371264336918,0.8664370017464134
c(c2)ccc(c2)[Si](C)(Cl)C#C[Si](C)(Cl)c(c1)cccc1,0.8184818854612024,0.8644603578749777
CC[Si](C)(Cl)[Si](C)(Cl)CC,0.6295656131990349,0.7210689016613181
CC[Si](CC)(C#1)[Si](CC)(CC)C#C[Si](CC)(CC)[Si](CC)(CC)C1,0.8808829409042785,0.9455337877027392
C=C[Si](C)(Cl)c(c1)cccc1,0.7003143504662068,0.797756620339962
Cc(c3)cc(cc3)[Si]([Si](C)(C)C)(c21)C([Si](C)(C)C)=C([H])c(cccc2)1,0.7043550085691886,0.8218757945713556
[SiH3]c(c1)cccc1,0.3419653371928622,0.5773476044946889
c(c1)ccc(c1)[SiH](C)[Si](C)(C)C,0.7518639779063575,0.8022869386855933
c(c1C)cc(cc1C([Si]3([Si](C)(C)C)[Si](C)(C)C)(CC(=C(C3)C)C)c(c2)cccc2)C,0.8308091878603806,0.8409458267539002
CC[Si](Cl)(CC)[Si](Cl)(CC)CC,0.8814192247230977,0.869406903014542
[SiH](c(c(C)3)c(C)cc(C)c3)([Si](C)(C)c(c2)cccc2)[Si](C)(C)c(c1)cccc1,0.4530122731313941,0.4599378943203144
c(c3)ccc(c3)[Si](C)(c(c2)sc(Br)c2)c(c1)sc(Br)c1,0.5637577735655981,0.6650205095261432
CC(=C(C)2)C[Si](C)(C2)c(c1)cccc1,0.8475873557851034,0.863621454049243
C[Si](C)(O)C(=C1)C([Si](C)(C)C)C([2H])c(c2)c(ccc2[Si](C)(C)[Si](C)(C)C)1,0.688367678300472,0.4035788380120352
c(c4)ccc(c4)[Si](C)(Cl)c(c2)c(c3)c(ccc3)c(c2)[Si](C)(Cl)c(c1)cccc1,0.5297373836572781,0.8204001208612852
C[Si](C)(C)c(c1)scc1,0.8906010924534722,0.9045060730509621
c(c4)cc(c3)c(c4)c(cc3)[Si](C)(C)[Si](C)(C)c(c1)c(c2)c(ccc2)cc1,0.8073143133870054,0.9066729393272904
c(c2)ccc(c2)C(C)[Si](c(c1)cccc1)([Si](C)(C)C)[Si](C)(C)C,0.8674670650455737,0.775678135161653
c(c3)ccc(c3)C(C([H])=1)[Si](C)(C)C(c(c2)cccc2)C([H])1,0.435969282176755,0.47871616869740646
c(c1)ccc(c1)[Si](C)([Si](C)(C)[Si](C)(C)C)[Si](C)(C)[Si](C)(C)C,0.7856459988368053,0.864290774465762
c(C([Si]5(C)C)([Si](c(c43)cccc3cccc45)(C)C)1)(c2)c(ccc2)C=CC1,0.8688405858317179,0.8873603945949717
c(c4)cc(c3)c(c4)c(cc3)[Si](C)(C)c(c1)c(c2)c(ccc2)cc1,0.8699209551916903,0.8770561248751839
c(c2)ccc(c2)[Si](C)(c(c1)cccc1)[Si](C)(C)C,0.8564927023951642,0.8831047083938148
CC(C[Si](C)(C)C)=C(C)C[Si](C)(C)C,0.4592096330281341,0.681292290670181
c(c1C)cccc1C([Si]3([Si](C)(C)C)[Si](C)(C)C)(CC(=C(C3)C)C)c(c2)cccc2,0.7890238246941098,0.65016395083852
CCCC[Si](Cl)(CCCC)[Si](Cl)(CCCC)CCCC,0.18686540375646146,0.2639359060254087
C[Si](C)(C)[Si](C)(C)c(c3)cc(c(c3)2)C(C(C)(C)1)C(C=C2)([Si](C)(C)C)[Si](C)(C)O1,0.8445777188593635,0.891036043936176
C[SiH2]c(c1)cccc1,0.660595030857284,0.7776345966668815
CC(C)(C)[Si](C)(C)Cl,0.5871943036350236,0.6934334000724609
C[Si](C)(C1)O[Si](C)(C)C1,0.8426145499355422,0.8490279351599981
c(c4)ccc(c4)N(N=3)C(=O)C(C(C)3)C(C(C)=1)C(=O)N(c(c2)cccc2)N1,0.7734180143761624,0.8295883993547826
c(c4)cc(c3)c(c41)c(c2c3)c(ccc2)cc1,0.8175460698173378,0.8162207485078343
ONC(=O)C=CC(C)=CC(C)C(=O)c(c1)ccc(N(C)C)c1,0.7138611904138519,0.4080050283295673
OC(=O)CCC(O)=O,0.8284734909950336,0.8523826490021084
[O-1][N+1](=O)c(c1)ccc(c1)CBr,0.6720695797977682,0.7917633172588382
[O-1][n+1](c1)cc[n+1]([O-1])c1,0.710533377196189,0.799386469433067
Oc(c1)cc(c2)c(ccc2)c(O)1,0.7775291207452065,0.8030419268524748
CCCC[B](O)O,0.499381934100255,0.6469241595069235
FC(F)(F)C(F)(F)C(F)(F)C(F)(F)N(C(F)(F)C(F)(F)C(F)(F)C(F)(F)F)C(F)(F)C(F)(F)C(F)(F)C(F)(F)F,0.7924903746060238,0.6507671409978076
C(C31[H])CC(C4(C(C=CC([H])(C(C)C)CC)([H])C)[H])(C(CC4)(C1([H])CC=C(C3(C)2)CC([H])(CC2)OC(C)=O)[H])C,0.4876469699962359,0.677210327722285
[H]C(O)(C4)CC(=C([H])3)C(C)(C4)C([H])(C2)C([H])(C3)C([H])(C1)C(C)(C2)C(O)(C(C)=O)C1,0.8202731575814487,0.9124385216461325
C[C@]12CCC(=O)C=C1CC[C@@H]3[C@@H]2[C@H](C[C@]4([C@H]3CC[C@@]4(C(=O)CO)O)C)O,0.7329723474106843,0.8709226020937246
O=C(C4)C=C(C3)C(C)(C4)C([H])(C2)C([H])(C3)C([H])(C1)C(C)(C2)C(O)(C#C)C1,0.6802111829286086,0.8601870203963318
O=C(C4)C=C(C3)C(C)(C4)C([H])(C2)C([H])(C3)C([H])(C1)C(C)(C2)C(C(C)=O)C1,0.6984670701450237,0.844553922648426
C1=NC2=C(N1)C(=O)N=C(N2)N,0.72843505506877,0.7544612438718356
Nc(c3)c(c(=O)1)c(c(N)c3)c(=O)c(c2)c(ccc2)1,0.8464013686501671,0.8193553998272569
Nc(c3)c(c(=O)1)c(c(O)c3)c(=O)c(c2)c(ccc2)1,0.8057916454241897,0.8394414463641856
COc(c2)cc(O1)c(c2)N=C(CBr)C(=O)1,0.700769441050871,0.8220910734380641
Oc(c1)c(=O)cc(O)c(=O)1,0.7071141092271876,0.8404843364556571
[O-1][N+1](=O)c(c2)cc(cc2)N=[N+1]([O-1])c(c1)cc(cc1)[N+1]([O-1])=O,0.8918062345756381,0.9008851201951754
C1=CC(=C(C=C1N)N)O,0.6849618974121187,0.7475121908498692
NC(N)=O,0.69170650636293,0.8406890118935778
Nc(c3)cc(c(=O)1)c(c3)c(=O)c(c2)c(ccc(N)2)1,0.22798601309238514,0.45676140593298187
Nc(c3)c(c(=O)1)c(cc3)c(=O)c(c(N)2)c(ccc2)1,0.7738827043048393,0.7981770605193755
Oc(c3)c(c(=O)1)c(cc3)c(=O)c(c(O)2)c(ccc2)1,0.6740737828906014,0.7661686683460349
OCC([H])(O)C([H])(O)C([H])(O)CN(c21)C(=N3)C(C(=O)NC(=O)3)=Nc(cc(C)c(C)c2)1,0.6228507333566964,0.6262512388777377
CC(=O)c(c1)c(O)cc(O)c1,0.8086847654660986,0.7859399697347962
OC(=O)C(c(c2)cccc2)c(c1)cccc1,0.749090167998463,0.8247840123400265
O=C(OCc(c1)cccc1)CCC([H])(N)C(O)=O,0.7566701042948332,0.7231498084739681
OC(=O)c(c2)c(ccc2)Oc(c1)cccc1,0.6047807048570953,0.796779056292003
Clc(c2)ccc(c2)C(C1)=CCNC1,0.8444408603236224,0.9211588680778687
CCC(CC)(C(=O)1)C(=O)NC(=O)N1,0.4995985588951058,0.6191928087517239
CCC(CC)(C(=O)1)C(=O)NC(=O)N1,0.3473396439068974,0.5599411876799604
c(c1=O)(c6)c(ccc6)c(c(c2)c(c(Nc(c5)c(c4=O)c(cc5)c(=O)c(c43)cccc3)cc2)1)=O,0.6538282789041581,0.7234306019912886
OC(=O)CCc(c1)ccc(O)c1,0.6076167432234676,0.7478996126670243
OC(=O)CCc(c1)cc(O)cc1,0.5756157733681246,0.734463191728654
Clc(c(Cl)1)c(Cl)c(Cl)c(Cl)c(Cl)1,0.8236839366435149,0.8246753276354603
OC(=O)c(c1)ccc(c1)C(O)=O,0.7994750115134889,0.9016864390603337
CC(=O)Oc(c1)ccc(c1)[N+1]([O-1])=O,0.8685693318265552,0.882503212704745
Clc(c2)ccc(c2)C(O)(C1)CCNC1,0.6104160249781871,0.8602567631854153
Nc(c3)ccc(c3)S(=O)(=O)Nc(c1)nc(c2)c(ccc2)n1,0.5269255841139957,0.6966159079682167
OC(=O)c(c1)cc(nc1)C(O)=O,0.470180180021033,0.6695846925467307
OC(=O)c(c1)cc(nc1)C(O)=O,0.41559088875877637,0.7617004314583412
OC(=O)c(c1)cnc(c1)C(O)=O,0.5107328765605106,0.6693634270982857
OC(=O)c(c1)cnc(c1)C(O)=O,0.6557839737032646,0.7623335938739676
OC(=O)c(c1)c(ncc1)C(O)=O,0.6154595243933769,0.6495881815309903
OC(=O)c(c1)c(ncc1)C(O)=O,0.799668384784856,0.8553364530815286
OC(=O)c(c1)nc(cc1)C(O)=O,0.7145954471248921,0.8032859027768015
OC(=O)c(c1)nc(cc1)C(O)=O,0.7692178859179931,0.8119029615122593
OC(C(F)(F)F)C(F)(F)F,0.732119088694671,0.7718148959393074
COC(C)(C)OC,0.7135428049745484,0.8124157297761484
C[SiH](C)c(c1)cccc1,0.7520463415151439,0.8610859824821899
c(c1)ccc(c1)[Si]([2H])(C)C,0.8078892509642329,0.861427900394817
C[SiH](C)Cc(c1)cccc1,0.7567570035548815,0.8983487010327822
CC(C)Cc(c1)cccc1,0.8515565554585288,0.8593495674958682
C(C2)C[Si](C2)(C1)CC1,0.921633803126991,0.9495937776547002
C(C2)C[Si](C2)(C1)CCC1,0.8726204061032935,0.9014296305526941
C(C1)[SiH2]CC(C2)(CC2)C1,0.5857860807527465,0.7541176775782553
C(C2)CC[Si](C2)(C1)CCC1,0.8880739898451199,0.9224519498341802
C(C2)CC[Si](C2)(C1)CCCC1,0.9164082017542088,0.9456825886188425
[2H]C([2H])(C1)[Si](C)(C)C([2H])([2H])CC1,0.5315546790273623,0.7052760717173397
[2H]C([2H])(C1)[SiH2]C([2H])([2H])CC1,0.6670663498534343,0.8615350093614269
C[Si](C)(C1)CC[Si](C)(C)C1,0.9023668442563706,0.9334628332108558
C[Si](C)(C1)C[Si](C)(C)CC1,0.6209332635687845,0.7311476182012314
C(C1)C[Si](C)(C)[Si](C)(C)C1,0.7869242916478454,0.84410937211002
CC([Si](C)(C)1)[Si](C)(C)CC1,0.8899456208414689,0.9219772802930742
[2H]C([2H])([2H])[Si](C1)(CC1)C([2H])([2H])[2H],0.34763245784782365,0.6190902897587083
C[Si](C)(C1)CC1,0.7922509812705614,0.8513298068317234
[2H][Si](C)(C1)CC1,0.9417590944265258,0.899478594915053
C[SiH](C1)CC1,0.6158768073908399,0.7001125246820753
[2H][Si]([2H])(C1)CC1,0.8606104948897662,0.7893851466547244
C(C1)C[SiH2]1,0.8083581840780272,0.9103983081393491
[2H]C([2H])(C1)[Si](C)(C)C([2H])([2H])C1,0.5390308054607443,0.7757649088706194
C[Si](C)(C1)CCC1,0.8485054975682537,0.9182334147038823
[2H]C([2H])(C1)[SiH](C)C([2H])([2H])C1,0.3928151162403773,0.6612652968944519
[2H][Si](C)(C1)CCC1,0.7624005051392025,0.8282135293007042
C[SiH](C1)CCC1,0.8448336756473684,0.9111667921618639
[2H]C([2H])(C1)[SiH2]C([2H])([2H])C1,0.3845931925350508,0.6959988396546782
[2H][Si]([2H])(C1)CCC1,0.7185870314588573,0.84293761743653
C1CC[SiH2]C1,0.787991335610978,0.8824936369770338
CC(=O)OCc(c1)cccc1,0.909167356097484,0.9499458447041305
Cc(c2)c(ccc2)C(=O)OCc(c1)cccc1,0.8644355000285718,0.8316856225322982
c(c2)ccc(c2)C(C1)O1,0.452592598661835,0.6716004018403476
Cc(c2)ccc(c2)C(C1)O1,0.7885031033975402,0.8980177556257245
c(c2)ccc(c2)CC(C1)O1,0.9020413676358353,0.9166710467799744
[H]C(C2)(O1)C([H])(CCC2)1,0.8055381740891492,0.897927417220898
COCC([H])(O1)C([H])(OC)C([H])(OC)C([H])(OC)C([H])1OC([H])(O2)C([H])(OC)C([H])(OC)C([H])(OC)C([H])(COC)2,0.7094629299831887,0.5406854284082265
CC(=O)OCC([H])(O1)C([H])(OC(C)=O)C([H])(OC(C)=O)C([H])(OC(C)=O)C([H])(OC(C)=O)1,0.8461916587503532,0.8778236965520488
CC(=O)OCC(O1)C(OC(C)=O)C(OC(C)=O)C(OC(C)=O)C(OC(C)=O)1,0.9029465165465405,0.8942533540327972
CC(=O)OCC([H])(O1)C([H])(OC(C)=O)C([H])(OC(C)=O)C([H])(OC(C)=O)C([H])(OC(C)=O)1,0.8731956924781343,0.8908778376386098
COc(c(C)3)c(C)cc(c3)c(c2)ccc(c2)c(c1)cc(C)c(OC)c(C)1,0.9148977039597196,0.8754964686629282
COc(c2)ccc(c2)c(c1)ccc(OC)c1,0.8103692043012302,0.8507053200262007
OC(=O)c(c1)nc(cc1)C(O)=O,0.827102590254901,0.8140684748828682
CCOC(=O)c(c1)nc(cc(Cl)1)C(=O)OCC,0.6975481887157632,0.6825592637030194
COc(c(C)2)c(C)cc(c2)c(c1)cc(C)c(OC)c(C)1,0.9261973931994887,0.9026314875573076
CCC1=C(NC=C1C)C(=O)OCC2=CC=CC=C2,0.8964350600158257,0.8904186439101274
CCC1=C(NC(=C1C)C(=O)OCC2=CC=CC=C2)COCC,0.8281443968419948,0.8797032649166089
CCOC(=O)C1=C(C=C(N1)C)C,0.8161954238228896,0.8987140590477068
CCC1=C(NC=C1C)C(=O)OCC,0.933604270198355,0.9562290596002009
CCOC(=O)Cc(c1)ccc(c1)[N+1]([O-1])=O,0.8497795443602563,0.8917914703589396
CCOC(=O)Cc(c3)cc(C1)c(c3)c(c2)c(ccc2)1,0.899003937241674,0.9051392074228782
OCc(c1)ccc(Cl)c1,0.722224486425602,0.8362422808704569
OCc(c1)ccc(c1)[N+1]([O-1])=O,0.8395887383199544,0.8996700904306324
OCc(c2)cc(cc2)c(c1)cccc1,0.8050951360150668,0.9004674525506978
OCc(c1)c(Br)ccc1,0.8036597111716905,0.8406778628851882
OCc(c2)ccc(c2)Oc(c1)cccc1,0.8271547931406453,0.8792303112745414
OCc(c2)ccc(c2)c(c1)cccc1,0.7736917315267976,0.8899211765166416
OCc(c3)cc(C1)c(c3)c(c2)c(ccc2)1,0.8659838576096115,0.9147853547948472
Cc(c3)c(ccc3)C(=O)OCc(n1)c(c2)c(ccc2)cc1,0.8549074148455196,0.8978643325965282
Cc(c3)c(ccc3)C(=O)OCc(c1)c(n2)c(ccc2)cc1,0.8520597611077537,0.9121549843041143
Cc(c3)c(ccc3)C(=O)OCc(c1)cc(n2)c(ccc2)c1,0.8867754550478392,0.9388894885180492
Cc(c3)c(ccc3)C(=O)OCc(c1)cc(c2)c(ncc2)c1,0.8577553242290616,0.9014571148616194
Cc(c3)c(ccc3)C(=O)OCc(c1)c(c2)c(ncc2)cc1,0.8713125014198486,0.9137764074551102
Cc(c3)c(ccc3)C(=O)OCc(c1)c(c2)c(ccc2)nc1,0.8747580634031756,0.9175963815430681
Cc(c3)c(ccc3)C(=O)OCc(c1)cc(c2)c(ccc2)n1,0.8382213753980202,0.8315291304093109
Cc(c2)c(ccc2)C(=O)OCc(c1)cncc1,0.9099535331033146,0.8963336146288523
Cc(c2)c(ccc2)C(=O)OCc(c1)nccc1,0.8860446439516829,0.900615401055779
[O-1][N+1](=O)c(c1)ccc(COC(=O)c(c2)c(C)ccc2)c1,0.8785378455495009,0.9068922898464926
[O-1][N+1](=O)c(c2)cc(cc2)COC(=O)c(c1)c(C)ccc1,0.8971457486310856,0.884471021680543
Clc(c2)cc(cc2)COC(=O)c(c1)c(C)ccc1,0.9105467234135318,0.9002128578966277
Clc(c2)ccc(c2)COC(=O)c(c1)c(C)ccc1,0.879659004745297,0.8914126372399862
CCCCCCCCC(C1)O1,0.8845795208303554,0.8815841118010795
[2H]C([2H])([2H])OCC([H])(O1)C([H])(OC([2H])([2H])[2H])C([H])(OC([2H])([2H])[2H])C([H])(OC([2H])([2H])[2H])C([H])(OC)1,0.16814748152966844,0.292404356301419
[3H]C([3H])([3H])OC([H])(O1)C([H])(O)C([H])(O)C([H])(O)C([H])(CO)1,0.7991214502113785,0.695803164117046
[2H]C([2H])([2H])OCC([H])(O1)C([H])(OC([2H])([2H])[2H])C([H])(OC([2H])([2H])[2H])C([H])(OC([2H])([2H])[2H])C([H])1OC([H])(O2)C([H])(OC([2H])([2H])[2H])C([H])(OC([2H])([2H])[2H])C([H])(OC([2H])([2H])[2H])C([H])(COC([2H])([2H])[2H])2,0.4907290473274274,0.3301409045532623
CC(=O)OCC(O1)C(OC(C)=O)C(OC(C)=O)C(OC(C)=O)C(OC(C)=O)1,0.8535146847565788,0.8711874353898623
Cc(c1)c(OCC(C4)C4)c(C)cc1c(c2)cc(C)c(OCC(C3)C3)c(C)2,0.8517484914746598,0.8825215746591285
CCCCC(O1)CC(C=C)(CCC=C(C)C)C(CCCC)1,0.8834743733490122,0.9080655673310906
CC(C)=CCCC(C=C)(C1)C(C(C)C)OC(C(C)C)1,0.8250357429953057,0.8314448533263205
CC(C)=CCCC(C=C)(C1)C(CC(C)C)OC(CC(C)C)1,0.8894582532556651,0.9045958382234659
CC(C)CC(O)C(C=C)C[Si](C)(C)C,0.8664556551438329,0.7378918527225338
C=CC(C[Si](C)(C)C)C(=O)C(C)(C)C,0.8392313446671943,0.837767841660094
CC(C)CC(C1)OC(CC(C)C)C(C=C)1,0.9214243527604917,0.9066010604486555
C=CC(C[Si](C)(C)C)C(O)c(c1)cccc1,0.2152465844511236,0.25388453560058005
CCCC(C1)OC(CCC)C(C=C)1,0.9031851114429654,0.9029184448810956
C=CC(C(=O)C(C)C)C[Si](C)(C)C,0.8932053430201471,0.8521127845369004
CCCCCCCC(OC)C(C[Si](C)(C)C)C(=C)CCC=C(C)C,0.8578977479620146,0.7964884374686041
CCCC(OC)C(C(=C)CCC=C(C)C)C[Si](C)(C)C,0.6701797213156738,0.7239581844899737
CCCCC(OC)C(C(=C)CCC=C(C)C)C[Si](C)(C)C,0.8508010250407344,0.8291009150967724
CC(C)=CCCC(=C)CC[Si](C)(C)C,0.8636475537052385,0.8018767051798767
CCCC(=O)C(C=C)C[Si](C)(C)C,0.8734711334997318,0.8500500340722666
CC(C)CC(=O)C(C=C)C[Si](C)(C)C,0.8631746246398515,0.8801592090254554
CCCCC(=O)C(C=C)C[Si](C)(C)C,0.8639232258891859,0.8710704566556401
CCCC(OC)CC(=C)C[Si](C)(C)C,0.704195232129719,0.7317846222955465
CCCCC(OC)C(C=C)C[Si](C)(C)C,0.838365453097062,0.8566656119724843
CC(C)=CCCC(=C)C(C[Si](C)(C)C)C(OC)CC(C)C,0.8828677099470574,0.781701177052212
C(=CC([H])(C)C(C)C)C(C(C4)([H])C(C3(C4)[H])(CCC(C=23)(C(C1)(C)C(=CC2)CC(O)C1)[H])C)([H])C,0.8349881333079263,0.7378060624602119
COC(CC(C)C)C(C=C)C[Si](C)(C)C,0.9078240391456505,0.8465844640729039
CCCCCCCC(OC)C(C=C)C[Si](C)(C)C,0.8516919356369539,0.891181188900181
CCCCCCCC(C1)OC(CCCCCCC)C(C=C)1,0.9270337156399677,0.8422325731921524
CCCCCCCCCCCCCCCCCC(O)=O,0.7648423357547787,0.639437003376746
COC(=O)C(C2)N(CC2)C(=O)OCc(c1)cccc1,0.8799225523944116,0.8848452207821542
OC(=O)C(C2)N(CC2)C(=O)OCc(c1)cccc1,0.8713826209500135,0.8905647313396241
C(C=CC[Sn](CCCC)(CCCC)CCCC)[Sn](CCCC)(CCCC)CCCC,0.14136953563115942,0.24601937070149635
C[Sn](C)(C)CC=CC[Sn](C)(C)C,0.03366180250278891,0.239999218817535
CC(=CC[Si](C)(C)C)C[Si](C)(C)C,0.9153390314606905,0.9054219066296335
CC(=CC[Sn](C)(C)C)C[Sn](C)(C)C,0.024445572616545612,0.23499832291187414
CC(C)C(C2)C(C(=C)1)C(CCC2)OC(=O)1,0.7704293309817462,0.8627195541577832
CCOC(=O)C(C(=O)1)C(C2)C(CCC(C(C)C)C2)O1,0.21562178905366683,0.1873645939583235
CCOC(=O)C(C(=O)2)C(C1)C(O2)C(=O)CC(C(C)C)C1,0.14646662653044448,0.4127194976191059
COC(=O)C(C(=O)1)C(C2)C(CCC(C(C)C)C2)O1,0.6220059688870814,0.6840539816984423
[2H]C([2H])(C1)[SiH](C)C([2H])([2H])CC1,0.40774197922393607,0.7075396047462498
[2H][SiH](C1)CCCC1,0.5943786888675394,0.847441529277114
[2H]C([2H])([2H])[Si](C)(C1)CCCC1,0.5219325844858671,0.7340372052368725
[2H]C([2H])([2H])[SiH](C1)CCCC1,0.4156778617994063,0.645267312571267
[H][Si]1(C)CCCCC1,0.7619020282922124,0.8184136623710176
[2H]C([2H])([2H])[Si](C1)(CCCC1)C([2H])([2H])[2H],0.3170092911962913,0.6253724389884702
[2H][Si]([2H])(C1)CCCC1,0.6285006492008501,0.8017390364689354
C(C1)CC[Si](C)(C)C1,0.8394582303391928,0.8984980537512192
C[SiH](C1)CCCC1,0.886175231129834,0.8818128963775219
C(C1)CC[SiH2]C1,0.825993933128225,0.9172401650049381
C[SiH](C)[Si](C)(C)C,0.796979182894401,0.8046388294934178
C[Si](C)(C)[SiH3],0.7687775878410494,0.8771061397974879
C[Si](C)(C)[Si](C)(C)C,0.8493475546103404,0.8721372900401393
CCC(C)(C)C,0.8396320501420156,0.8074292736474121
[2H][Si]([2H])(C)[Si](C)(C)C,0.7691709328761055,0.8157232945189232
C[SiH2][Si](C)(C)C,0.7904623141518161,0.8877453849953453
CC(C)[Si]([2H])(C)C,0.7176157363313441,0.7716229731840293
CC(C)[SiH](C)C,0.8354940104997794,0.86446335108807
[2H][Si](C)(C)[Si]([2H])(C)C,0.6841757358418323,0.8061533641648486
C[SiH](C)[SiH](C)C,0.8971320137028969,0.9210393780049421
O=C(C2)CC(O)(C1)C(C)(C2)C(=O)C1,0.8579256650569862,0.9029628323045208
OC(C2)CC(O)(C1)C(C)(C2)C(O)C1,0.8799636290135975,0.927907539258515
[2H]C([2H])(N1)C(=O)NC([2H])([2H])C(=O)1,0.3878799778809441,0.5853976192451774
O=C(C(C)(C)1)C(C)(C)CC1,0.7840564899487021,0.7450906150820578
CC(C1)C(=O)C(C)(C)C1,0.868133909256594,0.8578772979715763
[2H]C([2H])([2H])C(C1)(C([2H])([2H])[2H])C(=O)CC1,0.3517347415780228,0.6057085684235937
O=C(C1)C(C)(C)CC1,0.6475946658350737,0.8281797974162082
[2H]C([H])([H])C(C1)C(=O)C(C1)C([2H])([H])[H],0.3792633966922132,0.7922319575513981
[2H]C([2H])([2H])C(C1)C(=O)CC1,0.7902717729114558,0.8648920997886195
CC(C1)C(=O)CC1,0.7993264693734118,0.8754718092424354
CCCCCCCCCCCC(O)=O,0.8377880657322968,0.8252674443820682
O=c(c1)oc(=O)c1,0.5974189517842883,0.7633599928255519
OC(=O)C(O)c(c1)cccc1,0.9106562696540861,0.9188104492705408
CC(=O)NCC(O)=O,0.5263791286734733,0.6567927253321557
CCOC(=O)C(NC(C)=O)C(=O)OCC,0.3493995326386717,0.492101224222389
C1=C(NC=N1)CC(C(=O)O)N.O.Cl,0.43859534648605,0.31065018933839933
CC(=O)OC(C(O)=O)C(OC(C)=O)C(O)=O,0.07759383550840848,0.14824946561633667
OC(=O)C(S)c(c1)c(Cl)ccc(Cl)1,0.28953748343065944,0.49272571525929443
O=C(C1)C(C)(C2)C(C)(C)C([H])(C2)1,0.5235950642068101,0.7105892719429758
C=CCCCCCCCCC(O)=O,0.8117203733343052,0.9318495427211414
CCOC(=O)C(C(=O)OCC)c(c1)cccc1,0.8215770076933091,0.8691088850652454
CCOC(C)(OCC)OCC,0.5714221021910182,0.44447551338823854
CN(C)C(=O)N(C)C,0.9191678648926495,0.8694749208612215
Nc(c1)c(n2)c(ccc2)cc1,0.8838002283814493,0.8852765373815881
Nc(c1)cc(c2)c(ccc2)n1,0.7674206644033388,0.8271808951413029
CC(=O)CC(C)=O,0.8954382676449516,0.8355616666197797
CC(O)c(c1)cccc1,0.7632483815152639,0.8372122225204439
CCN(C(C)C)C(C)C,0.8499576937387766,0.9125171070032055
Cc(c1)c(C)c(C)cc1,0.7701861128297331,0.8502517259898019
CC(C)N(C)C,0.8377571228924707,0.911910058515556
CCCCCCCCOc(c1)c(ccc1)[N+1]([O-1])=O,0.5656048098301215,0.6552483311062932
CC(O)c(c1)ccc(Cl)c1,0.790686493656859,0.8515863086847826
CCCCNCCCC,0.7932091779289122,0.8297789651814236
CCOC(=O)C(C)Br,0.8275150184562645,0.7147049808704372
CCOCC(O)COCC,0.8479672606263967,0.7874792020834702
CC(=O)CC(=O)N(C)C,0.8751942344888392,0.880490490471477
COc(c1)c(O)ccc(C=CC(O)=O)1,0.6275989496464708,0.7277827587899445
OC(=O)CCC(=O)c(c1)ccc(F)c1,0.8999218376951372,0.8310800622128082
COc(c1)c(O)ccc(C=CC(O)=O)1,0.6463679155994476,0.7655714994727221
OC(=O)c(c1)c(O)c(c2)c(ccc2)c1,0.9156382256041872,0.9274794446746906
NCCc(c1)cc(OC)c(OC)c1,0.7871676536236855,0.901306739141428
C=COCC(C)C,0.8569263270331049,0.8426178133381945
Nc(c1)ccc(c1)[N+1]([O-1])=O,0.753638119892046,0.8570747998744906
CCOC(=O)C(C)=O,0.7701861582807797,0.6965859246250117
Cc(c1)cc(cc1)C(=O)Cl,0.867314311885562,0.8660241826389865
Cc(c2)cc(cc2)C(=O)c(c1)cccc1,0.9365703549591586,0.891003591703634
CNCC([H])(O)C([H])(O)C([H])(O)C([H])(O)CO,0.5301454602599466,0.559660548503999
NC(=S)c(c1)cccc1,0.8242066533887292,0.8724697003216041
C1=CC=C2C(=C1)C(=CN2)C[C@@H](C(=O)O)N,0.7211900848968542,0.755517520791842
CN1C2=C(C(=O)N(C1=O)C)NC=N2,0.7988373111087039,0.8589614060122853
CCOC(=O)C(C1)C(CCC1)C(=O)OCC,0.7607220755355779,0.8447176237306466
CCOC(=O)C([H])(C1)C([H])(CCC1)C(=O)OCC,0.7926481414549573,0.8389257980234016
COC(=O)OC,0.7746309506495023,0.7790454599325168
Oc(c1)c(ccc1)C(F)(F)F,0.84837256522541,0.9106069706082962
CCCO[Si](OCCC)(OCCC)OCCC,0.6252891474461143,0.7393973781528245
O=C(C(F)(F)F)C(F)(F)F,0.866430194355227,0.7758531607067307
Nc(c2)ccc(c2)Sc(c1)ccc(N)c1,0.7094639308607156,0.7079176035966052
[O-1][N+1](=O)c(c2)ccc(c2)NC(=O)c(c1)cccc1,0.8856457053204685,0.8472774849106339
BrC(Br)(Br)Br,0.8397732821183121,0.8275578622471336
[O-1][N+1](=O)c(c1)c(Cl)ccc1,0.8246007214501051,0.9269079371139173
[O-1][N+1](=O)c(c1)cc(Cl)cc1,0.897136945825601,0.904605977733969
CC(=O)CC(=O)Nc(c1)ccc(Cl)c1,0.7803762695250674,0.8220949442180427
c(c4)cc(c(c4)1)c(c3)c(ccc3)c(c2)c(ccc2)1,0.802255850502828,0.74867483188011
c(c4)cc(c1)c(c4)cc(c2)c(cc(c3)c(ccc3)2)1,0.797833707196306,0.7501703602864509
c(c5)cc(c21)c(c54)c(ccc4)c(c3)c(c(cc3)ccc2)1,0.8552723970884821,0.8047980827509074
CO[Si](C)(C)OC,0.7316708524017669,0.743626221052957
c(c4)cc(c3)c(c41)c(c2c3)c(ccc2)cc1,0.8033885810519962,0.8111172518842974
c(c4)cc(c(c4)1)c(c3)c(c2cc3)c(ccc2)1,0.7564490514703103,0.8402036420658433
[O-1][N+1](=O)c(c1)cc(Br)cc1,0.8904962053022332,0.9078814393350734
[O-1][N+1](=O)c(c1)c(Br)ccc1,0.826418524797754,0.8717039690442598
O=C(Oc(c1)cccc1)C(F)(F)F,0.8134623517412329,0.9041357672187482
O=Cc(c1)ccc(c1)C(O)=O,0.9113286668995321,0.948984176601681
CCOC(OCC)(OCC)OCC,0.7395093228914852,0.8163232191377883
OC(C(F)(F)F)C(F)(F)F,0.76875406095331,0.7976445052455984
FC(F)(F)Oc(c1)cccc1,0.7737395445179369,0.8329974782583123
[O-1][N+1](=O)c(c1)c(I)ccc1,0.5764969318939813,0.7129398217304325
COc(c1)ccc(c1)C(O)=O,0.8551430352213236,0.8701702171190712
CN(C)CC(C)O,0.8324084525780625,0.8281368004500547
Nc(c1)ccc(O)c1,0.8847971209975838,0.9296713403831762
Nc(c1)cc(O)cc1,0.8841135848082602,0.9089497487616425
CCC1=C(NC(=C1C)C(=O)OCC2=CC=CC=C2)C(=O)OCC,0.9191616575599915,0.915434767036978
c(c4)ccc(c4)CN(C(=O)1)C(=O)N(C([H])=3)C(=NC(=O)C([H])3)N(Cc(c2)cccc2)1,0.8839620599588423,0.8737020268612731
O=C(C=2)N=C(N1)N(C2)C(=O)NC(=O)1,0.5203048454757041,0.6819092120432139
O=C(C=1)NC(=NC1)SC,0.7800710421771238,0.881531087227061
c(c5)ccc(c5)CN(C(=O)1)C(=O)N(c43)C(=CC(=O)c(cccc4)3)N(Cc(c2)cccc2)1,0.830589325653682,0.8421474705597106
O=C(C=1)N(C)C(=O)NC1,0.7763535676173889,0.8751572320970947
c(c3)ccc(c3)n(c(=O)1)c(=O)n(c(c2)cccc2)1,0.7047855593197674,0.7868156388225982
c(c4)ccc(c4)N(C(=O)1)C(=O)N(c(c3)cccc3)C(=O)N(c(c2)cccc2)1,0.5699794790360984,0.7266252149523216
O=C(Nc(c2)cccc2)Nc(c1)cccc1,0.497072526462048,0.7313519954302506
O=C(N1)c(c3)c(ccc3)N(C(=O)2)C1N(C)C(=O)N(C)2,0.7495720693284915,0.8308619898112205
O=C(N=1)c(c2)c(ccc2)NC1,0.8426832355317948,0.8933690428614096
[H]C(C(=O)2)=C([H])N(C(=O)1)C(=N2)N(C)C(=O)N(C)1,0.8084758075846952,0.8457822902235543
c(c2)ccc(c2)C(C)(O)c(c1)cccc1,0.7043886294818716,0.6984075127902178
c(c2)ccc(c2)C(=O)c(c1)c(ccc1)C(F)(F)F,0.8251181435203315,0.7614879541447651
Cc(c2)c(ccc2)C(=O)c(c1)cccc1,0.907261277508197,0.9190318762156527
CN=Cc(c1)c(c2)c(ccc2)cc1,0.6442140062690074,0.8792424633862317
CCN=Cc(c1)cccc1,0.9255807466506066,0.9430076967541403
CN=Cc(c1)c(O)ccc1,0.8699635191479198,0.9251455627582635
CN=Cc(c1)cc(cc1)C(F)(F)F,0.8470910007166563,0.8980553695228417
CN=Cc(c1)ccc(Cl)c1,0.8779443616249935,0.9020910003625542
CN=Cc(c1)cccc1,0.9212832850286891,0.9281370004716067
c(c3)ccc(c3)CC(O)(c(c2)cccc2)c(c1)cccc1,0.8710151678804738,0.859130470819329
CC(C)(O)c(c1)cccc1,0.8585021929714318,0.8956208383230425
c(c3)ccc(c3)C(O)(c(c2)cccc2)c(c1)c(C)ccc1,0.8715975028479857,0.8887436526325025
Cc(c3)ccc(c3)C(O)(c(c2)cccc2)c(c1)cccc1,0.8365130675257004,0.8510484597347139
c(c3)ccc(c3)C(O)(c(c2)cccc2)c(c1)cccc1,0.839532293173416,0.8008309135490518
Cc(c2)cc(C)c(c(C)2)C(=O)c(c1)cccc1,0.7642738109498645,0.7992322990410334
Cc(c2)cc(C)c(c2)C(=O)c(c1)cccc1,0.8279892061411076,0.8567280845322323
c(c2)ccc(c2)C(=O)c(c1)c(Cl)ccc1,0.7721450022851599,0.8237984016509059
COc(c2)c(ccc2)C(=O)c(c1)cccc1,0.8016748105563042,0.833553588712336
[O-1][N+1](=O)c(c2)cc(cc2)C(=O)c(c1)cccc1,0.9224981093063183,0.9024579382913929
c(c2)ccc(c2)C(=O)c(c1)cc(cc1)C(F)(F)F,0.9263038284428132,0.8869269439185061
Clc(c2)cc(cc2)C(=O)c(c1)cccc1,0.9454992903876368,0.9489438718537963
Cc(c2)cc(cc2)C(=O)c(c1)cccc1,0.9476854362853971,0.8913799804389152
Fc(c2)ccc(c2)C(=O)c(c1)cccc1,0.9308479470476145,0.9052855868576248
COc(c2)ccc(c2)C(=O)c(c1)cccc1,0.858743215212355,0.8974378408559452
Cc(c2)ccc(c2)C(=O)c(c1)cccc1,0.943282771517828,0.9263869238468498
[H]C(C(=O)2)=C([H])N(C(=O)1)C(N2)N(C)C(=O)N(C)1,0.6382235560743976,0.6483744561203891
O=C(C=1)NC=NC1,0.9307472747725236,0.9375034249751817
c(c4)ccc(c4)CN(C(=O)1)C(=O)N(c32)C(CC(=O)c(cccc3)2)N(C)1,0.8617080860804744,0.8928419937649087
c(c5)ccc(c5)CN(C(=O)1)C(=O)N(c43)C(CC(=O)c(cccc4)3)N(Cc(c2)cccc2)1,0.8667461578517104,0.874987771156308
CCCCN(C(=O)1)C(=O)N(c32)C(CC(=O)c(cccc3)2)N(CCCC)1,0.8302502373148565,0.8754666883766276
CC(C)N(C(=O)1)C(=O)N(c32)C(CC(=O)c(cccc3)2)N(C(C)C)1,0.8286895966710882,0.8754121758489403
CCN(C(=O)1)C(=O)N(c32)C(CC(=O)c(cccc3)2)N(CC)1,0.8377585765298067,0.8523606487945312
O=C(C=1)c(c3)c(ccc3)N(C(=O)2)C1N(C)C(=O)N(C)2,0.8262037413244779,0.9078671817722244
O=C(C1)c(c3)c(ccc3)N(C(=O)2)C1N(C)C(=O)N(C)2,0.8250142992945478,0.8732383795598229
O=C(C=1)c(c2)c(ccc2)NC1,0.8959925132292922,0.9299005960010921
O=C(C1)C=CN=C1,0.8451946876541251,0.9307189947077119
[O-1][N+1](=O)c(c2)c(ccc2)COC(=O)c(c1)cccc1,0.9255929295642212,0.9038519070268768
OCC(O1)C(O)C(O)C(OC)1,0.8577261248837148,0.8809538708107011
OCC(O1)C(O)C(O)C(OC)1,0.8571433435661686,0.8772458869895051
OCC([H])(O1)C([H])(O)C([H])(O)C([H])(O)C([H])(OC)1,0.7607878125871177,0.79671111112901
OCC([H])(O1)C([H])(O)C([H])(O)C([H])(O)C([H])(OC)1,0.8798520344954522,0.8831461513476104
OCC([H])(O1)C([H])(O)C([H])(O)C([H])(O)C([H])(OC)1,0.79927876047671,0.808082400665772
OCC([H])(O1)C([H])(O)C([H])(O)C([H])(O)C([H])(OC)1,0.8731411540959388,0.8705824151769371
OCC([H])(O1)C([H])(O)C([H])(O)C([H])(O)C([H])(OC)1,0.8590192045500885,0.8598662664330012
OCC([H])(O1)C([H])(O)C([H])(O)C([H])(O)C([H])(OC)1,0.8590245814322341,0.8182742941303863
OCC([H])(O1)C([H])(O)C([H])(O)C([H])(O)C([H])(OC)1,0.8809288491566696,0.8725168265276428
OCC([H])(O1)C([H])(O)C([H])(O)C([H])(O)C([H])(OC)1,0.8514630905682529,0.8540342186947967
COc(c2)c(ccc2)COC(=O)c(c1)cccc1,0.8784231189477586,0.9146684835297865
O=C(OCc(c2)ccc(c2)C(C)(C)C)c(c1)cccc1,0.8459455113138893,0.8912206473015416
N#Cc(c2)ccc(c2)COC(=O)c(c1)cccc1,0.8589533064301499,0.9290620326302836
CS(=O)c(c1)ccc(COC(=O)c(c2)cccc2)c1,0.8397779158857661,0.8950982307809882
O=C(OCc(c2)ccc(c2)S(C)(=O)=O)c(c1)cccc1,0.7875279460943362,0.8181190488723082
[O-1][N+1](=O)c(c1)ccc(COC(=O)c(c2)cccc2)c1,0.8611483495991764,0.858832461398311
N#Cc(c2)cc(cc2)COC(=O)c(c1)cccc1,0.8374562709333812,0.9164272504313444
O=C(OCc(c2)cc(cc2)S(C)(=O)=O)c(c1)cccc1,0.8744871789110298,0.8620278563816537
[O-1][N+1](=O)c(c2)cc(cc2)COC(=O)c(c1)cccc1,0.8824781074765881,0.8263258491302852
O=C(OCc(c2)c(Br)ccc2)c(c1)cccc1,0.8850559341744193,0.8404606616787647
[O-1][N+1](=O)c(c(C)1)c(C)cc(COC(=O)c(c2)cccc2)c1,0.8692334477372848,0.862902279041342
O=C(OCc(c3)ccc(c3)c(c2)cccc2)c(c1)cccc1,0.9040968976289558,0.925739055337628
O=C(OCc(c3)cc(cc3)c(c2)cccc2)c(c1)cccc1,0.861886478753902,0.8891244890010701
O=C(OCc(c4)cc(C2)c(c4)c(c3)c(ccc3)2)c(c1)cccc1,0.8966421570288996,0.8951256465081898
O=C(OCc(c2)c(c3)c(ccc3)cc2)c(c1)cccc1,0.9332807656011131,0.9486869971618146
O=C(OCc(c2)cc(c3)c(ccc3)c2)c(c1)cccc1,0.9026992924983192,0.9238190079775187
CCOc(c2)c(ccc2)COC(=O)c(c1)cccc1,0.8319825460662481,0.8701503068434313
O=C(OCc(c2)c(Cl)ccc2)c(c1)cccc1,0.9003867574394706,0.8889718659110504
O=C(OCc(c4)cc(c2)c(c4)c(c3)c(ccc3)c2)c(c1)cccc1,0.8849229546942534,0.9393132524213053
O=C(OCc(c4)cc(c(c4)2)c(c3)c(ccc3)cc2)c(c1)cccc1,0.890057591731755,0.9190418486327686
c(c4)ccc(c4)C(=O)OCc(c1)c(c3)c(ccc3)c(c2)c(ccc2)1,0.8922908220203899,0.9416649447275363
c(c4)ccc(c4)C(=O)OCc(c3)c(c1)c(cc3)cc(c2)c(ccc2)1,0.890188764225272,0.9285340885681523
O=C(OCc(c4)cc(c2)c(c4)cc(c3)c(ccc3)2)c(c1)cccc1,0.8355660992267904,0.9076003579246199
O=C(OCc(c2)cccc2)c(c1)cccc1,0.8556107983804141,0.8750690139454946
CCc(c2)ccc(c2)COC(=O)c(c1)cccc1,0.8487672134276623,0.9042498648339016
CC(C)c(c2)ccc(c2)COC(=O)c(c1)cccc1,0.8644740933118578,0.9012053399887757
COc(c2)ccc(c2)COC(=O)c(c1)cccc1,0.9223789044442217,0.9278812576149855
O=C(OCc(c3)ccc(c3)Oc(c2)cccc2)c(c1)cccc1,0.8823129126345886,0.8997898194261201
O=C(OCc(c2)cc(Br)cc2)c(c1)cccc1,0.6729198763838019,0.5399634115724294
CN=Cc(c1)cc(c2)c(ccc2)c1,0.8344392523581745,0.8479131328780483
OCc(c1)ccc(c1)[N+1]([O-1])=O,0.8137413547478688,0.8793328707632874
O=C(C1)NCC(=O)N1,0.48493964508411075,0.7236168285117599
Clc(c2)ccc(c2)C(=O)c(c1)ccc(Cl)c1,0.9043456618618368,0.9184412602945883
CC(C)NC(=S)NC(C)C,0.6903407917653264,0.745054930612497
CC(=O)c(c1)cc(Cl)c(Cl)c1,0.7607985095615972,0.8341170426564744
Nc(c1)cc(Cl)c(c1)[N+1]([O-1])=O,0.7538429274457497,0.8864900441379319
OC(=O)c(c1)c(F)cc(F)c1,0.7847429050929636,0.8444208733705028
[O-1][n+1](c1)cc(C)c([N+1]([O-1])=O)c(C)1,0.7429499684086764,0.8330191667969666
OC(=O)c(c1)cc(Cl)cc(Cl)1,0.8325349386923123,0.8901243995727867
Nc(c2)ccc(c2)SSc(c1)ccc(N)c1,0.7615709116531176,0.8217977918390375
Nc(c1)c(N)cnc1,0.7889416736713326,0.8622101002821295
[O-1][N+1](=O)c(c2)c(c1)c(cc2)c(cc1)[N+1]([O-1])=O,0.8459032376246025,0.9047388827781842
[O-1][N+1](=O)c(c1)ccc(c1)[N+1]([O-1])=O,0.8741789074907692,0.8457514787746657
c(c3)cc(C1)c(c3)Cc(c2)c(ccc2)1,0.7999081232172437,0.8548498056503199
N#CCc(c1)cc(OC)c(OC)c1,0.6497663401924311,0.7959069818052975
NC(=O)c(c1)cccc1,0.6822074421899491,0.6895718517364622
Cc(c2)ccc(c2)NC(=S)Nc(c1)ccc(C)c1,0.5211704249386397,0.6695484478282586
O=C(CC(=O)c(c2)cccc2)c(c1)cccc1,0.8215364596892853,0.773017549715775
O=CC=1C(Cl)=CC=CC1Cl,0.7042987516779756,0.8210017567828366
Oc(c1)cc(Cl)c(Cl)c1,0.7702207068102185,0.8190926030486294
OCc(c1)c(Cl)ccc(Cl)1,0.7697980852098292,0.8466536985626418
C(C4)(C([H])(C(C(C)3C4)(CCC3(C(CCC([H])(C(C)C)CC)([H])C)[H])[H])2)([H])C(C([H])1CC2)(C)CCC(OC(C)=O)([H])C1,0.8766544528226755,0.8733377603872748
O(C15[H])C(C6)(OCC(C6)C)C(C(C(C2([H])C5)(C)CCC(C3(C)4)(C(CCC3(C(C(C(O[Si](C)(C)C)C4)O[Si](C)(C)C)O[Si](C)(C)C)[H])2[H])[H])1[H])C,0.7485189344793439,0.8581162315659107
[H]C(C(C)C)(CC)C=CC([H])(C)C(C1)([H])C(C)(C4)C(C(=C2[H])C([H])(C4)C(C)(C3)C([H])(CC(OC(C)=O)(C3)[H])C2)([H])C1,0.8621260720634323,0.8870433206569551
COC(=O)C(C)Cc(c1)ccc(c1)C(C)C(=O)OC,0.850857625794099,0.8865915263097918
[H]C(C1)(O5)C(C(C)C5(C6)OCC(C6)C)([H])C(C4)(C1(C([H])(C3)C(C4)([H])C(C)(C2)C(C3)([H])C(OC(C)=O)C(C2OC(C)=O)OC(C)=O)[H])C,0.7821845105942759,0.786935707043098
COC(=O)c(c1)cc(OC)c(OC)c1,0.7026091346378721,0.8362405346411407
Clc(c3)c(c(=O)1)c(cc3)c(=O)c(c2)c(ccc2)1,0.8259594838621013,0.8955109078170884
ON=C(C)C(C)=O,0.807000658472469,0.7474947365285437
Oc(c1)cc(Cl)c(O)c1,0.8789604450719279,0.9084604017805681
O=c(c(=O)1)c(Cl)c(Cl)c(Cl)c(Cl)1,0.7179983646719534,0.8374331633612736
N#Cc(c1)ccc(Cl)c1,0.7887313655146475,0.8803707061587854
Cc(c2)ccc(c2)C(=O)c(c1)ccc(C)c1,0.8683080241893111,0.8707015177094221
OC(=O)C=C(C)C(O)=O,0.5789933783873216,0.6676876519634375
C1=CC=C2C(=C1)C3=CC=CC=C3N2,0.7995801680750101,0.8240168767630026
NCc(c1)ccc(OC)c1,0.8171162344920078,0.8803064189874867
CC(=O)c(c1)ccc(C(C)=O)c1,0.7772761496154768,0.8513808689368608
CCc(c1)ccc(O)c1,0.7918409459189525,0.8449977406372104
c(c3)cc(n1)c(c3)c(c2)c(ccc2)n1,0.9193931078528591,0.9334062569316964
C1=CC2=NNN=C2C=C1,0.8864267414029816,0.9335623484342905
CC(C)C(C3)=CC(=C2)C([H])(C3)C(C)(C1)C([H])(C2)C(C)(C(O)=O)CC1,0.7805621900378915,0.8584701342108635
c(c4)cc(c3)c(c4)cc(c13)c(c2)c(ccc2)cc1,0.8071435719785494,0.7830794585632894
CC(=O)c(c1)ccc(Br)c1,0.8011285492483582,0.9190653770011157
c(c4)cc(c3)c(c4)cc(c3)c(c1)cc(c2)c(ccc2)c1,0.7598642258480386,0.7332847482107001
[O-1][N+1](=O)c(c1)cnc(Cl)c1,0.8438837222696469,0.9293134857166603
N#Cc(c1)ccc(Br)c1,0.9168823821753133,0.9282572027795966
Nc(n1)scc1,0.8091017095425928,0.8594536732492912
c(c2)ccc(c2)C(O)c(c1)cccc1,0.8289457581726413,0.8208898588934567
CC(C)(C)N,0.6780714129004746,0.7475312204965213
c(c1)ccc(c1)C(Cl)(Cl)Cl,0.8767079533193222,0.8586763715065698
BrCC(C)c(c1)cccc1,0.7912689486119261,0.8797742588935846
C=CC=O,0.8317830513128489,0.7894712695801076
CC(C)CC(OC)C(C(C)=C)C[Si](C)(C)C,0.9090358090692762,0.8334069624953802
CCCCCCCC(OC)C(C(C)=C)C[Si](C)(C)C,0.8670296911900693,0.8657566237179418
COCC(C(C)=C)(C[Si](C)(C)C)c(c1)cccc1,0.6289668795590465,0.6660452254730294
CCCCC(OC)C(C(C)=C)C[Si](C)(C)C,0.9160507307335887,0.8519209860679755
CC(C)=CCCC(C[Si](C)(C)C)=C([H])CCC([H])=C(CCC=C(C)C)C[Si](C)(C)C,0.8798767534784229,0.8105232031450457
[H]C(C[Si](C)(C)C)=C([H])C[Si](C)(C)C,0.9209722393785075,0.8463174349342615
CC(C)=CCCC(C[Si](C)(C)C)=C([H])C[Si](C)(C)C,0.8771225711052408,0.9140081574906114
COC(=O)C=CC(=O)OC,0.8508181961898041,0.872380040737731
CC(C4([H])C(CCC([H])(CC)C(C)C)([H])C)(C([H])3CC4)CCC(C([H])23)([H])C(C)(C1=CC2)CCC(C1)O,0.7675524879591987,0.4716026821725071
CCCCCCCCCCCCCCCCCC(O)=O,0.7921445924283201,0.5765184428761955
O=CC(C)CCBr,0.7114430921886529,0.7987197478141429
ClCC(C)=CCOC(C)=O,0.8287699296163009,0.8136858434518912
CC(=O)OCC(Cl)C(C)=C,0.7864814978035238,0.8639757942627517
C=Cc(c1)ccc(c1)C(C)(C)C,0.7921606789158794,0.7697915475184471
C(C2)CCC(C2)c(c1)cccc1,0.8278555200812764,0.8015790166915044
OCCCCCCC(C)CO,0.8954389933595571,0.8115520979106963
OCCCCCCCCCO,0.9664056776266172,0.9034872412188151
CCOCC=C(C)C=CCl,0.7889571290250412,0.8868472733495933
CCN(CC)CCOC(C)=O,0.9247748873037974,0.8868023934288582
OCC=CCCCCCC=O,0.8339197152281725,0.8823310159393564
OCC(C(C)=C)C(C)(O)C=C,0.8367381660102946,0.8371077445553734
O=C(C1)CC(C)(C)NC(C)(C)1,0.7647671558832967,0.8658793012074067
CC(C)=CCOCC=C(C)C,0.868240275737268,0.790659407121644
CC(C)=CCC(C)(CC)C=O,0.9125679524238173,0.8386988850622208
O=CC=CCC(C)CC(C)C,0.6898273162540316,0.6283463771201488
CCCCC(OC)=CC(C)=C,0.7353700800408361,0.8581665432226708
OCC(C1)=CCC(C(C)=C)C1,0.8530695132619098,0.8508814145087501
O=CCC(C1)C(C)(C)C(C)=C1,0.6810468856004989,0.8019705055047999
OC(C1)C(C2)C(=C)C(C)(C)C12,0.7619834088696198,0.8664045088322957
OCc(c1)cc(O2)c(OC2)c1,0.8261979939924095,0.9025559195163423
c(c2)ccc(c2)OCC(C1)O1,0.7389171227496688,0.7746100841521794
O=Cc(c1)cc(O2)c(OC2)c1,0.8955173436985683,0.905075148627749
C1=CC=C2C(=C1)NC(=S)N2,0.6489142570967694,0.7355584364762097
N#CCCS(=O)(=O)OC,0.7852299926987902,0.7198812665303718
COC(=O)C(C)(OC)OC,0.47111880193653555,0.6599956344314234
COC(=O)C(Cl)C(C)=C,0.8344834694873424,0.9027538557074737
CC(=C)CCBr,0.8418598957186298,0.8331398215462783
CCCC=CCOC(=O)Cc(c1)cccc1,0.8501439555832598,0.8272653949647814
CCCCCCCCCCC(=O)OCC,0.8415305666925473,0.7902954937010747
CC(C)CCCOC(=O)c(c1)cccc1,0.9073730359819762,0.9204200541872284
[H]C(C)=C([H])C(=O)OC(C)(C)Cc(c1)cccc1,0.8813466268561843,0.9030186848203856
CC(C)CCOC(=O)CC(C)CC(C)(C)C,0.8326810838317417,0.8255723521039329
COc(c1)ccc(COC(=O)CC(C)C)c1,0.826324944529575,0.8533809451016543
CCCCCCCOC(=O)C(C)CC,0.8874635944863241,0.8680513676826087
CC(=O)Oc(c2)c(ccc2)c(c1)cccc1,0.8284486866815127,0.8273398333236742
Oc(c2)c(ccc2)c(c1)cccc1,0.8320553586080934,0.8462226757998634
O=C(OCCc(c2)cccc2)CCC(=O)OCCc(c1)cccc1,0.9284261670791856,0.9062799880577319
CCC=CCCOC(=O)C(CC)CC,0.9101998733521179,0.8917489511151145
O=C(OCCCC)C(CC)CC,0.9212310830381872,0.9332753156029265
CCCCCCCOC(=O)C(CC)CC,0.9357153054433983,0.9158314378029286
CCCC=CCOC(=O)C(CC)CC,0.9073543097447717,0.8531149711370078
CCC(CC)C(=O)OC,0.6980557537924226,0.8273716806101616
C=CCOC(=O)C(C)CC,0.9158779791591569,0.8439480204573051
CCCCCC(CC)OC(=O)CC(C)C,0.8017205048751647,0.7865522560229605
CCCCCC(CC)OC(=O)C(C)CC,0.870166935665952,0.8253630599524382
CCCC=CCOC(=O)C(C)CC,0.8863094090110633,0.8574823251214015
CCCCCCCCCC(=O)OCC=CCCC,0.8904146325321443,0.8785372487332233
CCCCCCCCCOC(=O)CCCCCCC,0.7861770094822196,0.5684781706916522
CC(C)CCCOC(=O)CCC(C)C,0.8694161283832323,0.8660812653406149
CCCCCCCCCCOC(=O)CC(C)C,0.8956725100570886,0.8623271310389232
CCCCCCC(=O)OCC=CCCC,0.8941453879097151,0.9018894992998797
CCCCCC(=O)OC(CC)CCCC,0.8436980506161793,0.8484525327396337
CCC(C)CC(=O)OCCC(C)C,0.9172575634044424,0.8376193817989843
CCCCC(CC)OC(=O)CC(C)C,0.8719655563850225,0.8671333679629643
COC(=O)CC(C)CC(C)(C)C,0.88473512368825,0.8901658492563146
CCCCCCOC(=O)C(C)(C)C,0.8587568384140214,0.8627758205448077
O=C(C1)OCCOC(=O)CCCCCCC1,0.8499430953673366,0.8025748786555637
CCCCOC(=O)c(c1)ccc(O)c1,0.8410117079738898,0.8358548310740174
CCCCCCC(O)CC=CCCCCCCCC(=O)OCC,0.844640376744202,0.8155096925592403
CCCCCCC(O)CC=CCCCCCCCC(=O)OC,0.80276683310012,0.6292341416343179
c(c2)ccc(c2)CCCOC(=O)c(c1)c(O)ccc1,0.8759805139835692,0.8574301894115184
Cc(c2)ccc(c2)COC(=O)c(c1)c(O)ccc1,0.8324831157724031,0.770286483624475
CCCCCCCCOC(=O)CCCCC(=O)OCCCCCCCC,0.5392820679912019,0.40578983742680774
O=C(OCCCc(c2)cccc2)c(c1)cccc1,0.8733058532263016,0.8612470161646203
CCCCCC(CC)OC(=O)CCCCC,0.8441260579568194,0.8571328178567357
CCCCCCCC(CCCCCC)C(=O)OCC,0.7407957932770877,0.7445110123873442
COC(=O)C(C)(C)C,0.8604742684698542,0.8555781723524466
CCOC(=O)C(C)(C)C,0.8528530972153076,0.7906758756397531
CCCCCCCC(=O)OCCc(c1)cccc1,0.8881441648418404,0.8118534029358541
CCCCCC(=O)Oc(c1)ccc(C)c1,0.8149941823893709,0.8364318218348652
C=CCCCCCCCCC(=O)OCCCCCC,0.7889943779735966,0.8000849131080563
CCC(C)COC(=O)c(c1)c(O)ccc1,0.938708388809044,0.9427385249480985
CCCOC(=O)CC(C)CC(C)(C)C,0.8953264044114897,0.9018692673450519
CC(=O)c(c1)ccc(Cl)c1,0.8634998261179272,0.9116219324855979
CC(O)COC(=O)Cc(c1)cccc1,0.8526606186476107,0.7809806456993348
CCOC(=O)CC(O)C(=O)OCC,0.6547220013443282,0.7019322366810195
CCCCCCC(=O)CCc(c1)cccc1,0.8649608657153172,0.8438063066745315
CCCCCCCCCCCCCCCCCCCC(O)=O,0.7522202933694866,0.5192144589121305
CCCCC(CC)C(=O)N(CC)CC,0.8728225898430955,0.877473314670805
CCCCC(=O)OCCc(c1)cccc1,0.8798747463562029,0.8518689208138086
CCOC(=O)c(c1)ccc(O)c1,0.7649989696747033,0.8182926870640711
CC(C1)CCC(=O)C1,0.8797115227866439,0.888532000396205
CCCCC(C1)C(=O)CC1,0.8400131294356904,0.8622633921189418
CCCCCCC(C1)C(=O)CC1,0.8509119482124147,0.8630801935629473
CCCCCCCCCC(C1)C(=O)CC1,0.7998737655567092,0.7978628582666032
CCCCC(C1)C(=O)CCC1,0.7011229481801073,0.7544427953484059
O=C(C1)CC(=O)CC1,0.6500594198711762,0.7819109509957919
Cc(c1)ccc(c1)C(C)O,0.7653496757959,0.8645045140269412
CCC(C)C(C1)C(=O)CCC1,0.7445275627697866,0.7352262226681919
O=CCC(C)c(c1)cccc1,0.7483371038870644,0.7927570047396237
CC(C1)C(=O)C(C)CC1,0.8423055969697711,0.8854973802888826
CCc(c1)ccc(C=O)c1,0.8444086667549001,0.9097553491881567
O=C(C1)CCCCCC1,0.8097256090549901,0.8562544872493785
CC(C1)=CCCC(C)=CCC(C)(C)C=CCC(C)=CC1,0.6713966034869325,0.8349616095440514
CC(C2)=C([H])CCC(C)=C([H])C([H])(O1)C([H])(CC(=O)C(C)=C([H])C2)C(=C)C(=O)1,0.7233175974889887,0.8981342820786702
CC(C)C(C2)=C([H])C([H])=C(C)CCC([H])(O)C(C)(C1)OC(=O)C(C2)=C([H])C1,0.8101428912829364,0.8872252653712964
COC(=O)C(=C2)CCC(=O)C(C)(C1)OC(=O)C(CCC(C(C)C)=C2)=CC1,0.3949314504024581,0.6633373010990596
CC(=O)OC([H])(C1)C([H])=C(C)CCC([H])(C(C)C)C([H])=C([H])C(C)=C([H])CC([H])=C(C)1,0.8569173814787692,0.8941376568372066
[H]C(C1)=C(C)CC(=O)C([H])=C(C)CCC([H])(C(C)C)C([H])=C([H])C(C)=C([H])1,0.821447499693238,0.8868182254981728
[H]C(C1)=C(C)CCC([H])=C(C)CC(=O)C([H])(C(C)=C)CC([H])=C(C)C1,0.8074890914204116,0.8062441355958081
CC(C)OC(=O)CC(=O)OC(C)C,0.8193772513848638,0.7501587034705485
CCC(=O)NC([H])(COC(C2)OCCC2)c(c1)cccc1,0.4965798326061585,0.4173968819794466
COc(c1)cc(CBr)c(OC)c(CBr)1,0.8302734765486683,0.8954547676748867
CC(=O)CC(=O)Nc(c1)cccc1,0.29241465208204903,0.4933073027520688
c(c2)cc(c1)c(c2)ncc1,0.8684449876919763,0.9142388059070884
c(c2)cc(c1)c(c2)ncc1,0.8684449876919763,0.9142388059070884
Nc(c1)c(c2)c(ncc2)cc1,0.8074760273046896,0.8419250048017097
CN(C2)C([H])(CCC2)c(c1)cncc1,0.8226991525314089,0.8341236960486058
CN(C2)C([H])(CC2)c(c1)cncc1,0.8658908797998726,0.8252321311240964
COc(c1)ccc(O)c1,0.8447206058088604,0.8663434196852592
Oc(c1)ccc(c1)C(O)=O,0.7598482539828153,0.8317916786436579
Oc(c1)c(O)cc(c1)C(C)(C)C,0.7599740738089653,0.7782941080140942
OC(=O)c(c1)c(ccc1)[N+1]([O-1])=O,0.16172087907869487,0.3134826069701714
Oc(c(Br)1)c(Br)cc(Br)c1,0.3449201782482958,0.5852015157070111
Oc(c2)ccc(c2)c(c1)cccc1,0.80810402703158,0.8396907406348201
Cc(c1)ccc(c1)S(N)(=O)=O,0.7776280479220139,0.8710622665337957
COc(c1)c(ccc1)NC(C)=O,0.43053486041145694,0.5867568480754574
OC(=O)c(c1)c(Cl)ccc1,0.7716016797618651,0.8637349356110203
OC(=NC1=CC=CC(=C1)C)C,0.37241785073894307,0.5781977635079937
Nc(c1)ccc(Cl)c1,0.7981041847297923,0.8730412273313627
CC(=O)c(c1)cc(c2)c(ccc2)c1,0.8348826936348522,0.8715977567979022
c(c3)cc(c1)c(c3)c(c2)c(ccc2)c1,0.819113483647127,0.8515683099847491
NC(=O)c(c1)cncc1,0.7537446103401534,0.7558783419641475
Nc(c1)cc(cc1)[N+1]([O-1])=O,0.7823864364679288,0.8797164938452693
OC(=O)Cc(c1)c(c2)c(ccc2)cc1,0.8338366207855186,0.8781082687648106
OC(=O)Cc(c1)cc(c2)c(ccc2)c1,0.10404568209493549,0.32217878691634333
CC(=O)NC(N)=S,0.5170384986243879,0.5314235748377987
Nc(c1)cc(O)cc1,0.7514451219001522,0.8338669915253825
Nc(c1)nccc1,0.78065093081943,0.8436153570035141
CC(=O)CC(=O)Nc(c1)cccc1,0.4188993997079744,0.5854968098238497
CC(=O)NNc(c1)cccc1,0.4479486964797319,0.6309039874099971
CC(=C(N)1)N(C)N(c(c2)cccc2)C(=O)1,0.6071904879537808,0.6436406409657197
Nc(c1)ccc(O)c1,0.7799220851390721,0.8782518966536299
Oc(c2)ccc(c2)C(C)(C)c(c1)ccc(O)c1,0.5941616019354016,0.6715247246399162
Cc(c1)cc(O)c(C)c1,0.7124356157392456,0.8146907300420345
Cc(c1)c(O)c(C)c(C)c(O)1,0.787630064011361,0.8689591932161229
c(c3)ccc(c3)Nc(c1)c(c2)c(ccc2)cc1,0.8910902135916047,0.9244434754053782
OC(=O)c(c1)c(S)ccc1,0.6721498880269563,0.7700907855776599
CC(N)=S,0.6079734122034555,0.7526045271672563
Cc(c1)c(ccc1)S(N)(=O)=O,0.6252915042934605,0.7630048088016848
Oc(c1)ccc(c1)[N+1]([O-1])=O,0.735910049701828,0.8454634304057252
CC(C)c(c1)c(O)cc(C)c1,0.7073511889382056,0.7644031290792268
Nc(c1)c(N)ccc1,0.7566014353310715,0.8154750067820851
c(c3)cc(o1)c(c3)c(c2)c(ccc2)1,0.8757418281599135,0.8420722820677841
CCOc(c1)ccc(O)c1,0.7155710316876881,0.8228069774398703
Nc(c1)cc(C)c(C)c1,0.8047617060294846,0.86673221599254
ON=Cc(c1)c(O)ccc1,0.7612337742019323,0.8329905183200081
Nc(c1)c(Cl)cc(Cl)c1,0.7742574235045038,0.8365981198696649
CCC(N)=O,0.6475031706723875,0.7379034123803754
Oc(c1)cc(C(O)=O)c(O)c1,0.8172455121438083,0.8628339260406424
Oc(c1)c(cc(c1)C(C)(C)C)C(C)(C)C,0.725479782662784,0.7379404212654199
Cc(c1)cc(O)cc(C)1,0.7834438436203952,0.8638720303609364
O(C2)CCN(C2)c(c1)cccc1,0.7849727597032498,0.8636264816071599
O=C(O1)c(c2)c(ccc2)C1,0.7979845669836324,0.8790387993048672
CN(C)c(c1)ccc(CCCc(c2)cc(c3)c(ccc3)c2)c1,0.8504083825779729,0.8678393818063656
CN(C)c(c3)ccc(c3)c(c(C)1)c(c2)c(ccc2)cc1,0.8122059832196183,0.7967121606597755
OC(C1)C(C(=O)2)C(C)(CC2)C(=O)C1,0.8510758352167825,0.8996594239702755
CCCCCCCCCCCC(=O)OC,0.6558656654589967,0.702539493319018
CCCCCCCCCCCC(=O)OCC,0.770779150371601,0.7966008732418367
CCCCCCCCCCCC(=O)OCCCC,0.725443446077341,0.7877764921240225
CCCCCCCCCCCC(=O)OCC(C)C,0.7311973888245975,0.7916869107249127
CCCCCCCCCCCC(=O)OCCCCC,0.6238923144230251,0.5665389202552076
CCCCCCCCCCCC(=O)OCCC(C)C,0.7642586643316253,0.6591553939405566
CCCCCCCCCCCC(=O)OCc(c1)cccc1,0.822158211943419,0.7630797523006017
CCC(C)C,0.7854532380293248,0.8408092408576633
CC(C1)CCCC1,0.709760012890959,0.8167255110225523
Cc(c1)c(c2)c(ccc2)cc1,0.6339429137544517,0.7309491535547249
CCOC(=O)C(O)c(c1)cccc1,0.9034214924528969,0.8894441676498555
Cc(c1)ccc(c1)N(C)C,0.7187246089148361,0.8380959437664479
CC#CC#CC([H])=C(O1)C([H])=C([H])C(C2)(OCCC2)1,0.8220579270854771,0.9012572573330171
CC#CC#CC([H])=C(O1)C(O)C(O)C(C2)(OCCC2)1,0.7953521758129805,0.865808518024223
CCCCCCC(O1)C(OC(C)=O)C(OC(C)=O)C(C2)(OCCC2)1,0.7584320243580143,0.7368737876798196
O=C(OC1C(OC2(OCCCC2)C1O)=CC#CC#CC)C,0.7897976768424921,0.8833978323407967
CC#CC#CC([H])=C(O1)C(OC(=O)CC(C)C)C(O)C(C2)(OCCC2)1,0.6967878312931568,0.8042299238505516
CC#CC#CC([H])=C(O1)C(OC(C)=O)C(OC(C)=O)C(C2)(OCCC2)1,0.7233209718529997,0.8793777637991101
CC#CC#CC([H])=C(O1)C([H])=C([H])C(C2)(OCC2)1,0.6558749925055789,0.7967868332485696
CC#CC#CC([H])=C(O1)C([H])=C([H])C(C2)(OCC2)1,0.6182497866119576,0.7845829270858915
CC#CC#CC([H])=C(O1)C([H])=C([H])C(C2)(OCCC2)1,0.8219905956487231,0.8975208298064704
CC(=O)OC([H])(C([H])(C)1)C([H])(OC(C)=O)C([H])(OC(C)=O)C([H])(OC)O1,0.8112507311504926,0.870998269254418
CC(=O)OC([H])(C([H])(C)1)C([H])(OC(C)=O)C([H])(OC(C)=O)C([H])(OC)O1,0.8367021780065969,0.8581210779728511
CC(=O)OC([H])(C([H])(C)1)C([H])(OC(C)=O)C([H])(OC(C)=O)C([H])(OC)O1,0.6923128849232099,0.83321177623231
CC(=O)OC([H])(C([H])(C)1)C([H])(OC(C)=O)C([H])(OC(C)=O)C([H])(OC)O1,0.8374551633869192,0.8619263073117214
CC(=O)OC([H])(C([H])(C)1)C([H])(OC(C)=O)C([H])(OC(C)=O)C([H])(OC)O1,0.8139734658712967,0.847445948015793
C=CC(C)(C1)OC(C)(C)C(=O)C1,0.5341268941471431,0.7111540484176018
C=CC(C)(C1)OC(C)(C)C([H])(OC(C)=O)C1,0.7191818295051495,0.7266252529020414
C=CC(C)(C1)OC(C)(C)C([H])(O)C1,0.7937886969800029,0.7965974179569941
ClC(C1)C(C2)C(=C)C(C)(C)C12,0.8367746402069233,0.9022286169440086
CC(C2)=C([H])C([H])(C([H])(C(C)C)1)C([H])(C2)C(C)=C([H])C1,0.7979010046899918,0.8766982354041242
CC(=C)C([H])(C1)CC(=C(C)2)C(C)(CCC(=O)2)C1,0.7738551023549166,0.8550169997701554
CC(C)(C2)C(C31)C(CC3)C(C)(CC2)C(=C)1,0.8131848822921188,0.8467221860017865
Cc(c2)cc(c(c2)1)C([H])(C(C)C)CCC([H])(C)1,0.7020667454722765,0.8138340939777352
C=CC(C)(C1)C([H])(C(C)=C)CC([H])(C(C)=C)C1,0.8033871481638428,0.8437845554842511
CC(C2)C([H])(C3)C(C(C)C3)(C1)OC(C)(C)C(C2)1,0.8877738125809184,0.8990324740205522
C=C(C2)C([H])(O)CCC(=C)C([H])(C1)C([H])(C2)C(C)(C)1,0.7449614813843689,0.7935398397618886
[H]C(C2)=C(C)CCC([H])(C(C)(C)1)C([H])(C(=C)C2)C1,0.8066053107974872,0.8778285878351519
CC(C2)=CC([H])(C([H])(C(C)C)1)C([H])(C2)C(C)(O)CC1,0.7237477389535757,0.7512907490041973
CC(=C2)CC(=O)C(=C(C)C)CC([H])(O1)C(C)(CC2)1,0.6973718613276355,0.8005917315359394
CC(C1)=CCC(=C(C)C)C(=O)CC(C)=CC1,0.7242557299510488,0.883476110771276
CC(=C1)CCC(C=CC(=C)CC1)C(C)C,0.807490934420152,0.8677407478239121
CC(=C1)CCC(CC=C(C)CC1)=C(C)C,0.8437961906927871,0.8797137053530037
CC(=C)C([H])(C1)CC([H])(C(C)(O)2)C(C)(CCC2)C1,0.745455663492925,0.8524036850886098
C=CC(=C)CCC([H])=C(C)CCC=C(C)C,0.868002192699336,0.8738300592335315
CC(=C)C([H])(C1)CC([H])(C(=C)2)C(C)(CCC2)C1,0.8112227450274138,0.8482217484097473
CC(=C)C([H])(C1)CC([H])(C(C)=2)C(C)(CCC([H])2)C1,0.8068377532062379,0.8078977898745593
C=CC(C)(OC)CCC([H])(C(C)=2)C(C)(C1)C([H])(CC([H])2)C(C)(C)CC1,0.7597272276323175,0.8164324467593932
CC(=O)OC([H])(C2)C(C)(O)CC([H])(O1)C([H])(C(C)=3)C([H])(C([H])(C(C)C)CC([H])3)C([H])(C(C)(O)C2)1,0.7744640647862558,0.8226351947100915
CC(C)C([H])(C3)C([H])(C([H])21)C([H])(C(C)=C([H])3)C([H])(CC(C)(O)C([H])(O)CCC(C)(O)2)O1,0.7340867611593493,0.816253076008854
CC(C2)=C([H])CCC(C)(O1)C([H])(CC([H])(C3)C(=C)C(=O)OC(C)(C3)C(=O)C2)1,0.7913303098424591,0.8205743867218105
CC(C2)=C([H])CCC(C)(O1)C([H])(CC([H])(C3)C(=C)C(=O)OC(C)(C3)C([H])(O)C2)1,0.846448381688686,0.8450224471023641
CC(C2)=C([H])CCC(C)(O1)C([H])(CC([H])(C3)C(=C)C(=O)OC(C)(C3)C([H])(O)C2)1,0.8869160610354963,0.877903246213465
CC(=C2)CCC([H])(O1)C(C)(CCC([H])(C(C)3)CC([H])(OC(=O)3)C(C)(O)CC2)1,0.7750343346687614,0.8307413946052887
CC(=C2)CCC([H])(O1)C(C)(CCC([H])(C(=C)3)CC([H])(OC(=O)3)C(C)(O)CC2)1,0.8546002241210522,0.8546405407799742
OCC(=C)C([H])(C1)C([H])(O)C([H])=C(C)CCC([H])(OC(C)=O)C(C)(C2)OOC([H])(C2)C(C)=C([H])1,0.8123572612797169,0.7866149384749553
CC(=O)OC([H])(C2)C(C)(C1)OC(C(C)=C([H])CC([H])(C(=C)3)C([H])(OC(=O)3)C([H])=C(C)C2)=C([H])1,0.754286813875538,0.854868805055599
CC(=O)OC([H])(C1)C(C)(O)CCC([H])(O)C(C)=C([H])CC([H])(C(=C)2)C([H])(OC(=O)2)C([H])=C(C)C1,0.7295343014094293,0.8647149216988336
CC(C2)=C([H])CCC(C)=C([H])C([H])(O1)C([H])(CC([H])(OC(C)=O)C(C)=C([H])C2)C(=C)C(=O)1,0.7470583919869086,0.8627412972367368
CC(=O)OC(C2)C(C)(O1)C(CCC(C)=C([H])CCC(C)=C([H])C(O3)C(C(=C)C(=O)3)2)1,0.8080369104376014,0.8246538884518126
[H]C(C2)=C(C)CCC(O1)C(C)(C(=O)CC(C(=C)3)C(OC(=O)3)C([H])=C(C)C2)1,0.7878654202438705,0.8347518051217895
[H]C(C1)=C(C)CCC(C(C)=O)C(O)CC(C(=C)2)C(OC(=O)2)C([H])=C(C)C1,0.7224921154529014,0.8724224540885249
[H]C(C1)=C(C)CCC(C(C)=O)=C([H])CC(C(=C)2)C(OC(=O)2)C([H])=C(C)C1,0.7169282953662431,0.8080819379531219
CC(=O)OC([H])(C2)C(C)(C1)OC(=O)C(CCC(C(C)C)=C([H])C([H])=C(C)C2)=C([H])C1,0.7838988682803605,0.8107957273352584
CC(C)C(C2)=C([H])C([H])=C(C)CCC(=O)C(C)(C1)OC(=O)C(C2)=C([H])C1,0.6494337922643096,0.8466588523373841
COC([H])(C1)C([H])=C(C)CCC([H])(C(C)C)C([H])=C([H])C(C)=C([H])CC([H])=C(C)1,0.7513051167907244,0.8656435858951537
[H]C(C1)=C(C)CC([H])(O)C([H])=C(C)CCC([H])(C(C)C)C([H])=C([H])C(C)=C([H])1,0.8053244260891842,0.8723454928597854
CC(=O)OCC(=C)C([H])(C1)C([H])(OC(C)=O)C([H])=C(C)CCC([H])=C(C)CCC([H])=C(C)C1,0.7104649964630649,0.8499920096752571
CC(=O)OCC(=C)C([H])(C1)C([H])(OC(C)=O)C([H])=C(C)CCC([H])=C(C)CCC([H])=C(C)C1,0.7980988773531329,0.8560352461299441
OCC(=C)C([H])(C1)C([H])(O)C([H])=C(C)CCC([H])=C(C)CCC([H])=C(C)C1,0.7553362293031934,0.8122409115975721
OCC(=C)C([H])(C1)C([H])(O)C([H])=C(C)CCC([H])=C(C)CCC([H])=C(C)C1,0.8194049588993506,0.8915599250134227
COC(=O)C(C3)=CCCC(C)=CC([H])(O1)C([H])(CCC(C)=CC3)C(C2)(N=NC2)C(=O)1,0.7689581801607857,0.8515600172371592
OC(=O)C(C2)=C([H])CCC(C)=C([H])C([H])(O1)C([H])(CCC(C)=C([H])C2)C(=C)C(=O)1,0.7181437616689481,0.8348138562667938
OCC(C1)=C([H])CCC(C)=C([H])C([H])(O)C([H])(CCC(C)=C([H])C1)C(C)=CO,0.7391049920783859,0.8689941823725668
OC(=O)C(C2)=CCCC(C)=CC([H])(O1)C([H])(CCC(C)=CC2)C(=C)C(=O)1,0.7585229787233423,0.8761594445918524
[H]C(C1)=C(C)CCC([H])=C(C)CC(O)C([H])(C(C)=C)CC([H])=C(C)C1,0.8125474397341895,0.8769561171768192
[H]C(C1)=C(C)CCC([H])(C(C)=C)C([H])=C([H])C(C)=C([H])CC([H])=C(C)C1,0.8636760258496715,0.9203700171586375
[H]C(C1)=C(C)CCC([H])(C(C)C)C([H])=C([H])C(C)=C([H])CC([H])=C(C)C1,0.8357739088042464,0.8151693895580198
CC(C1)=C([H])CCC(C)=C([H])CC([H])(CCC(C)=C([H])C1)C(C)C,0.8740907247037653,0.9170623589711906
CC(C1)=C([H])CCC(C)=C([H])CC([H])(CCC(C)=C([H])C1)C(C)=C,0.8865095859466242,0.9176345482508992
CC(C1)=C([H])CCC(C)=C([H])C([H])(O)C([H])(CCC(C)=C([H])C1)C(C)C,0.8053112596466273,0.8799043696669918
CC(C1)=C([H])CCC(C)(O)C([H])=C([H])C([H])(CCC(C)=C([H])C1)C(C)C,0.822223770504867,0.8497722077609052
CC(=O)OC(C([H])=1)C(CCC(C)=C([H])CCC(C)=C([H])CCC(C)1)C(C)=C,0.8517861731236722,0.8892575409499689
CC(C1)=C([H])CCC(C)=C([H])C([H])(O)C([H])(CCC(C)=C([H])C1)C(C)=C,0.7864790611603919,0.8861021695666369
CCC[Si](C)(C)C,0.9046037040925862,0.8760008255392359
[2H]CCC[SiH](C)C,0.6126921019351215,0.7797045590239033
CCC[SiH](C)C,0.8880620954716146,0.8923820809583582
CCCC([2H])([2H])C[SiH2]C,0.6667115826373327,0.7277349881180544
[2H]C([2H])([2H])CCCC[Si]([H])([H])C,0.13675329656974428,0.3963698649219043
CCCCC[SiH2]C,0.847440613702529,0.8732424640257184
CCOC(=O)CCC(C)=O,0.786920487948538,0.7974671229552862
COC(=O)CCC(C)=O,0.7263918640193947,0.7312377744931988
CC(=O)CCC(O)=O,0.7805672115575987,0.6821586804316243
CCOC(=O)CC(=O)OCC,0.6706589272532165,0.6010161361403633
COC(=O)CC(=O)OC,0.7458062376179301,0.7781675947455841
CCCCOC(=O)C=CC(=O)OCCCC,0.5983179694624879,0.7964029646751318
C=CCOC(=O)C=CC(=O)OCC=C,0.6379244245286333,0.6355245734116078
CCOC(=O)C=CC(=O)OCC,0.6957155113333291,0.7813817833409507
COC(=O)C=CC(=O)OC,0.679907432729437,0.74002014229791
CCCCOC(=O)C(C)O,0.7402175518577704,0.7170523172587847
CCCOC(=O)C(C)O,0.7583687902335234,0.6413257308292936
CCOC(=O)C(C)O,0.6827918193695454,0.6120723286049857
COC(=O)C(C)O,0.8866015423401233,0.7226417930090836
CC(=O)Nc(c1)c(C)c(C)c(C)c(C)1,0.3821657308785421,0.5388259574601906
CC(=O)Nc(c(C)1)c(C)c(C)cc(C)1,0.4407610597019241,0.6698053830513933
Nc(n1)cc(o1)C(C)(C)C,0.6960297981011899,0.7413962544398205
CCCCCc(o1)cc(N)n1,0.825757294441723,0.8633115458800634
CCCCCc(n1)cc(N)o1,0.8714475419669783,0.8923738296300209
OCc(c1)c(O)ccc(Cl)1,0.27910695764538396,0.46974565101030147
CSC1=C(NC2=CC=CC=C21)CO,0.7706362905789855,0.8735179282673674
[O-1][N+1](=O)c(c1)c(Cl)no1,0.823556242968116,0.8730159269942604
N#CCC(O)c(c1)ccc(c1)[N+1]([O-1])=O,0.8532793124233659,0.8381703432693197
N#CCC(O)c(c1)ccc(OC)c1,0.8347007420287391,0.8865347846438542
N#CCC(O)c(c1)ccc(C)c1,0.8775288561603227,0.8677539678038351
COCC(C2)(C([H])71)C(CC(OC)C(C([H])63)(C(C([H])(C7OC)C(C64[H])(OC(C)=O)C(O)C(C(O)(C(OC(=O)c(c5)cccc5)4)C3)OC)N(C)2)1)O,0.7326491772748946,0.9292793969151797
Cc(c1)c(C)c(C)c(C)c(N)1,0.8557046896620946,0.8231861784384064
Cc(c1)c(C)c(N)c(C)c(C)1,0.8696315170147767,0.9014824293143996
Cc(n1)oc(c2)c1cc(C)c(C)2,0.8263349466106724,0.8638458829762827
COc(c1)cc(OC)c(C=CC(O)=O)c1,0.7447651933274467,0.8336095556747526
CN(C)c(c1)ccc(c1)C(O)=O,0.7984630020555733,0.8422054030235724
CN(C)c(c1)cc(cc1)C(O)=O,0.8365635531502867,0.8256153076242864
CC1=CC(=NN1)C,0.77434933309448,0.8526334765037462
Cc(c1)cc(C)c(n1)[N+1]([O-1])=O,0.8173885204081122,0.9020846720703817
CCOC(=O)c(c1)c(O)c(C)cc1,0.9261495187173813,0.9366748371288777
COc(c1)cc(N)c(N)c1,0.8042509203513417,0.8146621221082652
O=C(Nc(c2)cccc2)Nc(c1)cccc1,0.5120609536881795,0.7434783074374917
O=C(NC(C2)CCCC2)NC(C1)CCCC1,0.6082544457916754,0.6347611903582832
COC(=O)c(c(C)1)c(O)c(C)c(O)c1,0.7628191294651441,0.8720784025348526
N#Cc(c1)cc(C(C)(C)C)c(O)c1C(C)(C)C,0.6868487656422826,0.711937029603526
O=Cc(c1)cc(C(C)(C)C)c(O)c1C(C)(C)C,0.7283020048702243,0.7279766399095914
CCNC(N1)=NC(NCC)=NC(=O)1,0.6456568302382204,0.757567168885135
CCCCN(CC)c(c([N+1]([O-1])=O)1)c([N+1]([O-1])=O)cc(c1)C(F)(F)F,0.3672754123571086,0.4774999854726272
CCOP(=S)(OCC)SCN(C(=O)1)c(c2)c(cc(Cl)c2)O1,0.5214852588264034,0.6856694554036386
COc(c1)c(OC)c(OC)cc(Cc(c2)c(N)nc(N)n2)1,0.5341296671755646,0.714576625717762
O=C(N1)SC=C1,0.7134712380730335,0.8475673127616241
COC(=O)C(=O)C(Br)Br,0.7624702157025682,0.8381161210595375
CNC(=O)Oc(c1)c(c2)c(ccc2)cc1,0.6317144294538022,0.6475727962743798
NC(=O)Nc(n1)cc(o1)C(C)(C)C,0.2935701065097128,0.4241971721611282
Oc(n2)c(ncc2)c(c1)cccc1,0.7917360654525003,0.8876439194908772
Cc(c(C)1)c(=O)c(C)c(C)c(=O)1,0.806498722381144,0.8971830405109412
O=C(Nc(c2)cccc2)Nc(c1)cccc1,0.5124632713750992,0.7441154651724964
C=C(C1)CCCC1,0.8936374263185789,0.9174688941370984
CC(=O)c(c1)cc(cc1)[N+1]([O-1])=O,0.8196368675281929,0.8462304916331311
CCCCCCCCCCCCCCCC(=O)CC,0.8370492713158459,0.8060501509077889
COC(=O)c(c1)cc(cc1)C(=O)OC,0.8061439037284786,0.8956424433739715
COc(c1)cc(OC)c(C(C)=O)c1,0.8484341723266391,0.8628938912723274
CC1=CC2=C(N1)C=CC(=C2)OC,0.7356978564078286,0.8203013963977431
CC1=C(NC2=CC=CC=C12)C,0.9208351212217936,0.9294042139236125
C1=CC=C2C(=C1)C(=CN2)C=O,0.8221838208246569,0.8824134448961259
COC(=O)c(c(C)1)c(O)c(C)c(O)c(C)1,0.8315270913205133,0.8729970385596665
COc(c1)cc(OC)c(c1)[N+1]([O-1])=O,0.7976178094064419,0.9025046023995764
COc(c1)c(OC)cc(c1)[N+1]([O-1])=O,0.7070579230781829,0.85489814832472
Cc(c1)cc(O)cc(O)1,0.8432505014054227,0.8584086839399906
c(c2)ccc(c2)CCc(c1)cccc1,0.9314124350552248,0.8315859685666079
Nc(c1)cccc1,0.7996638694591625,0.8595175855342172
NNC(=O)c(c1)c(O)ccc(O)1,0.4373361799519637,0.544240863369063
Cc(n1)oc(c2)c(ccc2)1,0.7336771124814324,0.8580877819443556
[H]c(c([H])1)c(C)n(C)c(C)1,0.6577888749799556,0.8120105184111546
Cc(c1)cc(O)c(c1)C(C)(C)C,0.8037522601256629,0.838435752799699
[O-1][N+1](=O)c(c1)cc(c2)c(ncc2)c1,0.7834882412828748,0.8832601616347018
CCOc(c2)ccc(c2)N=[N+1]([O-1])c(c1)ccc(OCC)c1,0.8436197478866834,0.8844959829152691
Oc(c3)cc(c(=O)1)c(c3)c(=O)c(c2)c(ccc(O)2)1,0.5868983345214083,0.8422900167920719
OC(=O)c(c2)ccc(c2)N=[N+1]([O-1])c(c1)ccc(C(O)=O)c1,0.8452178638961505,0.8680154711532021
c(c2)ccc(c2)C(=O)C(=O)c(c1)cccc1,0.8361576821578981,0.7321962448542948
c(c3)cc(c1)c(c3)nc(c2)c(ccc2)1,0.8058338413586247,0.8584198687181689
N#Cc(c1)ccc(N)c1,0.7613537145133416,0.8342476730282106
N#Cc(c1)ccc(c1)C(C)=O,0.7417067347370433,0.8386284539682344
c(c2)cnc(c2)SSc(c1)nccc1,0.6358318259504723,0.73779662837906
O=c(c21)c(c3)c(ccc3)c(=O)c(cccc2)1,0.839831931711847,0.8676507308306057
CC(=O)Nc(c1)cccc1,0.5588678975349406,0.659615238511001
ClCCBr,0.8316992129031521,0.8575556261800723
CN(C)C(=O)Nc(n1)cc(o1)C(C)(C)C,0.3787532631309626,0.6022880354118431
COC(=O)c(c(C)1)c(OC)c(C)c(O)c(C)1,0.7179053727225687,0.8764123488659803
c(c3)cc(C1)c(c3)Oc(c2)c(ccc2)1,0.6521102230432116,0.6846676202317337
CCCC(C)Br,0.6836069914309756,0.5954715774788788
[O-1][n+1](o1)c(c2)c(ccc2)n1,0.5871373839868285,0.7679283110549988
COc(c2)ccc(c2)N=[N+1]([O-1])c(c1)ccc(OC)c1,0.7402839584034321,0.8352717675710929
[O-1][N+1](=Nc(c2)cccc2)c(c1)cccc1,0.8226976485196039,0.8638289382377411
c(c2)ccc(c2)N=Nc(c1)cccc1,0.8179230622294028,0.8665053389855183
OCC(O)C(O)C(O)C(O)CO,0.8179034252573976,0.7718021834129803
C=CC(C)c(c1)c(O)ccc1,0.879719608793048,0.876378849050749
CCC(=O)NC([H])(CO)c(c1)cccc1,0.3000562017066975,0.5221416108228835
CCCCN(CC=CC)C(=O)CO,0.6692763790384656,0.7712533742194699
c(c2)ccc(c2)CNC(=O)C(C)(C)COC(=O)C(C1)CCCC1,0.5949232164190227,0.5859543451528847
CC(=O)OCC(C)(C)C(=O)NC([H])(C)c(c1)cccc1,0.6393847864395723,0.4222675147520683
OCC(C)(C)C(=O)NC([H])(C)c(c1)cccc1,0.599033481843523,0.39491565076701685
CCCCN(C(=O)C(C)C(C)C=C)C(=O)C(C)(C)COC(C)=O,0.8851750263395941,0.702694359874775
CCC(=O)NC(CC)c(c1)cccc1,0.44796763013630847,0.6399218868040286
CC=CCN(C(=O)CC)C(CC)c(c1)cccc1,0.8573050394364702,0.85599524261303
CC(C)C(O)c(c1)cccc1,0.8683867710599844,0.8316697116328565
CCC(=O)NC(C(C)C)c(c1)cccc1,0.40160544708648516,0.534046796417728
CC=CCN(C(=O)CC)C(C(C)C)c(c1)cccc1,0.887400697562439,0.8846427958220541
CCC(=O)NC(C1)c(c2)c(ccc2)C1,0.38799957036152954,0.5988705807722403
CC=CCN(C(=O)CC)C(C1)c(c2)c(ccc2)C1,0.36196785119459024,0.556739549572152
COc(c1)c(ccc1)C(C)O,0.699918038683911,0.8327438910039625
Oc(c1)cc(C)c(C)c1,0.8970004916602956,0.9397122033118432
Cc(c1)c(C)c(O)cc1,0.8735753295251758,0.9173553087851851
Cc(c1)cc(O)cc(C)1,0.8473746513762134,0.9003000208430698
Cc(c1)cc(O)c(C)c1,0.7999516544812398,0.873009904565515
Cc(c1)c(O)c(C)cc1,0.8515800857357747,0.8930861623182696
Cc(c1)cc(C)c(O)c1,0.8993569020122064,0.9285488838743664
CC(C)(C)CC(C)(C)N,0.6652690794073063,0.7317822927043027
COc(c1)ccc(OC)c1,0.8685737168782887,0.8868777191141791
COc(c1)cc(OC)cc1,0.8948403877825937,0.9168461712731898
CN(C)Cc(c1)cccc1,0.8578265279208328,0.8794096180903371
COC(C)(C)OC,0.8055482385102286,0.8477320447795101
COCOC,0.8637944220562381,0.7599474170061831
CCN(C)C,0.9225289649606082,0.9185800722253448
COc(c1)c(OC)ccc1,0.724868309005134,0.820666446913278
c(c2)ccc(c2)COCc(c1)cccc1,0.8460018429392103,0.7131203023181842
CCOC(C)(OCC)OCC,0.7325947683049714,0.8008716771208827
CCCOC(=O)CC(C)=O,0.8312178656604777,0.8390243489038306
OCCNCc(c1)cccc1,0.4221409454522835,0.5123929362688109
N#Cc(c1)cccc1,0.864402611987182,0.8456128612436743
OC(=O)C=CC(O)=O,0.7370281152252928,0.8369982737015659
OCCCCCCO,0.7936588978488109,0.8657860286760828
c(c3)ccc(c3)c(c2)c(ccc2)c(c1)cccc1,0.8499013563020018,0.9010931158404012
Nc(c1)c(ccc1)S(O)(=O)=O,0.838675258415367,0.8241430864905819
[O-1][N+1](=O)c(c1)cc(cc([N+1]([O-1])=O)1)C(=O)Cl,0.8159033139615822,0.7751504084997592
COC(OC)(OC)OC,0.826645555588969,0.8155737455067644
O=C(c21)c(c3)c(ccc3)Cc(cccc2)1,0.8543589578159754,0.9051119592240365
Nc(c1)c(O)ccc1,0.8169121009043863,0.8613076407787735
O=c(o1)c(c2)c(ccc2)c(=O)1,0.8647616148677653,0.8699317012036021
OC(=O)c(c1)cc(cc1)C(O)=O,0.8957563014119055,0.8925976808136605
OC(=O)c(c1)c(ccc1)C(O)=O,0.7726532859009725,0.8292796299535781
[2H]c(c([2H])1)c([2H])c(c([2H])2)c(c([2H])c([2H])c([2H])2)c([2H])1,0.41719532165417994,0.5852182262329055
OC(C1)C=CCC1,0.7018302339029582,0.8928589071904609
COC(=O)C(C1)CC=CC1,0.7629786643016674,0.8194293773210735
COc(c1)ccc(c1)C(=O)F,0.875553315094139,0.904529226854227
COc(c1)ccc(F)c1,0.8405437860439695,0.8738138333719876
COc(c1)cc(F)cc1,0.7596097767376746,0.8219389534776944
COc(c1)c(F)ccc1,0.781202573493722,0.8418832519677641
COc(c1)ccc(c1)C(=O)Cl,0.8934920915520853,0.8866820340099951
c(c3)cc(c1)c(c3)cc(c2)c(ccc2)1,0.6974158938671476,0.6674883566718282
c(c3)cc(c1)c(c3)c(c2)c(ccc2)c1,0.7309257482110393,0.7165756702253236
O=Cc(c1)ccc(c1)C(O)=O,0.8712295159380212,0.9373638292689733
OC(=O)c(c1)ccc(c1)C(O)=O,0.8158723013345295,0.9059836356444664
OC(=O)c(c2)ccc(c2)c(c1)cccc1,0.8385019332060777,0.8831640735520402
Clc(c1)cccc1,0.7888025472573061,0.8410649478191808
c(c2)ccc(c2)N=Nc(c1)cccc1,0.7776257737589849,0.8487026510158139
O=C(C1)N(Br)C(=O)C1,0.7164314733268501,0.730146740093932
COc(c1)c(ccc1)C=CC(O)=O,0.7721545288543885,0.8672974262829428
COc(c1)c(ccc1)C=CC(O)=O,0.8371688717580719,0.8972592962927983
O=CC=CC1=CC=C(C=C1)N(C)C,0.6158506778787659,0.7425336103736532
NNc(c1)c([N+1]([O-1])=O)cc(c1)[N+1]([O-1])=O,0.7245027434329041,0.8063172744816857
COC(=O)CI,0.8604986483622766,0.9302050104634286
COC(=O)C(Cl)(Cl)Cl,0.7759426307752533,0.8482086569759704
COC(=O)C(Cl)Cl,0.7509572586448819,0.7021217619956426
CC(=O)CCC(C)=O,0.8590511707862081,0.7408130088161773
O=CC(Cl)(Cl)Cl,0.6372371411207395,0.8457727447272971
CC(C)NC(=O)N(C2)C(=O)N(C(=O)2)c(c1)cc(Cl)cc(Cl)1,0.203645128172873,0.31725638836179715
[O-1][S+1](O3)OCC(C(C3)1)C(Cl)(C(Cl)=2)C(Cl)(Cl)C(Cl)(C(Cl)2)1,0.7114206898267676,0.8301365463318678
CCOP(=S)(OCC)Oc(n2)cc(o2)c(c1)cccc1,0.45891385971259285,0.7060265420255907
CC(C)OC(=O)C(C(=O)OC(C)C)=C(S1)SCC1,0.45929760762945954,0.7285564715753264
CCOC(=O)C(c(c1)cccc1)SP(=S)(OC)OC,0.46848012453000265,0.5228985712509553
CCC(CC)Nc(c([N+1]([O-1])=O)1)c([N+1]([O-1])=O)c(C)c(C)c1,0.488709532983353,0.7451342329621735
CCOP(=S)(OCC)Oc(n1)c(Cl)cc(Cl)c(Cl)1,0.6420855148074088,0.8092883229500478
CCSCCSP(=S)(OCC)OCC,0.4580363065068655,0.699056583577398
CCOP(=S)(OCC)Oc(c1)nc(C(C)C)nc(C)1,0.7040313014617766,0.8242593106832713
C#CC(C)(C)NC(=O)c(c1)cc(Cl)cc(Cl)1,0.45397661734171857,0.6441880162844226
CCNc(n1)nc(Cl)nc(NCC)1,0.5846651954909474,0.8057527234734478
CNC(=O)C([H])=C(C)OP(=O)(OC)OC,0.6960417791892708,0.673074996116189
CC(C)N1C(=O)C2=CC=CC=C2NS1(=O)=O,0.500207337059826,0.7316666647997319
CCOc(s1)nc(n1)C(Cl)(Cl)Cl,0.528835747465827,0.685993016149885
COP(=O)(OC)OC=C(Cl)Cl,0.6727657971733865,0.7360602836951525
CC(=O)c(c(C)1)c(C)c([N+1]([O-1])=O)c(C(C)(C)C)c([N+1]([O-1])=O)1,0.3696351087154114,0.6135016352826042
Cc(c1)cc(Cl)c(c(Cl)1)OP(=S)(OC)OC,0.3792330748328873,0.4785426690071738
N#Cc(c(Cl)1)c(Cl)c(Cl)c(Cl)c(C#N)1,0.7643118166194658,0.8030592949263707
CCNc(n1)nc(NC(C)C)nc(Cl)1,0.5954771442463843,0.7716039636874182
CCCCN(CC)c(c([N+1]([O-1])=O)1)c([N+1]([O-1])=O)cc(c1)C(F)(F)F,0.2971098110420794,0.5981227828669017
CCCN(CCC)c(c([N+1]([O-1])=O)1)c([N+1]([O-1])=O)cc(c1)C(F)(F)F,0.5416095383120616,0.6658643719044718
CNC(=O)Oc(c1)c(ccc1)OC(C)C,0.6167339240487062,0.6073679035515633
COc(c1)c(Cl)cc(OC)c(Cl)1,0.7371283763929788,0.8372851286693981
c(c2)cc(c1)c(c2)ccc1,0.749472242398078,0.7714163971728448
c(c3)cc(c1)c(c3)cc(c2)c(ccc2)1,0.8113706829203015,0.8166319440311322
OC(CCc(c2)cccc2)CC(=O)C=Cc(c1)cccc1,0.8514688466098209,0.8706685993067622
CC(=O)OC(C=5)C(OC(C)=O)C([H])(c21)C([H])(C45)N(CC4)Cc(cc(O3)c(OC3)c2)1,0.6106021613039673,0.690759137041837
[H]C(C([H])(O)1)=C(C5)C([H])(N(C5)2)C([H])(c(c3)c(cc(O4)c(OC4)3)C2)C([H])(O)1,0.6094702619742041,0.6248758509353958
CC(=C)C(C[Si](C)(C)C)C(O)c(c1)cccc1,0.7960101803754056,0.8291760399735998
CCOC(C)CC(C)(C=C)C(C)OCC,0.9122817540047722,0.6843932860129891
CC(=C)C(C[Si](C)(C)C)C(C1)=CCCC1,0.8364916428528035,0.8614687783332263
C=CC(C)CC(C1)=CCCC1,0.8845216232747969,0.9497960504393282
[H]C(C1)=C(CCC1)CC(C)=C([H])C[Si](C)(C)C,0.9108226872048044,0.8571984450551026
CC(=C)CC[Si](C)(C)C,0.9435882839990547,0.9480805244307117
CCC(=O)CC(=C)C(C(=O)CC)C[Si](C)(C)C,0.8749590449697708,0.7910560173057872
CC(CC(=O)c(c1)cccc1)=C([H])C[Si](C)(C)C,0.8357599575208365,0.7489678911245409
CCCCCCCC(O)C(C(C)=C)C[Si](C)(C)C,0.8050116880789858,0.7437652247011015
COC(C)(C)CC(C)=C([H])C[Si](C)(C)C,0.9279748684562451,0.8013138755110693
CCOC(C)C(C(C)=C)C[Si](C)(C)C,0.8659102425147986,0.863148833638766
COC(=O)C(C(C)2)(C31)C(CC3)C(C(=O)C2)C1,0.8972895590387548,0.9240476502537849
CC(=O)CCCC(=O)C(C1)=CCC(O2)(OCC2)C1,0.7788891064481289,0.7528940114540744
COC(=O)C(C1)([Si](C)(C)C)C(C2)C(CCC2)C(=O)C1,0.8643655224223036,0.84468146377086
CCOC(=O)C=CCCCC=CC(=O)OCC,0.8728558276672332,0.8958697274958533
CCOC(=O)C=CCCCC(C1)C(C(=O)OCC)C(C2)C(CCC(O3)(OCC3)2)C(=O)1,0.8346575787286371,0.7269899460217494
O=C(NNc(c2)cccc2)NNc(c1)cccc1,0.6314552471904142,0.5699301827844364
[O-1][N+1](=O)c(c1)cc([N+1]([O-1])=O)c(N)c1,0.7748518304262789,0.8323028414656497
c(c3)ccc(c3)C(O)(c(c2)cccc2)c(c1)cccc1,0.8319964715390891,0.8021134444298416
Oc(c1)cc(c2)c(ccc2)c1,0.7828121788403783,0.771563619333501
CCO[Si](C)(OCC)OCC,0.8078729813499765,0.8841726082799176
CO[Si](OC)(OC)OC,0.7189216602462757,0.8052834552227015
CCO[Si](OCC)(OCC)OCC,0.5755232876634582,0.7430979970415696
COc(c2)ccc(c2)NC(=O)c(c1)cccc1,0.9076330230575863,0.9041573789726979
Oc(c1)c(n2)c(ccc2)cc1,0.8721862482534819,0.8896070767659623
COc(c2)ccc(c2)C(=O)c(c1)cccc1,0.6997989688665133,0.8095410118488158
c(c2)ccc(c2)C(=O)C(=O)c(c1)cccc1,0.8285044817421134,0.7683586074033038
COc(c1)cc(cc1)C(O)=O,0.7267928065023729,0.8185068629223878
OC(=O)c(c1)c(Br)ccc1,0.9043121673515622,0.9231224222497785
OC(=O)c(c1)c(I)ccc1,0.7122909097741864,0.8710102272979582
OC(=O)c(c1)cc(I)cc1,0.7581487439353524,0.8626158498533193
OC(=O)c(c1)cc(Br)cc1,0.7806835613594416,0.8733359465890627
NCCCCO,0.5789980146402047,0.49445076922770614
OC(=O)c(c1)cc(O)cc1,0.8783066685865497,0.9033165938219813
Nc(c1)ccc(c1)C(O)=O,0.9188334748077062,0.912598630176419
CCI,0.7209064016898042,0.9120308564309643
ICI,0.8791849527990343,0.9184551323744835
COC(C)(OC)OC,0.632902291109558,0.706659655176026
c(c2)ccc(c2)Nc(c1)cccc1,0.9013931631114753,0.9364151180826707
OC(=O)C(C1)CCCC1,0.516322832383253,0.6544330306873087
COC(=O)C(C1)C(CCC1)C(=O)OC,0.8458853065567571,0.8922663546576459
COC(OC)c(c1)cccc1,0.9034175771772295,0.9063039731675471
c(c1)ccc(c1)C(Cl)Cl,0.8319372809162168,0.8642177211369579
NCCCOCC,0.6478791114003384,0.6890187411633939
COC(=O)C([H])(C1)C([H])(CCC1)C(=O)OC,0.8647323797667602,0.9233320467007157
CCCN,0.7857709364395593,0.8381785114554736
OCC(C1)C1,0.5212861952097453,0.7793281990507019
C[SiH](C)N[SiH](C)C,0.4513402376344776,0.7926357121499521
OC(=O)C(C1)C(CCC1)C(O)=O,0.8871708732558354,0.9325893459886915
OC(=O)C([H])(C1)C([H])(CCC1)C(O)=O,0.8884480584985439,0.9182722204438183
C=CCCO,0.8269367039334452,0.8668630924792919
C=CC(C)O,0.7692701502752588,0.8647213802526356
Oc(c1)ccc(c1)C(O)=O,0.784967471365308,0.8641585945101505
COc(c1)c(ccc1)C(O)=O,0.7950892137659791,0.8813953465664978
COc(c1)cc(c2)c(ccc2)c1,0.8534546026155337,0.9052767468592984
CCCCCCCCCCCCOC(C)=O,0.6595840504561061,0.6767131091188517
c(c1)ccc(c1)P(O)(O)=O,0.5342377245006644,0.7973751545010136
CC(N)C(O)=O,0.8991809251217682,0.8212172942067105
O=C(c21)c(c3)c(ccc3)c(cccc2)1,0.8296723439212039,0.8192532265552805
Nc(c1)cc(cc1)C(O)=O,0.698630161977915,0.8059523263584614
C1=CC=C2C(=C1)C(=O)NC2=O,0.6234716327618404,0.7702851432167064
N#Cc(c1)cc(cc1)[N+1]([O-1])=O,0.9122180155522207,0.9285129202748487
CC(C)CCOC(=O)c(c1)ccc(O)c1,0.7763314391867802,0.8526365279711876
O=Cc(c1)cc(O)c(OC)c1,0.8871630726781489,0.8617943180030836
CCOC(=O)CC(C)CCC=C(C)CCC=C(C)C,0.7459215668508976,0.6875501370895262
CCOC(=O)CC(C)CCC=C(C)CCC=C(C)C,0.7459215668508976,0.6875501370895262
Oc(c1)cc(OCSc(c2)cccc2)c(Cl)c1,0.33185052793607156,0.3727981117283265
CCOC(=O)C=C(C)CCC=C(C)CCC=C(C)C,0.6926408153651603,0.6970389095478955
O=C(OCC)C=C(C)CCC=C(C)CCC=C(C)C,0.7534560047554316,0.7347778453701772
CCOC(=O)C=C(C)CCC=C(C)CCC=C(C)C,0.8434455086974326,0.7956692931288585
CCOC(=O)C=C(C)CCC=C(C)CCC=C(C)C,0.8563149549705029,0.8404154232441986
OCCC(C)(C2)Oc(c(C)1)c(C2)c(C)c(OC)c(C)1,0.829141140923492,0.8401446896205613
CC(=O)OCC=C(C)C=CC(=C(C)1)C(C)(C)CCC1,0.6493021048996543,0.8214881735133949
CCCCCCc(c1)c(O)cc(O2)c(CCC(C)(C)2)1,0.7611638433934642,0.7791403874594379
CC(=O)Nc(c1)c(Cl)cc(Cl)c(OC(C)=O)1,0.4517924393509761,0.5595823042907293
Clc(c1)cc(cc1)SC(Cl)(Cl)Cl,0.6337604543170908,0.7645824514105868
N#CCCC(C)(C2)Oc(c(C)1)c(C2)c(C)c(O)c(C)1,0.9021290777460926,0.9261107144657023
COC(=O)C(C)CCCC(=O)N(C1)CCN(C1)C([2H])([2H])[2H],0.2993123470071584,0.5763676098767829
O1CC=2C=C3C(=CC2C(C)C1)C(C)(C)CC3(C)CC,0.9053412508775135,0.8859343164965087
O=CCC(C)c(c2)cc(C(C)(C)1)c(c2)C(C)(CC)C1,0.9085201895872264,0.8748323844561736
c(c2)ccc(c2)COc(c(C)1)c(C)c(C)c(S)c1,0.7830847803675954,0.7964682527542285
SCCCCCCCCCCOC(=O)C(C)=C,0.8852343892302471,0.7658790337900134
COC(OC)(c(c2)cccc2)C(=O)c(c1)cccc1,0.4404226066998813,0.5357480113613506
COC(=O)C(C)CCCC(=O)N(C1)CCN(C)C1,0.825931020797286,0.8180610793624988
COC(=O)CC(C(=O)OC)Sc(c1)cccc1,0.8734073405112566,0.8865798374775582
C=Cn(c(=O)1)c(=O)c(c2)c(ccc2)1,0.8670794794586443,0.8397436540766289
CCCCC(C)(O)CCC([H])=C(C)CCC=C(C)C,0.83976241637735,0.8166035143623989
CCCCC(C)(O)CCC([H])=C(C)CCC=C(C)C,0.7909834558235959,0.8012113935923948
CC(C)=CC(=O)OC(C(C)=1)CC(CC1)C(C)(C)O,0.6891094545806161,0.8402289208820592
C=CC(C)C(O)c(c1)cc(OC)c(OC)c(OC)1,0.8831148102883516,0.8731887769176105
OC(=O)C=CC(=O)c(c(C)1)c(O)c(C)c(C)c(O)1,0.9239576664529983,0.9375464650947833
CC(C)=CCCC(C)=CCN(C1)C(=O)CCCC1,0.8127686253423265,0.8699431407606397
CC(=O)Oc(c1)cc(C)c(c1)N(C(C)=O)C(C)=O,0.8118693362464355,0.8168006929174398
CC(C)=CCC(C)(C(OC)OC)c(c1)cccc1,0.9111008931261331,0.5631875923408243
OCC(C)c(c2)cc(c(c2)1)C(C)(C)C(C)C(C)(C)1,0.12458958763435166,0.18028585697362373
CC#COc(c1)c(C#N)cc(Cl)c(OC#CC)1,0.8498317135381664,0.8676912680731745
CC(C)CCCC(C)CCC(C(C)C)C(C)O,0.8690587464109782,0.900175789828304
CC(C)CCCC(C)CCCC(C)(O)C(O1)C1,0.7236442950889626,0.7875235836690153
OCCCCCCCCCCOC(=O)C(C)=C,0.8790659165019388,0.880370916540884
CC(=C)C(=O)OCCOCCOC(=O)C(C)=C,0.8054728801983119,0.7006798396080343
CC(C)CCCC(C)CCC(C(C)C)C(C)=O,0.602416228550247,0.6875437262014419
CC(C)=CCCC(C)(O)CCCC(C)(O)C=C,0.7866247818376241,0.780720783667898
CC(=C)CCOC(=O)CC(=O)OCCC(C)=C,0.7913868742439416,0.7048934413860364
OC(=O)CC(C)(C2)Oc(c1)c(C2)cc(Cl)c1,0.7848329557215069,0.9052362529915005
CCCCCCCC=C(C=O)CCCCCC,0.8417702814233567,0.8663510435201278
CC(C)=CCCC(C)=C([H])CCC(C)(O)C(O1)C1,0.7159776158774259,0.7204397606726095
CC(C)=CCCC(C)=C([H])CCC(C)(O)C(O1)C1,0.6703020121659351,0.615802159911814
COC(=O)CP(=O)(OC(C)C)OC(C)C,0.8294400577143483,0.7961728079109371
OCCN(C2)Cc(c(C)1)c(O2)c(C)c(C)c(O)1,0.8827633671403115,0.8556945676453964
ClCc(c2)cc(c(c2)1)C(C)(C)C(C)C(C)(C)1,0.7057767257394071,0.7726782003284355
CNCC=C(C)CCC=C(C)CCC=C(C)C,0.7420649156394798,0.8060290387690031
CCCC(CO)(CC=C(C)C)c(c1)cccc1,0.8184658434202419,0.8096099554222169
C=CC(C)(C2)Oc(c(C)1)c(C2)c(C)c(O)c(C)1,0.8242802398825659,0.8699869974271733
c(c2)ccc(c2)SCSc(c1)cccc1,0.7607054429761365,0.8267477577508365
CC(=O)OCC=C(C)CCC(Cl)C(C)=C,0.7620396149496947,0.6169033236212423
O=CCC(C1)C(C)(C)C(CBr)=C([H])1,0.4579260710383605,0.5957262744898634
COc(c2)cc(O)c(c2)C(=O)c(c1)cccc1,0.6731796787899278,0.6671571784066863
CC(C1)CCOC(=O)CCCC(=O)COC1,0.8399675656369873,0.8028633255237834
CC(C)(c(c2)ccc(c2)OCC(COC(=O)C(C)=C)O)c(c1)ccc(c1)OCC(COC(C(C)=C)=O)OC(C(C)=C)=O,0.5916939877937715,0.6896913069295246
C(C)(CO[Si](C)(C)C)CCC(CC=C(C)CCC=C(C)C)C(=CCCC(=O)N(C1)CCN(C([2H])([2H])[2H])C1)C,0.3863114231837169,0.49718412703491843
CC(C)(O1)C1CCC(O2)(C)C2CCC(C(CCC(C(CCC(O5)C5(C)CCC(O6)C(C)(C)6)(C)4)O4)3)(C)O3,0.7966015158681816,0.8811929363276998
C(COC(C)=O)C(O1)(CCc(c3)c1c(c2c(CCCCCC)3)CCC(CCOC(C)=O)(O2)C)C,0.816137233243924,0.894256103183673
c(c21)(c(C)c(c(C)c1CCC(C)(O2)CCCC(C)CCCC(C)CCCC(C)C)OC(C)=O)C,0.7381231500946681,0.792419199463505
C(C1)C(Oc(c2C)c1c(c(C(=O)Oc(c3)cncc3)c2C)C)(C)CCOCC(O)CNC(C)C,0.8351565150005372,0.8656797396624236
C(C(C)(CCCC(C)CCCC(C)CCCC(C)C)OC(C)=O)(COC(C)=O)OC(C)=O,0.8214049895511272,0.7243762491384309
C(C)(O)(CCC=C(C)CCC=C(C)C)CCCCC(C)(O)CCC=C(C)CCC=C(C)C,0.8388607247672629,0.7380477911948362
OCC(C)CCC(CC=C(C)CCC=C(C)C)C(C)=CCCC(=O)N(C1)CCN(C1)C([2H])([2H])[2H],0.446647576303935,0.5039920032525144
OCC(C)CCC(CC=C(C)CCC=C(C)C)C(C)=CCCC(=O)N(C1)CCN(C)C1,0.8844350911217488,0.8739042240377916
C(C3)C(Oc(c31)c(C2)c(OC(C2)(C)CCO)c(c1)CCCCCC)(C)CCOC(C)=O,0.8457372259998771,0.9139975055442608
O=C(N(C3)CCC3)Oc(c1)c(Cl)cc(Cl)c(OCS(=O)(=O)c(c2)cccc2)1,0.8894528232455313,0.819383019296453
C(C(C)CCCC(C)C)CCC(C)(O)C=CC(C)(O)CCCC(C)CCCC(C)C,0.9204328887324768,0.8246502796137355
CCCCCCCCCCCCCC(=O)OC(C)C(CCC(C)C)CCC(C)C,0.8026687499123675,0.6759778910722986
C(C3)C(Oc(c4C)c3c(c(c4C)O)C)(C)CCN(C2)CCN(C2)Cc(c1)cccc1,0.8976353192385735,0.8470793828884915
COc(c(C)1)c(C)c(C2)c(OC(C)(CC(=O)Nc(c3)c(ccc3)C(O)=O)C2)c(C)1,0.46581755288045146,0.4794657370384997
CC(CCC=C(C)CCC(=O)OC(C)(C)C)=CCCC(=O)N(C1)CCN(C)C1,0.48607307611327705,0.7763998009600486
c(c34)cc(cc3C(C)(C)C(C)C4(C)C)Cc(c2)ccc(c21)C(C)(C)C(C)C1(C)C,0.904549718745888,0.8805772447175163
C(C1([H])3)(C)(C4)C(=CC(=O)C4)C(O)CC1(C(C(C)(CC3)2)([H])CCC2C([H])(C)CCC(O)=O)[H],0.6986384360356902,0.7979048169339701
CC(C)=CCCC(C)=CCCC(C)=CCCC(C)=CCN(C1)C(=O)CCCC1,0.6422429698137792,0.768496356257037
CC(=O)Oc(c(C)1)c(C)c(C2)c(OC(C)(CCSc(c3)cccc3)C2)c(C)1,0.9331572583158154,0.9361761441098093
CCOCCC(C)(C3)Oc(c(C)1)c(C3)c(C)c(OC(=O)c(c2)cccc2)c(C)1,0.9009075658531919,0.8672495832272331
CC1=C(C(=C2CCC(OC2=C1C)(C)CCSC3=NC4=CC=CC=C4N3)C)O,0.8181352089052844,0.8809316040907581
CC(CCC=C(C)C(C)O[Si](C)(C)C)=CCCC(=O)N(C1)CCN(C)C1,0.864177696314412,0.7148609208873535
CCCCCCc(c1)c(OC(C)=O)cc(O2)c(CCC(C)(CCOC(C)=O)2)1,0.3449932042678542,0.5017690988996859
CC(C)CCCC(C)CCCC(C)CCCC(C)(O)C(O)CO[N+1]([O-1])=O,0.8449264305868311,0.7722355042616059
OC(=O)C(C)C([H])(C4)C(C)(C(O)3)C([H])(C4)C([H])(C(O)1)C([H])(C3)C(C)(C=2)C(=CC(=O)C2)C1,0.8068438803194573,0.8692173104726432
CC(C)=CCCC(C)=CCCC(C)=CCCC(C)=CCN(C1)CCN(C)C1,0.8553239646331976,0.8293301735064871
CC(C)=CCCC(C)=CCCC(C)=CCCC(C)=CCN(C1)C(=O)CCC1,0.7475436090989613,0.8418501698963325
CCCCCCCCOC(=O)CCCCC(=O)OCCCCCCCC,0.36571968080944056,0.35755814848509654
CCCCC(CC)C(=O)OC(C)C(CCC(C)CCCC(C)C)C(C)C,0.8139204648724325,0.7816124808905383
CC(C)NCC(O)COCCC(C)(C2)Oc(c(C)1)c(C2)c(C)c(O)c(C)1,0.8450007397975615,0.7376463734032354
CC(C)=CCCC(C)=CCCC(C)=CCCC(C)=CCO[Si](C)(C)C,0.7229536265610077,0.6694538600296273
OC(=O)C(C)C(C4)C(C)(C3)C([H])(C4)C([H])(C1)C([H])(C(O)3)C(C)(C2)C(CC(=O)C2)C1,0.8625649329686228,0.8979819230375689
CCCCCCCCCCCCCCCC=CC=CC(=O)N(C1)CCC1,0.6235250938645404,0.59095827814553
c(c3)ccc(c3)C(=O)Oc(c1)c(C)c(C)c(OC(=O)c(c2)cccc2)c(C)1,0.8021461608270555,0.6623982689467404
OCC(=O)C(O)(C4)C(C)(C3)C([H])(C4)C([H])(C2)C([H])(C([H])(O)3)C(C)(C([H])=1)C(C2)=C([H])C(=O)C([H])1,0.5011200035517751,0.6234094658241228
CCOC(=O)C=CCC(C)(C2)Oc(c(C)1)c(C2)c(C)c(OC(C)=O)c(C)1,0.8580468655097551,0.8306905014947945
c(c4)ccc(c4)CC(N)(c(c3)cncc3)Cn(c(=O)1)c(=O)c(c2)c(ccc2)1,0.18763458623182008,0.2686598260656544
c(c3)ccc(c3)SCC(Sc(c2)cccc2)Sc(c1)cccc1,0.8537823331623785,0.781421876808846
COC(=O)CCC(C)=CCCC(C)=CCCC(=O)N(C1)CCN(C1)C([2H])([2H])[2H],0.31010840546548074,0.4305945447137679
C=CC(=O)OCC(COC(=O)C=C)(COC(=O)C=C)COC(=O)C=C,0.7939623270938275,0.7147470934810994
COC(=O)CCC(C)=CCCC(C)=CCCC(=O)N(C1)CCN(C)C1,0.9383198518578295,0.8880398215347594
CC(C)=CCCC(C)=CCCC(C)=CCS(=O)(=O)c(c1)cccc1,0.835722328508459,0.7978871445146862
O=CC(C)C([H])(C4)C(C)(C3)C([H])(C4)C([H])(C(O)1)C([H])(C3)C(C)(C2)C(=CC(=O)C2)C1,0.7588384189162636,0.7992577409187107
O=CC(C)C([H])(C4)C(C)(C3)C([H])(C4)C([H])(C(O)1)C([H])(C3)C(C)(C=2)C(=CC(=O)C2)C1,0.8110601716112064,0.7893995742393936
CC(CCOC(C2)OCCC2)CCC(C)CCOC(C1)OCCC1,0.8418238881024582,0.757408844689234
COC(=O)c(c1)c(Cl)cc(NCP(=O)(OC)OC)c(Cl)1,0.8492599622593482,0.8592487399064237
c(c3)ccc(c3)COC(=O)C(C)(C2)Oc(c(C)1)c(C2)c(C)c(O)c(C)1,0.9055460566644647,0.9131266933114953
CC(C)=CCCC(C)(O)CC(O)C(=O)CC(C)(O)CCC=C(C)C,0.8324951293906275,0.7566803381553509
O=C(OCc(c3)cc(O4)c(OC4)c3)C(C)=Cc(c1)cc(O2)c(OC2)c1,0.8590881854362937,0.8168124381022366
O=CCCCCCCCCCc(c(C)1)c(=O)c(OC)c(OC)c(=O)1,0.4480967115838561,0.59204488699313
CCCCCCc(c1)c(O)cc(O2)c(CCC(C)(CCOC(C)=O)2)1,0.8197400608361544,0.912359837022523
CC(C)=CCCC(C)=CCCC(C)=CCCC(C)=CCCC(O)=O,0.8204530614017016,0.7735469076869744
CCOC(=O)C=C(C)CCC=C(C)CCC=C(C)CCC=C(C)C,0.8463570223969363,0.779104964895091
CC(C)CCCC(C)CCCC(C)CCCC(C)(O)C(O)CO,0.8814022670585726,0.8498012659715072
OCC(C1)C(C)(O)CCO1,0.8012453389033203,0.8028811292539084
ClCc(c(C)1)c(C)on1,0.7754712365644354,0.7857088720176374
OCCC(C)CC(=O)NC,0.46131770910974423,0.5954146040411268
CC(=O)CCCC(C)(C)O,0.843267506293995,0.7075383791408978
O=CC(C)=CC(OC)OC,0.845866273905894,0.8919140726391542
COc(c1)nc(Cl)cc1,0.7419396263765048,0.8136621635209551
CC(C)=CCCC(C)(C)O,0.8860931732305443,0.8407540663053077
CC(=C)C(C1)OC(C)(C)O1,0.8498570891121889,0.865209655343423
CN(C1)CCN(C1)C(C)=O,0.7322699634376744,0.8090574119593992
O=CC(C)=CCOC(C)=O,0.8692068776190575,0.857614604298983
CC(C)=CCNC(C)(C)C,0.8584458813979214,0.9087203557372187
OCCOc(c1)cccc1,0.737203577210629,0.7444995059636823
c(c2)cc(C1)c(c2)CS1,0.5593659230823406,0.6835960212545418
OCCC(C)(O)CCO,0.6153737636909082,0.5648005983184228
CC(Cl)(C1)CCOC1,0.7611267411093868,0.8033218713806799
O=CC(C)c(c1)cccc1,0.7145762190527188,0.7379098455776003
CCOCCC(=O)OC,0.6148047984351785,0.5565088760310062
CCOC(=O)C=C(C)C,0.7799532100923013,0.8198285497255149
CC(=C)CCOC(C)=O,0.7985182882468261,0.7348507900830115
CC(C1)CC(=O)N(C)C1,0.7435608371954284,0.8798737910304297
C=CCCCC=CCO,0.717836020628638,0.8543188280560299
CCOCC=C(C)C=C,0.6445708384157407,0.7934086427139696
C=CC(C)(C1)OC(=O)C1,0.7777302340118805,0.8093987968800525
O=S(=O)(C1)CCC1,0.668221591251683,0.7810159640567611
OCCN(C)CCO,0.6205023418192026,0.7420770430792358
OCC(CO)C(C)C,0.6733834727615917,0.850041810270261
OCCC(C)CCO,0.8081713825213334,0.8359863899160087
OCCN(CC)CC,0.762367817762059,0.7107913006877233
NCCC(C)CCN,0.8856089540395495,0.8439085178382926
CC(O)(C1)CCOC1,0.7879702008151939,0.8783401739474608
CCOC(C)(C)C=C,0.907623321031011,0.8878040695693385
CCOCC=C(C)C,0.7839384438071955,0.8451557799904251
CC(C1)CC(=O)OC1,0.6992183269878042,0.7267310345604892
CC(C1)CC(=O)NC1,0.7729264140116432,0.8884392585716228
CC(C1)=CC(=O)OC1,0.46405184384787806,0.6270081699345158
C=CN(C1)C(=O)CC1,0.6373630157536455,0.7850008532960442
OCC=C(C)Cl,0.5460703496226207,0.6834432716688853
OCC(C)C(C)O,0.4655584186895534,0.7175146516010046
CC(=O)C=CCl,0.9111975231534645,0.9067056347305529
OCCC(C)CC,0.8185320188705709,0.8291436349910388
OCC(C)C(C)C,0.6968930269511772,0.810840432167471
OCCC(C)C=C,0.6146075523493717,0.5771014617839139
CC(C1)CCOC1,0.6655185818227435,0.777220448013506
CN(C1)CCNC1,0.7396454509159401,0.8084556041204293
O=CCCCC=O,0.5413869064322565,0.7174825409914315
C=CC(=O)C(C)C,0.6394282146822728,0.6548134322082724
OCC=C(C)C=C,0.8253325498123673,0.9069299565242125
CC(C1)=CCOC1,0.846561365722102,0.8946746109171421
Cc(n1)cc(C)o1,0.6811264435527609,0.8184962926736746
CC(=C1)C=COC1,0.8695378958954962,0.8616707075076013
OCC=C(C)C#C,0.7957065828997351,0.8677394431768987
C=CC(C)(O)C#C,0.5486040466802398,0.7499872022499042
COCC(C)O,0.8522294836241375,0.7189346905633293
OCC(C)CO,0.6691265691524093,0.8055443573367893
C=CCCCl,0.5977426711788784,0.7411186411921579
NNC(=O)NN,0.26076446717446305,0.6398662284645384
COCC(C)=O,0.861289890289474,0.6779697498071148
CC(C1)COC1,0.7100507185103662,0.7524068902929955
CC(C1)=COC1,0.706270712368842,0.7748400151537853
CC(=C)C(C1)O1,0.7680226299907449,0.844403416299302
CC#CCO,0.5347164976838371,0.7890055603601241
CN(C)c(c1)cc(N=Nc(n2)sc(c3)c(ccc3)2)c(C(O)=O)c1,0.7723680201638564,0.83570462804246
COC(=O)C(C)CCCC(C)=CCCC(=O)N(C1)CCN(C)C1,0.8433084278585286,0.7809487278450253
CC(=O)SCc(c(C)1)c(OC(C)=O)c(C)c(C)c(OC(C)=O)1,0.830230643341491,0.8414465596389429
COC(=O)C(C)=CCCC(C)=CCCC(=O)N(C1)CCN(C)C1,0.880713607298905,0.7799789788767819
CC(C)OC(=O)CCC(C)(C2)Oc(c(C)1)c(C2)c(C)c(O)c(C)1,0.813529533278947,0.903902256300029
OCCOc(c1)c(Cl)cc(Cl)c(OC(=O)N(C2)CCC2)1,0.823970308278863,0.6512529767191132
ClCCN(CCCl)c(c1)ccc(c1)CC(N)C(=O)OC,0.8816193837880574,0.8816738297430208
CN(C)C(=O)Nc(c1)ccc(OCSc(c2)cc(C)cc2)c1,0.7774563187781983,0.8492776075268501
CC(C)CCCC(C)CCCC(C)CCCC(C)(O)C(C1)O1,0.8081739381957816,0.870264337495353
CC(=C)C(=O)OCCCCCCCCCCOC(=O)C(C)=C,0.8836176211409715,0.8195981794043878
OC(=O)C(C)=CCCC(C)=CCCC(=O)N(C1)CCN(C)C1,0.9026523901700118,0.8444694425631296
CC(=O)C(C)CCCC(C)=C([H])CCC(=O)N(C1)CCN(C)C1,0.9077833164717092,0.7973515514263709
SCCC(C)(C2)Oc(c(C)1)c(C2)c(C)c(OC(C)=O)c(C)1,0.9410959985353573,0.9113385337586957
CCCCn(c(C)1)c(c(C)2)c(c(C)c(O)c(C)2)c(C(=O)OC)1,0.8441408847109808,0.8670545891227527
CC(C)=CCCC(C)=CCCC(C)=CCN(C1)C(=O)CCC1,0.7708366965319862,0.8129784406217645
CCCCCC(C)(CC(C)OC(=O)C(C)=C)c(c1)cccc1,0.8421733285088447,0.8169701992989228
O=C(C4)C=C(C3)C(C)(C4)C([H])(C2)C([H])(C(O)3)C([H])(C1)C(C)(C2)C(=O)C1,0.5648992325375305,0.7543999272718986
O=C(C4)C=C(C(O)3)C(C)(C4)C([H])(C2)C([H])(C3)C([H])(C1)C(C)(C2)C(=O)C1,0.7409707248854466,0.8294646170339787
c(n3)cn(c3)CCC(C)(C2)Oc(c(C)1)c(C2)c(C)c(O)c(C)1,0.904348552359299,0.8312753578991346
CC(C)c(c3)cc(C2)c(c3)C(C)(C1)C(C2)C(C)(C(O)=O)CC1,0.6723872479689207,0.7242057884285418
O=C(OCc(c3)cc(O4)c(OC4)c3)c(c1)cc(O2)c(OC2)c1,0.8397984697718918,0.7870224419846105
CC(C)CCCC(C)CCCC(C)CCCC(C)(O)C=C,0.7314205068493275,0.6455818866343968
CC(=C)C(=O)OCCCCCCCCCOC(=O)C(C)=C,0.5698937608969818,0.34584940813871895
CCCCCCc(c1)c(O)cc(O2)c(CCC(C)(CCO)2)1,0.7987971803933092,0.810709648623799
OCC=C(C)CCC=C(C)CCC=C(C)CCC=C(C)C,0.789173231395936,0.6431383967000043
CC(C)=CCCC(C)=CCCC(C)=CCCC(C)(O)C=C,0.8437515573778711,0.7106177280457264
CCOC(=O)C=CC=C(C)CCC=C(C)CCC=C(C)C,0.6231224784659388,0.6795143955347879
CCOC(=O)C=CC=C(C)CCC=C(C)CCC=C(C)C,0.7394456583903446,0.7298836033904903
COC(=O)CCC=C(C)CCC(=O)OCc(c1)cccc1,0.7649288982201571,0.7221257834564176
CCOC(=O)C(C)CC(C)(C(=O)OCC)C(=O)OCC,0.7841840081402193,0.8126649836399056
CC(C)CCCC(C)CCCC(C)(O)C(O)CN(C)C,0.8536470725713985,0.6623812586102698
CC(=C)C(=O)OCCOCCOCCOC(=O)C(C)=C,0.8308632079190396,0.698101016829544
CC(=O)Nc(c2)ccc(c2)Oc(c1)ccc(OC(C)=O)c1,0.3985251799887567,0.6597469383079577
O=C(C4)C=C(C=3)C(C)(C4)C([H])(C2)C([H])(C3)C([H])(C1)C(C)(C2)C(=O)C1,0.6252813748488617,0.812950296203274
C=CC(=C)CCCC(C)CCCC(C)CCCC(C)C,0.7210862363780413,0.7644618588225667
CCOCCC(C)(C2)Oc(c(C)1)c(C2)c(C)c(O)c(C)1,0.9374844733327183,0.8908752058678568
CC(=O)OCCC(C)(C2)Oc(c1)c(C2)c(C)c(O)c(C)1,0.9013559033940273,0.8980011054853043
CC(=O)OCCC(C)=CCc(c(OC)1)c(OC)ccc1,0.8197877065714734,0.8838682830074406
CC(C1)=C(CS(=O)(=O)c(c2)cccc2)C(C)(C)CC1,0.4912725360602175,0.6114013313998616
CC(C)=CCCC(C)=CCS(=O)(=O)c(c1)cccc1,0.7656911994028243,0.7328171691867309
c(c3)ccc(c3)P(=O)(c(c2)cccc2)c(c1)cccc1,0.5889036753808434,0.641418156146489
CC(=O)OCC=C(C)CCC(=O)OCc(c1)cccc1,0.7695466265693442,0.6818338759242942
O=C(Oc(c2)c(Cl)cc(Cl)c(O)2)N(C1)CCC1,0.8769574707889032,0.8180476023693687
CCCCCCc(c1)c(O)cc(O2)c(CCC(C)(C=C)2)1,0.8462876028009659,0.9119184381835287
C#CCOc(c(Cl)1)c(Cl)c(O)c(C(=O)OC)c1,0.22636523900766317,0.54719676664654
CC(C)CCCC(C)CCCC(C)(O)C(NC)CO,0.5058868251475025,0.7303851355801455
C=CC(=C)CCC=C(C)CCC=C(C)CCC=C(C)C,0.7527087370974047,0.564768418098608
CCC(C)(C1)c(c2)c(cc(C(C)3)c(C(C)CO3)2)C(C)(C)1,0.454271697952648,0.5747050311935377
CC(=O)Oc(c2)ccc(c2)Oc(c1)ccc(C(O)=O)c1,0.8114644460735089,0.8267126881153049
CC(=O)Oc(c2)cc(cc2)Oc(c1)ccc(C(O)=O)c1,0.8469596535914573,0.8539596480550213
CC(C)CCCC(C)CCCC(C)CCCC(C)=O,0.8033429296569432,0.6150090021467123
CCOC(=O)CC(C)CCCC(C)CCC=C(C)C,0.8622090141024641,0.8538114017386559
COC(=O)c(c2)c(ccc2)NN=C(C)c(c1)cccc1,0.8729698748232878,0.8821508995938456
CC(C)CCCC(C)CCC(CC)C(C)C,0.9208442256270567,0.8289440919990121
CC(C)=CCCC(C)=C([H])CCCOC(C)=O,0.7465309487605556,0.6799179226524668
CC(C)=CCCC(C)=C([H])CCCOC(C)=O,0.7721416522564643,0.6793903646795052
O=C(NC(C2)CCCC2)NC(C1)CCCC1,0.5899868153792907,0.6492426481958504
CC(N2)CN(CC2)C(=C)N(C1)CC(C)NC1,0.912088820585229,0.8923370441557439
Oc(c1)cc(N=CC=Cc(c2)cccc2)cc1,0.8597879047138439,0.8281875535150433
COC(=O)C(C(C=C(Cl)Cl)1)C(C)(C)1,0.6540367901153785,0.7089607024968083
CCCCCC=CC=CC(=O)N(C1)CCC1,0.8430858501600725,0.8099978936172527
COC(=O)C(NC(C)=O)Cc(c1)cccc1,0.41873749935204546,0.6033520885793865
O=CCC=C(C)CCC=C(C)CCC=C(C)C,0.8545809934791179,0.7282000197052475
Oc(c(C)1)c(C)c(C2)c(OC(C)(C)C2)c(C)1,0.7937513966130179,0.7954761470741702
COC(=O)C(C)=Cc(c1)cc(O2)c(OC2)c1,0.8526370181463732,0.8819424328326579
CC(=O)OCC(=C)CC(Cl)OC(C)=O,0.8667935930255671,0.7942278603427438
Cc(c1)cc(N=Nc(n2)scc2)c(O)c1,0.5405516436633656,0.7688132595760141
COC(=O)c(c1)c(Cl)c(N)cc(Cl)1,0.8281556632854786,0.8873049336072913
CC(C)=CCC(CC)(CO)c(c1)cccc1,0.8512008086763098,0.8727179723408145
CC(C)=CCC(C)(C)C(O)c(c1)cccc1,0.8434100097623995,0.8499196245164389
CC(C)=CCCC(C)CCBr,0.8901988943495835,0.7788589563140458
N#CC=C(C)CCC=C(C)CCC=C(C)C,0.8188037164802351,0.7572789636028922
C=CC(O)(C2)CCN(C2)Cc(c1)cccc1,0.7975510614511612,0.8164805172232761
OCCC(C)CCOC(O1)CC(C)CC1,0.8626452410679484,0.8681611186091144
CC(CCOC(C1)OCCC1)C(C)(C)O,0.8428611209918044,0.7687523920125628
COC(=O)CCCCCCCC(=O)OC,0.7504909601937623,0.680927153703604
CCCC(C)(CC=C(C)C)C(OC)OC,0.9388992367582922,0.7844902319405475
O=CCC(C)CCOC(O1)CC(C)CC1,0.8589638049412868,0.8329393043052511
CCC(O)CCC(C)=CCCC(=O)OC,0.8479822867039974,0.8131760499450214
O=CCCCCCCCCCOC(C)=O,0.8060092643802017,0.7073356805289942
COC(=O)CC(O)(C=C)CC(C)(O)C=C,0.8252966522980805,0.8681154778425406
BrCCCCBr,0.8128654484888364,0.850363571017682
CCC(=O)CCC(C)=CCCC(=O)OC,0.7841011586403664,0.8550888228086931
OCC(C)=CCCC(C)=CCOC(C)=O,0.7687066679350363,0.7957787891725427
OCC(C)=CCCC(C)=CCOC(C)=O,0.732483050049452,0.6450895906077496
CC(=O)OCC=C(C)CCC(O)C(C)=C,0.8241851281293343,0.8390356454288999
CCC(=O)CCC(=O)N(C1)CCN(C)C1,0.8792537112216531,0.882105184692188
O=C(Cc(c2)cccc2)Cc(c1)cccc1,0.823861796820494,0.8722025943223776
C=CCC(O)C(C)(CCC)CC=C(C)C,0.8519519747831387,0.8475988394549602
COC(=O)CCC=C(C)CCC=C(C)C,0.8109564648328894,0.8284442845631874
COC(=O)CCC=C(C)CCC=C(C)C,0.8117527883139455,0.7755555691285163
O=CC(C)=CCCC(C)=CCOC(C)=O,0.7323459125856914,0.758398657546819
O=CC(C)=CCCC(C)=CCOC(C)=O,0.7573364172134129,0.7872228881616206
CC(C)=CCN(CC=C(C)C)C(C)(C)C,0.8635786451391011,0.8790496403086715
CCOC(=O)Cc(c1)ccc(c1)[N+1]([O-1])=O,0.7851564855592238,0.8484776028815302
C=CC(=C)CCCC(C)CCCC(C)C,0.8881521314004591,0.8781326879035535
O=CC(C)CCC(=C(C)1)C(C)(C)CCC1,0.776917392810591,0.7005362524052056
CC(=O)CC(=O)C(C1)C(C)=CC(C)(C)C1,0.5359907099536738,0.7333873637132989
OCCC(C)(C1)Oc(c2)c(cc(O)c2)C1,0.8341006900699259,0.9188662684565565
OCCC(C)(C2)Oc(c1)c(C2)c(O)cc1,0.5744843071450219,0.6616635655000882
CCC(=O)OCc(c1)cc(O2)c(OC2)c1,0.8681606051142611,0.8914302847982235
CC(=O)OCC=C(C)C=C(Cl)Cl,0.8862143729516561,0.6918276911343412
O=CC(C)=CCC(=C(C)1)C(C)(C)CCC1,0.8251605168655142,0.8772755651922286
C(C2)CCC(C2)N=C=NC(C1)CCCC1,0.7146768332524865,0.6124125259501223
Cc(c1)c(O)c(C)c(C2)c1OC(C)(C)C2,0.9071703593497412,0.9013095734895676
OCCC(C)(C1)Oc(c2)c(cc(C)c2)C1,0.7328847348726113,0.8939555029716127
O=C(C2)Oc(c(C)1)c(C2)c(C)c(O)c(C)1,0.6444569718281976,0.6780796336578091
OC(=O)C(C)=Cc(c2)c(O1)c(cc2)OC1,0.8170544726847666,0.8420712758162368
OCC(O)C(C)(O)CCCC(C)(C)O,0.8624978121513606,0.8295238992247643
C=CC(=C)CCC([H])=C(C)CCC=C(C)C,0.7516263192070446,0.8209486580488473
CC(C)=CCC(C)(CO)c(c1)cccc1,0.8551560519416128,0.8519794406469698
CC(=O)c(c1)cc(C(C)=O)cc(C(C)=O)1,0.764836433066288,0.7717090108768099
CCOC(C)OCC=C(C)C=CCl,0.8797431124141071,0.8157695919845681
NC(=O)Nc(c1)cc(Cl)c(Cl)c1,0.4039423042640347,0.6112503025946919
C=COCC=CCCCc(c1)cccc1,0.8020395886605431,0.6965999016399744
CC(C)CCCC(C)CCCC(C)O,0.783069864755594,0.8846737901989928
CCNS(=O)(=O)c(c1)ccc(C)c1,0.7964897614643714,0.708095747609913
OC(Cc(c2)cccc2)c(c1)cccc1,0.5172993798520016,0.709125159341015
COC(=O)C(Cl)Cc(c1)cccc1,0.883664552273318,0.8675132854521741
COC(OC)C(Cl)C(=C)CCl,0.848284017899082,0.7882213074083073
CC(C)=CCCC(C)=CCOC(C)=O,0.6205639476905128,0.6365619635932898
CCOC(=O)C([H])=C(C)CCC=C(C)C,0.6790459553946682,0.677374716551014
CCOC(=O)C([H])=C(C)CCC=C(C)C,0.7226689511895311,0.7564213695303096
OC(=O)c(c(C)1)c(O)c(C)c(C)c(O)1,0.8511306105683195,0.8818848068479705
COC(=O)C(Cl)=Cc(c1)cccc1,0.7935744720254926,0.8063035456076757
CC(=O)OCC(Cl)C(=C)CCl,0.8242991037058263,0.7130340982672987
CCCCCCc(c1)c(O)cc(O)c1,0.26654327302917835,0.5268922518893999
CC(=O)c(c(C)1)c(O)c(C)c(C)c(O)1,0.8885493609780263,0.8492173155757192
C1=CC=C(C=C1)C2=CC3=CC=CC=C3N2,0.7148971895643642,0.7603592648108595
OCC(C)=CCOCc(c1)cccc1,0.8984581161192906,0.7484442002963811
CC(=C)C=CC=C(C)C=COC(C)=O,0.8165492306637728,0.4144836733436472
CC(=C)C(O)COCc(c1)cccc1,0.9134691430502448,0.7608187836706948
O=C(OC(C)(C)C)Cc(c1)cccc1,0.6763138888407931,0.6615218862441882
COC(=O)C(=O)CCc(c1)cccc1,0.8490617907122027,0.8166512842212571
COC(=O)C(O1)C(Cc(c2)cccc2)1,0.8253246692196543,0.8335604752692912
COC(=O)CC(=O)Cc(c1)cccc1,0.8143845685849243,0.8261209328131166
CCNc(n1)nc(Cl)nc(Cl)1,0.47105422658050755,0.6489230163641365
O=CC(C)c(c1)ccc(c1)C(C)(C)C,0.523348514650869,0.5437640558945216
O=CC(C)=CCOCc(c1)cccc1,0.915188280035487,0.7497414564204143
CC(=C)C(C2)OC(O2)c(c1)cccc1,0.7827632129088328,0.803765093960021
CC(=C)C(=O)COCc(c1)cccc1,0.8700544378818024,0.8142601465242164
COC(=O)C(=O)C=Cc(c1)cccc1,0.7325391164261513,0.7546577632160699
OCCC(C)(C)OCCC(C)(C)O,0.8794474223308887,0.8118706436167702
CC(C)CCCC(C)(O)C(O)CO,0.7428854648038371,0.7388478413854506
CCCCC(OC)C(Cl)C(C)=C,0.728196308004469,0.8004967055543177
ClCS(=O)(=O)c(c1)cccc1,0.9029170378759811,0.8523865974662421
c(c2)cc(c(c2)1)C(C)(C)C(C)C(C)(C)1,0.82881926464392,0.838785270614216
CC=CCC(C)(C=O)c(c1)cccc1,0.7479944049383753,0.8653704024098842
OC(=O)c(c2)cc(c1)c(c2)cc(O)c1,0.7382096640247733,0.7558671445659858
CCOC(=O)C(C)(C)C(=O)OCC,0.7736524814857586,0.8264350335929074
OCC(N)C(C)(O)CCC=C(C)C,0.7395586311733789,0.7225617008131064
O=CCCCCCCCC(=O)OC,0.7981501721307649,0.796388525957189
O=CC=C(C)CCC(Cl)C(C)=C,0.8121204299411127,0.8401403089554264
CCCCCCC(O)CC(C)C=C,0.7262709014065063,0.7577844787757527
C=CC(O)(C1)CC(C)(C)NC(C)(C)1,0.8234377974719429,0.8252497851737335
CC(C)=CCOC(O1)CC(C)=CC1,0.8394181363443634,0.761699572491776
OC(C2)C(CCC2)C(C1)CCCC1,0.6576177422041063,0.8027568242527792
CCC(=O)C(C1)=C(C)OC(C)(C)C1,0.8536319556376041,0.854923753238797
COC(=O)C(Cl)C(=C)CCl,0.8218718271116432,0.8614383858684995
C=CCCCC=CCN(CC)CC,0.6770038136123526,0.795527741981608
C=COC(C1)C(C)(C2)C(C)(C)C(C2)1,0.7603735353775063,0.7762834628526885
c(c2)ccc(c2)C=Cc(c1)cccc1,0.7458746018488548,0.8053880359891715
CC(=O)OCCOc(c1)cccc1,0.8539601197646098,0.7625349155665814
COC(=O)c(c1)cc(O2)c(OC2)c1,0.5813540991883458,0.7157236529773414
CC(=O)OCC(Cl)C(C)(C)O,0.8761050154311915,0.7467956899657369
CC(=O)OCCC(C)(O)CCl,0.8464431411422508,0.7287442406182436
C[Sn](C)(C)C,0.10255340975245539,0.11788437718336646
C#CC(=O)CC(C)CCC=C(C)C,0.8200550267391136,0.8134242528809461
CC(C)COC(=O)c(c1)cccc1,0.840650235696938,0.8262725004107132
OC(C2)C(CCC2)c(c1)cccc1,0.7323593451379807,0.7201123438576751
CC(=C)C=COCc(c1)cccc1,0.8792858146373852,0.6648566334046362
CC(C)COC(C)OCC(C)C,0.8419369302275496,0.7709023863074881
OCCCCCCCCCCO,0.9330300196270771,0.8636109870572417
OCCOCCOC(=O)C(C)=C,0.7441161619812787,0.7137671205640891
CCOC(=O)C(C)C(=O)OCC,0.6395799508372326,0.6127996814895599
N#CC(C)C(CC)c(c1)cccc1,0.2672912749709739,0.44474366799214954
OCCCC(C)CCCC(C)C,0.2976782400095683,0.46721830943442877
CC(C)=CCOCCC(C)(C)O,0.8131596451194676,0.7510974407089543
CC(C)CCOC(C1)OCCC1,0.8867527711922168,0.9060582517542731
CCOC(=O)CN(C1)C(=O)CC1,0.8842862892190747,0.8756729263966145
C=CCC(C)(O)CCCC(C)C,0.7964884145484447,0.8438382222238615
C=CC(C)(C1)OC(C1)C(C)(C)O,0.8793005967761924,0.8863981649505694
CC(C)=CCCC(C)(O)C(C1)O1,0.7433690075886004,0.7525891658629176
CC(C)=CCCC(C)(O1)C(CO)1,0.7057171965228175,0.6706150708802573
CCCCC(OC)C=C(C)C=O,0.9204045486624628,0.8853596463469027
CCOC(C)OCC=C(C)C=C,0.740830480997697,0.8490087205285884
C=CC(C)=CCC(Cl)C(C)=C,0.7346454348501199,0.8910717554636545
CC(C)=CCC(=C(C)C)C(C)O,0.6956365149260089,0.8369566512247708
CC(C)=CC(C(C(O)=O)1)C(C)(C)1,0.7442073880202098,0.7745761991620815
CC(=O)C(C1)=C(C)OC(C)(C)C1,0.8200574534036985,0.8794475254653981
CC(C)=CCCC(C)=CC(O)=O,0.8163161317679183,0.7114847613254612
CC(C)=CCCC(C)=CC(O)=O,0.8140165727900632,0.7466984017963101
CCOC(C)OCC=C(C)C#C,0.850559467956193,0.8318619565489198
O=C(C(O)1)C(C2)C(C)(C)C(C)(C2)1,0.8413122072934939,0.8658093044643229
OCC(O)COc(c1)cccc1,0.7354265680006179,0.6452726458894162
CC(C)=CCC(=C(C)C)C(C)=O,0.8515220502651069,0.8590744964750135
O=C(C(=O)1)C(C2)C(C)(C)C(C)(C2)1,0.5807672379569117,0.5455360789306266
COC(=O)CCc(c1)cccc1,0.729729989436559,0.8003974452185029
COC(OC)C(Cl)C(C)=C,0.9035268689798212,0.8172042017937776
CC(C1)(O1)CCBr,0.8550562197573507,0.8343951059463495
CC(=CCOc(c1)cc(O2)c(C=CC(=O)2)c1)C(=O)C#CC(C)(C)O,0.8298707342278652,0.8265951013931959
O=CC(C)=CCOc(c1)cc(O2)c(C=CC(=O)2)c1,0.6076855092767758,0.7028185972560841
CCC(O)C(C(C)=C)C[Si](C)(C)C,0.861906920320652,0.6587478465273889
Oc(c1)c(Br)cc(O)c1CC([H])(C(=C)2)C(C)(C)C([H])(Br)CC2,0.8800983829179009,0.9300832942162313
O=C(C=3)Oc(c1)c(C3)ccc(OCC=C(C)C(=C2)OC(C)(C)C(=O)2)1,0.8641691166532477,0.8821128444429382
C(C1)C1,0.9013864647056435,0.8940157254316281
CCOC(=O)C(C1)C(=O)CC(C(=O)OCC)C(=O)1,0.5954053062994112,0.7209747463830102
COCC([H])(O1)C([H])(OC)C([H])(OC)C([H])(OC)C([H])(OC)1,0.8487419000362382,0.7643049557189115
COCC([H])(O1)C([H])(OC)C([H])(OC)C([H])(OC)C([H])(OC)1,0.771104649082306,0.6884450035727931
COCC([H])(O1)C([H])(OC)C([H])(OC)C([H])(OC)C([H])(OC)1,0.8269594920928499,0.7593492887332269
COCC([H])(O1)C([H])(OC)C([H])(OC)C([H])(OC)C([H])(OC)1,0.6636193486930615,0.6284468792382175
COCC([H])(O1)C([H])(OC)C([H])(OC)C([H])(OC)C([H])(OC)1,0.8472837763213694,0.7509354195157885
COCC([H])(O1)C([H])(OC)C([H])(OC)C([H])(OC)C([H])(OC)1,0.7350649899366863,0.6261999850860678
COCC([H])(O1)C([H])(OC)C([H])(OC)C([H])(OC)C([H])(OC)1,0.7885961115895709,0.7048099033249575
COCC([H])(O1)C([H])(OC)C([H])(OC)C([H])(OC)1,0.6942747679322194,0.7362179659502173
O(C)CC1OC(OC)C(OC)C1OC,0.6938482970829871,0.7417626871059081
CCOC(=O)c(c1)cc(C)c(C(N)=O)c(C)1,0.8702437086140968,0.8989949441608441
Cc(c2)ccc(c2)COC(=O)c(c1)cccc1,0.8425291909713454,0.8890791953629714
CSc(c1)ccc(COC(=O)c(c2)cccc2)c1,0.8499593982011914,0.8947782468556889
Fc(c2)ccc(c2)COC(=O)c(c1)cccc1,0.8751782545591793,0.8605913047034748
Cc(c2)cc(cc2)COC(=O)c(c1)cccc1,0.805519993675695,0.8250383195205635
CSc(c2)cc(cc2)COC(=O)c(c1)cccc1,0.8564065054498283,0.8904280345689479
Cc(c2)c(ccc2)COC(=O)c(c1)cccc1,0.7486330567033752,0.7658695897716439
Cc(c1)c(N)c(C)cc(Br)1,0.7244365991199908,0.856881522869468
N#Cc(c1)cc(C)c(C#N)c(C)1,0.801129398097122,0.8740315257839416
Cc(c1)c(O)c(C)cc(Br)1,0.824311159470769,0.9005250006909018
CC(=O)c(c4)cc(C3)c(c14)c(c2C3)c(ccc2)CC1,0.8919909226647573,0.8766457784327683
CCOC(=O)c(c1)cc(cc1)[N+1]([O-1])=O,0.8444483836065304,0.8283704207778858
CCOC(=O)c(c1)ccc(c1)C(=O)OCC,0.8410568557133477,0.8276059755128671
CCOC(=O)c(c1)ccc(c1)S(C)(=O)=O,0.8056091801188513,0.8504348846639308
CCOC(=O)c(c1)cc(cc1)C(C)=O,0.8688583197894635,0.8998138152524732
CCOC(=O)c(c3)cc(C1)c(c3)c(c2)c(ccc2)1,0.8646379062307425,0.8966633022101727
CCOC(=O)c(c1)ccc(C(C)=O)c1,0.7696396709060555,0.8376454942032606
CCOC(=O)c(c1)cc(C#N)cc1,0.89666223546992,0.9125471539708051
CCOC(=O)c(c1)ccc(C#N)c1,0.8606127130016212,0.8862658625725861
CCOC(=O)c(c2)ccc(c2)c(c1)cccc1,0.8147419657785752,0.8793167024742709
CCOC(=O)c(c3)cc(c(c3)1)c(c2)c(ccc2)cc1,0.8672795103009677,0.890807993392457
CCOC(=O)Cc(c1)c(c2)c(ccc2)cc1,0.8939052545204064,0.8771829753737859
CCOC(=O)Cc(c2)ccc(c2)Oc(c1)cccc1,0.8504102105255913,0.8781231390238863
CCOC(=O)c(c1)cc(cc1)N(C)C,0.8083367715898286,0.8496552904418027
CCOC(=O)c(c1)ccc(SC)c1,0.7357699955698229,0.7868559123946247
CCOC(=O)c(c2)ccc(c2)Oc(c1)cccc1,0.8426919347221851,0.8259262492102537
CCOC(=O)c(c1)ccc(C)c1,0.8185692929613457,0.8555167118429376
CCOC(=O)c(c1)cc(c2)c(ccc2)c1,0.6784485920478617,0.7982976625019933
Cc(c1)ccc(c1)C(C)=O,0.7782779519633505,0.8146479576704946
CC(=O)c(c1)ccc(c1)C(C)(C)C,0.7169184667704267,0.7015432287026466
CCOC(=O)Cc(c1)ccc(C)c1,0.8038999655998916,0.8401348343356383
CCOC(=O)c(c1)cc(C)c([N+1]([O-1])=O)c(C)1,0.8389811500020575,0.9077916029816101
CCOC(=O)c(c1)cc(C)c(c(C)1)S(C)(=O)=O,0.8224723330534396,0.8875377807271392
CCOC(=O)c(c1)cc(C)c(C(C)=O)c(C)1,0.8321567215165699,0.8893015876951474
CCOC(=O)c(c1)cc(C)c(Cl)c(C)1,0.8976739960707164,0.9074405661839201
CCOC(=O)c(c1)cc(C)c(OC)c(C)1,0.8748983847012045,0.8970637855884642
COc(c1)ccc(c1)C(C)=O,0.8166880408071259,0.8706474496096017
CC(=O)c(c1)c(c3)c(ccc3)c(c2)c(ccc2)1,0.7272403296843839,0.8199874480276682
CCOC(=O)c(c1)cc(C)c(C(=O)OCC)c(C)1,0.8409734116819666,0.8996579763335868
CCOC(=O)c(c1)cc(C)c(SC)c(C)1,0.8507248599768057,0.9071726057461263
CCOC(=O)c(c(C)1)c(C)cc(C)c1,0.67274567363907,0.7918392994577612
CCOC(=O)c(c1)cc(C)cc(C)1,0.8187081778710382,0.8707644374834045
CCOC(=O)c(c2)cc(cc2)Oc(c1)cccc1,0.7245639820847589,0.7937713942558146
CCOC(=O)c(c2)cc(cc2)c(c1)cccc1,0.8421518886786408,0.8531750781729824
CCOC(=O)c(c1)cc(Cl)cc1,0.8280317793545691,0.8762400190412934
CCOC(=O)c(c1)ccc(c1)S(C)(=O)=O,0.8109898321468769,0.8260131313907515
CCOC(=O)c(c1)ccc(N)c1,0.7823964521103265,0.795073988646641
CCOC(=O)c(c1)ccc(c1)[N+1]([O-1])=O,0.810927707815843,0.8122314840005933
CCOC(=O)c(c1)cc(C)c(C#N)c(C)1,0.8887601306810046,0.9026035867278532
CCOC(=O)c(c2)cc(C)c(c(C)2)C(=O)c(c1)cccc1,0.841405684141333,0.8925801592302619
CCOC(=O)c(c1)cc(C)c(C)c(C)1,0.884984157980597,0.90764264439991
Clc(c2)cc(cc2)C(O)c(c1)cccc1,0.802528808080859,0.829498936927499
CC(O)c(c1)c(c2)c(ccc2)cc1,0.7046644823880398,0.7666181347824154
CC(O)c(c1)ccc(I)c1,0.7675733472362783,0.8924503114704978
CC(O)c(c2)ccc(c2)Oc(c1)cccc1,0.7822730975168888,0.8512265133781158
Clc(c3)cc(cc3)C(=O)c(c2)ccc(c2)c(c1)cccc1,0.8104363819415025,0.8931274955084864
Clc(c4)cc(cc4)C(=O)c(c3)cc(C1)c(c3)c(c2)c(ccc2)1,0.8590489163598077,0.9180309975073859
Clc(c3)cc(cc3)C(=O)c(c2)ccc(c2)Oc(c1)cccc1,0.749536478757896,0.8501284634282814
CC(=O)c(c3)cc(C1)c(c3)c(c2)c(ccc2)C1,0.8547064567397226,0.8466067578342077
CC(=O)c(c1)cc(N)cc1,0.8268488917438347,0.8705847361538684
CC(=O)c(c1)ccc(Br)c1,0.7460634770111204,0.8693453232963105
CC(=O)c(c1)cc(Br)cc1,0.7158569605363234,0.8400311530172675
N#Cc(c1)cc(cc1)C(C)=O,0.7604635193091697,0.8636845450976596
CC(=O)c(c1)cc(cc1)[N+1]([O-1])=O,0.7767237078871285,0.8012952333661703
CC(=O)c(c1)c(c2)c(ccc2)cc1,0.7669934950691035,0.8602128892019393
CC(=O)c(c3)cc(C1)c(c3)c(c2)c(ccc2)1,0.8313629494812934,0.8386966492175675
CCc(c3)cc(C1)c(c3)c(c2)c(cc(C(C)=O)c2)1,0.8893030609319281,0.8967391170274552
CC(=O)c(c3)c(c1)c(cc3)cc(c2)c(ccc2)1,0.7397443506807124,0.8495876257234927
CC(=O)c(c3)cc(c1)c(c3)c(c2)c(ccc2)c1,0.847357332384332,0.8152039052467421
CC(=O)c(c3)cc(c(c3)1)c(c2)c(ccc2)cc1,0.7877040288455174,0.8274268679238437
Cc(c1)cc(C)c(C(C)=O)c(C)1,0.863130328652189,0.8694073714141027
CC(C)c(c1)ccc(C(C)=O)c1,0.807266909908267,0.8339769132628292
CC(=O)c(c1)ccc(F)c1,0.8285243961423395,0.863660692029019
CC(=O)c(c2)ccc(c2)c(c1)cccc1,0.8714188437138847,0.8878702950421031
CCc(c1)ccc(c1)C(C)=O,0.7464411098953347,0.8320576267439626
CC(=O)c(c1)cccc1,0.8540194174633441,0.8911323495217995
CC(=O)c(c21)c(c3)c(ccc3)cc(cccc2)1,0.7348115156052624,0.8210246816422976
CC(=O)c(c1)cc(c2)c(ccc2)c1,0.4932143361420109,0.5969840024270587
CCOC(=O)Cc(c1)cccc1,0.8065459691305759,0.8301277412218799
CCOC(=O)c(c1)cc(cc1)S(C)(=O)=O,0.7566957454746561,0.8368467827330851
CCOC(=O)c(c1)ccc(Cl)c1,0.8223359649531811,0.8631070029412272
CCOC(=O)c(c1)cc(Cl)cc1,0.8157353662952744,0.8697082191048722
CCOC(=O)c(c1)cc(Br)cc1,0.7380439334521173,0.8460294783112026
CCOC(=O)c(c1)ccc(N(C)C)c1,0.7428087911659872,0.8584574753244791
CCOC(=O)c(c1)ccc(c1)C(C)(C)C,0.7280133034062362,0.8417215106696624
OC(=O)c(c1)ccc(c1)C(O)=O,0.9115009716235947,0.9154226507856388
Nc(c1)c(Cl)ccc(Cl)1,0.7126815730606033,0.7498948619566185
OC(=O)c(c1)cc(Cl)c(Cl)c1,0.7872483625518986,0.851499074928562
c(c3)cc(s1)c(c3)c(c2)c(ccc2)1,0.8034464716944634,0.7928126162988393
O=C(C2)NN(C2)c(c1)cccc1,0.781951187038026,0.8316880854933668
OC(=O)c(c1)ccc(Br)c1,0.776024139947906,0.8846305448195333
COc(c1)ccc(c1)C(O)=O,0.7766297175881098,0.8327049557880741
CC(=O)Nc(c1)ccc(C)c1,0.4380730455351408,0.5906509073618268
CC(=O)c(c1)cc(O)cc1,0.8604945526228303,0.8992667100620103
O=c(c21)c(c3)c(ccc3)c(=O)c(cccc2)1,0.7766127714388429,0.812983671818995
c(c2)ccc(c2)C(=O)C(=O)c(c1)cccc1,0.8361189361950035,0.8041879038292067
c(c2)ccc(c2)C(O)C(=O)c(c1)cccc1,0.8645962884574158,0.8681803457923283
c(c3)cc(c1)c(c3)c(c2)c(ncc2)c1,0.9017413104652008,0.9238836440996115
Nc(c1)ccc(Br)c1,0.8893180460825922,0.9121296383592709
OC(=O)c(c1)ccc(c1)C(C)(C)C,0.847934757044928,0.8802546176121694
Oc(c4)c(C)cc(c4)C(O1)(c(c3)cc(C)c(O)c3)c(c2)c(ccc2)C(=O)1,0.5699825578025439,0.761407490341396
O=C(C=1)Oc(c2)c(ccc2)C1,0.9119912915764048,0.9023821312471654
CC(=O)c(c1)ccc(O)c1,0.833062755812326,0.8792174498291132
OC(=O)c(c1)c(I)ccc1,0.8066299417778826,0.9025952381439698
O=Cc(c1)cc(O)cc1,0.91511764555149,0.9233511127991695
OC(=O)c(c1)c(O)c(C)cc1,0.864415613248088,0.9247689219367299
CCCCCCCCCCCC(O)=O,0.8653311838797201,0.7985745767696523
NC(=S)N(c(c2)cccc2)c(c1)cccc1,0.5131320835959315,0.6885268802416146
[O-1][N+1](=O)c(c1)cc([N+1]([O-1])=O)c(O)c1,0.8007626349140865,0.8843472743980638
OCCCCCCCCCCO,0.9082038005890231,0.9218998554673412
Clc(c1)c(O)c(c2)c(ccc2)c(Cl)1,0.916401371917714,0.9150421862787903
OC(=O)C(C1)C(CCC1)C(O)=O,0.881058673220774,0.9371096798864998
OC(=O)C(C1)C(C)(C)C(C)(C(O)=O)C1,0.7510186801309322,0.8133332513573746
Oc(c5)cc(O1)c(c5)C(O3)(c(c4)c(ccc4)C(=O)3)c(c2)c(cc(O)c2)1,0.729446582801071,0.739971833053894
O=c(c1)cc(C(C)(C)C)c(=O)c1C(C)(C)C,0.7122035033619243,0.8193261735032588
O=Cc(c1)ccc(O)c1,0.9146689077206973,0.9340978756835543
CCOC(=O)CCCCCC(O)=O,0.8770190239811745,0.904324635221635
CCCCCCCCCCCCCCCCCCCCC,0.8913332405065694,0.7492141981072183
C1=CC2=C(C=C1O)C(=CN2)CCN,0.7451787748161104,0.8088104900343094
C(CC=C(C)C)C(C)=C(CCC(C)=C(CCC([H])=C(CCC([H])=C(CCC=C(C)C)C)C)[H])[H],0.7870521224707993,0.6997343785465413
CC(N)c(s1)nc(C(O)=O)c1,0.821508480773413,0.8999858456907648
C(C2([H])3)([H])(C(C)(C4)C(CC(C4)([H])O)=CC3)CCC(C2([H])1)(C)C([H])(CC1)C(CCC=C(C)C)([H])C,0.7461445329456584,0.8558537968925863
NCc(s1)nc(C(O)=O)c1,0.490369902127355,0.9155621695522712
CC(O)Cc(c1)cccc1,0.6555005824168397,0.6940377417397391
OC(=O)c(c1)c(O)ccn1,0.6709205005051777,0.800420582516556
Oc(c1)c(cc(c1)C(C)(C)C)C(C)(C)C,0.7583937687259702,0.7868258246509677
N#Cc(c1)ccc(N)c1,0.7577970480439403,0.8166077789133219
c(c3)cc(C1)c(c3)Nc(c2)c(ccc2)1,0.8620664114561607,0.8351244309002568
[O-1][N+1](=O)c(c1)ccc(I)c1,0.7458412838677118,0.8813689177855347
COc(c1)ccc(C)c1,0.8695470618183875,0.9166541476067421
O=CNc(c1)cccc1,0.5538797750457857,0.6059178180546284
CC(C)=CCCC(C)=CCBr,0.6044627358180362,0.5837801623501604
CN(C)c(c1)cc(C)cc1,0.8445649214148402,0.8497351706312191
CCc(c1)c(N)ccc1,0.5846237512968673,0.7732546195809404
Nc(c1)c(F)ccc1,0.7182345645424704,0.7861945962732079
N#CCc(c1)ccc(N)c1,0.767496943979384,0.8509916242031357
Nc(n1)nccc1,0.8335481924491966,0.8943579616302804
Nc(c2)ccc(c2)C(=O)c(c1)cccc1,0.7510378859607059,0.8098860382931456
Cc(c1)ccc(N)c1,0.6934674940024412,0.7100588356237187
Nc(n1)ncnc1,0.757162961924156,0.837890230315367
COc(c2)cc(c(Cl)1)c(c2)nc(C)c1,0.7676842924646268,0.8791281812406572
OC(C2)Oc(c(Cl)1)c(C(=O)2)c(Cl)cc1,0.8270437482008278,0.8987544464730067
OC(=O)c(c2)cc(O1)c(c2)OC([2H])([2H])1,0.6331122544775398,0.6350361143536886
CC(=C)CCl,0.8093312744495502,0.8256330094706215
Cc(c1)nccc1,0.8214178759180161,0.9246251013188245
Oc(c1)ccc(c1)[N+1]([O-1])=O,0.8727364446646597,0.9338069302436649
Cc(c1)cncc1,0.8398503755299446,0.9255412158579994
CNC(C)=O,0.6735748899700637,0.7693006686765579
CCOC(=O)c(c1)cccc1,0.8802241271545282,0.8729838673756702
ClC(Cl)(Cl)Br,0.7927038692577228,0.8714932431394107
C[Si](C)(C)N[Si](C)(C)C,0.7392950383220895,0.7680273495233112
OC(=O)c(c21)c(c3)c(ccc3)cc(cccc2)1,0.8829616031629883,0.8979503842020484
OC(=O)C(C)c(c3)cc(n1)c(c3)oc1c(c2)ccc(Cl)c2,0.721473634621022,0.7599700025677252
ON=C(C)C(C)=NO,0.779057340794043,0.8286694787248513
COC(=O)C(N)Cc(c1)cccc1,0.8918695996977635,0.9041338374074808
O=Cc(c21)c(c3)c(ccc3)cc(cccc2)1,0.8496856201513623,0.8879602061898948
N#Cc(c21)c(c3)c(ccc3)cc(cccc2)1,0.7882807608385489,0.8241065938170379
CCC([H])(C)C(=O)OC(C3)C([H])(C1=CC(C)3)C(CCC(C2)OC(=O)CC(O)2)C(C)C=C1,0.6527644371099948,0.7662044152433338
Oc(c4)cc(C3)c(c4)C([H])(C2)C([H])(C3)C([H])(C1)C(C)(C2)C(=O)C1,0.8010061619023556,0.8928056453725085
c(c2)ccc(c2)c(c1)cccc1,0.9145472968925283,0.9416807347175524
CC(C4([H])C([H])(C)CCC(C(C)C)=C)(C([H])3CC4)CCC(C([H])23)([H])C(C)(C=1CC2)CCC(C1)=O,0.6597817247070905,0.8162255569375229
C(=CC([H])(C)C(C)C)C(C(C4)([H])C(C3(C4)[H])(CCC(C=23)(C(C1)(C)C(=CC2)CC(O)C1)[H])C)([H])C,0.7047612910559612,0.8461205839936397
CCOC(=O)CCBr,0.5502277314255121,0.7876930106675829
CN(C)C(=S)S[Zn]SC(=S)N(C)C,0.5661366658502017,0.4955937681482786
CCOC(N)=O,0.8142160723529029,0.8352229886065714
C1=NC2=C(N1)C(=O)N=CN2,0.7188608563789695,0.8166301491157687
CC(=C1)C(=O)NC(=O)N1,0.7474517363566295,0.7610981116903688
C1=C(NC=N1)C=CC(=O)O,0.7325210206353587,0.8203005914729314
O=C(C=1)NC(=O)NC1,0.8329348736672229,0.8199411633070227
C1=NNN=N1,0.5455608333703574,0.6267755652702629
C1=NNN=N1,0.5314767273305472,0.5985667595252271
NC(=O)c(c1)nccc1,0.7391750558111444,0.8092239019910223
OCCN(C)C,0.8819771599809063,0.8771679976441938
ON=Cc(c1)c(O)ccc1,0.43781666689532533,0.49879129688041796
OC(=O)C([H])(C1)NCC1,0.8429660982605505,0.8202708605641481
SCCCS,0.7398257596036671,0.8181076935784473
Cc(c1)cc(C(C)(C)C)c(O)c1C(C)(C)C,0.5905677474862939,0.6472179737024968
O=C(Cc(c2)cccc2)Cc(c1)cccc1,0.7320210560052226,0.829208369801669
CN(C)C(C)=O,0.7706042791771348,0.8192237670494072
CCc(c1)cc(CC)cc1,0.8166745697072516,0.8916080157639963
CN(C)Cc(c1)cccc1,0.8603791833250549,0.8760960498822203
BrCCC=1C=CC=CC1,0.9405667248546723,0.9497827046249494
c(c3)cc(C1)c(c3)Cc(c2)c(ccc2)C1,0.8169279347953161,0.8910102251318595
CCC(C)c(c1)ccc(O)c1,0.7876615980078973,0.8484156744762789
Oc(c1)cc(cc1)C(C)(C)C,0.8213420110394294,0.858443402654251
C(O1)C1CBr,0.5934298696233522,0.5371547255888505
O=C(c21)c(c3)c(ccc3)Nc(cccc2)1,0.8453678452969291,0.8833683146879945
c(c2)ccc(c2)N(C)c(c1)cccc1,0.8198372853821996,0.8637078586966423
CCN(CC)C=O,0.7229831604724531,0.8487965409065046
Oc(c1)nccc1,0.8563445089550392,0.8688874088414839
C(C(C)12)CC(O)CC1(CC=C(C([H])43)C(CCC(C)3C(C(C)C=CC(C(C)C)CC)CC4)2[H])[H],0.8534148937291784,0.9006211106097443
[H]C(C14C)(C(CCC(C(C)=C)CC)C)CCC1(C(C(CC4)2[H])=CCC(C3)(C2(CCC3([H])O)C)[H])[H],0.7018812099463956,0.9016998229676241
[H]C(C14C)(C(CCC(C(C)C)CC)C)CCC1(C(C(CC4)2[H])=CCC(C3)(C2(CCC3([H])O)C)[H])[H],0.734528595158457,0.8197456882813551
Oc(c1)ccc(c1)C(O)=O,0.8291521574007245,0.8801037631776579
COc(c3)c(n1)c(c(N)c3)nc(c2)c(ccc2)1,0.7259329739487779,0.7169410548607033
COc(c1)cc(n2)c(nc(c3)c(ccc3)2)c(N)1,0.7408352728129656,0.7374861930539566
COC(=O)c(c3)c(N1)c(cc3)Nc(c2)c(ccc2)1,0.8202389354534586,0.9013353589623841
COC(=O)c(c3)c(n1)c(cc3)nc(c2)c(ccc2)1,0.7268801404109526,0.7955702962576643
NC(=O)c(c3)c(N1)c(cc3)Nc(c2)c(ccc2)1,0.5013361873507798,0.5267968951639167
NC(=O)c(c3)cc(n1)c(c3)nc(c2)c(ccc2)1,0.6376445536261794,0.7309467662949727
OC(=O)c(c(O)3)c(n1)c(cc3)nc(c2)c(ccc2)1,0.8791262106649992,0.9214293318827933
OC(=O)c(c3)c(N1)c(cc3)Nc(c2)c(ccc2)1,0.8317081869574648,0.9161868500006829
c(c3)cc(N1)c(c3)Nc(c2)c(ccc2)1,0.6912051517701598,0.8121748492755106
OC(=O)c(c3)c(n1)c(cc3)nc(c2)c(ccc2)1,0.6916339645432701,0.6865894564927236
N#Cc(c3)cc(n1)c(c3)nc(c2)c(ccc2)1,0.8972535079231461,0.8907501919550552
COc(c3)cc(n1)c(c3)nc(c2)c(ccc2)1,0.9030848971453275,0.8488201232650271
Oc(c3)cc(n1)c(c3)nc(c2)c(ccc2)1,0.827303738341696,0.8283160277354883
c(c3)cc(c1)c(c3)c(n2)c(ccc2)c1,0.8480014544497427,0.9139676225606795
c(c3)cc(c1)c(c3)nc(c2)c(ccc2)1,0.8787171974378232,0.898040572489802
c(c3)cc(n1)c(c3)nc(c2)c(ccc2)1,0.8469220855824967,0.9072176833659665
COC(=O)C=Cc(c1)cccc1,0.9523868762233031,0.919077866753041
CCOC(=O)C=Cc(c1)cccc1,0.8729520639580569,0.8880244180818306
O=C(OCCc(c2)cccc2)C=Cc(c1)cccc1,0.8241377804712401,0.8043573837451095
CC(S1)=C(C)C(=O)c(c2)c(ccc2)1,0.6086127386463964,0.772917409083979
CC(S1)=C(C)C(=S)c(c2)c(ccc2)1,0.8254859544363399,0.9236287586759869
CC(=C1)Sc(c2)c(ccc2)C(=S)1,0.7794008466974714,0.9127228588850163
[2H]C([2H])([2H])C(S1)=C(C)C(=O)c(c2)c(ccc2)1,0.7488909246492703,0.8660053225120012
CC(S1)=C(C)C(=O)c(c2)c(ccc2)1,0.8104541243249831,0.8937897881083261
CC(=C1)Sc(c2)c(ccc2)C(=O)1,0.8778588019406562,0.8868313579969311
Clc(c3)cc(O1)c(c3)C(=O)C(C)(C2)C(C)12,0.8139436024022598,0.90291090318593
Clc(c3)cc(O1)c(c3)C(=O)C(C)(C2)C12,0.8196002762668196,0.9012392907827468
COc(c3)cc(O1)c(c3)C(=O)C(C)(C2)C(C)12,0.7882444460015784,0.8957786034770353
COc(c3)cc(O1)c(c3)C(=O)C(C)(C2)C12,0.7885503450313276,0.9010276481566981
Cc(c3)cc(O1)c(c3)C(=O)C(C)(C2)C(C)12,0.8465501001336416,0.8978725738935501
Cc(c3)cc(O1)c(c3)C(=O)C(C)(C2)C12,0.8024055143048577,0.8839082348698618
c(c3)cc(O1)c(c3)C(=O)C(C)(C2)C(C)12,0.8311140245989864,0.9209440150657213
O=C(c32)C(C)(C1)C(Oc(cccc3)2)1,0.8179857823003233,0.8692250962269579
O=C(c32)C(C(Oc(cccc3)2)1)C([2H])([2H])1,0.7580896779425564,0.8377834493066142
O=C(c32)C(C1)C(Oc(cccc3)2)1,0.8455634826186677,0.8966711932847561
O=c(c21)c(c3)c(ccc3)c(=O)c(cccc2)1,0.8174371639469681,0.862631407221169
N#CCC(N)=O,0.5312514983288746,0.7033590986046704
[O-1][N+1](=O)c(c1)cc(I)cc1,0.869834497200157,0.9123908906988958
CCOc(c1)c(ccc1)C(N)=O,0.6023793954700136,0.6348408001135868
O=Cc(c1)c(O)c(OC)cc1,0.7914902283799584,0.8761288336787415
OC(=O)c(c1)ccc(c1)[N+1]([O-1])=O,0.6843767330599728,0.8801431762479786
O=CCc(c1)cccc1,0.5984403590869893,0.7742322083789857
Oc(c2)ccc(c2)C(=O)c(c1)cccc1,0.783936771141235,0.7580816896516213
CCCCCC,0.8427572293934772,0.800669962221511
OC(=O)c(c1)cc(cc1)[N+1]([O-1])=O,0.6483878662241824,0.8565929323910444
OC(=O)c(c1)c(ccc1)[N+1]([O-1])=O,0.6624861975827643,0.8047283138920022
ClC(Cl)=C(Cl)Cl,0.8234115788211428,0.8683054339899252
CCCCC,0.6920836199577477,0.7930820184286871
c(c3)cc(C1)c(c3)c(c2)c(ccc2)C1,0.8825138426308795,0.9241565846356564
O=C(Cl)Cc(c1)cccc1,0.8470531879505417,0.8667217228862584
CCCOC(=O)Cl,0.8475510027420246,0.7268831484216262
OC(=O)COc(c1)cccc1,0.8813147504520101,0.8884592419723178
COC(=O)c(c1)c(ccc1)OC(C)=O,0.8170162251702515,0.7771726443856197
Cc(c1)cc(N)c(O)c1,0.8508213676940921,0.8847809530733303
CC(C)NC(C)C,0.7926316348354487,0.8309845796439177
CC(C)CCOC(=O)Cc(c1)cccc1,0.857055866461366,0.7756988423743676
CC(C)COC(=O)Cl,0.884460289757111,0.8066886984545476
O=Cc(c1)ccc(F)c1,0.8963714638416456,0.9217802688021509
OC(=O)C(F)(F)F,0.7556995324613789,0.6823999367149689
NCCc(c1)cccc1,0.6212445397789168,0.44697914432790703
CCC(N)COC,0.5519707331772454,0.6519836596606153
CC(O)C(C)O,0.9083959962990011,0.8731091845138605
COC(=O)C(C)O,0.9034085997795049,0.6909620314220792
CCOC(=O)CCl,0.6970485727622788,0.7898987483147417
CCN(CC)CC,0.8454851043113332,0.8918987137935237
CNc(c1)cccc1,0.8992971271626489,0.906391718757458
O=C(C1)C=CC1,0.834044696038784,0.8521972872330277
CC(C)(C)N,0.7291464771306251,0.768614883775632
[2H]C([2H])([2H])O[2H],0.8072256079700303,0.803968134753002
O=C(Cl)COc(c1)cccc1,0.7922381756553334,0.8128925353690034
CCOC(=O)Cl,0.6861937279575759,0.5417744374656924
COC(=O)Cl,0.5375878253626611,0.6202908024062237
O=Cc(c1)cc(OC)c(O)c1,0.8788869387503851,0.8488395387634191
c(c1)ccc(c1)C(Cl)(Cl)Cl,0.8835858691456584,0.8692235489806136
CC(C)I,0.7922925563194265,0.8222681029062884
CCOC(=O)CBr,0.6779206847753714,0.8663387379159664
Cc(c1)occ1,0.9118052759759133,0.9017689191827508
CC(C)OC(C)C,0.6899718348255728,0.7580572087925331
C=CCN,0.8046635019469937,0.8547541085983701
CC(C)(C)Br,0.8349695926413612,0.7495995525099437
CCCCC,0.6023954161160123,0.7375041458535311
CCCCCC,0.7397742917505694,0.7454812164190109
CN(C)c(c4)ccc(c4)c(c1)c(c3)c(ccc3)c(c2)c(ccc(C(C)=O)2)1,0.8240203959248965,0.8333593149106283
CN(C)c(c3)ccc(c3)c(c1)c(c2)c(ccc2)cc1,0.8365947698414662,0.834063490912787
C=Cc(c21)c(c3)c(ccc3)c(C)c(cccc2)1,0.827403082228067,0.7906496341335545
O=C(OCc(c21)c(c3)c(ccc3)c(C)c(cccc2)1)C(C)(C)C,0.8063575956779986,0.8341149669923231
O=C(C1)CC(C2)C(C)(CCC2)C1,0.7844522957672323,0.8850002850472314
O=C(C1)C=C(C2)C(C)(CCC2)C1,0.7992427847209758,0.8611083937901816
C(C2)CC([H])(C1)C(C)(C2)CCC1,0.9355116780303986,0.9558216140838803
C(C2)CC([H])(C1)C(C)(C2)CCC1,0.8683015407953774,0.9297809399937345
[2H]C(O)(C1)CC(C2)C(C)(CCC2)C1,0.7252705853465077,0.8552628005572401
C=CCc(c1)cc(OC)c(O)c1,0.7222216865141199,0.7978413843192539
CC=Cc(c1)cc(OC)c(O)c1,0.6937650742302801,0.77567446462031
C=CCc(c1)cc(O2)c(OC2)c1,0.7790448249684299,0.8070270288388962
CC=Cc(c1)cc(O2)c(OC2)c1,0.6439842585648093,0.782480682966809
OC(C1)CCCCC1,0.6890241178773007,0.7870948276806083
CCCCOCC,0.783425169562572,0.8174507269570783
CC(C)CCOC(C)OC(C)C,0.8520412329810938,0.8582990828124444
CCCCOC(C)OC(C)C,0.8532682693928229,0.8541754368217515
CC(C)OC(C)OC(C)C,0.5442740466329441,0.6335619619671408
CCCOC(C)OCC(C)C,0.8871059861171317,0.839392083216655
O(CC(C)C)C(OCC(C)C)C,0.8721640309831857,0.8193663753040682
CCC(OCCC(C)C)OC(C)C,0.910186560125347,0.8505726594363764
CCC(OC(C)C)OCc(c1)cccc1,0.8849672855580443,0.7530462754844076
CCOC(CC)OC(C)C,0.8869048107719283,0.8911745243119785
CCC(OC(C)C)OC(C)C,0.8843577255063597,0.841424270004828
CCOC(OCc(c2)cccc2)c(c1)cccc1,0.9009246496379737,0.8855784983656952
CC(C)CCOC(OCc(c2)cccc2)c(c1)cccc1,0.7961939472723983,0.8511538207425604
CCCC(OC(C)C)OC(C)C,0.8559329970511331,0.865748592955771
CCCOC(C)OCCC(C)C,0.8576400006462375,0.8161117830178191
CCCCOC(C)OCCC(C)C,0.8711643858756614,0.868066919706633
CCCCOC(OCCC(C)C)c(c1)cccc1,0.8639097995609761,0.899694620050125
CCCCOC(OCCCC)c(c1)cccc1,0.8974373107374626,0.9037750188640584
CCOC(OCCC(C)C)c(c1)cccc1,0.881187310853099,0.9058147918870425
CC(C)CCOC(OCCC(C)C)c(c1)cccc1,0.9040629158636543,0.913301036069761
CCOC(CC)OCCC(C)C,0.8819093880820192,0.8877095151594796
CCC(OCCC(C)C)OCCC(C)C,0.7879663974610601,0.8784525718734741
CC(C)CCOC(CC)OCc(c1)cccc1,0.8716080367980412,0.8198252328704785
CCOC(CC)OCc(c1)cccc1,0.9014986143233082,0.8407686463913921
CCC(OCc(c2)cccc2)OCc(c1)cccc1,0.9238265644901432,0.8438806384995633
CCCCOC(CCC)OC(C)C,0.9066345841148599,0.8710496481056811
CCCC(OCCC(C)C)OC(C)C,0.9160664814950408,0.9155935849376751
CCCCCCC(OCCC(C)C)OCCC(C)C,0.8754921989233879,0.7781104257803594
CCCCOC(CCC)OCCC(C)C,0.8603481862476324,0.9157472471296166
CCCC(OCCC(C)C)OCCC(C)C,0.9049744638053886,0.8911569741535692
CCCCOC(CCC)OCCCC,0.8767070834232988,0.8224901981410219
CCCCCCC(OCC)OCCC(C)C,0.7970254079082411,0.8281471591151788
CCCOC(OCC(C)C)CC(C)C,0.858513114328551,0.8279101190244224
CCCOC(OCCC)CC(C)C,0.8709133203610057,0.9234641370097366
CCCOC(OCCC(C)C)CC(C)C,0.810422518433255,0.8960618975363545
CC(C)COC(OCC(C)C)CC(C)C,0.8496749848816593,0.8812579751809185
CC(C)CCOC(OCC(C)C)CC(C)C,0.9195821852257887,0.9148333923284416
CC(C)CC(OCc(c2)cccc2)OCc(c1)cccc1,0.8929617947097198,0.7849943470276874
CC(C)CCOC(CC(C)C)OCc(c1)cccc1,0.834966729169854,0.7689053078610049
CCCC=CC(=O)Oc(c1)ccc(C)c1,0.7873872635529358,0.7718600426737445
CCCCCCCCCCCCCCCCCCCCCCC(=O)OC,0.6754576271652264,0.4096268606956881
CCCCCCCCCCCCCCCCCCCCCC(=O)OC,0.6986085186474378,0.42831676265840457
CCCCCCCCCCCCCCCCCCCCC(=O)OC,0.6042545287243289,0.524117965703402
CCCCCCCCCCCCCCCCCCCC(=O)OC,0.655205848061367,0.566490864755563
CCCCCCCCCCCCCCCCCCC(=O)OC,0.7191622394492809,0.5555935681631261
CCCCCCCCCCCCCCCCC(=O)OC,0.7411696005221284,0.6414574150420632
CCCCCCCCCCCCCCCCCCCCCCCC(O)=O,0.7595830896821038,0.5937900848537115
CCCCCCCCCCCCCCCCCCCCCC(O)=O,0.73265474308841,0.4965529204615735
CC(O)C(=O)OCCc(c1)cccc1,0.8685497308732355,0.881460504841105
CCCC=CCOC(=O)c(c1)c(O)ccc1,0.8501508047966032,0.8676892314858325
C(C2)CCC(C2)OC(=O)c(c1)c(O)ccc1,0.867242517679516,0.8853432964596298
CCC(C)CCOC(=O)c(c1)c(O)ccc1,0.8691697593970926,0.9098416419126745
CC=CC=CC(=O)OCCC(C)C,0.8409252987569433,0.8365743496196566
CC=CC=CC(=O)OCC=C,0.8761235989125811,0.8790828888078931
CC=CC=CC(=O)OCCCC,0.8290843849731298,0.8443446893338973
CC=CC=CC(=O)OC(C)C,0.7392524996973707,0.8386855818354353
CC=CC=CC(=O)OCCC,0.6618653997749167,0.7624444218319729
CC=CC=CC(=O)OCC,0.6704349035057454,0.7923064850943471
CC=CC=CC(=O)OC,0.8631661893433797,0.8905267700097046
CCCCC(CC)C(=O)OCCc(c1)cccc1,0.817088956291035,0.8322270210020719
CCC=CCCOC(=O)C(C)=O,0.7109719980347134,0.7641330274714256
CC(=O)CCC(=O)OC(C)C,0.7800985938619477,0.7893932229027374
CCCOC(=O)CCC(C)=O,0.6861431342938529,0.7291137772787335
CCOC(=O)CCC(C)=O,0.7564720231783798,0.7467073498267176
CCCCOC(=O)C(C)OC(=O)CCC,0.5705315075588578,0.515643293971332
CCCCCCCCCOC(=O)C(C)O,0.7945348049335226,0.7988189692146058
CCC=CCCOC(=O)C(C)O,0.7263732426130564,0.7247499136900493
CCCC=CCOC(=O)C(C)O,0.7768533355032012,0.8156800280398017
CC(C)CCOC(=O)C(C)O,0.7124579526514527,0.7316474198705262
CCCCCCOC(=O)C(C)O,0.8055587104753406,0.7155362064873092
CCCCCOC(=O)C(C)O,0.7865569203333981,0.696958891657974
CCCCOC(=O)C(C)O,0.731416571026672,0.696579381534322
CCCOC(=O)C(C)O,0.7544472850807683,0.6592670118846632
CCOC(=O)C(C)O,0.6793398029611623,0.5926513657646963
CCCCCCCCCC(=O)OCc(c1)cccc1,0.7700594822782262,0.7259852912244498
CC(C)c(c1)cc(O)c(C)c1,0.7685211270610263,0.8027457358354875
CCc(c1)cc(O)cc(C)1,0.848801102559993,0.8538866055195262
CCCc(c1)ccc(O)c1,0.8035435815067431,0.7782030340836888
C=CCc(c1)c(O)ccc1,0.9061090815664045,0.9368899260663455
CCc(c1)cc(O)cc1,0.7604063803133922,0.8181973469507575
CCc(c1)c(O)ccc1,0.7501715203758662,0.8240458404140641
Cc(c1)ccc(O)c1,0.8508080454499278,0.885803256905568
Oc(c1)cccc1,0.6890295262942144,0.7529368934478029
O=C(C1)CCCCCCCCCCCCC1,0.8496799733718197,0.8270326290540279
OC(=O)CCc(c1)cccc1,0.8078772021216898,0.804404288659934
OC(=O)Cc(c1)cccc1,0.8238176457394182,0.8139532328973291
OC(=O)c(c1)cccc1,0.8678711534018806,0.851988316313818
OC(=O)CC(C1)CCCC1,0.7733732847263582,0.7205265516639698
COCC(O)=O,0.8301736036110525,0.6197404869247055
CC(=O)C(O)=O,0.8691160099254307,0.7415488254579103
CCCCC(CC)C(O)=O,0.8177298481327195,0.818732013670078
CCCCCCCCCCCC(O)=O,0.8177108516930466,0.7762339889672434
CCCCCCCCCCC(O)=O,0.8309948925235744,0.751303541231672
C=CCCCCCCCCC(O)=O,0.821166954491902,0.8160122852817417
CCCCCCCCCC(O)=O,0.8351180972824472,0.7792961808107652
CCCCCCC=CCC(O)=O,0.8793833181363062,0.8916109445295347
CCCCCCCC=CC(O)=O,0.8158586669924031,0.8620822096971501
CCCCCCCCC(O)=O,0.7984787923238859,0.8202180470390608
CCCCCCC=CC(O)=O,0.8289762867301884,0.8730725502535994
CCCCCCCC(O)=O,0.8152964808644122,0.8266235498251747
CCCCC=CCC(O)=O,0.866470084345837,0.9119747547721577
CCCCCC=CC(O)=O,0.806002350699706,0.8869909502968307
CC(C)CCCC(O)=O,0.8518524402925763,0.8488063304445165
CCCCC(C)C(O)=O,0.7667672476067091,0.7629844156636474
CCCCCCC(O)=O,0.7818024289459247,0.8201288517252219
CCC(CC)C(O)=O,0.7571586755164377,0.8149781384477951
CC(C)CCC(O)=O,0.8566529319459679,0.8397150867220482
CCC(C)CC(O)=O,0.7112419180735928,0.8043173176790994
CCCC(C)C(O)=O,0.8185119901750941,0.7942778868663627
CCCCCC(O)=O,0.6833245147634769,0.7687795456857454
CCC=CCC(O)=O,0.8031087416670808,0.8642642141888809
CCC=CCC(O)=O,0.7974461366735605,0.8735497400932863
CCCC=CC(O)=O,0.6542804620621171,0.8170994018243879
CCC(C)C(O)=O,0.7934323076785288,0.7898046050925371
CC(C)CC(O)=O,0.6668065826444617,0.7703056599598765
CCCCC(O)=O,0.7110641285458457,0.7739193825338373
O=C(O)C(C)C,0.7551348359292365,0.8075683643223296
CCCC(O)=O,0.7076476199702199,0.8252428255346622
CC=CC(O)=O,0.9139267440016743,0.9083890609786386
CCC(O)=O,0.7770178637798503,0.8391309890082046
CC(O)=O,0.844526865168781,0.8624682275097247
CCCc(c1)ccc(OC)c1,0.7479765031517472,0.7470403861993005
CC=Cc(c1)ccc(OC)c1,0.8187990885207055,0.9087314328500807
C=CCc(c1)ccc(OC)c1,0.8170039704324459,0.8722082921942647
COc(c1)cccc1,0.827402519557402,0.8951065730002754
CC(=O)c(c1)scc1,0.8325369377941881,0.8775688837587999
c(c2)cc(o2)CSCc(c1)occ1,0.8917326610062544,0.7783945177172577
O=Cc(c1)scc1,0.8146439796476751,0.8390034249372086
COc(c1)ccc(c1)C(C)(C)C,0.774593519259865,0.8026900092861293
CCCSC(C)=O,0.793429812839168,0.8499500520976824
CCSC(C)=O,0.8426277815463452,0.8431284966712503
OCCSCC,0.7901254593030448,0.8708381682019848
SCc(c1)cccc1,0.8549323984020565,0.8353288422990629
Sc(c1)cccc1,0.7663032516901849,0.840575364387514
SCc(c1)occ1,0.9135473259706712,0.8637488871174331
SC(C1)CCCC1,0.8655942696661902,0.852915776121259
CCCCCS,0.7799670774792925,0.8952113759064141
CC(C)CCS,0.7860961527150013,0.8775809294791319
CCC(C)(C)S,0.7869936582195343,0.8310280234374945
CC(C)(C)S,0.7937910242755362,0.8377805138640865
CCCS,0.8303052977438904,0.9141864552646698
O=CCCc(c1)ccc(c1)C(C)(C)C,0.6736283876394881,0.8153879834623535
O=CCC(C)CC(C)(C)C,0.8040802356629897,0.6832625141985662
OCc(c1)ccc(C)c1,0.8059669867146969,0.8785384445628209
CC(C)(O)CCc(c1)cccc1,0.7136509207385435,0.7515317818445959
CC(C)C(C1)CCC(O)C1,0.7037839840758915,0.7738977424878816
[H]C(C)(C3)C(C2)(C1)C(C3)C(C)(C)C([H])(C(C)(O)C2)1,0.759357512380863,0.8386522168319271
CCOC(OCC)CC(C)CCCC(C)(C)O,0.8383783949722396,0.7264035708766987
CC(C)(O)C(C)(C)O,0.8818482214009181,0.8401510834193108
OCCOCCO,0.8485840575315546,0.7360983327734976
OCC(C)O,0.837175989087948,0.8337953835706835
CC(O)C(C)=O,0.8043485498843284,0.7428921360018172
CC(C)(O)C#CC(C)(C)O,0.7733641079234412,0.6912869631606348
CCC(CC)(CO)CO,0.6502509351201713,0.7144339932965452
CC(O)C(C)O,0.9072421723758918,0.8697298121685559
OCCC(C)O,0.8728849552997384,0.8805260706583932
CS(C)=O,0.8284259981004346,0.8940089554580625
CCCSSCCC,0.8270270203219489,0.8885551874847308
C=CCSSCC=C,0.608192122173331,0.7115419774582606
CSSC,0.8864816589461042,0.9119164627282094
CC(C)SCc(c1)occ1,0.8148124420771239,0.7520325660086395
CSCc(c1)cccc1,0.904914790668332,0.8546545955209163
CSc(c1)cccc1,0.8652790045730346,0.8961959631319464
CCCCCCCCSCCCCCCCC,0.7856804558120146,0.6798947154591123
CCCCCCCCSC,0.922975365563816,0.9170288240290524
CC(C)(C)SC(C)(C)C,0.909139226907434,0.9273351057979231
CCCCSCCCC,0.819316127212018,0.9296201554225829
CC(C)SC(C)C,0.7967845287312432,0.8697609676102277
CCCSCC=C,0.8054565475704474,0.8729617281635463
C=CCSCC=C,0.7681400950812939,0.8408701746961103
O=COC(C1)CCCCCCCCCC1,0.9404091239623791,0.8985842291716144
CCCCCCCCCCCCCCCCCCCCCCCCCC,0.802914966088092,0.44238502218066367
CCCCCCCCCCCCCCCCCCCCCCCCC,0.8005432456379953,0.4258382942710614
CCCCCCCCCCCCCCCCCCCCCCCC,0.8157966009943228,0.4619523120821949
CCCCCCCCCCCCCCCCCCCCCCC,0.8282065459705495,0.509803365829506
CCCCCCCCCCCCCCCCCCCCCC,0.8375345419254296,0.526098718940347
CCCCCCCCCCCCCCCCCCCCC,0.8464046570340614,0.5556668571407418
CCC(C)(C)c(c1)cccc1,0.7996000115345906,0.8558296795936641
CCCCCCCCCOC(=O)CCCCCCCC,0.815063445717486,0.6449744702788771
CC(C)CSSCC(C)C,0.7595980689003113,0.7034753878677066
C=CCCCCCCCCC(=O)OC,0.8545710458156663,0.8486329605471298
CCCC([H])=C([H])COC(C)OCCC([H])=C([H])CC,0.8928070726655344,0.8831018487862266
CCCCCOC(C)OCc(c1)cccc1,0.8230795666408524,0.84363030796091
CCC=CCCOC(C)OCc(c1)cccc1,0.8212975407473418,0.8042579912523653
CCCC=CCOC(C)OCc(c1)cccc1,0.8473213532736716,0.7987747909444305
CCCC=CCOC(C)OCC=CCCC,0.9312895233090303,0.8704339304824908
CCCC=CCOC(C)OCCCCC,0.914167838858465,0.9132483534551802
CCC=CCCOC(C)OCCCCC,0.9346375490946693,0.9052245392864134
CCOC(C)OCc(c1)cccc1,0.8804309112288426,0.871566185239999
CCCCCOC(CCCCC)OCc(c1)cccc1,0.8843273832586684,0.7986808236048876
CCC=CCCOC(CCCCC)OCc(c1)cccc1,0.8407979390718663,0.8314973772726197
CCCC=CCOC(CCCCC)OCc(c1)cccc1,0.9068150208851772,0.8374108013213951
CCCCCC(OCc(c2)cccc2)OCc(c1)cccc1,0.9150622337228729,0.7772006140386327
CC(OCc(c2)cccc2)OCc(c1)cccc1,0.8238633909438674,0.804997780864513
C=CCSC,0.9111055442858713,0.913254159276366
CC=CC(=O)OCc(c1)occ1,0.890332140891726,0.8701375964939163
O=COCc(c1)occ1,0.8759230701274922,0.8458376949527995
C=Cc(c1)cc(OC)c(O)c1,0.8847132424053029,0.8600293702541616
CC(O)C(=O)OCc(c1)cccc1,0.793418967459022,0.8198061321647384
COC(=O)C(C)O,0.9041059108602023,0.6835175291168382
CCCC=CCOC(CCCCC)OCC=CCCC,0.8738945355616661,0.7688418358893083
CCCSC(=O)c(c1)cccc1,0.967406914017301,0.8688956214048847
CCCC=CCOC(CCCCC)OCCC=CCC,0.9146687358763274,0.8947694778187788
CCCC=CCOC(CCCCC)OCCCCC,0.9147556832771272,0.8806447645177699
CCC=CCCOC(CCCCC)OCCCCC,0.9449927465082975,0.925659153400034
CCCCCC(OCC)OCc(c1)cccc1,0.8968802536469753,0.7898994432783889
CCCCCOC(C)OCCCCC,0.9136102467766015,0.8200848359532947
CCC=CCCOC(OCC)CCCCC,0.9220822662497672,0.942693671345448
CCCCCCOC(CCCCC)OCc(c1)cccc1,0.8640124454138217,0.8309136286934149
CCCCCCOC(CCCCC)OCCC=CCC,0.9412448349284631,0.9246352337574566
CCCC=CCOC(OCC)CCCCC,0.9069369137536079,0.8563333357749171
CCCCCOC(CCCCC)OCCCCC,0.8978844459590392,0.8962302273558572
CCCCCCOC(CCCCC)OCCCCC,0.8590257685294307,0.8756544023588135
CCCCCOC(OCC)CCCCC,0.8959942556699374,0.9333466706206824
CCCCOC(OCCCC)CC(C)C,0.8980003232260395,0.9275231968069265
CCCCCOC(C)OCCCC,0.9114089495202099,0.8771069288157939
CCCC=CCOC(C)OCC,0.8367291234667469,0.8376507957845833
CC(C)OC(=O)C(C)=O,0.8982233706121822,0.8532827175275431
CCCOC(=O)C(C)=O,0.8897517220387768,0.8037455923712303
C=CCOc(c1)c(OCC=C)ccc1,0.8596852377249324,0.9191424862452985
CCCCOCCc(c1)cccc1,0.8439959680053736,0.855171295042339
CCCCOC(=O)C(C)=O,0.8824309366789692,0.8770944064165579
Cc(c1)occ1,0.9196556681911987,0.9069390254827226
CC(C)OCCc(c1)cccc1,0.8917691983573777,0.8962493545572258
C=CCOCCc(c1)cccc1,0.848886256917415,0.8790086266255355
OCC(C1)=C([H])CC(C(C)=C)C1,0.8693085161837227,0.9201910256033735
CCCCCCCCCCC(=O)OCC=C,0.8658170681730913,0.8499787264203353
CC(C)=CCOC(=O)c(c1)cccc1,0.912604643150285,0.8489903292295147
CCC(CC)C(=O)OCC(C)C,0.9064108177027991,0.9109529650038409
CCCCCCC(=O)OCc(c1)cccc1,0.83633798736672,0.816511785398859
CCCCOCCOC(=O)CCC,0.8704007746240905,0.8567822462552261
CCC(C)COC(=O)C(C)C,0.8698423726005625,0.8622495665333139
CCC(C)COC(=O)CC,0.8486197665882796,0.7937256820760796
CCCCCC(=O)OCC(C)CC,0.8603893360981889,0.8567090270736226
CCOC(OCC)CCc(c1)cccc1,0.8904041306168715,0.9182964459566847
COCCOCCO,0.9277363035579509,0.7832898961856729
CC(C)C(C2)OC(OC2)C(C)c(c1)cccc1,0.6063846011768101,0.7793911043613948
CCCCC(=C1)C(=O)CC1,0.922806055970017,0.9563527900968591
C(C1)C=COC1,0.6930281468496543,0.8505333438983471
NCCC(C)C,0.6299627540003416,0.6907654226945386
NCC(C)C,0.7420604478303748,0.6998452305189968
CCCCN,0.7631930851005612,0.6927722269175275
CN(C)C,0.6046764948688952,0.8147482743830374
CNC,0.7404120945504334,0.8697316293332215
C=CCN=C=S,0.7607372746350194,0.8535444593428464
CCOC(=O)c(c1)occ1,0.8567284420463073,0.9025591144555579
COC(=O)c(c1)occ1,0.9251942300042113,0.9089971818340151
C=CCOC(=O)c(c1)occ1,0.8242188671721281,0.8218515292134076
CCCOC(=O)C=Cc(c1)occ1,0.8791605354369211,0.9301433297906546
CCOC(=O)C=Cc(c1)occ1,0.7475282001302201,0.8242165658162657
O=C(OCCc(c2)cccc2)c(c1)occ1,0.7880744033898531,0.7753740220020795
CCCCCCOC(=O)c(c1)occ1,0.8383411264928946,0.9188691601576328
O=C(OCCC)C=1OC=CC1,0.8096598853604637,0.8745988452430253
CCc(c1)nccn1,0.69465210958451,0.8233897181240039
Cc(c1)nccn1,0.8083774258248737,0.8533560304436657
c(c1)nccn1,0.7576262968897574,0.8133184482929594
Cc(c1)nc(C)c(C)n1,0.6744342710626073,0.7386089036421015
c(c2)cc(n1)c(c2)ncc1,0.9381647927413966,0.9222124607323775
c(c2)cc(c1)c(c2)cnc1,0.8795576291445806,0.9265211222860906
COc(c1)nccc1,0.8325678916472287,0.8892384922877803
CCc(c1)ccnc1,0.8074171873258003,0.8844048276498073
Cc(c1)cncc1,0.8676790849092079,0.9358015825832972
c(c1)ccnc1,0.7766676941623828,0.8509972292783903
C(C1)CCNC1,0.8312574362725365,0.8361043667383026
CC(C)CCOC(=O)CC(C)=O,0.8524288198619062,0.741599428935872
CCCCOC(=O)CC(C)=O,0.8076540385263886,0.8273926664169905
CCOC(=O)CC(C)=O,0.8044764408495644,0.8260077002044461
CCCCCCOC(=O)CCC(C)=O,0.8370541840371141,0.81852994607741
CC(C)CCOC(=O)CCC(C)=O,0.8373977288523591,0.7496127843623139
CCCCCOC(=O)CCC(C)=O,0.7810339084269118,0.7584408802582017
CC(C)COC(=O)CCC(C)=O,0.8061350126947586,0.7546532503014384
CCCCOC(=O)CCC(C)=O,0.7653834639471478,0.7665082413588529
C=CCOC(=O)CCC(C)=O,0.8417682447186265,0.8019147475446692
COC(=O)CCC(C)=O,0.7456374160690217,0.7660755295774332
CCOC(=O)C(C)=O,0.7377022921190322,0.5643253894742788
CCCCOC(=O)CCCCC(=O)OCCCC,0.9009360173524437,0.9112840495887682
C=CCOC(=O)CCCCC(=O)OCC=C,0.7618575476358058,0.7945336323963504
CCOC(=O)C=CC(=O)OCC,0.6364523054469657,0.7543830057517749
CC(C)OC(=O)CCCCC(=O)OC(C)C,0.8292018737864758,0.8811766277257821
CCCOC(=O)CCCCC(=O)OCCC,0.8887707540486577,0.8991968405955237
CCOC(=O)CCCCC(=O)OCC,0.8794375839754508,0.8839769928239681
COC(=O)CCCCC(=O)OC,0.8120412943205193,0.8834604580253901
CCCCOC(=O)CCC(=O)OCCCC,0.892730634521357,0.9027569280743025
CCOC(=O)CCC(=O)OCC,0.879374995385808,0.9009494824614462
COC(=O)CCC(=O)OC,0.6643036380639824,0.7005266448351691
CCOC(=O)C(CC)(CC)C(=O)OCC,0.754381303302075,0.8764382244713458
CCCCC(C(=O)OCC)C(=O)OCC,0.8456859992065041,0.8844680450329978
CCOC(=O)C(CC)C(=O)OCC,0.7515633996676092,0.8385298665571175
O=C(CC(=O)OC(C)(C)C)OC(C)(C)C,0.9214061411176658,0.7472291036710021
CCCCOC(=O)CC(=O)OCCCC,0.871671184145616,0.8116860939286517
CCCOC(=O)CC(=O)OCCC,0.8528662672805462,0.8390197347363786
CCOC(=O)CC(=O)OCC,0.7996473343845207,0.8135564068899047
COC(=O)CC(=O)OC,0.7722266904283803,0.7653897698371894
CCCCOC(=O)C=CC(=O)OCCCC,0.7642130494240293,0.7556810730344341
C=CCOC(=O)C=CC(=O)OCC=C,0.8844751698999128,0.8466526541943344
CCOC(=O)C=CC(=O)OCC,0.9071294351432365,0.8507781881455844
COC(=O)c(c1)c(OC)ccc1,0.8818617217398409,0.9042346562140737
Oc(c2)c(ccc2)C(=O)OCCc(c1)cccc1,0.8733764160605748,0.9058634381474963
Oc(c2)c(ccc2)C(=O)OCc(c1)cccc1,0.7355368909012199,0.6501425949819638
Oc(c2)c(ccc2)C(=O)Oc(c1)cccc1,0.6520442647706135,0.8165736812529761
CC(C1)CC(OC(=O)c(c2)c(O)ccc2)C(C1)C(C)C,0.8544049514890946,0.8699130538401477
CCCCC(CC)COC(=O)c(c1)c(O)ccc1,0.8672440247544491,0.8926739653908645
CCCCCCOC(=O)c(c1)c(O)ccc1,0.8531427125808732,0.9112043346395937
CCC=CCCOC(=O)c(c1)c(O)ccc1,0.8782944414071597,0.9093969116325455
CC(C)CCOC(=O)c(c1)c(O)ccc1,0.8849156752666891,0.9000984888439705
CCCCCOC(=O)c(c1)c(O)ccc1,0.8604860440360038,0.8804509614853704
CC(C)COC(=O)c(c1)c(O)ccc1,0.8984274970474055,0.8987071661405084
CCCCOC(=O)c(c1)c(O)ccc1,0.8598974824379313,0.9067115859628788
CC(C)OC(=O)c(c1)c(O)ccc1,0.8589733713398328,0.87006058466386
CCCOC(=O)c(c1)c(O)ccc1,0.8467084905112016,0.8780022424073689
CCOC(=O)c(c1)c(O)ccc1,0.7983737846331516,0.8734881131118255
COC(=O)c(c1)c(O)ccc1,0.8577651598358021,0.8751773364645165
O=C(C=Cc(c2)cccc2)OC(C1)CCCC1,0.6559906956759161,0.7547772211578452
CCCC([2H])([H])[2H],0.43524994406569556,0.6197059980721943
CCCC([2H])([H])[2H],0.43524994406569556,0.6197059980721943
CCOC(=O)C(C)(CCBr)Sc(c1)cccc1,0.8887347645983483,0.8876551550049494
Cc(c1)ccc(c1)C(O)=O,0.8795297977414777,0.9057542177183716
CNC(=C1)C(C)OC(=O)1,0.8650230049719069,0.9082948384672649
[H]C(C2)=C(CCC2)C(C)(O1)OCC1,0.8405375891517867,0.9009079984537788
CC(=O)OC(C1)C(CCC1)C(C)(C)C,0.7713768328637178,0.8591377657127942
CCCC(C1)C(CCC1)OC(C)=O,0.7640045512365313,0.7765363814370374
CCC(C1)C(CCC1)OC(C)=O,0.8783462536569451,0.874362700549025
CC(=O)OC(C1)CCC(C)C1,0.8807891065582603,0.8786025386460853
CC(=O)OC(C1)CC(C)CC1,0.8700244597024004,0.8249466171944653
CC(=O)OC(C1)C(C)CCC1,0.8062099816480437,0.879694808356548
[2H]C([2H])([2H])C([2H])([2H])C([2H])([2H])C([2H])([2H])[2H],0.39305223428478553,0.4305375279168796
CCC([H])([2H])C,0.7492779097325346,0.8089380587703171
CCCC,0.7216093614276737,0.8246484654508369
CC(C1)COC1,0.7764346433279039,0.7905499898869266
OC(C1)COC1,0.7593610918332164,0.8569111021858586
CCC(C1)OCC1,0.8185690947591564,0.7852141293345684
CC(C1)OCC1,0.677722794039744,0.8436309596020638
C(C1)COC1,0.5810581444475866,0.7106852876021489
CCC(C1)COC1,0.7262672863984395,0.7959045838416297
CC(C1)C([2H])([2H])C(=O)C(C)(C)1,0.6542209713479046,0.7480598055068056
CC(C1)C([2H])([2H])C(=O)C([2H])(C)1,0.6362955053280319,0.7833046210107698
CC(C1)C([2H])([2H])C(=O)C([2H])([2H])1,0.6128348385936354,0.730215927333942
[2H]C([2H])(C1)C(=O)C([2H])(C)C1,0.4717724602963331,0.7418272894032523
[2H]C([2H])(C1)C(=O)C([2H])([2H])C1,0.49848713176980675,0.6748573132485503
CI,0.7801757869736429,0.7842454963187155
CCC(C)Br,0.6131308912626988,0.5346335610946792
CCBr,0.5280976995733482,0.7558124427455253
O=Cc(c1)c(O)ccc1,0.7393857848596105,0.8722780551664571
CC(C)CCOC(=O)c(c1)c(O)ccc1,0.890188842936435,0.8906181961903549
CC(C)COC(=O)c(c1)c(O)ccc1,0.8250511626176819,0.8639331258708025
CCCCOC(=O)c(c1)c(O)ccc1,0.8632828113212238,0.8925280847752459
CCOC(=O)c(c1)c(O)ccc1,0.7320979519610196,0.7965036288067028
COC(=O)c(c1)c(O)ccc1,0.8239668879746637,0.8602903864655428
CN(C)CCC(C)N(C)C,0.8269572456127647,0.7954582938211202
CN(C)CCCCCCN(C)C,0.7419947727614852,0.5945754798699552
C(C2)Cc(c1)c(C2)ccc1,0.7028337219262901,0.8651836148512477
CN(C)CCCN(C)C,0.7970160608499267,0.7454815995088937
CCCCCC(=O)CCCCC,0.8254601334215533,0.8416847327932948
CCCCCCCC(C1)OC(=O)C1,0.7711944632946787,0.7391283858770046
C=CCCCCCCCCC(O)=O,0.7264166844307951,0.8118142419626851
O=C(C1)c(c2)c(ccc2)CC1,0.7489974634813321,0.8181396601116256
CCCCC(O)=O,0.6447321851179361,0.7838741542363484
CCCCC(=O)OC,0.6925060059466268,0.8189519243471944
CCCCCCCCCCCO,0.8380376791100579,0.8385876948870066
CCCCCCCCCCC,0.8181589351233173,0.8316419441727325
OCC(C1)OCC1,0.8190478091755392,0.7746138374377793
Cc(c1)cc(C)c(C)c(C)1,0.8213225418862541,0.8515302720231632
Cc(c1)c(C)c(C)c(C)c1,0.7267727229155962,0.8242732902592556
CC(=O)OCC(C1)OCC1,0.818448211372529,0.7261968115051822
OCC(C1)OCCC1,0.6545740248680173,0.651945165926435
C(C1)CCOC1,0.620810250787604,0.7296750643689746
CC=CCO,0.7742563176932359,0.8443784681337518
c(c3)ccc(c3)OP(=O)(Oc(c2)cccc2)c(c1)cccc1,0.3002608805592652,0.37446357647815615
CCCCOP(=O)(CCCC)OCCCC,0.36495878632259826,0.607852847274151
CCOCCN,0.7556488309761891,0.6652613036240356
CC(C)(C)O,0.8857011953015138,0.90333551558407
C[Si](C)(C)C,0.7432828320840609,0.763757203988367
C=CCCl,0.7849213944668539,0.8544952198322158
CO,0.7025018424002947,0.7217457935091686
CCOP(=O)OCC,0.6795373132241666,0.7831549302139574
c(c1)ccc(c1)[Si](C)(C)C,0.8523639563919533,0.8448468040612691
c(c1)ccc(c1)[Si](Cl)(Cl)Cl,0.8890957999983857,0.9236787836243772
CO[Si](OC)(c(c2)cccc2)c(c1)cccc1,0.6813521208761285,0.7384341588640367
c(c2)cc(c1)c(c2)c(Br)cc1,0.9032489226455904,0.9147710320120178
CCOC(=O)CC(=O)CCl,0.7783491482630809,0.7090960735047134
Nc(c1)c(S)ccc1,0.8712800028038072,0.8759583484157577
[SiH3]c(c1)cccc1,0.7169688561064239,0.8446259430819111
OC(C1)C(O)CCC1,0.8002038638400377,0.8054356865968925
C=CCBr,0.8229760412500687,0.7696185352067018
CC(=O)C(C)=O,0.9018910272456594,0.7959736763402905
[2H]C([2H])([2H])C([2H])(Cl)C([2H])([2H])[2H],0.24267702902654717,0.47095469166146436
[2H]C([2H])([2H])C(=O)C([2H])([2H])[2H],0.654027992497763,0.6121511056233367
COCCOC(=O)Cl,0.8944762483696477,0.8094547547117866
OCCCC(C)=O,0.7782894728637961,0.7041993533014154
COP(=O)OC,0.5633155101771016,0.688648422530209
CCCOC=O,0.6202209369244707,0.7154367935452608
CCOC=O,0.6270193677702303,0.7215001127721897
COC=O,0.6513841713390299,0.659423146788302
O=C(Cl)Oc(c1)cccc1,0.7529578770197083,0.8415550131100304
Cc(c1)c(N)c(C)cc1,0.7844325308987508,0.8508257870164216
Nc(c1)cc(C)c(C)c1,0.8143942106871532,0.8700515138308557
O=COC(C)C,0.8555975017792699,0.8717863912795007
O=COCc(c1)cccc1,0.8678304731005024,0.9201046815612516
FC(F)(F)c(c1)cccc1,0.7367732716005899,0.819771619555574
CCOCCC(C)=O,0.7065452596196793,0.6685404965263839
c(c2)cc(c1)c(c2)ncc1,0.8669188824331031,0.9270397134500188
CCO[Si](C)(C)OCC,0.8061045766965619,0.8079927112226083
C(C1)CCC=CC1,0.8752944871718142,0.8961968256465973
CCO[Si](C=C)(OCC)OCC,0.7460730747302021,0.7731306365368792
CC(C)Cl,0.6898115312462628,0.8369675065946565
N#CCCOC,0.6891622807387232,0.7116622204383941
C(C1)OCO1,0.7174402839707751,0.8312970039249776
OCCC(C)=O,0.8481210226914767,0.8303692140515481
C(O1)OCOC1,0.7507251071272987,0.6425981897032202
OCCC(C)CCO,0.888548875556165,0.8457688564605638
CCC(C)N,0.8342594126823178,0.8553867284182505
CC(O)CC(C)(C)O,0.9348406358322322,0.9105503309536832
C=C[Si](OC)(OC)OC,0.634664912887451,0.7423671869166455
CC(C)COC(=O)Cc(c1)cccc1,0.8941483730776221,0.8478103661034581
CCCC(=O)OC,0.8479529064535805,0.8431841792371924
C[SiH](C)O[SiH](C)C,0.6978771922941227,0.8017554485098081
C[Si](C)(C)O[Si](C)(C)C,0.8028881931801441,0.840963839623962
C[Si](C)(C)N[Si](C)(C)C,0.7637171915602313,0.772108465179502
CCC(C)C(C)=O,0.8424941809225664,0.7599428802438469
CCCCC(=O)CC,0.8521303636230877,0.8827576433911257
CC(C3)CC(O)C(C3)C(C)(C)c(c1)cc(c2)c(ccc2)c1,0.6161229252754838,0.8015533449569813
CC(C2)=CC([H])(C(C(C)=O)1)C([H])(C2)C(=C)CC1,0.8597305168844235,0.8210449709968184
O=CC(C2)=CC([H])(C(C=C)1)C([H])(C2)C(=C)CC1,0.8817425769420602,0.8844874403553997
CC(C)=CCOc(c1)cc(O2)c(C=CC(=O)2)c1,0.8998822040662193,0.8096464257141538
COc(c1)ccc(COCc(c2)ccc(OC)c2)c1,0.3106072358468928,0.21058514131508738
c(c1)c(ccc(C(c(c4)ccc(c4)OC)OC(c(c3)ccc(c3)OC)c(c2)ccc(c2)OC)1)OC,0.8918730734245093,0.8085150733562139
COc(c2)ccc(c2)C(C)OC(C)c(c1)ccc(OC)c1,0.9279982254560311,0.8651800206259835
COc(c1)ccc(c1)C(C)Cl,0.7439086375589061,0.7704764861969773
COc(c2)cc(cc2)COCc(c1)cc(OC)cc1,0.6683470215846721,0.49797804507154464
COc(c2)c(ccc2)COCc(c1)c(OC)ccc1,0.7354441026304733,0.6545437333780237
CN(C)c(c2)ccc(c2)Cc(c1)ccc(N(C)C)c1,0.7735142402736546,0.7932766898600788
COc(c2)ccc(c2)COC(C)c(c1)ccc(OC)c1,0.8413950127512494,0.8893625514365187
COCOc(c1)ccc(COCc(c2)ccc(OCOC)c2)c1,0.6280136553043552,0.6707471011418815
CCOC(=O)C(C)Sc(c1)cccc1,0.8804819080420008,0.9027384360440286
CN(C1)C(=O)CC1,0.631685567679066,0.8018316521111232
c(c2)ccc(c2)c(c1)cccc1,0.8415732606036093,0.8447353362038709
Fc(c(F)1)c(F)c(F)c(C=NOCc(c(F)2)c(F)c(F)c(F)c(F)2)c(F)1,0.859274941429315,0.7878935337927444
OCc(c(F)1)c(F)c(F)c(F)c(F)1,0.8109549198479641,0.7911704638826621
O=Cc(c(F)1)c(F)c(F)c(F)c(F)1,0.811909258891063,0.8212023645929865
N#Cc(c(F)1)c(F)c(F)c(F)c(F)1,0.7617015421274521,0.8051050392206958
CCCC=CC=NOCc(c(F)1)c(F)c(F)c(F)c(F)1,0.5893992310910048,0.47741010365452186
CCCCC=CC=NOCc(c(F)1)c(F)c(F)c(F)c(F)1,0.5818096249068644,0.4124191906476422
CC=CC=NOCc(c(F)1)c(F)c(F)c(F)c(F)1,0.5515843405577282,0.5775884592293296
C=CC=NOCc(c(F)1)c(F)c(F)c(F)c(F)1,0.8293157057580726,0.8144194464653107
CC(C=NOCc(c(F)2)c(F)c(F)c(F)c(F)2)=NOCc(c(F)1)c(F)c(F)c(F)c(F)1,0.7160043392778924,0.5291187046717096
C(C=NOCc(c(F)2)c(F)c(F)c(F)c(F)2)=NOCc(c(F)1)c(F)c(F)c(F)c(F)1,0.8180226792451639,0.7125947369631427
c(c2)ccc(c2)C=NOCc(c(F)1)c(F)c(F)c(F)c(F)1,0.7235506614592242,0.7845914484398941
CCC(C)=NOCc(c(F)1)c(F)c(F)c(F)c(F)1,0.7114855705119447,0.7586374119619503
CC(C)=NOCc(c(F)1)c(F)c(F)c(F)c(F)1,0.7945609381249723,0.8163815838364124
CCCCCCCCCCCCCC=NOCc(c(F)1)c(F)c(F)c(F)c(F)1,0.8067228906758759,0.8113671619226381
CCCCCCCCCCCCC=NOCc(c(F)1)c(F)c(F)c(F)c(F)1,0.7830419001817456,0.8183493361747527
CCCCCCCCCCCC=NOCc(c(F)1)c(F)c(F)c(F)c(F)1,0.7673436669675856,0.7760253681945418
CCCCCCCCCCC=NOCc(c(F)1)c(F)c(F)c(F)c(F)1,0.751482768395647,0.731295225625247
CCCCCCCCCC=NOCc(c(F)1)c(F)c(F)c(F)c(F)1,0.7414270944651338,0.7020712845290369
CCCCCCCCC=NOCc(c(F)1)c(F)c(F)c(F)c(F)1,0.7241420537325354,0.7387219666351044
CCCCCCCC=NOCc(c(F)1)c(F)c(F)c(F)c(F)1,0.7336694423583113,0.7753574326142009
CCCCCCC=NOCc(c(F)1)c(F)c(F)c(F)c(F)1,0.7347624855302743,0.8214116194892546
CCCCCC=NOCc(c(F)1)c(F)c(F)c(F)c(F)1,0.6934617497612159,0.7593329347021368
CCCC=NOCc(c(F)1)c(F)c(F)c(F)c(F)1,0.7341021404719561,0.7822764605681712
CCC=NOCc(c(F)1)c(F)c(F)c(F)c(F)1,0.7186381413504997,0.6355968662332921
CC=NOCc(c(F)1)c(F)c(F)c(F)c(F)1,0.7379010289085953,0.7394823268986189
C=NOCc(c(F)1)c(F)c(F)c(F)c(F)1,0.8102760019639479,0.7576315536276718
CC(Br)CBr,0.8391669355269553,0.8505850195438925
c(c1)cccc1,0.7403921163924363,0.85685026639079
ClC(Cl)=C(Cl)Cl,0.8719197831267526,0.8420758136949182
ClC=C(Cl)Cl,0.7491609813789082,0.7922896998281418
O=Cc(c1)c(c2)c(ccc2)cc1,0.8874173124105037,0.9018641711613237
O=Cc(c(C)1)c(C)cc(C)c1,0.8425021463740122,0.8374558893542692
O=Cc(c1)ccc(OC)c1,0.8467859397194363,0.8165590683735372
O=Cc(c1)ccc(C)c1,0.8753542845089248,0.8550195107991323
[2H]c(c([2H])3)c([2H])c(n1)c(c([2H])3)c([2H])c(c([2H])2)c(c([2H])c([2H])c([2H])2)1,0.7907742205084721,0.8198029608868401
[2H]c(c([2H])3)c([2H])c(c([2H])1)c(c([2H])3)c([2H])c(c([2H])2)c(c([2H])c([2H])c([2H])2)1,0.7085405299511984,0.8171542517806367
Fc(c2)c(ccc2)c(c1)cccc1,0.7857838345895126,0.8197422728818393
[2H]c(c([2H])1)c([2H])c(c([2H])2)c(c([2H])c([2H])c([2H])2)c([2H])1,0.5164025381599214,0.7593063630449995
[2H]c(c([2H])1)c([2H])c([2H])c(O)c([2H])1,0.7743122149332213,0.7919542587503828
CCCCCCO,0.8295845120307109,0.8028171846030899
OCCC(C)CC,0.8267957482264353,0.846892628710171
c(c3)cc(c(Br)1)c(c3)c(Br)c(c2)c(ccc2)1,0.7933223573608178,0.8112502444468122
Brc(c2)ccc(c2)c(c1)ccc(Br)c1,0.8414992202201147,0.8482125433064941
Fc(c(F)2)c(F)c(F)c(c(F)2)c(c(F)1)c(F)c(F)c(F)c(F)1,0.6980816374657743,0.7559735122515123
Brc(c1)cc(Br)cc1,0.9151622095046382,0.8997730243638433
O=Cc(c1)cccc1,0.8881001706037809,0.8819064084757774
CCCCC(C)=O,0.7646070499777635,0.785850216937482
C=CCCCCCCCCC=O,0.828209379998474,0.8559002039995233
CCCCCCCCCCCCCC=O,0.8580316987033488,0.7650471530044702
CCCCCCCCCCCCC=O,0.8669408621908674,0.7949093654532884
CCCCCCCCCCCC=O,0.8676313507126668,0.8144668823664889
CCCCCCCCCCC=O,0.8590798177846,0.8127518160413695
CCCCCCCCCC=O,0.8473500013712426,0.8602890045491429
CCCCCCCCC=O,0.8270356469967266,0.8481375253692073
CCCCCCCC=O,0.8124493360327871,0.8032401636087003
CCCCCCC=O,0.7556766874521732,0.8230229546600575
CCCC=CC=O,0.8464285771081893,0.8848329926926082
CCC=CN(C(=O)CC)C(C)C(C)(C)C,0.9159794730175366,0.8503320875337251
CCCCN(CC=CC)C(=O)CC(C)=O,0.7917601047897933,0.7826394630132341
CCCCN(CC([2H])=CC)C(C)=O,0.27560859233076157,0.43384724949829645
C=CC([H])(C)C([H])(C)C(=O)NC([H])(C)c(c1)cccc1,0.5983409053296389,0.47418160563331446
CCOC(=O)C(C)(C)COC(=O)NC(C)c(c1)cccc1,0.5844901619384735,0.48010727267100634
Cc(c1)ccc(c1)S(N)=O,0.8126369924103108,0.7495071987100832
CCCCN(C(=O)c(c1)cccc1)C(=O)C(C)(C)OC(C)=O,0.918327905925501,0.7150331436007624
CCCCNC(=O)C(O)C(C)C=C,0.5751226583170728,0.4474954467256624
CCCCN(CC=CC)C(=O)COC(C1)OCCC1,0.5881579707181059,0.5455000116644018
CCCCN(C(=O)COC(C)=O)C(=O)c(c1)cccc1,0.9074658321143432,0.7092371535710604
CC(C)CSC,0.788791670610962,0.8886342368199722
CCCSC,0.8120433216475873,0.9160052365323866
CCSCC,0.8757180343304174,0.9079339108511589
CSC,0.8656797816592795,0.8740356174568983
CCSC,0.8847215492697273,0.9283695483731139
OCc(c1)scc1,0.8308684380271022,0.8709105620351426
CCCC(SC)CCO,0.9001532373227884,0.9259190203092588
OCCCSC,0.8476335403600899,0.8889352661501995
CCCCCCCCCCCCCS,0.8977489018628138,0.8697209563170247
CCCCCC(C)(C)S,0.5428556180712175,0.6146693603787741
CCC(C)CS,0.8721963588151735,0.8957713460141098
CCCCS,0.874168298521008,0.9264852250204496
CCS,0.7611673767288342,0.852305480122444
CCCCCCCCCC(C1)OC(=O)CC1,0.7834937211895409,0.7454069784131226
CCCCCCCCC(C1)OC(=O)CC1,0.7738315952715821,0.7234729492411583
CCCCCCCC(C1)OC(=O)CC1,0.7498134904074062,0.7309414566105075
CCCCCCC(C1)OC(=O)CC1,0.7187825194974504,0.7409829302140434
CCCCCC(C1)OC(=O)CC1,0.6711182032954182,0.6599609018842727
CCCCC(C1)OC(=O)CC1,0.5730383276250277,0.6986055166287577
CCCC(C1)OC(=O)CC1,0.6795652028748683,0.659636018466164
CC(C1)OC(=O)CC1,0.690352199869684,0.7632853327900703
CCCCCCCCC(C1)OC(=O)C1,0.7479716822303311,0.7338178073472819
CCCCCCCC(C1)OC(=O)C1,0.7689496183753723,0.7364413015379048
CCCCCCC(C1)OC(=O)C1,0.802231522295088,0.7100311455726339
CCCCCC(C1)OC(=O)C1,0.7742777832721245,0.7758930838606681
CCCCC(C1)OC(=O)C1,0.8033731059174534,0.7936756449796804
CCCC(C1)OC(=O)C1,0.6833334973863133,0.7534191831394511
CCC(C1)OC(=O)C1,0.7448231037869663,0.7745586482136525
CC(C1)OC(=O)C1,0.8466550224540191,0.8439357807133594
O=C(C1)OCC1,0.768525447274517,0.7872350331755448
O=C(C1)Oc(c2)c(ccc2)C1,0.8189355199465665,0.8478631864600485
O=C(C1)OCCOC(=O)CCCCCCCCCC1,0.7453056515332329,0.6429468664573099
O=C(C1)OCCOC(=O)CCCCCCCCC1,0.768381284566589,0.728299522074085
O=C(C1)OCCCCCCCCCCCCCC1,0.8490837922992986,0.8305643524068805
O=C(C1)OCCCCCCCCCCCCC1,0.8316172721433334,0.7952580474159328
CCCCCCC(C=O)=Cc(c1)cccc1,0.8868684260445755,0.8693213345744975
O=CC(C)Cc(c1)ccc(c1)C(C)(C)C,0.7313304574424712,0.7949168811594217
CCCCCC(C=O)=Cc(c1)cccc1,0.817588681122605,0.9021130774938267
O=CC(C)Cc(c1)ccc(C(C)C)c1,0.7696404317271515,0.8571397333604334
CCCCC(C=O)=Cc(c1)cccc1,0.8957340582406476,0.9286885603462972
O=Cc(c1)cc(O2)c(OC2)c1,0.8864788057985078,0.8964700917318911
O=Cc(c1)ccc(C(C)C)c1,0.8277458849242695,0.8807262690683982
O=CC(C)=Cc(c1)cccc1,0.8608858183185597,0.8895105594066243
O=Cc(c1)cc(OC)cc1,0.8764012452918515,0.8873080182342561
O=Cc(c1)c(OC)ccc1,0.8587361134969388,0.8987804908734525
O=Cc(c1)ccc(OC)c1,0.8191614446765092,0.8625788316167098
O=CC(C=1C=CC=CC1)C,0.7362315284549945,0.7791386857027582
O=CCCc(c1)cccc1,0.89325059893011,0.9127081753878598
O=CC=Cc(c1)cccc1,0.930884993010345,0.9508420551365746
O=Cc(c1)ccc(C)c1,0.8617937205006164,0.8801171357418024
O=Cc(c1)cc(C)cc1,0.8514297840443846,0.8676789168944016
O=Cc(c1)c(C)ccc1,0.8146232972386709,0.8081298327411764
O=Cc(c1)oc(C)c1,0.7985485671212831,0.8386408396344209
O=Cc(c1)occ1,0.8198852960296545,0.8668065170513032
O=CCC(C)CCCC(C)(C)OC,0.6001004714752955,0.49134184826745725
O=CCC(C)CCC=C(C)C,0.8564280256985513,0.8986076117363933
O=CC=C(C)CCC=C(C)C,0.8415592566588468,0.806188665924182
O=CC=C(C)CCC=C(C)C,0.8774205177874866,0.8722976538696552
O=CC(C1)=CCC(C(C)=C)C1,0.8131516955394826,0.8448372927365704
O=CC(=C2)C([H])(C1)C(C)(C)C([H])(C2)1,0.8204513027158183,0.8709011772873559
CCCCCCCCCC(C)C=O,0.5601841176769162,0.6473641457552506
CCCCCCCCCCCCCC=O,0.8902124052805263,0.8752156333741418
CCCCCCCCCCCCC=O,0.9048063210769938,0.8840213327263474
CCCCCCCCCCCC=O,0.899208079685207,0.8827639775800835
CCCCCCCCCCC=O,0.887193800298676,0.8586740610148762
C=CCCCCCCCCC=O,0.8275344236255843,0.8435499495981709
CCCCCCCCCC=O,0.9024622269521183,0.8771900185880365
CCCCCCCC=CC=O,0.8939644770185736,0.9130131194044275
CCCCCCCCC=O,0.8866699091929473,0.8585559361954049
CCCCCCC=CC=O,0.9055277944956931,0.9232592407239861
CCCCC(CC)C=O,0.6556386086046587,0.6210559512082539
CCCCCCCC=O,0.8682456245864937,0.8565966693328106
CCCC=C(CC)C=O,0.8686059742264466,0.9145641079344284
CCCCCCC=O,0.8160286037577958,0.8291446298416936
CCC=CCCC=O,0.9004604061996515,0.9334971841214841
CCCCC=CC=O,0.9085296422397551,0.9274074191658723
CCCCCC=O,0.7810068515195557,0.7971539642132515
CCC=C(C)C=O,0.7989918573839689,0.8711669907664085
CCC=CCC=O,0.7450684562236748,0.7996809407551
CCCC=CC=O,0.8792347099548263,0.908559523866148
CCCCC=O,0.6222380611091123,0.6940953953188224
CC(c(c2)cccc2)C(O1)OCC1,0.573118962500568,0.5959925621835073
CCCCCCC(O1)OCC1,0.8947818487497957,0.718537407274986
CCCCC(CC)C(O1)OCC1,0.9599120046563723,0.8844287367488586
CCOC(OCC)c(c1)cccc1,0.9247692316174457,0.9249254349475023
CCCCCCOC(C)OCc(c1)cccc1,0.8480309902372353,0.8605003460620289
CC(C)CCOC(C)OCc(c1)cccc1,0.8907209886023113,0.918226776481134
CCCCCc(c1)c(ccc1)C([H])=C([H])C(OCC)OCC,0.8381077170749938,0.884441307334259
COC(OC)C(C)c(c1)cccc1,0.7268776897150605,0.6554599773871846
COC(OC)Cc(c1)cccc1,0.8069596867706438,0.7860963102992404
COC(OC)c(c1)cccc1,0.8888303277436472,0.8705199985465092
COC(OC)CCc(c1)cccc1,0.7960466272356956,0.8076271013352602
CCOC(OCC)CC(C)CCC=C(C)C,0.8468583723951472,0.8725898061453404
COC(OC)CC(C)CCC=C(C)C,0.807801311303599,0.8592813306841109
COC(OC)C=C(C)CCC=C(C)C,0.827865350325749,0.8860575483270952
COC(OC)C=C(C)CCC=C(C)C,0.8431538516487131,0.8951226426829357
CCCCCCOC(CCCCC)OCCCCCC,0.860326758561921,0.8721550241015745
CCCCCCOC(CC)OCCCCCC,0.8938682954925663,0.8359266166697514
CCCCCCOC(C)OCCCCCC,0.789053971854936,0.7563722659105147
CCC=CCCOC(C)OCCC=CCC,0.8145088324487042,0.8473234079071728
CCCCCCOC(C)OCCC(C)C,0.917508189583993,0.8621635590404297
CCCCCCOC(C)OCC(C)C,0.9130637201638324,0.8302834808740064
CC(C)CCOC(C)OCC(C)C,0.9472136695945512,0.9049133814878626
CCCCCCOC(OCC)CCCCC,0.8936492994954577,0.9185818763876473
CCCCCCOC(C)OCC,0.8690506883283358,0.8295701773902293
CCOC(C)OCCC([H])=C([H])CC,0.8036062728462231,0.7747896186437435
CCCCOC(CCCC)OCCCC,0.8799213235120039,0.9243160655035699
CCOC(C)OCCC(C)C,0.8954717267846022,0.8941093268233131
CCCCCCCC(OCC=C)OCC=C,0.8576960752146661,0.8578764408818694
CCCCCCCC(OCC)OCC,0.8665978157094515,0.8129385135535154
CCCCCC=CC(OCC)OCC,0.8479833161576077,0.884590957895752
CCC=CCCC(OCC)OCC,0.8704436259999773,0.866056091709766
CCCCCC(OCC)OCC,0.8693310200965874,0.8315520414659339
CCCC=CC(OCC)OCC,0.7983788882265656,0.8349121663531628
CCOC(OCC)CC(C)C,0.9175671677528632,0.853625781423359
CCCCC(OCC)OCC,0.8972950860965989,0.8922034922347929
CCC=CCC(OCC)OCC,0.7950841665513572,0.7378781181666398
CCOC(CC)OCC,0.8420540341957528,0.8938843075018312
CCOC(C)OCC,0.8452202016216674,0.8621414928893594
CCCCCCCCCC(C)C(OC)OC,0.8716771255163653,0.7383903741078982
CCCCCCCCCCCC(OC)OC,0.8450356835216674,0.7602125578404756
CCCCCCCCCC(OC)OC,0.9074026212805638,0.8659800128274087
CCCCCCCCC(OC)OC,0.9059840311484976,0.8773486818387202
CCCCCCCC(OC)OC,0.8768062068336502,0.8578706158371032
CCCCCCC(OC)OC,0.9136728211617359,0.8956306118275308
CCCCCC(OC)OC,0.9117982234337717,0.9070511255864899
COCC(OC)OC,0.8426643203872953,0.8144346319750521
COC(C)OC,0.8410196929154434,0.8304044714858139
CCC(=O)CC(C)(C)c(c1)cccc1,0.8835486874154922,0.8847681478923957
CC(=O)CC(C)(C)c(c1)cccc1,0.9393016990776322,0.9140531377878358
O=C(C1)CCCC=CCCCCCCCCC1,0.8477175665648928,0.834008969373572
CC(=O)C(C21)C(C)(C)C(CC2)C1,0.8099043523268593,0.8384663417663489
CC(=O)CC(C)(C)C(C1)CCCC1,0.8816215474373132,0.8689507887659798
CCC(C)(C)C(C1)CCC(=O)C1,0.8028069419834704,0.786905156746773
O=C(C1)C(CCC1)C(C)(C)C,0.7430657314357305,0.7783670941327632
CCCCCC(=O)OCC=C,0.9037960289191882,0.86292617298818
CC(=O)C(=O)c(c1)cccc1,0.8503315567365185,0.781713542926962
COc(c1)ccc(C=CC(=O)C(C)C)c1,0.5350009114195092,0.6722971913405124
CCC(=O)C=Cc(c1)ccc(OC)c1,0.7780476856950602,0.8114107402057142
COc(c1)c(OC)cc(C(C)=O)c1,0.7964336576216905,0.8127201388683033
COc(c1)ccc(CCC(C)=O)c1,0.793948049246029,0.8369247664891107
COc(c1)ccc(c1)C(C)=O,0.8155279228421602,0.8638777978034884
O=C(CCc(c2)cccc2)c(c1)cccc1,0.7250773390724751,0.7470003306219112
Cc(c2)c(ccc2)C(=O)c(c1)cccc1,0.8534629100413996,0.8269334431990152
COc(c1)c(OC)ccc1,0.8307533103747332,0.8235589735704062
CCOC(OCC)c(c1)ccc(OC)c1,0.8882428752049094,0.9156415322208088
CCOC(OCC)Cc(c1)cccc1,0.8537597190686819,0.8491509508480934
CCCCCCOC(CCCCC)OCC=CCCC,0.879555216950956,0.847816179456505
CCC=CCCOC(CCCCC)OCCC=CCC,0.9236809212234615,0.9121687049492967
CCCCOC(C)OCCCC,0.8997451526100444,0.8279259902505015
COC(OC)CC(C)=O,0.7323055523932354,0.8946419534503713
COc(c1)ccc(CC(C)=O)c1,0.708527951535912,0.7797531239734636
O=C(C1)NCCC1,0.7112453334818722,0.8121967399944738
CCC(O)C(=O)CC,0.6601016329050875,0.6797931625667709
CC(=O)CC(C)(C)O,0.8666450422319004,0.8893317984775608
CC(C)CCC(C)=O,0.8281212584406564,0.7794640145131502
CCCCCCC(=O)C(C)=O,0.8919635759497028,0.7181132183899492
CCCCCCCCCC(=O)CC,0.8655421897653721,0.8022181289417291
CCCCCCCCCCCCCCC(C)=O,0.797209929834357,0.5834511040801075
CCCCCCCCCCCCC(C)=O,0.8275594996267946,0.6321990214696434
CCCCCC=CC=O,0.87677439868538,0.895830972326731
CCC(C)(C)O,0.8565770334868462,0.8458993650297604
CC(C)CCOC(C)c(c1)cccc1,0.9179393547365906,0.9392065698124872
OCCOc(c1)ccc(C)c1,0.8656939073857717,0.9190432642885668
OCCOCc(c1)cccc1,0.7588821830035424,0.7866159830850485
CCCCOCc(c1)cccc1,0.8245612041750285,0.7691711813684536
COCc(c1)cccc1,0.8679017357827509,0.8560652245621628
CC(O1)OC(C)OC(C)1,0.6952015840428948,0.6437361669322432
CCCCCCCCCCCCCCCCCCO,0.8872611461922952,0.7717600905584173
C=CC(O)(C1)CCCC1,0.6015682945129393,0.7829334067850018
COc(c1)c(O)ccc(C)1,0.8602559931724699,0.863399209647516
OCCCCCCCCCCCCO,0.8961343222509595,0.8527997187919942
c(c2)ccc(c2)C(O)c(c1)cccc1,0.7828830993529731,0.7626677093658558
OCC(O)c(c1)cccc1,0.8413339617010105,0.8233616170090498
OCc(c1)ccc(O)c1,0.8523464537834724,0.8375252908886092
CC(O)CCc(c1)cccc1,0.8397011162561056,0.8881582680589295
c(c2)ccc(c2)c(c1)cccc1,0.8666633941109535,0.9098674170456753
c(c2)cc(c1)c(c2)ccc1,0.7815369244559556,0.8382171777615987
Oc(c1)c(c2)c(ccc2)cc1,0.8999412703757389,0.9015002772973804
c(c3)cc(C1)c(c3)c(c2)c(ccc2)1,0.8770769395986913,0.8873632406802624
OCCOc(c1)cccc1,0.8386489547557107,0.8674624555913193
CCCCCc(c1)cccc1,0.8349484395373687,0.8650225186183159
CC(=C)C(C)=C,0.9137688742079719,0.9132313506077625
ClC(Cl)C(Cl)Cl,0.8174852572817072,0.7809107574655506
CCCC(C)C,0.8029496375607297,0.8592363876897722
CCCCCCC,0.9107912859937818,0.8517428908222814
CC(=O)c(c1)c(O)ccc1,0.826217573103563,0.8164034377173863
C#CC(O)(C1)CCCC1,0.7949580785454493,0.8521466259672336
CC(C1)=CC(=O)CC1,0.5807052842955525,0.7162906678462317
CCCCCCCCCCCCOC(=O)CCC,0.9053503039689959,0.921900550144049
CCCC(C)OC(=O)CCC,0.8589748616599584,0.9039584767491782
CCCC(=O)Oc(c1)cccc1,0.8713348946458426,0.8719974057746046
CCCCC(CC)OC(=O)C(C)C,0.9167424266625274,0.8447482179104409
CCCC(=O)OCC(C)CC,0.8880461312470382,0.8750351066759386
CCCC(=O)OC(C)(C)CCc(c1)cccc1,0.896781970794464,0.8941664917415735
COC(=O)CCc(c1)cccc1,0.8458401987644165,0.8737711685844031
CCC(=O)OC(C)(C)Cc(c1)cccc1,0.7498756777174589,0.7101895959547244
CCCCC(CC)OC(C)=O,0.8673136726668601,0.8643199326465021
CCCCC(CC)OC(=O)CC,0.8478820897038944,0.8101854418426976
CCCCCC(CC)OC(=O)CC,0.8550344215548605,0.7852110090369823
CCCCCCC(C)OC(C)=O,0.7731410839824173,0.7676688452844452
CC(C)CC(CC(C)C)OC(C)=O,0.8549331850497683,0.8170429194106411
CC(=O)COC(C)=O,0.8956078589987403,0.5449305977201425
CC(=O)OC(C)C(C)=O,0.8804172340460498,0.8286415807645414
CCOCCOC(C)=O,0.8075822549242557,0.8440977451533791
C=CC(C)(C)OC(C)=O,0.938449874191427,0.9285623982971927
CCC(C)SSC(C)CC,0.7375378813373938,0.7646275208466833
CC(C)CCOC(=O)Cc(c1)cccc1,0.8717593178291093,0.8316606971155813
Cc(c2)ccc(c2)OC(=O)Cc(c1)cccc1,0.9197550011315568,0.9158507479598677
CC(=O)OC(c(c2)cccc2)c(c1)cccc1,0.07893644005707467,0.2130537568056991
CC(=O)OC(C)(C)CCc(c1)cccc1,0.9101623790169296,0.9094480518027468
CC(=O)OC(C)(C)Cc(c1)cccc1,0.7598055301065407,0.8048403990738902
CC(=O)OCc(c1)oc(C)c1,0.607614335402448,0.7735824177544928
CC(=O)OC(C1)C(CCC1)C(C)(C)C,0.8588307241997042,0.8637305738903491
CCCCCCC(C)(CC)OC(C)=O,0.8617488308123846,0.8954258887074357
C=CCCCCCCCCCCOC(C)=O,0.8460370488932138,0.682144154407168
CC(=C)C(C1)CC(O)C(C)=C1,0.7538800680954237,0.8754508508833702
CCCCCCCCCC=CCOC(C)=O,0.8254124427205776,0.8467171013057038
CCCCCCCC=CCOC(C)=O,0.8229408161108843,0.8693428576683931
CCCCCCC=CCOC(C)=O,0.8257891375249373,0.8953154384193698
CCCCC=CCOC(C)=O,0.8000731118269057,0.8768821427410687
CCC(C)OC(C)=O,0.7211839970469671,0.8276466274948713
CCCCCCCCCCCOC(C)=O,0.8809201914609024,0.8861626580478085
O=COCc(c1)ccc(C)c1,0.9000671273861793,0.9061159947765416
CCCCC(CC)OC=O,0.9031525257085449,0.9284544415509067
CCC=CCCOC(=O)C=Cc(c1)cccc1,0.8006236574880538,0.7825017382975867
CC(C)CCOC(=O)C=Cc(c1)cccc1,0.8582765716599173,0.8948763309240151
CCCCCOC(=O)C=Cc(c1)cccc1,0.804834903992167,0.8682217243976924
CC(C)COC(=O)C=Cc(c1)cccc1,0.7527865508482197,0.815481649884034
CCCCOC(=O)C=Cc(c1)cccc1,0.8223299898900565,0.8648183281160219
CC(C)OC(=O)C([H])=C([H])c(c1)cccc1,0.8254648953605122,0.8477332290353736
O=C(OCCC)C=CC=1C=CC=CC1,0.8350270679226841,0.8746076948165757
C=CCOC(=O)C=Cc(c1)cccc1,0.8439352363999437,0.8302696363682466
CCOC(=O)C=Cc(c1)cccc1,0.8420589842287399,0.8695413556308584
COC(=O)C=Cc(c1)cccc1,0.9439608889864483,0.9510208909881576
C=CCOC(=O)COc(c1)cccc1,0.7427250566516821,0.7099218393819339
CC(C)COC(=O)c(c1)c(N)ccc1,0.8336074323684468,0.9052131809692823
CCCCOC(=O)c(c1)c(N)ccc1,0.8205612522571215,0.905249332226387
C=CCOC(=O)c(c1)c(N)ccc1,0.856278607711586,0.7976621884734947
CCCCOC(=O)c(c1)c(ccc1)C(=O)OCCCC,0.9015493049497095,0.8390167837148429
C=CCOC(=O)c(c1)c(ccc1)C(=O)OCC=C,0.6899748503753228,0.7442967823289204
CCOC(=O)c(c1)c(ccc1)C(=O)OCC,0.8253076152947032,0.8943399039239842
COC(=O)c(c1)c(ccc1)C(=O)OC,0.8644159264936163,0.8840779789317778
CCOC(=O)c(c1)ccc(OC)c1,0.7911029589564621,0.8548566322547306
COc(c1)ccc(c1)C(=O)OC,0.7835988802416528,0.8338146974952406
O=C(OCc(c2)cccc2)Cc(c1)cccc1,0.7911741840915747,0.6725847456028501
CCCCCCCCOC(=O)Cc(c1)cccc1,0.8546225078117372,0.7955439317458932
CCCCCCCOC(=O)Cc(c1)cccc1,0.7993090394635362,0.8101726262632245
CCCCCCOC(=O)Cc(c1)cccc1,0.7803223709855056,0.8324472996033414
CCC=CCCOC(=O)Cc(c1)cccc1,0.7873455038583306,0.8130651213860809
CCCCCOC(=O)Cc(c1)cccc1,0.8291412212531433,0.8425754654079838
CC(C)COC(=O)Cc(c1)cccc1,0.8941268442914292,0.8333253933013032
CCCCOC(=O)Cc(c1)cccc1,0.8738278561784892,0.8662710874643988
CC(C)OC(=O)Cc(c1)cccc1,0.8589824510910065,0.7860264023928089
CCCOC(=O)Cc(c1)cccc1,0.8798448921995197,0.8377225008539667
CCOC(=O)Cc(c1)cccc1,0.8137497073306252,0.8390216032555506
COC(=O)Cc(c1)cccc1,0.8758320309992447,0.8976337307839548
O=C(OCCc(c2)cccc2)c(c1)cccc1,0.9152033999405147,0.8493816063869378
O=C(OCc(c2)cccc2)c(c1)cccc1,0.8622456738454877,0.8556282675859388
O=C(Oc(c2)cccc2)c(c1)cccc1,0.9103727477159498,0.8513561249559917
CCCCCCCCOC(=O)c(c1)cccc1,0.9102564440716495,0.8766760127168123
CCCCCCOC(=O)c(c1)cccc1,0.9120823321274903,0.8713508285498628
CCC=CCCOC(=O)c(c1)cccc1,0.8726676477386531,0.8482794052931457
CC(C)CCOC(=O)c(c1)cccc1,0.8773556224017091,0.8622817614306089
CCCCCOC(=O)c(c1)cccc1,0.9047904385404615,0.8902956121863255
CC(=C)CCOC(=O)c(c1)cccc1,0.8408029908940491,0.7801852012629235
CC(C)COC(=O)c(c1)cccc1,0.9241200742817965,0.9241015434808798
CC(C)COC(=O)c(c1)cccc1,0.8819701453723077,0.8725412529178849
CC(C)OC(=O)c(c1)cccc1,0.8589714664376396,0.8733724552053104
CCCOC(=O)c(c1)cccc1,0.8101871784031898,0.8296076053474201
C=CCOC(=O)c(c1)cccc1,0.8401009183353341,0.7660013947597303
CCOC(=O)c(c1)cccc1,0.8781941709102756,0.8609826538321081
COC(=O)c(c1)cccc1,0.8871795748509064,0.8650372923118331
OC(=O)CC(C)CC(C)(C)C,0.8375387099284588,0.8323943042951611
CCCCCCCCCCCC(=O)OCCCCC,0.7007198335079995,0.5871355471620741
CCOC(=O)C(CC)CC,0.8039552448781854,0.8603384880170664
CCCCCC(=O)OCC=Cc(c1)cccc1,0.7123056698260444,0.8051629724186461
CCCCCC(=O)OCC([H])=C(C)CCC=C(C)C,0.9201511952371907,0.897318962917309
CCCC(=O)OCC(C1)OCC1,0.9407046838162612,0.8024033028719668
CCCC(=O)OC(C1)CC(C)(C)CC(C)1,0.8999973288760997,0.9184978016734199
CC(C)C(=O)OC(C1)CCCC1,0.8822368295779877,0.8657295644464911
CC(=O)OCCC(=C)c(c1)cccc1,0.896074127540998,0.8944674385115352
CCCCCCCCCCCCCC(=O)OCCC(C)CCC=C(C)C,0.9374346975703118,0.9189257879042729
CCCCCCC(=O)OCC([H])=C(C)CCC=C(C)C,0.9048327772678388,0.9105788498127715
CCCCCCC(=O)OCC([H])=C(C)CCC=C(C)C,0.9223535935906951,0.9093934352522963
CC(C)=CCCC(C)CCOC(=O)CC(C)C,0.9226847017027286,0.9242142109981604
CCCCCCCCCCCCOC(=O)CC(C)C,0.9124305092337154,0.8916559283927358
CC(C)CC(=O)OC(C)c(c1)cccc1,0.9079498832231435,0.9151713277585697
CCOC(C)(OCC)c(c1)cccc1,0.6340407142475426,0.5929664525768851
CCOC(OCC)C=Cc(c1)cccc1,0.8610892291660535,0.9005777227332563
COc(c1)ccc(c1)C(OC)OC,0.8179848676105386,0.8351609100351671
COC(OC)C=Cc(c1)cccc1,0.8409629871955662,0.9109677573371855
COC(C)(OC)c(c1)cccc1,0.8565560841653407,0.8979613616802784
CCCCCCOC(CCCC)OCCCCCC,0.9035850250301505,0.8634153506020602
CC(C)CCOC(C)OCCC(C)C,0.8884366177411169,0.8704469913588215
CCCOC(C)OCCC,0.8891734420918915,0.871393386222365
CCCCCCCCCC(OCC)OCC,0.8464321012957547,0.7796357988333831
CCOC(OCC)CC(C)CC(C)(C)C,0.8529424067650363,0.8338137178383729
CCCCCCCCC(OCC)OCC,0.8647119210634719,0.8077013830630314
CCCCCCC(OCC)OCC,0.8576982907549423,0.7934592316599529
CCCC=CC(OC)OC,0.7944626563770025,0.8760604681242063
COC(OC)CC(C)CC(C)(C)C,0.8824172908009577,0.8171735133385049
CCCCCOCCc(c1)cccc1,0.9068255117855886,0.9101921845130918
CC(C)CCOCc(c1)cccc1,0.837805238466007,0.8057520730270917
CCC(=O)OCCOc(c1)cccc1,0.7140944895703524,0.7398383422080835
O=COC(C1)CCCCCCCC1,0.710868402578769,0.7284383352406463
CCOc(c1)c(O)c(C=O)cc1,0.8429693243829012,0.882899790792049
CCOc(c1)c(O)ccc(C=O)1,0.818179215263377,0.8265847034194254
O=Cc(c1)cc(O)c(OC)c1,0.8680911513276793,0.8111560382036458
O=Cc(c1)c(O)c(OC)cc1,0.7487210828361838,0.8185558165068102
O=Cc(c1)cc(OC)c(O)c1,0.8758297911629515,0.853047000432879
O=Cc(c1)cc(O)cc1,0.9313303072216914,0.9245078295637831
O=Cc(c1)ccc(O)c1,0.9162042281847275,0.9132412978455927
COc(c1)c(O)c(OC)cc1,0.8148616718200264,0.8587385442929554
COc(c1)cc(c(O)c1)C(C)(C)C,0.8239038197611237,0.8454152033285969
C=CCc(c1)cc(OC)c(O)c1,0.815061357252144,0.8372385930329118
CCOc(c1)ccc(O)c1,0.7716780006028082,0.8581993756968258
CCOc(c1)c(O)ccc1,0.7410760455191002,0.8250406343114984
COc(c1)cc(O)cc1,0.8267998186295377,0.8173494716277175
COc(c1)ccc(O)c1,0.8859487136902049,0.8838670296091113
COc(c1)c(O)ccc1,0.8841621448185751,0.8634978633123344
Cc(c1)cc(C(C)(C)C)c(O)c1C(C)(C)C,0.6818406946515722,0.7574066240685735
Cc(c1)c(O)c(C)cc1,0.8321972646698028,0.8798621427847938
Cc(c1)cc(O)cc(C)1,0.8192864158941331,0.8820115873794588
Oc(c1)cc(C)c(C)c1,0.8781408019539299,0.9219986554342652
Cc(c1)cc(C)c(O)c1,0.826620265392482,0.8722024219207495
CCc(c1)ccc(O)c1,0.8086858428873677,0.8452019892802587
C=CCc(c1)cc(O2)c(OC2)c1,0.8231873361109975,0.8601300158000746
COc(c1)c(OC)cc(c1)C([H])=C([H])C,0.7107886341258755,0.8039390217887279
C=CCc(c1)cc(OC)c(OC)c1,0.750513204758569,0.7975643272350531
CC(C)c(c1)c(O)cc(C)c1,0.7420411711935098,0.7792962340165347
CCCCCCCCCc(c1)ccc(O)c1,0.4154958343742472,0.46200343171720604
C(CCCCCCOC(CCSCCC(OCCCCCCCCCCCCCCCCCC)=O)=O)CCCCC,0.7232331419775679,0.46371857704662267
C(CCCCCCCCCCCCOC(=O)CCSCCC(OCCCCCCCCCCCCCCCCCC)=O)CCCCC,0.780886701137463,0.6058766859187262
C(CCCCCCCOC(=O)CCSCCC(=O)OCCCCCCCCCCCC)CCCC,0.6968035157621153,0.47585008925030914
Cc(c1)cc(C(C)(C)C)c(O)c1C(C)(C)C,0.731983828206305,0.7652024926348087
Oc(c1)ccc(c1)C(O)=O,0.6161674761481672,0.7211237829471363
c(c2)ccc(c2)C(C1)O1,0.6597948360396788,0.8406232351387094
c(c2)ccc(c2)C(C1)O1,0.9058490484125886,0.9255323953890429
OC(C1)CCC(C1)C(C)(C)C,0.9188993275941333,0.9103063205251539
OC(C1)CCC(C1)C(C)(C)C,0.8886098873966314,0.852637000362037
CCC(C)C(C)O,0.6800386551695267,0.7493377510478831
CCC(C)C(C)O,0.6649325586544257,0.7451041197374048
CCC(C)(C)C(C1)CCC(O)C1,0.9059782832175868,0.9182177586905227
CCC(C)(C)C(C1)CCC(O)C1,0.8704654067335138,0.8318337492664993
CCC(C)=CCCC(C)=O,0.8601634599527914,0.7930758462755619
CCC(C)=CCCC(C)=O,0.855061535681006,0.7773352220146246
CC(C)=CCCC(C)=CCCC(C)=O,0.6937273710792116,0.68659222037673
CC(C)=CCCC(C)=CCCC(C)=O,0.7392825757548259,0.7055490372789551
CCC(=O)C(C1)C(C)=C([H])CC(C(C)C)1,0.5836858510123903,0.5990484323230207
CCC(=O)C(C1)C(C)=C([H])CC(C(C)C)1,0.5981202812638142,0.6670104533401258
C=CC(=C)CCC=C(C)C,0.8085023582488895,0.8378703924029186
CCCC=CCCO,0.793879481627313,0.8500591139895429
CC(C)CC(C)CC(CC(C)C)OC(C)=O,0.8795798392854469,0.7584190382188399
CCC(C)=CCCC(C)=CCCC(C)=O,0.7742902178695041,0.6885376314824405
CCOC(=O)C(=O)OCC,0.7664322638912291,0.5239951003861412
COc(c1)ccc(COC(C)=O)c1,0.7666860343318486,0.8317741401045001
CCCCCC(OC(C)=O)C=Cc(c1)cccc1,0.9052583233251404,0.9211528498242331
CC(C2)Cc(o1)c(C2)c(C)c1,0.45653276945188187,0.6453628614782483
COC(OC)CC(C)CCCC(C)(C)O,0.7109913843585313,0.6342165511018414
O=CCC(C)CCCC(C)(C)O,0.6866719429166708,0.7013392028488493
C=CC(C)(C1)OC(C1)C(C)(C)O,0.9086808794374575,0.8842225201411797
C=CCOC(=O)CC(C1)CCCC1,0.8863267245306815,0.9074843132837108
CC(=O)OC(C1)Cc(c2)c(ccc2)C1,0.8869639380126924,0.9221841151071271
CC(=O)OC(=C(C)1)C(=O)CC1,0.8860607835655145,0.9231232989197341
CCOC(=O)CC(C)(O1)OCC1,0.8979824535640766,0.7988775466188163
CCC(C)=CCCC(C)(O)C=C,0.8544277480809551,0.8736474372088263
CC(C)=CCCC(C)(O)CC,0.7256409131214386,0.7849132096479701
OCCC(C)CCC=C(C)C,0.909780578962227,0.8824531224833703
CC(C1)=C([H])CC([H])(C1)C(C)(C)O,0.876701584423577,0.9149701619558838
OCC=C(C)CCC=C(C)C,0.8237484904495563,0.8202215679687804
CC(C)=CCCC(C)(O)C=C,0.8399082167924204,0.8969976715700191
OCC=C(C)CCC=C(C)C,0.7963664186375259,0.7987824971431564
CC(=C)C(C1)CC(O)C(C)C1,0.9198330394682304,0.894958824180568
CCC(=O)OCc(c1)cccc1,0.8533381868271482,0.9029663045974287
CCC(=O)OCCc(c1)cccc1,0.880763330737387,0.8649218168130524
CC(C3)(O3)C(C2)CC(O1)C(C)(C2)1,0.7000428446134712,0.7704714978961591
CC(C3)(O3)C(C2)CC(O1)C(C)(C2)1,0.7078327137022951,0.8114537406583602
CCC(C)C(=O)OC(C)(C=C)CCC=C(C)C,0.8647124276393445,0.8833196355517163
CCC(C)C(=O)OCC=C(C)CCC=C(C)C,0.8748866737444311,0.8871056018700373
CCC(C)=C([H])CCC(C)(C=C)OC(C)=O,0.8395993020010812,0.8660770727438252
CCC(C)=C([H])CCC(C)(C=C)OC(C)=O,0.8585976804203057,0.8870064358703857
CC(C1)C(=O)C(=O)C1,0.8908656848534825,0.9199955246537149
CC(C)=CC([H])(O1)CC([H])(C)CC1,0.6686590067888809,0.6876954489120495
CC(C)=CC([H])(O1)CC([H])(C)CC1,0.6594117831365782,0.6809713115427319
CC(C)=CC(O1)CC(C)=CC1,0.5410349835128838,0.586619223994232
CCCCCC(=O)OCc(c1)occ1,0.8248223049200242,0.7982201059122942
CCCCCC(OC(=O)CC)C([H])=C([H])c(c1)cccc1,0.8650124308595541,0.875967910811009
CCCC=CC(=O)OCCc(c1)cccc1,0.8682941188329518,0.8023725012426852
CCCC=CC(=O)OCc(c1)cccc1,0.8020435248001383,0.7773861358242536
O=COCC(=C2)C(C1)C(C)(C)C(C2)1,0.870831786652016,0.9126626620909128
c(c2)ccc(c2)C(=O)c(c1)cccc1,0.9224076732637456,0.9178056763911492
CCCC[Sn](OC(CCCCCCCCCCC)=O)(OC(CCCCCCCCCCC)=O)CCCC,0.4393140689804557,0.26997265282916283
CCCC[Sn](CCCC)(O1)OC(=O)C=CC(=O)1,0.1666717996656043,0.18646979974704986
CCCCCCCCC=CCCCCCCCC(N)=O,0.4774871958956644,0.4784905108033554
C(CNC(CCCCC(=O)NCCCCCCCCCCCCCCCCCC)=O)CCCCCCCCCCCCCCCC,0.7272924450722351,0.45459871101748717
CCCCCCCCCCCCCCCCCC(N)=O,0.40911921585358274,0.5698273607592445
C(CCCCCCCCCCC(NCCNC(CCCCCCCCCCCCCCCCC)=O)=O)CCCCCC,0.7197367366279873,0.5400251428971579
c(c3)ccc(c3)OP(=O)(Oc(c2)cccc2)Oc(c1)cccc1,0.8178426806778386,0.830320844577221
CCOP(=O)(OCC)OCC,0.8406238246805916,0.8885022495044355
CC(C)OC(=O)c(c1)c(ccc1)C(=O)OC(C)C,0.863765498754739,0.8387964569337372
COC(=O)CC(C)C(=O)OC,0.7019637694940001,0.8753759834827273
CCCCC(=C1)C(=O)CC1,0.9326089506641246,0.9624777231191882
C(C1)CCCCCNCCCCC1,0.6335151819885501,0.7730141704326587
Oc(c1)ccc(Cl)c1,0.8307287027018224,0.8828259629067905
Oc(c1)c(Cl)ccc1,0.8192851443912124,0.8235578185148879
N#CCCO,0.6565321300827534,0.6132697002052108
C=CC(N)=O,0.6833313845103961,0.760552691650477
N#CCCOCCC#N,0.6334143246077591,0.7006195829561425
OC(C1)CCC(O)C1,0.7166823656612148,0.8510780012327317
O=C(C1)CCC(=O)C1,0.6907832882372152,0.8376762655666552
O=c(o2)c(c(Cl)1)c(c(=O)2)c(Cl)c(Cl)c(Cl)1,0.7254056980606198,0.7746807728819864
CCOC(=O)CCC(=O)OCC,0.8938110991750514,0.9160126059916371
COC(=O)CCC(=O)OC,0.7154227825781886,0.7984234350135705
CCOC(=O)CCC(=O)OC,0.6957387389100189,0.8553628177819388
CCOC(=O)C(O1)C(OC(=O)CCC(=O)1)C(=O)OCC,0.30976878422973264,0.13392311528945244
COC(=O)C(O1)C(OC(=O)CCC(=O)1)C(=O)OC,0.26228691035944107,0.18367543947194365
OC(=O)Cc(c1)cc(Cl)c(O)c1,0.8257709688661662,0.8880437941578343
Clc(c3)cc(n2)c(c3)c(nc2)Nc(c1)cccc1,0.8569867416322132,0.8539186027451889
N#CCC#N,0.4899780766905161,0.7031800850726705
CC(C)(C)OOC(C)(C)C,0.7469061788899136,0.7251113426431998
CCCCCCCCCCCC#N,0.8823794180596584,0.8593075185043659
CCCCCCCCCC#N,0.8321821045915625,0.8128138349616505
N#CCCCCCCCCCCC#N,0.807791097813469,0.7842604229085068
NCCCCCCCCCCCC#N,0.6725414998366508,0.7036190316709124
NCCCCCCCCCCCCN,0.6864086401988779,0.8299695714664402
O=C(C1)OCCCCCCCCCCCCCC1,0.8819926661073473,0.9009581031344354
CCCCCCCC(C1)OC(=O)C1,0.8050954836038436,0.8522150358968967
COC(=O)CCc(c1)cccc1,0.8349913881921165,0.8854982157512368
CCCCCCCCC(=O)OCC,0.8839851216319475,0.9046297699196764
Clc(c1)ccc(c1)SC(F)(F)F,0.8819623086452789,0.9122429267404628
COC(=O)CCCC(=O)OC,0.7308718416791259,0.8349313628728443
CCC(C1)OC(=O)C1,0.76457287402327,0.8549005842557701
CON=O,0.4928596941947288,0.5015339787784343
C1=CC=C2C(=C1)C(=CN2)C=O,0.8056537245433499,0.8176848930757338
Oc(c2)ccc(c2)Oc(c1)ccc(O)c1,0.8132786510991233,0.8432128336203255
Oc(c2)ccc(c2)C(N1)C(=O)NC(=O)1,0.5226876229215314,0.6559671561266095
NC(=O)NC(N1)C(=O)NC(=O)1,0.5165010447060109,0.6362965269675019
CCOc(c1)c(O)c(C=O)cc(C=O)1,0.7945841666525226,0.8762320407776962
CCOc(c1)c(O)ccc(C=O)1,0.890662619617598,0.9206397663626851
CCOc(c1)c(O)c(C=O)cc1,0.8013907634846448,0.8769350994886794
OCCOc(c1)cccc1,0.7860342473705091,0.7795859678382174
O=Cc(c1)c(C)c(C=O)c(O)c(OC)1,0.8422678584873488,0.9273889415235429
O=Cc(c1)c(C)cc(O)c(OC)1,0.8803171574157523,0.9076566637357764
COc(c1)c(O)cc(C)c1,0.8377990390396071,0.8766211372914244
CC(C4([H])C(C=CC([H])(CC)C(C)C)([H])C)(C([H])1CC4)CCC(C3(C)2)(C([H])(CC=C2CC([H])(O)CC3)1)[H],0.8491514697255607,0.936608943562403
CC(C4([H])C(C=CC([H])(CC)C(C)C)([H])C)(C([H])3CC4)CCC(C([H])23)([H])C(C)(C1=CC2)CCC(C1)=O,0.8646166493337428,0.9031417186977616
CC(N1)=NCC1,0.24314584531763678,0.49855017756674214
O=CC(C)Cc(c1)ccc(c1)C(C)(C)C,0.7008430458645422,0.7886220142641451
C=COC(=O)CCCCCCCCCCCC(O)=O,0.7615569507494967,0.7237898680279811
COC(=O)CC=CC(=O)OC,0.7548686794444959,0.8812045437608768
C1(=S)NNN=N1,0.5634689732282316,0.7951022883968468
O=C(C=1)N(C)C(=O)NC1,0.7336169373716234,0.8492880881993304
O=C(C=1)NC(=O)NC1,0.7689428990685037,0.7751252069191464
CSC1=NNN=N1,0.8443322101552481,0.9030939539388684
CCCCOC(=O)C(OCCCC)OCCCC,0.861541944265764,0.7963484619512593
N#CCC(OC)(OC)OC,0.7776884642725487,0.8612762046475653
CSC(=S)Nc(c1)cccc1,0.7817183211889044,0.8313022806829438
CC(=O)C(C1)C(=O)OCC1,0.8842992140043993,0.917179175133674
C(C1)CCNCC1,0.844413113487391,0.8217093276229063
N#Cc(c1)c(N)nc(C)n1,0.5965740958127896,0.6562134017277662
Cc(n1)nc(N)cc1,0.7134382367915796,0.7508347581964677
c(c1)con1,0.8278016473960568,0.8909258057139502
O=C(C1)N(C)C(=O)C1,0.6726321516859264,0.9015971411150621
O=NN(C(C2)CCCC2)C(C1)CCCC1,0.6772868300076864,0.6117919727645026
COCOC,0.8705458898205913,0.7366502652775431
CCOC(C)OCC,0.823350954035478,0.851187728736239
CCOC=O,0.6597861432714595,0.6085811729192284
CCON=O,0.7731781129788254,0.6207427883262618
N#CC(C)O,0.4705663897011889,0.6499988270850238
OCC(=O)NCc(c1)cccc1,0.7897493217277041,0.7192910403151594
Nc(c1)onc1,0.8219707391217567,0.8894525239319021
COC(=O)c(c1)cc(C(=O)OC)cc(C(=O)OC)1,0.7509887649750517,0.8317697889617196
O=Cc(c1)cc(OC)c(OC(C)=O)c1,0.8232697228896774,0.819711281737949
O=C(C1)OCCCCCCOC(=O)CCCCCCCCC1,0.8168391887002431,0.7029591543733466
Oc(n2)c(c1)c(nc2)cc(Cl)c1,0.786958349206271,0.8912055402980186
Clc(c2)cc(n1)c(c2)c(Cl)nc1,0.873083363665682,0.9199538528510491
O=Cc(c2)ccc(c2)OCc(c1)cccc1,0.9010645539596784,0.8315912520591988
COC(=O)c(c1)c(C(=O)OC)c(O)cc1,0.8060037960215054,0.8642134624574669
O=c(o1)c(c2)c(ccc2)c(=O)1,0.8740253274649945,0.8923460584711576
CCN(CC)N=O,0.7660265624988402,0.7823640293075173
OCCN(CC)CC,0.8377234308677257,0.8268546904531825
NCCc(c1)cccc1,0.8346603186951789,0.7682425005570347
NCCc(c1)cc(OC)c(OC)c1,0.633680629789479,0.8593878924169657
N=C(O)CCCCCCCCCCCN,0.7340486080316462,0.6482847444487064
O=C(C1)NCCCCCCCCCC1,0.7302714676168996,0.863902269865401
N#CC(=O)OC,0.847869269519604,0.8120795571019319
COC(=O)C=CC(=O)OC,0.7320942249809748,0.7957306231842295
COC(=O)C=CC(=O)OC,0.8586892689048528,0.8770287312103807
COC(=O)C=NO,0.7215972924926987,0.8126914561763913
COC(=O)C(=NO)C(=O)OC,0.5338809467094681,0.5673923721546568
COC(=O)CCCCCCCCCCC(=O)OC,0.8686116560179306,0.9004779924880842
N#CCCNCCC#N,0.77252104718608,0.7994144790171662
NCCC#N,0.683882572871525,0.7015852437975695
[O-1][N+1](=O)c(c1)ccc(c1)[N+1]([O-1])=O,0.8065603906800827,0.855070782343381
[O-1][N+1](=O)c(c1)cc(cc1)[N+1]([O-1])=O,0.8884695993513615,0.9410306504160623
[O-1][N+1](=O)c(c1)cccc1,0.7397165151354625,0.8371467921987076
Oc(c1)ccc(c1)[N+1]([O-1])=O,0.8080773163009026,0.8483814721156978
Oc(c1)cc(cc1)[N+1]([O-1])=O,0.7842560926291756,0.8349375763112347
[O-1][N+1](=O)c(c1)c(O)ccc1,0.854333060093475,0.9187353299004956
CC(=O)Oc(c1)ccc(c1)[N+1]([O-1])=O,0.7807765723829687,0.7625744169087336
CC(=O)Oc(c1)cc(cc1)[N+1]([O-1])=O,0.7563396936645995,0.7644111943846077
CC(=O)Oc(c1)c(ccc1)[N+1]([O-1])=O,0.7262816197641832,0.8071013105812577
N#CC#N,0.8793871814322676,0.8146326285363586
O=Cc(c1)cc(OC)c(OC)c(OC)1,0.735191499014291,0.8689224028440565
COc(c(=O)1)c(OC)c(=O)c(C)c1,0.6578302684979027,0.8310745710882542
CC=CCC(=O)OC,0.76380738862973,0.8052663527923705
COC(=O)CCCC(=O)OC,0.7285809989404222,0.7873326399932473
COc(c1)c(O)ccc(C(O)=O)1,0.7117928397723284,0.7393410447050944
CN=C=S,0.8273816918507952,0.8409695857612322
O=C(C1)NCC(=O)N1,0.48442958345396797,0.700668610979905
CCOP(=S)(Cl)OCC,0.7200956870238036,0.8341326752255305
OCC(O)CO,0.7792847109903686,0.7187116530936626
c(c3)cc(C1)c(c3)c(c2)c(ccc2)C1,0.8779637149773583,0.9166432940617353
N#CCc(c1)cccc1,0.7429002346362951,0.8473013966537553
CN(N)c(c1)cccc1,0.8508340582317536,0.9195078966308808
OCC(C)c(c1)cccc1,0.8764785271534683,0.925196187081435
CC(C1)OCC1,0.8476157551153972,0.8867479445248174
C(C4(C)1)CC(O)C(C)(C)C(CCC(=C34)C(C(CC3)(C)2)(C)CCC2([H])C([H])(C)CCCC(C)C)1[H],0.8017879089575739,0.7896862617428244
C(C4)C([H])(C(CCC(C(C)C)=C)C)C(C([H])14)(CCC(C3(C)2)(C([H])(CC=C2CC([H])(O)CC3)1)[H])C,0.7885870186256265,0.9151490582052145
COC(=O)C(=C2)C([H])(C1)C([H])(C(O)O2)C(CO)=C1,0.8344191880765316,0.9104072002143522
C(C4(C)1)CC(O)C(C)(C)C(CCC(=C34)C(C(CC3)(C)2)(C)CCC2([H])C([H])(C)CCC=C(C)C)1[H],0.7839682820146522,0.7929382595148993
ON=Cc(c1)ccc(C#N)c1,0.8899636557320231,0.9252219823462198
CC(C4([H])C([H])(C)CCC(=CC)C(C)C)(C([H])3CC4)CCC(C([H])23)([H])C(C)(C1=CC2)CCC(C1)O,0.5411843394465279,0.784168823983387
Cc(c1)c(=O)c(c2)c(ccc2)c(=O)1,0.8565168197687455,0.8782305345938468
CS(C)=O,0.8541212143510307,0.9144294169864808
Cc(c1)cc(C)c(c(C)1)S(O)(=O)=O,0.6791907343087658,0.8107731075670603
[O-1][N+1](=O)c(c1)c(ccc1)S(O)(=O)=O,0.6590209601365659,0.7233436737904615
c(c3)ccc(c3)C(O)(c(c2)cccc2)c(c1)cccc1,0.8045370634472679,0.8082959895773877
CN(C)C(C)=O,0.7354940393263616,0.8149072808317278
c(c3)cc(C1)c(c3)Sc(c2)c(ccc2)1,0.7588411161047816,0.7836450210807138
Cc(c1)cc(cc1)[N+1]([O-1])=O,0.6795926286289314,0.8147931611415892
CC(C)(Cl)Cl,0.6482185213584528,0.7038765141770247
CCOC(=O)CC,0.8934095534484181,0.9022766193185188
CCc(c1)ccc(c1)[N+1]([O-1])=O,0.6181409508002482,0.8470530559519661
N#CCc(c1)ccc(c1)[N+1]([O-1])=O,0.7421926755406983,0.8593454540309177
CCC(=O)OC(=O)CC,0.9348519810079016,0.7255615610028846
COCOC(C4)C(C)(C3)C([H])(C4)C([H])(C1)C([H])(C3)C(C)(C2)C(=CC(=O)C2)C1,0.7043525146871574,0.828058204927559
C(C=C(CCC=C(CCC=C(CCC=C(CCC=C(CCC=C(C)C)C)C)C)C)C)CC(C)=CCc(c(=O)1)c(C)c(=O)c(c2)c1ccc2,0.679485259019866,0.6052506911897191
C(CCC(C)=CCc(c2=O)c(c(=O)c(c21)cccc1)C)=C(C)CCC=C(CCC=C(CCC=C(C)CCC=C(C)C)C)C,0.8102927073421138,0.8572352128195121
CC(=CCCC(=CCCC(C)=CCCC(C)=CCCC(C)=CCCC(C)=CCCC(C)=CCc(c1C)c(=O)c(c2)c(ccc2)c(=O)1)C)CCC=C(C)CCC=C(C)C,0.695561696666908,0.7076511645829412
C(C41C)(CCC1(C(C(CC4)3[H])([H])CC=C(C3(C)2)CC([H])(CC2)OC(C)=O)[H])(C(CCC([H])(C(C)C)CC)([H])C)[H],0.757480644901102,0.7807075558989254
OCc(c1)oc(C=O)c1,0.7956648675272793,0.8512399021199037
c(c1)ccc(C3=O)c(C(C(C32C)(CC([H])=C(CCCC(C)CCCC(C)CCCC(C)C)C)O2)=O)1,0.7136286363268286,0.7159960246789968
OC(=O)C(C)(C)c(c1)cccc1,0.8125956536634324,0.8067012157918484
O=Nc(c(C)1)c(C)c(C)cc(C)1,0.8918456957666693,0.9277762812037177
NC(=S)c(c(Cl)1)c(Cl)ccc1,0.6845619246233442,0.8355694233986706
OC(=O)c(c1)cc(O2)c(OC2)c1,0.7457621846866559,0.8533936595284854
[H]C(C4)=C([H])C([H])(O)C(C)(C([H])43)C([H])(C2)C([H])(CC3)C([H])(C1)C(C)(C2)C([H])(O)C1,0.8590637773384949,0.9382270538251063
CC(=O)OC(C4)C(C)(C3)C([H])(C4)C([H])(C1)C([H])(C3)C(C)(C(O)2)C([H])(CCC2)C1,0.8015931268256726,0.9048069208031677
CC(=O)OC([H])(C4)C(C)(C3)C([H])(C4)C([H])(C1)C([H])(C3)C(C)(C([H])(O)2)C([H])(CCC2)C1,0.8006748561005481,0.9130193845059503
CC(=O)OC(C4)C(C)(C3)C([H])(C4)C([H])(C1)C([H])(C3)C(C)(C(O)2)C([H])(CC=C2)C1,0.8229865842553717,0.9052316473983463
CC(=O)OC([H])(C4)C(C)(C3)C([H])(C4)C([H])(C1)C([H])(C3)C(C)(C([H])(O)2)C([H])(CC([H])=C([H])2)C1,0.8373610263652064,0.9085810013498968
CCCCCCCCCCCCCCCCCCCCCCCCCCC,0.8646007785914464,0.6781035194166566
CCCCCCCCCCCCCCCC([H])=C([H])CC([H])=C([H])CCCCC,0.9293963714368497,0.8246099801203055
CCCCCCCCCCCCCCCCCCCCCCC,0.7997060734380664,0.534318496113735
CCCCCCCCCCCCCC([H])=C([H])CC([H])=C([H])CCCCC,0.9254134576921682,0.8860733439099036
CCCCCCCCCCCCCCCCCC([H])=C([H])CCCCCCCC,0.9174016141788289,0.7520470958857547
CCCCCCCCCCCCCCCCCCCCCCCCC,0.8524374577886868,0.670499937262655
CCCCCCCCCCCCCCCCCCCCCCCCCCCCC,0.853483754588626,0.6668625949696259
C(CCCCCCCCCCCCCCCCC([H])=C([H])CC([H])=C([H])CCCCC)CCCC,0.896700022801201,0.8125680959186029
C(CCCCCCCCCCCCCCCCCCCCCCCCC)CCCC,0.8454810754028835,0.5354198793229447
CCCCCCCCCCCCCCCCCCCCCCCCCCCC,0.8354709398553399,0.615407228655135
CCCCCCCCCCCCCCCCCCCCCCCCCC,0.8308814967983629,0.5998623152051846
CCCCCCC([H])=C([H])CCCCCCCC=O,0.8056495211094097,0.6871381969965944
CCCCCCCCCCCCCCCCCCCCCCCC,0.8996153321218306,0.7216747457337541
CCCCCCCCCCCCCCCCCCCCCC,0.8989127806716085,0.6828731962480425
OCCCCCCCCCCCCCCCCF,0.8094827052456204,0.6411713266788515
O=CCCCCCCCCCC([H])=C([H])CCCC,0.8328180038771545,0.690460551461863
CCCCCCCCCCCCOC(=O)CCCCCCCCCCC,0.7404104328252347,0.5724600074081179
C(CCCCCCCCCCCCC(=O)OCCCCCCCCCCCC)CCCC,0.7982914583774811,0.5900648050498712
OCCCCCCC([H])=C([H])CCC([H])=C([H])CCCC,0.8623180671975038,0.7652042889936166
OCCCCCCC([H])=C([H])CCC([H])=C([H])CCCC,0.8146579644242208,0.7463484147316704
N#CCC(C(=O)1)=C(NCc(c2)cccc2)CO1,0.8597365746374269,0.7957856713119935
CNC(C1)=C(CN(C)C)C(=O)O1,0.817231612642335,0.8829222673153063
N#CCC(C(=O)1)=C(NC)CO1,0.8115399849028256,0.9190116850104062
COCC(C(=O)1)=C(CO1)N(C)C,0.7263089235435976,0.8689902697503363
O=C(O2)C(C)=C(C2)N(C)c(c1)cccc1,0.7402762172990704,0.853219663035041
O=C(O1)C(C)=C(NCc(c2)cccc2)C1,0.8474493660678256,0.822666319748004
CCOc(c1)c(OCc(c2)cccc2)c(C=O)cc1,0.8751128675568394,0.8908396947574304
O=Cc(c1)c(OCc(c2)cccc2)c(OC)cc1,0.8712638628017455,0.8775771316551295
O=Cc(c1)c(OCc(c3)cccc3)cc(OCc(c2)cccc2)c1,0.8957892770200729,0.8154783382572417
O=C(C=4)N(C1)C(=CC4)C(C2)CC1C(C3)N(CCC3)2,0.6455782624219952,0.8868149069165886
COCC(C(=O)1)=C(NCc(c2)cccc2)CO1,0.7706362035445046,0.8679905752841903
CCCCCCCCCCCCCCc(c1)c(C(O)=O)c(OC)cc1,0.7362565999312883,0.8578969538337053
CCC=CCC=CCC=CCCCCCCCC(=O)OCc(c1)cncc1,0.892957184282233,0.936279213111104
CCCCCCCCCCCCCCCC(=O)OCc(c1)cncc1,0.8781840943101169,0.9446974078613304
CCCCCCCCC=CCCCCCCCC(=O)OCc(c1)cncc1,0.8341674505439829,0.898686477661225
CCCCCCCCCCCCCCCCCC(=O)OCc(c1)cncc1,0.8726888154054979,0.9472987580786877
CCC=CCC=CCC=CCCCCCCCC(=O)N(C1)CCC1,0.8558190864289587,0.9014742773850144
CCCCCC=CCC=CCC=CCC=CCCCC(=O)N(C1)CCC1,0.7564499390897976,0.8360410462911559
CCCCCC=CCC=CCCCCCCCC(=O)OCc(c1)cncc1,0.8396036297015702,0.8869823963253956
OC(=O)c(c(C)1)c(O)ccc1,0.8992893379069062,0.9004357293755099
CCCCCCCCCCCCCCc(c1)c(C(O)=O)c(O)cc1,0.8788518784293786,0.9369250189319484
COc(c1)c(C(O)=O)c(C)cc1,0.7297376956344311,0.8498380342614231
CN(C2)CC([H])(C3)C(=C([H])1)N(CC([H])23)C(=O)C([H])=C([H])1,0.565526608697606,0.8436030025098813
CC(Nc(c2)cccc2)c(c1)cccc1,0.6600940099329018,0.8491027181370016
CCN(C(C)1)c(c2)c(ccc2)C1,0.8425701147724812,0.9189893626468508
Clc(c2)cc(cc2)NCc(c1)cccc1,0.8851564810344562,0.9147411028607186
O=C(C3)C(C1)C(C2)C(C3)C(=O)C(CC2)1,0.6101805062682608,0.61972022397265
COC(=O)C([H])(C1)C([H])(C2)C([H])(CCC2)C(=O)C1,0.655986223120003,0.6846522407735885
O=C(C2)CCC(C2)(O1)OCC(C)(C)C1,0.6264188564407893,0.5651205941646067
C=CC(=O)CCC(C(=O)1)C(C)(C)CC(C)=C1,0.8450587400707562,0.888759578173545
CC(C)=CCCC(C)(C2)C([H])(C1)C(C=O)(CC2)C(=O)C(C)C1,0.5509978772677296,0.5853679737729643
COCOCC(C1)(C(=O)2)C([H])(CCC(C)2)C(C)(CCC=C(C)C)CC1,0.726867618310071,0.475787454143605
CC(C)=CCCC(C)(C2)C([H])(C1)C(C=O)(CC2)C(=O)CC1,0.36633048166825305,0.45450526592925883
COCOCC(C1)(C(O3)(OCC3)2)C([H])(CCC2)C(C)(CCC=C(C)C)CC1,0.6665798481346001,0.43637810637870644
COCOCC(C1)(C(O3)(OCC3)2)C([H])(CCC2)C(C)(CCC=O)CC1,0.7119218362734663,0.45286688823889565
COCOCC(C1)(C(O3)(OCC3)2)C([H])(CCC2)C(C)(CCCO)CC1,0.7939674038221693,0.41394915388385806
COCOCC(C1)(C(=O)2)C([H])(CCC2)C(C)(CC=C)CC1,0.7124256155148659,0.5715367293485014
COCOCC(C1)(C(=O)2)C([H])(CCC(C)(C(=O)OC)2)C(C)(CCC=C(C)C)CC1,0.6700783194714011,0.4703539974564028
COCOCC(C1)(C(=O)2)C([H])(CCC(C(=O)OC)2)C(C)(CCC=C(C)C)CC1,0.5893935077027124,0.44632597048385864
O=CC(=C(C)2)C(C)(CCC2)C(O1)OCC1,0.671388479375254,0.5723788999355239
COC(=O)CCCC(=O)c(c1)cccc1,0.8081180339378295,0.7629477959560718
CC(C)=CCCC(C)(C3)C([H])(C1)C(C)(CC3)C(O2)(OCC2)CC1,0.7384529199504645,0.5895492992279074
CC(C)=CCCC(C)(C2)C([H])(C1)C(C)(CC2)C(=O)C(C(=O)OC)C1,0.537123354161852,0.6534277313894589
C=CCC(C)(C3)C([H])(C1)C(C)(CC3)C(O2)(OCC2)CC1,0.5394409887894397,0.40525213990235365
CC(C)=CCCC(C)(C2)C([H])(C1)C(C)(CC2)C([H])(C=O)C(C=O)=C([H])1,0.6507238244497552,0.6848064072778837
CC(C)=CCCC(C)(C2)C([H])(C1)C(C)(CC2)C([H])(C=O)C(C=O)=C([H])1,0.7789310807510638,0.6329382794508412
CC(C)=CCCC(C)(C2)C([H])(C1)C(C)(CC2)C(=O)C(C=O)C1,0.47208668022711736,0.7911796154207661
CC(C)=CCCC(C)(C2)C([H])(C1)C(C)(CC2)C(=O)C(C=O)=C([H])1,0.6369602136117911,0.7004220281063069
CC(C)=CCCC(C)(C3)C([H])(C1)C(C)(CC3)C(=O)C(C(O2)OCC2)=C([H])1,0.7249755672681053,0.7075910627925854
CC(C)=CCCC(C)(C2)C([H])(C1)C(C)(CC2)C(=O)CC1,0.7723302289424089,0.7241800500822435
C(C1([H])2)(O)(CCC(C)(O3)OCC3)C([H])(C)CCC1([H])C(C)(CCC=C(C)C)CCC2([H])C,0.686429029967705,0.4378901994176966
CC(CCC=C(C)C)(C([H])12)CCCC(C)1C(CCC(C)=CC(=O)OCC)=C(CC2)C,0.6492655593760629,0.5827327240291027
CC(C)=CCCC(C)(C2)C([H])(C1)C(C)(CC2)C(CCC(C)=C([H])C(O)=O)=C(C)C1,0.6930185177791651,0.5718871936172003
CC(N)COc(c(C)1)c(C)cc(C)c1,0.8346109468558705,0.8218543034461082
CC(N)COc(c(C)1)c(C)ccc1,0.6585586309193769,0.8002268693419137
O=C(C1)N(C)C(=O)C1c(c2)cccc2,0.8474540637316583,0.8175073815894291
O=C(C1)N(C)C(=O)C(C)1c(c2)cccc2,0.7671385543016546,0.8355234339294868
CCC(C)(O1)C(=O)N(C)C(=O)1,0.493852262691306,0.7235223983948681
O=C(N3)NC(C(=O)3)(c(c2)cccc2)c(c1)cccc1,0.6185910386369549,0.6596124360398364
CCN(C(=O)2)C(=O)C(N2)c(c1)cccc1,0.453482531425099,0.6527485359357255
CCC(C)(C1)C(=O)NC(=O)1,0.6292345746178362,0.63800681762442
O=C(O1)N(C)C(=O)C(C)(C)1,0.4272806621687591,0.7200373850919412
COc(c1)c(SC)nc(c2)c(ccc(Br)2)1,0.8226611993962514,0.8948260252511779
c(c4)ccc(c4)N(C31)C(C(=O)C=C3)c(c2)c(ccc2)1,0.7953529870093099,0.8554118880443684
C1[C@H](NCC2=C1C3=CC=CC=C3N2)C(=O)O,0.8343117291390221,0.8987409715231269
OC(=C1)C(=O)C=CC=C1,0.7957414716311629,0.8265088731649626
O=C(NC(C2)CCCC2)NC(C1)CCCC1,0.5098340927702284,0.6173666112184498
Oc(c1)ccc(c1)C(C)(C)C,0.8076505076250475,0.8254690840175677
C1=CC2=C(C=C1Br)N/C(=C/3\C(=O)C4=C(N3)C=C(C=C4)Br)/C2=O,0.39870748820834206,0.6037836425860131
C=CC(C)(C1)C([H])(C(C)=C)CC([H])(C1)C(C)(C)O,0.8362446540388484,0.9084103942575169
CCCCCCCCCCCCC(CC(O)=O)NCc(c1)cccc1,0.5591899483589126,0.3352506475599368
CCCCCCCCCCCCC(CC(O)=O)NCc(c1)cccc1,0.5591899483589126,0.3352506475599368
CCCC(CC(O)=O)NCc(c1)cccc1,0.6487181529892987,0.4961699033779587
CCOC(=O)CC(=C([H])3)C(=O)N(c21)C(=N3)C([H])=C([H])c(cccc2)1,0.8711000275206161,0.8616247042161667
CCCOC(=O)C(=C3)C(=O)N(C1=N3)c(c2)c(ccc2)C=C1,0.8455333617699955,0.8975102921269683
CC(C)OC(=O)C(=C3)C(=O)N(C1=N3)c(c2)c(ccc2)C=C1,0.8600568474758306,0.9012333885169657
Oc(c3)c(ccc3)c(n2)nc(Cl)c(c2)c(c1)cccc1,0.698918167962774,0.7481234744169097
O=C(N3)NC(=O)C(=C3)C(=N2)C=C(NC(=O)2)c(c1)cccc1,0.650107354922625,0.751443277499583
CCOC(=O)C(=C3)C(=O)N(C1N3)c(c2)c(ccc2)CC1,0.7418006214113333,0.83484432744922
CCOC(=O)C(=C3)C(=O)N(C1=N3)c(c2)c(ccc2)CC1,0.7700354959515993,0.8393564946512417
CCOC(=O)C(=C3)C(=O)N(C1=N3)c(c2)c(ccc2)C=C1,0.8611928094579853,0.8834515791380083
CCOC(=O)C(=C([H])1)C(=O)N(C(C)2)C(CCC2)N(CC)1,0.796887513280793,0.8680616669003817
CCOC(=O)CC(=C1)C(=O)N(C=2)C(C=CC(Cl)2)=N1,0.8352390402103889,0.8420477604295389
CCOC(=O)C(=C2)C(=O)N(C(C)1)C(=N2)C(=NO)CC1,0.7488555458893426,0.8382901580386044
Nc(n1)[n+1]([O-1])cc(Br)c1c(c2)cccc2,0.6929409586077807,0.7862301965681133
CCOC(=O)CCC(=C1)C(=O)N(C(C)=2)C(C=CC2)=N1,0.9052196620919717,0.8957618622351685
CCOC(=O)CC(=C2)C(=O)N(C(C)=1)C(=N2)C=C(C)C1,0.8175498187499387,0.8775154304195225
CCCCCCCc(c(Cl)1)c(Cl)nc(C)n1,0.4548867339406602,0.5048416911072868
COC(=O)C(=C3)C(=O)N(C1=N3)c(c2)c(ccc2)CC1,0.8431252766825141,0.8788283438242669
C(C3)CCN(C3)c(c2)nc(nc2)c(c1)c(O)ccc1,0.7163211259350655,0.7689875935291371
COC(=O)C(=C3)C(=O)N(C1=N3)c(c2)c(ccc2)C=C1,0.8152703306266488,0.8587325169787889
CCOC(=O)C(=C([H])1)C(=O)N(C(C)2)C(CCC2)N(C)1,0.8002908197500131,0.8464919189767268
Fc(c2)ccc(c2)c(n1)cc(Br)nc1,0.6683762903929276,0.7758755905657225
Fc(c2)ccc(c2)c(n1)nc(Br)cc1,0.8065327093216832,0.874045318740396
Fc(c3)cc(cc3)c(n2)nc(cc2)c(c1)cccc1,0.8185398296082376,0.858312603745784
Fc(c3)ccc(c3)c(n2)nc(cc2)c(c1)cccc1,0.7972641970820571,0.8170470638199107
CCOC(=O)CC(=C1)C(=O)N(C(C)2)C(CCC2)=N1,0.8003773192429208,0.8517784113985166
CCOC(=O)CC(=C1)C(=O)N(C2)C(CCC(C)2)=N1,0.848225957301576,0.8514540032176879
CCOC(=O)CC(=C1)C(=O)N(C(O)=2)C(C=CC2)=N1,0.8348519603335678,0.8971205026452996
CCOC(=O)CC(=C2)C(=O)N(C=1)C(=N2)C(O)=CC1,0.8640775877354674,0.8623109389915864
c(c3)ccc(c3)c(n2)c(N)c(nc2)c(c1)cccc1,0.8286593365386938,0.7461414954467969
CCOC(=O)C(=C1)C(=O)N(C(C)=2)C(C=C(C)C2)=N1,0.8525031811303887,0.8828643746050521
CCOC(=O)CC(=C1)C(=O)N(C(C)=2)C(C=CC2)=N1,0.800483302201565,0.907297306108392
CCOC(=O)CC(=C1)C(=O)N(C=2)C(C=CC(C)2)=N1,0.8119774791090587,0.8304735899847595
CCOC(=O)CC(=C1)C(=O)N(C=2)C(C=C(C)C2)=N1,0.8227958145257219,0.8554131135982946
CC(C)=CCCC(C)=C([H])CCC(C)(O)C=C,0.6424090659201807,0.6865326726326367
O=CC=C(C)CCC=C(C)C,0.7212167553264648,0.672710546879766
OCC=C(C)CCC=C(C)C,0.5995745568175976,0.7743371814565998
CCC([H])=C([H])CC(=C(C)1)C(=O)CC1,0.7710754357020723,0.8612191999852657
CCCCCC(=C(C)1)C(=O)CC1,0.5888774485931257,0.7038249216561795
CCCCCCCCCCCCCCCCCCOC(C)=O,0.6482420031658497,0.6961965785761055
CCCCCCCCCCCCCCCCOC(C)=O,0.6609557017285301,0.7366555308824352
CCCCCCCCCCCCCCOC(C)=O,0.6568876311296293,0.7781708306975014
CCCCCCCCCCCCOC(C)=O,0.6602342879725437,0.8047393459669198
CCCCCCCCCCCCCCCCCCC(=O)OC,0.6865744972390142,0.6184661329392098
CCCCCCCCCCCCCCCCCC(=O)OC,0.6158147099349904,0.6106864391146998
CCCCCCCCCCCCCCCCC(=O)OC,0.624953861479077,0.6596420277072852
CCCCCCCCCCCCCCCC(=O)OC,0.60439677588675,0.6302488376558854
CCCCCCCCCCCCCCC(=O)OC,0.6194922766257162,0.6562007588470686
CCCCCCCCCCCCCCCCCCCCCCO,0.7019089331393632,0.5790302304337201
CCCCCCCCCCCCCCCCCCCO,0.6802785692006411,0.6520124456421388
CCCCCCCCCCCCCCCCCCO,0.699535736700681,0.6374977869835149
CCCCCCCCCCCCCCCCCO,0.7311293942009915,0.6763393803844053
CCCCCCCCCCCCCCCCO,0.6996812774430422,0.7078032261028491
CCCCCCCCCCCCCCCO,0.7591932910537734,0.7341744393383435
CCCCCCCCCCCCCCO,0.7424017046730906,0.7338983927031326
CCCCCCCCCO,0.7573209240538767,0.7778213241394719
CCCCCCCCO,0.8014717727439609,0.8220596634674489
OCCCCCCC,0.7822596770385369,0.7998036007684057
CCCCCCO,0.746016667137324,0.7618779488025548
CCCCCCCCCCCCCCCCCCBr,0.6981003733873248,0.5718936048102342
CCCCCCCCCCCCCCCCBr,0.7037788841064311,0.6010948630574999
CCCCCCCCCCCCCCCBr,0.7190389786447827,0.6099853684508901
CCCCCCCCCCCCCCBr,0.7152739544940173,0.6088485167319077
CCCCCCCCCCCCCBr,0.6982567961103858,0.6228849043496113
CCCCCCCCCCCCBr,0.6895172810592475,0.6319908448601717
CCCCCCCCCCCCCCCCCCCC,0.6954533876600605,0.6809793064685449
CCCCCCCCCCCCCCCCCC,0.6675166790213624,0.7049760298955882
CCCCCCCCCCCCCCCCC,0.6679563316077395,0.7150079586652206
CCCCCCCCCCCCCCCC,0.670253970766728,0.7120981437247144
CCCCCCCCCCCCCCC,0.7551177800255541,0.7252822172763804
CCCCCCCCCCCCCC,0.676041399724735,0.7515267596812422
CCCCCCCCCCCCC,0.7591611385399104,0.7547006211400153
CCCCCCCCCCCC,0.7567269386630802,0.7792144881483115
CCCCCCCCCCC,0.7341900538380073,0.7489056104179098
CN(C)c(c1)cccc1,0.7834280611900338,0.8487018488685821
CC(=O)CCC(C)=O,0.9044748349026129,0.8134083488149962
C(C2)Cc(c1)c(C2)ccc1,0.7359531277419925,0.878929010117871
c(c1)ccnc1,0.7497289314317522,0.8434767024593838
CC(C)=O,0.8841626992822643,0.8545479621418212
OCCC,0.5059332773519079,0.7791834596986263
CC(C)CC(=O)OC(C1)CCCC1,0.8704667284424926,0.8091169877909072
CC(C)O,0.6679337014852806,0.7626692797081186
CCc(c1)ccc(C)c1,0.7211949919268692,0.8309998611179824
C=CC(N)=O,0.7325176262974729,0.8280730222034067
O=C(OCc(c2)cccc2)Cc(c1)cccc1,0.5955277882362291,0.5668049909732695
CCOC(=O)CCCCC(=O)OCC,0.8681815118643524,0.8647077072685558
CCOC=C,0.7376516721135019,0.8151955449580134
ClC(Cl)(Cl)Cl,0.8193008388810965,0.800590648791325
COC(C)(C)CCOC(C)=O,0.9223002710483853,0.9144903582851693
Cc(c1)cc(C)cc(C)1,0.8059182854208485,0.8650434735759317
CCOC(=O)CC(=O)OCC,0.8168790917960301,0.8095571656849914
c(c1)ccc(I)c1,0.6523962637787409,0.6319695662017236
O=C(C1)CCC1,0.771988441029821,0.831434710286543
CCCCOCCCC,0.8640814960981633,0.834161644300714
c(c2)ccc(c2)OCC(C1)O1,0.8304884102131608,0.8793025344348335
CC(O)COc(c1)cccc1,0.7760110118088114,0.840213823563495
CC(=O)COc(c1)cccc1,0.8664238441304161,0.8936301735127633
BrCCBr,0.7651480844577792,0.7113221079470324
OCCOc(c1)cccc1,0.8151718742465074,0.831882348641205
OCCCc(c1)cccc1,0.795681016357928,0.8479382980458078
O=C(C1)CCCCC1,0.7902779569675522,0.7372071524676048
COC(C)=C,0.7057652720409519,0.7407109847579996
CCOCC,0.8032631684991924,0.8297827768318606
CCCCOc(c1)cccc1,0.7724839863754357,0.7990238145462428
CCOP(=O)(Sc(c2)cccc2)Sc(c1)cccc1,0.6053658409284449,0.7604662950005079
CSc(c1)c(C)cc(c1)OP(=S)(OC)OC,0.6339885698711374,0.7877214247232112
CNC(=O)Oc(c1)c(c2)c(ccc2)cc1,0.6610572026035422,0.5857469886485225
[O-1][N+1](=O)c(c1)c(C)cc(c1)OP(=S)(OC)OC,0.5631137069808939,0.6174099020613724
CNC(=O)Oc(c1)c(ccc1)C(C)CC,0.604652609495568,0.6199684383142724
O=C(Oc(c1)c(c2)c(ccc2)cc1)N(C)[Si](C)(C)C,0.49230043143098057,0.4333817675193288
CCC(C)c(c1)c(ccc1)OC(=O)N(C)[Si](C)(C)C,0.811224421870909,0.7954329569759475
CC(=O)Oc(c(Cl)1)c(Cl)c(Cl)c(Cl)c(Cl)1,0.5866774742064533,0.7302744585698449
CC(=O)Oc(c1)c(Cl)c(Cl)c(Cl)c(Cl)1,0.85031769329914,0.810254884052481
CC(=O)Oc(c(Cl)1)c(Cl)c(Cl)c(Cl)c1,0.724291197683599,0.7914778776941016
CC(=O)Oc(c(Cl)1)c(Cl)c(Cl)cc(Cl)1,0.7174414172995357,0.8129241854913193
CC(=O)Oc(c1)cc(Cl)c(Cl)c(Cl)1,0.6655938322675838,0.7758705908874282
CC(=O)Oc(c1)c(Cl)c(Cl)c(Cl)c1,0.7554926448828405,0.8242109785878231
CC(=O)Oc(c1)c(Cl)cc(Cl)c(Cl)1,0.667736350239997,0.7817783857264716
CC(=O)Oc(c1)c(Cl)c(Cl)cc(Cl)1,0.6544094479067095,0.7747481690922208
CC(=O)Oc(c(Cl)1)c(Cl)c(Cl)cc1,0.6131866866589818,0.8025772659806506
CC(=O)Oc(c(Cl)1)c(Cl)cc(Cl)c1,0.6011697294938974,0.7115567126670428
CC(=O)Oc(c1)cc(Cl)cc(Cl)1,0.7103071236656854,0.7656447998880006
CC(=O)Oc(c1)c(Cl)c(Cl)cc1,0.7809613088044434,0.8472996285725626
CC(=O)Oc(c1)cc(Cl)c(Cl)c1,0.7637999697007489,0.8313635816866761
CC(=O)Oc(c1)c(Cl)cc(Cl)c1,0.7385121407912852,0.7891122967543727
CC(=O)Oc(c1)c(Cl)ccc(Cl)1,0.7041695412039918,0.768792580239448
CC(=O)Oc(c(Cl)1)c(Cl)ccc1,0.7726507330512223,0.7359518898448514
CC(=O)Oc(c1)ccc(Cl)c1,0.8093645285732932,0.8476232036331537
CC(=O)Oc(c1)cc(Cl)cc1,0.7335483261018508,0.686057412292783
CC(=O)Oc(c1)c(Cl)ccc1,0.6575034410217189,0.6621431098541806
[O-1][N+1](=O)c(c2)ccc(c2)OCc(c(F)1)c(F)c(F)c(F)c(F)1,0.8997255582908465,0.8528340086219117
[O-1][N+1](=O)c(c2)c(C)cc(c2)OCc(c(F)1)c(F)c(F)c(F)c(F)1,0.8836169137842891,0.8197180358988724
[O-1][N+1](=O)c(c1)ccc(OCC(=O)O[Si](C)(C)C)c1,0.789424657408703,0.8490050291318249
Cc(c1)cc(cc1)CC(=O)O[Si](C)(C)C,0.8260581342767661,0.7735709824421073
CC(Oc(c1)c(Cl)cc(Cl)c(Cl)1)C(=O)O[Si](C)(C)C,0.8155841934061978,0.6937782756574777
c(c1)ccc(c1)CC(=O)N(CC(=O)O[Si](C)(C)C)[Si](C)(C)C,0.8340248985654881,0.8632537072231254
O=C(Cc(c1)cc(c2)c(ccc2)c1)O[Si](C)(C)C,0.6884356822869621,0.688868659870165
CC(Oc(c1)cccc1)C(=O)O[Si](C)(C)C,0.8829344861802008,0.8881021099992333
CC(CC(=O)O[Si](C)(C)C)C(=O)O[Si](C)(C)C,0.63877687995393,0.6460993756441286
O=C(O[Si](C)(C)C)c(c1)ccnc1,0.7481837730880991,0.758149154409766
O=C(O[Si](C)(C)C)c(c1)cncc1,0.7824719632802458,0.7986973068320649
CCCCCC=CCC(=O)O[Si](C)(C)C,0.6123319136979102,0.7546244979233582
CC(CC(C)(C)C)CC(=O)O[Si](C)(C)C,0.81803336429577,0.7846670673344774
CCCCCC=CC(=O)O[Si](C)(C)C,0.6161254731364645,0.7131476776845715
CCCCCCCCc(c1)ccc(c1)C(=O)O[Si](C)(C)C,0.8678107063105451,0.8861252075424696
[O-1][N+1](=O)c(c1)ccc(c1)CC(=O)O[Si](C)(C)C,0.7261426940416136,0.6144948890143606
[O-1][N+1](=O)c(c1)c(ccc1)CC(=O)O[Si](C)(C)C,0.6618218123781784,0.584754446936688
[O-1][N+1](=O)c(c1)cc(cc1)CC(=O)O[Si](C)(C)C,0.8673812427701482,0.7805448536390373
C[Si](C)(C)Oc(c1)cc(O[Si](C)(C)C)c(C(=O)O[Si](C)(C)C)c(O[Si](C)(C)C)1,0.833931266377465,0.823416742240215
C[Si](C)(C)OC(=O)c(c1)cc(O[Si](C)(C)C)c(O[Si](C)(C)C)c(O[Si](C)(C)C)1,0.07993105526274316,0.11668482306532434
C[Si](C)(C)OC(=O)c(c1)c(O[Si](C)(C)C)c(O[Si](C)(C)C)c(O[Si](C)(C)C)c1,0.782127427158475,0.7613916921668823
O=C(CSc(c1)cccc1)O[Si](C)(C)C,0.6432620466137423,0.7833893200056352
C[Si](C)(C)OC(=O)c(c1)c(ccc1)S[Si](C)(C)C,0.8787765517051525,0.8333044483889842
O=C(COc(c1)c(Cl)cc(Cl)c(Cl)1)O[Si](C)(C)C,0.8639586125212688,0.7366399054710036
C[Si](C)(C)OC(=O)c(c1)nc(O[Si](C)(C)C)nc(O[Si](C)(C)C)1,0.557217253641524,0.6069014821388051
O=C(O[Si](C)(C)C)C(C)S[Si](C)(C)C,0.6411260034153204,0.7397545985646585
O=C(O[Si](C)(C)C)C(C)C(=O)O[Si](C)(C)C,0.5589208271408237,0.7638279446538845
CC(C)C=CC(=O)O[Si](C)(C)C,0.8400366698336855,0.8415787855536241
CCCC(C)C(=O)O[Si](C)(C)C,0.847794106494402,0.8400222607266232
[H]C(C)=C(C)C(=O)O[Si](C)(C)C,0.7088743375894994,0.7436400060680287
C(C1)CCC(C)(C1)C(=O)O[Si](C)(C)C,0.837303692167614,0.8309704968582308
CC(CC(=O)O[Si](C)(C)C)CC(=O)O[Si](C)(C)C,0.521638955056655,0.7041004716683307
[H]C(C(=O)O[Si](C)(C)C)=C(C)C(=O)O[Si](C)(C)C,0.6660916609722839,0.7214918112015352
CC(=O)CCCC(=O)O[Si](C)(C)C,0.722236197217883,0.743580388219929
CCC=C(O[Si](C)(C)C)C(=O)O[Si](C)(C)C,0.7986819549415752,0.7198374531366939
CCCC(=O)C(=O)O[Si](C)(C)C,0.6388594835979795,0.5799415557723931
CC(=O)CCC(=O)O[Si](C)(C)C,0.6532312602303616,0.6873442791449653
CCCCCCCCOc(c1)ccc(c1)C(=O)O[Si](C)(C)C,0.8476234956063607,0.8925520983716783
CCCCCCCCC(CCCCCC)C(=O)O[Si](C)(C)C,0.8243197444200433,0.8668556319198327
O=C(CCC(CCC(=O)O[Si](C)(C)C)C(=O)O[Si](C)(C)C)O[Si](C)(C)C,0.7156678195796319,0.6580435182108613
O=C(CCCc(c1)cccc1)O[Si](C)(C)C,0.7368998363525414,0.7948257621522944
[O-1][N+1](=O)c(c1)c(C(=O)O[Si](C)(C)C)c(cc1)C(=O)O[Si](C)(C)C,0.7487689447142729,0.5701531643096662
c(c2)ccc(c2)N=Nc(c1)ccc(c1)C(=O)O[Si](C)(C)C,0.6892619431836302,0.7774023021935863
CCCCCCC(CC=CCCCCCCCC(=O)O[Si](C)(C)C)O[Si](C)(C)C,0.3596661767360942,0.35538749958176513
CCCOc(c1)ccc(c1)C(=O)O[Si](C)(C)C,0.8062622155105625,0.8422495376898428
O=C(O[Si](C)(C)C)c(c1)nccc1,0.6835473617861595,0.7292652998432309
O=C(O[Si](C)(C)C)C(C1)CCN(C1)[Si](C)(C)C,0.6580117563508535,0.7072163548796785
O=C(O[Si](C)(C)C)C(C1)CN(CC1)[Si](C)(C)C,0.6872393516170634,0.7616647163155572
C[Si](C)(C)OC(=O)c(c1)c(ccc1)O[Si](C)(C)C,0.7531858509026891,0.801241943076302
C[Si](C)(C)OC(=O)CC(CC(=O)O[Si](C)(C)C)(O[Si](C)(C)C)C(=O)O[Si](C)(C)C,0.7392643516961215,0.6802822785528676
COC(=O)CNC(=O)CNC(=O)CNC(=O)CNC(C)=O,0.307398414825194,0.22836245337220762
NCC(=O)NCC(=O)NCC(=O)NCC(O)=O,0.5502069771583111,0.439785278603684
OC(=O)C([H])(C)NC(=O)C([H])(C)N,0.5266781734337947,0.6083968835453121
NCC(=O)NCC(O)=O,0.5840346689640669,0.6131578022080401
CC(N)C(O)=O,0.7480148575898393,0.8426513850046393
NCC(O)=O,0.5890632231815653,0.5485416164811648
C(C2)CC(C1)C(C2)OCC1,0.8663178953129893,0.9257615955968375
O=C(C=1)Oc(c2)c(ccc2)C1,0.7027406946997662,0.7594453510269703
[H]C(C2)(C1)C([H])(CCC2)NCC1,0.8425691833103423,0.8253720051574953
C(C2)Cc(c1)c(N2)ccc1,0.6729872812331044,0.8556648893730852
c(c2)cc(c1)c(c2)ncc1,0.8600809916184575,0.915414114558393
[2H]C(C1)C(C)C(C2)C(C)(C)C12,0.863916810205135,0.9116860539940856
[2H]C(C)(C2)C(C1)C(C)(C)C(C2)1,0.8314753823101121,0.8852339765842716
CC(C1)CC(=O)C(C1)C(C)C,0.6447012921684021,0.8511689257903817
CC(=O)Oc(c1)cc(c2)c(ccc2)c1,0.8456833011755733,0.8326360208223911
CC(=O)Oc(c1)c(c2)c(ccc2)cc1,0.854607500922347,0.821463465526084
c(c3)cc(o1)c(c3)c(c2)c(ccc2)1,0.8753486151369955,0.8369736805092194
CC(=O)C=Cc(c1)cccc1,0.8960800581205117,0.9340852380935064
CCC(N)COC,0.49337362402875506,0.678277056440947
NCCCOC,0.8097812940429658,0.8117699121464669
CCOC(C)OCC,0.823988679661595,0.8737382892225806
COCCOC,0.826248131193982,0.8312539769590017
OCCC(C)(C)OC,0.7734213128629587,0.8184930451830205
OCCC(C)OC,0.6714053065397275,0.7105187676046627
CCC(O)COC,0.8581013811026599,0.8495970657097481
COCC(C)O,0.8947241624349512,0.8218310087249666
COCCO,0.8781106178477321,0.8294690092992925
N#CCCCCC#N,0.819052948497201,0.829444223771502
C=CCC#N,0.8017223129934212,0.8754767920882085
C=CC#N,0.8102687194495671,0.865908653561492
COc(c1)ccc(OC)c1,0.8140398700989848,0.8787076637268221
COc(c1)cc(OC)cc1,0.7999647786794197,0.883116069504284
COc(c1)c(OC)ccc1,0.8191357462300128,0.8249637085512578
NCCOC,0.7641516277592917,0.7351623614944092
CCOCCOCCOC(C)=O,0.8792951051195795,0.8385800962218116
CCCCOCCOCCOCCCC,0.8276036526616449,0.6203436166609959
CCCCOCCOCCO,0.5618227551883882,0.4401336340548916
COCCOCCOC,0.8733850397892284,0.7976383073404674
CCCCOCCOCCO,0.8422499307743863,0.7424726007947564
CCOCCOCCO,0.5416660048641098,0.6422876987492897
COCCOCCO,0.9243644700022228,0.77763348734772
NCCCCCCN,0.8117944309854146,0.7312103657303843
NCCCCN,0.9125734642273751,0.7306207631693155
O=C(C=Cc(c2)cccc2)OCc(c1)cccc1,0.8654353544265094,0.8805563834825529
C=CCOC(=O)C=Cc(c1)cccc1,0.8216432565502986,0.8366841479265482
CCOC(=O)C=Cc(c1)cccc1,0.8293686445537097,0.8739495425364944
COC(=O)C=Cc(c1)cccc1,0.9287873314163165,0.9391619003805329
OCC=Cc(c1)cccc1,0.7870616847372623,0.8886667523861856
O=CC=Cc(c1)cccc1,0.914077123430361,0.9451858403363693
COc(c1)ccc(C)c1,0.8461746727468079,0.9000803909582232
COc(c1)cc(C)cc1,0.8544895260316382,0.9131322662420769
COc(c1)c(C)ccc1,0.8049972885725796,0.8576944749236646
COc(c1)c(N)cc(C)c1,0.8698185939409171,0.8969558365070426
Nc(c1)cc(C)c(C)c1,0.8488070805216104,0.8892083239331805
Cc(c1)c(N)c(C)cc1,0.8109514023786297,0.8827766697249978
Cc(c1)cc(N)c(C)c1,0.865984734661943,0.9123443417174067
Cc(c1)cc(C)c(N)c1,0.7856333259288569,0.8794291201023237
Cc(c1)c(C)c(N)cc1,0.8588908999419551,0.9102428189512688
CCCCOC(=O)C([H])=C([H])C,0.870535852715639,0.8475738897860221
CC=CC(=O)OCC,0.7917905116096947,0.8137395862957288
CC=CC(=O)OC,0.8125697887818498,0.8087072241684006
CCCCC(CC)COC(=O)C=C,0.9118297767605236,0.8917708671097144
OCCOC(=O)C=C,0.6867195679042076,0.670984122900988
C=CCOC(=O)CCCCC(=O)OCC=C,0.6845390234627199,0.5199237863795859
CCCCC(CC)COC(=O)CCCCC(=O)OCC(CC)CCCC,0.7608559100666507,0.7163933476375767
CCCCOC(=O)CCCCC(=O)OCCCC,0.9045609289600051,0.9225143035855353
CC(C)OC(=O)CCCCC(=O)OC(C)C,0.8614526552171968,0.9005756762432938
CCCOC(=O)CCCCC(=O)OCCC,0.9057876172168637,0.8999326224204885
CCOC(=O)CCCCC(=O)OCC,0.8922987538186617,0.9086016907644172
COC(=O)CCCCC(=O)OC,0.8338382993030365,0.9024145228709318
NCc(c1)occ1,0.8201728970253269,0.9243342729619455
O=Cc(c1)occ1,0.8143601175863062,0.8705495616738602
OCc(c1)occ1,0.8208611430670033,0.8589931065366755
c(c1)coc1,0.795808894487196,0.7867600322531909
NCCCN,0.8777169494285729,0.7994827991484321
NCC(C)N,0.7595599276043455,0.7823593228851611
C=CCN,0.7621710096080062,0.8347800574538797
C(C2)CCC(C2)NC(C1)CCCC1,0.5958777656030795,0.6983379332382286
OCCN(CC)CC,0.8244383182233187,0.8149483301837166
OCCN(C)C,0.8508844303439017,0.8413816804601052
OCCCCCCCCCCO,0.7083794163248724,0.8332786667346318
CCCCCCCCCCO,0.8971007580532951,0.7291348741804811
C=CCO,0.7586358751764551,0.831247525668063
CCCCCCCCCC,0.8816505541145858,0.873914067137236
CCCCCCCCCC([H])(O)CC(=O)CCc(c1)cc(OC)c(O)c1,0.8490510429023566,0.7517473789230676
CCCCCC=CC(=O)CCc(c1)cc(OC)c(OC(C)=O)c1,0.8338495115881933,0.8448038820558257
OC(=O)C=Cc(c1)ccc(O)c1,0.7233258518251394,0.8185495228238504
OC(=O)Cc(c1)ccc(O)c1,0.7531031885531043,0.7068887029125293
COc(c1)c(OC)cc(c1)C(O)=O,0.6602870470917351,0.8115517217907946
CCOCCOCC,0.8150572079012529,0.7935425245330814
CCOCCOCC,0.8150572079012529,0.7935425245330814
CCCCC(=O)OCC,0.8940228784975431,0.8970511629628747
COc(c1)ccc(OC)c1,0.8395400692464482,0.8996622423018541
COc(c1)ccc(OC)c1,0.8395400692464482,0.8996622423018541
COCCc(c1)cccc1,0.8126561221425197,0.8323833574021248
CCOCc(c1)cccc1,0.8422249917347561,0.8262966280738812
CCOc(c1)ccc(C)c1,0.8702288403908943,0.8815137127801598
CCOc(c1)cccc1,0.7614478581048308,0.831682570939324
COc(c1)ccc(C)c1,0.8827435718352594,0.9112087286593779
COc(c1)cc(C)cc1,0.9002169789283677,0.926804349115325
COC(C)(C1)CCCCCCCCCC1,0.429470769627674,0.6933507766962542
CCOC(C1)CC(C)(C)CC(C)1,0.8222195745668185,0.8528441942498948
CCCCCCCCCCOC=C,0.8445051202018583,0.80986374141169
CCCCCCCCCCOC,0.8598795622844345,0.8745856882396243
CC(C)CCOCCC(C)C,0.9308605065077058,0.8302222401065056
CCCCCCOC,0.8023685360155158,0.742368187233404
CCC=CCCOC,0.3286650592852513,0.5937906635050485
C=CCOCC=C,0.9401326451493234,0.8686348224178798
CC(C)c(c1)ccc(C)c1,0.7461292309287665,0.8219436890520463
CC=Cc(c1)ccc(C)c1,0.8445426872146814,0.9018744075611622
c(c2)ccc(c2)Cc(c1)cccc1,0.845648308660318,0.9118721584590429
CCCCCCCCCC(=O)OCCCCCCC,0.7919002453234185,0.625455180747019
CCCCCCCCCC(=O)OCCC=CCC,0.8508303771924305,0.8076155569167365
CCCCCCCCCC(=O)OCCCCCC,0.7177585134668388,0.5860164672208562
CCCCCCCCCC(=O)OCCC(C)C,0.8401882309807414,0.7614034167853401
CCCCCCCCCC(=O)OCCCCC,0.7031379559691382,0.6150277072758523
CCCCCCCCCC(=O)OCC(C)C,0.8531890025633714,0.8164562635954911
CCCCCCCCCC(=O)OCCCC,0.8461671003791598,0.8115986908561399
CCCCCCCCCC(=O)OC(C)C,0.8034703311327276,0.8312769755764053
CCCCCCCCCC(=O)OCCC,0.8796221284356975,0.852784485193695
CCCCCCCCCC(=O)OCC=C,0.8740304369994951,0.8321677327775434
CCCCCCCCCC(=O)OCC,0.8573414830617769,0.8153845109471154
CCCCCCCCCC(=O)OC,0.7446219111022873,0.7431595718139691
CCCCCCCCC(=O)OCCc(c1)cccc1,0.8762249072685065,0.831344980636375
CCCCCCCCC(=O)OCc(c1)cccc1,0.8199598209093608,0.7858463368094928
CCCCCCCCCCOC(=O)CCCCCCCC,0.7933786277363989,0.6195077338404689
CCCCCCCCC(=O)OCCCCCCCC,0.8096975365553614,0.6465679159325863
CCC=CCCOC(=O)CCCC,0.9101970634876627,0.8847002656146707
CCCCC(=O)OCCC(C)C,0.8614803734289814,0.85336695268989
CCCCCOC(=O)CCCC,0.9026837945699827,0.9055073548511378
CCCCC(=O)OCC(C)C,0.8862199397628576,0.8379716348049928
CCCCOC(=O)CCCC,0.9234262852605637,0.9097208289555516
CCCCC(=O)OC(C)C,0.8801100797447148,0.8922328597539975
CCCCC(=O)OCCC,0.8413153082391377,0.8719974771803707
CCCCC(=O)OCC=C,0.8844531039233068,0.8448083389884118
CCCCC(=O)OC,0.8473525355068687,0.8410216330781929
CC(C)C(=O)OC(C)(C)CCc(c1)cccc1,0.8807963802521752,0.8925569948624118
CC(C)C(=O)OC(C)(C)Cc(c1)cccc1,0.8704563687120244,0.8145019009624285
CC(C)C(=O)OCCCc(c1)cccc1,0.8954253601378485,0.8858846834925176
CC(C)C(=O)OC(C)(C)c(c1)cccc1,0.8575790014261819,0.8777089670135203
CC(C)C(=O)OCC=Cc(c1)cccc1,0.7615883021573586,0.8700361344875971
CC(C)C(=O)OCCc(c1)cccc1,0.852130701843256,0.8298878029106852
CC(C)C(=O)OC(C)c(c1)cccc1,0.8582897061995791,0.8780458492768252
CC(C)C(=O)Oc(c1)ccc(C)c1,0.8827531562800227,0.8809915578474158
CC(C)C(=O)OCc(c1)cccc1,0.8146348268054187,0.881675518478677
CC(C)C(=O)OC(C1)CC(C)(C)CC(C)1,0.8734857976822562,0.9192187879081221
CCCCCCOC(=O)C(C)C,0.8586640212339816,0.8621784009048061
CCC=CCCOC(=O)C(C)C,0.8834264023630529,0.8934103536121726
CC(C)C(=O)OC(C1)C(C)=CCC(C(C)=C)1,0.8991080384844645,0.9199491654056469
CC(C)=CCCC(C)CCOC(=O)C(C)C,0.9181769319259578,0.9510557345206156
CC(C)=CCCC(C)=CCOC(C)=O,0.8032977699253447,0.7907122990828253
CC(C)=CCCC(C)(C=C)OC(C)=O,0.8485094705612576,0.8580494769209077
CC(C)=CCC([H])(COC(C)=O)C(C)=C,0.8304230323113893,0.8622785582590294
CC(C)=CCCC(C)=CCOC(C)=O,0.7770980357084211,0.7590442751573689
CC(=O)OC([H])(C(C)21)C(C)(C)C([H])(CC2)C1,0.77742309705263,0.8755174235390373
CC(=O)OC([H])(C1)C([H])(C)CCC([H])(C(C)=C)1,0.8414679298976591,0.8888740705348765
CC(=O)OCC(=C2)C(C1)C(C)(C)C(C2)1,0.8796715322908404,0.8219105493362263
CC(=O)OC(C1)C(C)=CCC(C(C)=C)1,0.7869987895846835,0.8634724252873043
CC(=O)OC([H])(C(C)=1)CC([H])(C(C)=C)CC1,0.8095757969589032,0.877279572320069
CC(=O)OCc(c1)ccc(C(C)C)c1,0.7376975159261152,0.8907017278094883
COCCOC(C)=O,0.8710978072237566,0.7953502116039806
CC(=O)OCC(COC(C)=O)OC(C)=O,0.7634958417290865,0.6968103179712792
CC(=O)OCCOC(C)=O,0.7974874488942996,0.5560837220168043
c(c2)ccc(c2)C(=O)c(c1)cccc1,0.9146584492672584,0.9023228026557313
CCCCCC(=O)c(c1)cccc1,0.8827749612105408,0.8194531713427599
CCCCC(=O)c(c1)cccc1,0.8824306475064669,0.8437058502020793
CC(=O)CC(=O)c(c1)cccc1,0.8735778942700214,0.8722977806651611
Cc(c1)cc(C)c(c1)C(C)=O,0.849386465221914,0.8453104710510346
CCc(c1)ccc(c1)C(C)=O,0.8044276982137216,0.8679234672950309
CCCC(=O)c(c1)cccc1,0.8519842127614856,0.8487852295803625
CC(=O)CCc(c1)cccc1,0.8972208992371399,0.8770325575582396
CC(=O)C=Cc(c1)cccc1,0.9045560308647675,0.928257953285551
CCC(=O)c(c1)cccc1,0.8642191603141508,0.8895605515663114
CC(=O)Cc(c1)cccc1,0.8928236032083778,0.8999254740393298
Cc(c1)ccc(c1)C(C)=O,0.8249170441831065,0.8490603292963792
CC(=O)c(c1)cc(C)cc1,0.8437900066790436,0.8386776476497291
CC(=O)c(c1)c(C)ccc1,0.8525461026506859,0.8718923825952123
CC(=O)c(c1)cccc1,0.8350643103352815,0.8997245656107226
CC(=C)C(C2)CC(C)(C(C)1)C(C2)=CC(=O)C1,0.8744608654824735,0.8961746938493651
CC(=O)C=CC(=C(C)1)C(C)(C)CCC1,0.7348813701301287,0.7918230661935315
Cc(c1)c(c2)c(ccc2)cc1,0.8207868261628011,0.800834771916114
CC(C)(C)c(c1)cccc1,0.8174208878477114,0.830153240921732
CCC(C)c(c1)cccc1,0.7296913712895934,0.8187828973872676
CCCCc(c1)cccc1,0.8301390690271331,0.8420091521945494
Cc(c1)cc(C)cc(C)1,0.8102926184019364,0.865078827333806
Cc(c1)c(C)c(C)cc1,0.7770738598024362,0.8738640299382321
CCCc(c1)cccc1,0.7940772230729561,0.7962323945147748
CC(C)c(c1)cccc1,0.7167800500888406,0.7758708098654941
CC(C)(C2)C(C31)C(CC3)C(C)(CC2)C(=C)1,0.881455996341252,0.8780101049757499
CC(=C3)C(C1)C(C)(C)C(C2)C(C3)(C(C)C2)1,0.7748842345377714,0.8639215152616421
[H]C(C2)=C(C)CCC([H])(C(C)(C)1)C([H])(C(=C)C2)C1,0.8680252352327289,0.91802595326125
CC(C)C([H])(C1)CCC([H])(C)C1,0.7209252278105348,0.7912121461391103
CC(C1)CCC(C1)C(C)C,0.7239062685433775,0.7987894276744817
CC(C1)=CCC(C1)=C(C)C,0.8732986431900855,0.9214142118238872
CC(C)C(C1)=C([H])CC(C)=C([H])1,0.7949442741316215,0.8751645177176908
CC(C)C(C1)=C([H])C([H])=C(C)C1,0.8087727989627155,0.8647466816714394
C=C(C2)C(C1)C(C)(C)C(C2)1,0.7633014527258313,0.7924016185089381
CC(=C2)C(C1)C(C)(C)C(C2)1,0.7637905562747431,0.8661394895722506
CC(C)C(C1)C=CC(C)=C1,0.7523511290121614,0.7729602181878952
CCC(C)CO,0.778046255774896,0.8566842109404285
CCCCCO,0.8492133550800283,0.8607488850724125
CCC(O)C=C,0.699820553259029,0.782338845915035
CC(C)(C)O,0.8420369147042529,0.867364171164774
CCC(C)O,0.738965307209403,0.7944717564114023
OCC(C)C,0.7397684180602209,0.8133927630853073
CCCCO,0.7537408289512679,0.771096808179323
CC(C)O,0.6393790602051992,0.7519008364469044
CCCO,0.5188308803410572,0.7900988878544504
C=CCO,0.7544153535376505,0.8235890451673861
CCCCCCCCCCCCCCCCCC(=O)OC,0.7533735926852159,0.7087530597812673
CCCCCCCCCCCCCCCC(=O)OCCC,0.8371456586026791,0.8589617194143208
CCCCCCCCCCCCCCCC(=O)OC,0.7456287966973432,0.6919746304422025
CCCCCCCCCCCCCC(=O)OC(C)C,0.7785957532438651,0.824415660096357
CCCCCCCCCCCCCC(=O)OC,0.7285170016117701,0.651748683868492
CCCCCCCCCCCC(=O)OCc(c1)cccc1,0.8164851860556619,0.7345538559386482
CCCCCCCCCCCC(=O)OCCC(C)C,0.8330270534923602,0.6915342829883238
CC=CC(=O)OC,0.828382183287308,0.8024810232908426
CCC(C)C(=O)OCCc(c1)cccc1,0.8649026209616314,0.8156024190673086
CCC(C)C(=O)OC([H])(C1)C([H])(C(C)C)CCC([H])(C)1,0.8718864747798217,0.9160097924160239
CCCCCCCCOC(=O)C(C)CC,0.9004493162640851,0.8690492211810965
CCCCCCOC(=O)C(C)CC,0.9012415216975085,0.8727564561587003
CCC=CCCOC(=O)C(C)CC,0.9002758306825209,0.8840479920826729
CCC(C)COC(=O)C(C)CC,0.8923301389321235,0.8375693772210652
CCC(C)C(=O)OCCC(C)C,0.8668826998670148,0.772659598029928
CCCCCOC(=O)C(C)CC,0.9141666067661646,0.8754568466035733
CCC(C)C(=O)OCC(C)C,0.8950588911919688,0.8321147448396639
CCCCOC(=O)C(C)CC,0.9156518233935682,0.849965423883789
CCC(C)C(=O)OC(C)C,0.8477269964012408,0.883005294365624
CCCOC(=O)C(C)CC,0.8669735555294091,0.8232859436982485
CCOC(=O)C(C)CC,0.8568003087087019,0.8066223565962765
CCC(C)C(=O)OC,0.889168342655247,0.8911618372177289
CC(C)CC(=O)OC(C1)CCCC1,0.9215525261060925,0.9296895925005897
CC(C)CC(=O)OCc(c1)occ1,0.7167798445751772,0.8094771195393211
CC(C)CC(=O)OCCCc(c1)cccc1,0.8459723902024419,0.8198879833503452
CC(C)CC(=O)OCC=Cc(c1)cccc1,0.7242850976461028,0.8087063124357717
CC(C)CC(=O)OCCc(c1)cccc1,0.8525172449412068,0.8129806190916964
CC(C)CC(=O)Oc(c1)ccc(C)c1,0.8488609838660336,0.8436191882820989
CC(C)CC(=O)OCc(c1)cccc1,0.7440834190072819,0.839112053700558
CC(C)CC(=O)OC(C1)C(CCC(C)1)C(C)C,0.8937764977702028,0.9315723910692348
CC(C)=CCCC(C)(C=C)OC(=O)CC(C)C,0.783462134097309,0.8407261811530311
CCCC=CCOC(C)=O,0.8253634924816354,0.8693420331129923
CC=CC=CCOC(C)=O,0.7929384022167348,0.87431105846429
CC(C)CCOC(C)=O,0.8582682963841305,0.8863296359960736
CCCCCOC(C)=O,0.9192465839969954,0.9066859730330908
CC(=O)OC(C)(C)C,0.8956033177260162,0.9289619386938337
CC(C)COC(C)=O,0.7151215544692695,0.7582711218803819
CCCCOC(C)=O,0.7958195272277396,0.8005494899113912
CC(C)OC(C)=O,0.8484456357638004,0.8409776514276578
CCCOC(C)=O,0.8194515524877785,0.7860056355783784
C=CCOC(C)=O,0.8394716025818809,0.8711222786074009
CCOC(C)=O,0.7309132610392185,0.6908970557834282
COC(C)=O,0.7905883765785149,0.8164957179146555
O=COCc(c1)ccc(OC)c1,0.7665324797671872,0.7947554431886398
O=COCCc(c1)cccc1,0.9026672952965805,0.8684023024546685
O=COCC=Cc(c1)cccc1,0.895103749314314,0.8994494749778597
O=COc(c1)ccc(C)c1,0.8647140328704993,0.8989312873091427
O=COCc(c1)cccc1,0.8911081407070327,0.9419264575674655
O=COC(C1)CCC(C1)C(C)(C)C,0.8836116688189011,0.9260444167109458
O=COC(C1)CCCC1,0.8342673517096656,0.8967608880661846
O=COC(C)(C=C)CCC=C(C)CCC=C(C)C,0.7763857709027651,0.6984932067073129
O=COCCC(C)CCCC(C)C,0.9222102419496656,0.9119716921330507
CCCCCCCCCCCC(C)=O,0.8386147364104951,0.6913601649063998
CCCCCCCCCCC(C)=O,0.8392686411491401,0.668097552207794
CC(C)CCC(=O)CCC(C)C,0.7980277580726284,0.8348786978663627
CCCCCC(=O)CCCCC,0.8654527775147186,0.8342923881159129
CCCCCCC(=O)CCCC,0.8791721417682397,0.8375116658304472
CCCCCCCC(=O)CCC,0.8998384881884673,0.8870528430943622
CCCCCCCCC(=O)CC,0.8714002874734502,0.8123980501902057
CCCCCCCCCC(C)=O,0.8422452335742963,0.7343292187297581
CCC(=O)CCC(C)C,0.8747196460757115,0.8449535556312481
CCCCCCCC(=O)CC,0.8528345305058128,0.7968010148261895
CCCCCCCCC(C)=O,0.8354660154725203,0.7441042088350551
CC(C)CC(=O)CC(C)C,0.8720942375204146,0.7799004289708418
CCCCC(=O)CCCC,0.8411448852572103,0.8007448741950053
CCCCCCC(=O)CC,0.8542947007364365,0.8377856525618248
CCCCCCCC(C)=O,0.8420208251193663,0.7754321970865351
CCC(C)CC(=O)CC,0.8742800170528346,0.8853065470123226
CCCCCC(=O)CC,0.8874620651521239,0.8885498325452706
CCCCCCC(C)=O,0.8577584676950661,0.7924820948646986
CC(C)=CCCC(C)=O,0.862957570220797,0.882315927046258
CC(C)C(=O)C(C)C,0.8278997658338597,0.8062021220179743
OCC(=C2)C(C1)C(C)(C)C(C2)1,0.697144287907688,0.8213452818261223
CC(=C)C(C1)CC(O)C(C)=C1,0.7373272001575407,0.8667431595418019
Cc(c1)ccc(c1)C(C)(C)O,0.727539030972961,0.7757488949184309
OCc(c1)ccc(C(C)C)c1,0.801630192247178,0.8696955855240412
OCC(CCC(C)C)C(C)C,0.9130590979219275,0.860582944313475
CC(C)CCCC(C)(O)CC,0.8525494181898166,0.9058252417632705
CC(O)CC(C)(C)O,0.9330502891065463,0.9040594986070148
CC(C)CCCC(C)CCCC(C)CCCC(C)(O)C=C,0.5745676156413085,0.6507793013658654
CCOCCOCCO,0.7897946346273675,0.6571966974491195
CCCCOCCO,0.8272478225640534,0.7821654155796703
OCC(C)=O,0.8090961670301587,0.6578945191997653
CC(C)(O)CCC(C)(C)O,0.8423275663465442,0.7377997734062092
OCCCCO,0.6881687226042151,0.7628629641386868
CCCCCCCCCCCCCO,0.9057131914462163,0.7948524728779417
CCCCCCC(O)CCC,0.7447637397550259,0.7407830146908663
CCCCCCCC(O)CC,0.749524252576948,0.8363887113251133
CCCCCCCCC(C)O,0.7465499604860233,0.8054919028073341
CCCCCCCCC(=O)OCCCCCCC,0.8001332762996645,0.6513838872727244
CCCCCCCCC(=O)OCCCCCC,0.7590216897621512,0.6636038903384914
CCCCCCCCC(=O)OCCC(C)C,0.8527349223418612,0.74085678356552
CCCCCCCCC(=O)OCCCCC,0.7437279564011172,0.6785556884215036
CCCCCCCCC(=O)OCC(C)C,0.8543539869585692,0.8090040860519585
CCCCCCCCC(=O)OCCCC,0.8530407479843239,0.779283541574201
CCCCCCCCC(=O)OC(C)C,0.8503711677447174,0.8403079336878814
CCCCCCCCC(=O)OCCC,0.8795571926698819,0.8486787139981501
CCCCCCCCC(=O)OCC=C,0.888587652808953,0.855368404125968
CCCCCCCCC(=O)OCC,0.8661742741160137,0.8241046840224936
CCCCCCCCC(=O)OC,0.7568961662070808,0.760992237477631
CCCCCC(=O)OC(C)(C=C)CCC=C(C)C,0.8339995125578916,0.7909147638877659
CCCCCCCCCCOC(=O)CCCCCCC,0.7837098310888565,0.5803645908535289
CCCCCCCCOC(=O)CCCCCCC,0.7832192770570363,0.5728354539235423
CCCCCCCC(=O)OCCCCCCC,0.7712222920927464,0.6121150900073071
CCCCCCCC(=O)Oc(c1)ccc(C)c1,0.7992061171604175,0.7674810994611095
CCCCCC(=O)OCCCc(c1)cccc1,0.8388637441602155,0.8188376862764366
CCCCCC(=O)OCCc(c1)cccc1,0.8717566787200776,0.8278033256830695
CCCCCC(=O)OC(C1)CCCC1,0.8804888519895784,0.8715375425265505
CCCCCC(=O)OCCC(C)CCC=C(C)C,0.9413352864290179,0.9335934957900824
CCCCCC(=O)OCC=C(C)CCC=C(C)C,0.8952229193706971,0.8862318557429179
CCCCCCCCCOC(=O)CCCCC,0.7906833876842849,0.6355638083547974
CCCCCCCCOC(=O)CCCCC,0.8050763977203866,0.6491296087818246
CCCCCCCOC(=O)CCCCC,0.780249584727457,0.6334131045682136
CCCCCCOC(=O)CCCCC,0.6438228881894416,0.5836403561599167
CCCCCC(=O)OCCC(C)C,0.8850778164630728,0.8416411295071367
CCCCCC(=O)OCCCCC,0.9206961165846712,0.8659122214117978
CCCCCC(=O)OCC(C)C,0.8597071632778059,0.8454363714400666
CCCCCC(=O)OCCCC,0.8895048133513818,0.8563072952584316
CCCCCC(=O)OC(C)C,0.8668524484985837,0.8381302115102083
CCCCCC(=O)OCCC,0.8599108181629194,0.8143926846854882
CCCCCC(=O)OCC,0.8707300915811353,0.8471843482508143
CCCCCC(=O)OC,0.7054132097455861,0.7779656513952182
CC(C)=CCCC(C)=CCOC(=O)C(C)C,0.8588671960005644,0.8413781066904421
CC(C)=CCCC(C)(C=C)OC(=O)C(C)C,0.8431050981986004,0.7586696120294895
CC(C)=CCCC(C)=CCOC(=O)C(C)C,0.8293634336608835,0.8316358291740209
CC(C)C(=O)OC(C1)C(C)(C2)C(C)(C)C(C2)1,0.8761986208232705,0.9379011844663581
CC(C)C(=O)OCC(C1)=CCC(C(C)=C)C1,0.9171718025608678,0.9162073668963561
CCCCCCCOC(=O)C(C)C,0.9221476527921879,0.8496347735067513
CCCC(CC)OC(=O)C(C)C,0.881114740186727,0.8528917030638246
CCCCC(C)OC(=O)C(C)C,0.8668294490658502,0.8712607040719653
CC(C)CC(C)OC(=O)C(C)C,0.9068168966318564,0.8892993092866358
CCC=CCCOC(=O)C(C)C,0.8829313527374294,0.8866033869603659
CCCC=CCOC(=O)C(C)C,0.9121602543762953,0.9064917978942821
CC(C)CCOC(=O)C(C)C,0.9355865812063047,0.9085831246043689
CCCCCOC(=O)C(C)C,0.8946727360153786,0.8988944069878411
CC(C)COC(=O)C(C)C,0.8514964704053242,0.8288207701212632
CCCCOC(=O)C(C)C,0.8897696751340562,0.8607873632977314
CC(C)OC(=O)C(C)C,0.8726264588158262,0.7963273214802178
CCCOC(=O)C(C)C,0.8448023118261541,0.716812646180864
C=CCOC(=O)C(C)C,0.8380210837374508,0.6857788623233892
CCOC(=O)C(C)C,0.8607686388260316,0.8553614279787662
COC(=O)C(C)C,0.8501531841839237,0.8510188766793851
COc(c1)ccc(COC(=O)C(C)C)c1,0.7519131516298772,0.8078245938018765
CC(C)C(=O)OCCOc(c1)cccc1,0.6618624526540481,0.7142531692163069
CCCC(=O)OC(C)(C)Cc(c1)cccc1,0.8365597690192768,0.7568958540949615
CCCC(=O)OCCCc(c1)cccc1,0.8876104816525496,0.8676996916303044
O=C(C1)CCC(C1)C(C)(C)C,0.7310990156699362,0.7871537216600308
CCCCCC(C1)C(=O)CC1,0.8240897497503309,0.8299800420409063
CCCCCC(=C1)C(=O)CC1,0.8201310991431899,0.8894083978366085
CC(C1)CC(C)(C)CC(=O)1,0.8158090908524037,0.8339100037863825
CCCC(C1)C(=O)CCC1,0.7416038341579196,0.7824146365648538
CC(=C1)CC(C)(C)CC(=O)1,0.6760202688469238,0.7216327604433219
CC(C1)CC(=O)CC1,0.8212162623379187,0.8472843175304576
O=C(C1)CCCC1,0.7941509522934608,0.8165975979421501
O=C(C1)CCC1,0.7939424521802906,0.8444631576327422
CCCCCC(=O)c(c1)occ1,0.8331712593236689,0.7299822312177461
CC(=O)C=Cc(o1)c([H])c([H])c([H])1,0.8351000845156713,0.8560825999598638
CCC(=O)c(c1)occ1,0.8390972930422962,0.8590487424342983
[H]c(o1)c([H])c([H])c1C(C)=O,0.8719892664026764,0.860048945190339
CCC(=O)C(=O)CC,0.8816582892620115,0.7386110204856411
CC(=O)CCC(C)=O,0.8896126761295416,0.7686018883734891
CCCC(=O)C(C)=O,0.8649165476720505,0.7927542661334609
CC(=O)CC(C)=O,0.8844499524477843,0.8357121448158926
CCC(=O)C(C)=O,0.886724830571696,0.7519735098741257
CC(=O)C(C)=O,0.8777997991637733,0.7361285275864327
CCCCCCCCCCCCCC(=O)CC,0.834284395364879,0.7862769305009383
CCCCCCCCCCCCCC(C)=O,0.8165930752872074,0.6070468520034464
C=CC(C)(C1)C([H])(C(C)=C)CC([H])(C1)C(C)(C)O,0.8777828994421996,0.9065651824120008
CC(O)C=CC(C(C)=1)C(C)(C)CCC1,0.6616085247641149,0.7070225293104151
CC(C1)CCC(O)(C1)C(C)C,0.6810515647654964,0.6805350920892164
CC(C1)CC(O)C(C1)C(C)C,0.8335113293878569,0.8625093910111605
CC(C)C([H])(C1)C([H])(O)CC([H])(C)C1,0.7993680327667886,0.8607738009019783
CC(C1)=CCC(O)(C1)C(C)C,0.722618367115654,0.8205433762637331
CC(=C)C(C1)CCC(C)(O)C1,0.8381982021602736,0.8895750815986092
C=CC(=C)CCCC(C)(C)O,0.7393283924278784,0.8497547523770278
OCC(CC=C(C)C)C(C)=C,0.8335514868881769,0.8503918498479257
OC(C1)C(C)(C2)C(C)(C)C(C2)1,0.6989905570877205,0.7938201295569054
OC(C1)C(C)(C2)C(C)(C)C(C2)1,0.5997316327311132,0.7422510473547776
OCCC(C)CCCC(C)C,0.9319162372136292,0.9074941181800223
CCC(=O)OC(C)c(c1)cccc1,0.8532332542001966,0.8840429182340702
CCC(=O)Oc(c1)cccc1,0.8856514636274516,0.8763290530233355
CCC(=O)OCC(C1)OCC1,0.9238865139022383,0.8381411082235912
CCC(=O)OC(C1)CCCCCCCC1,0.7743881994450497,0.8006533722840629
CCC(=O)OCCC(C)CC(C)(C)C,0.879917335709734,0.6481341339301565
COC(=O)CCC(C1)CCCC1,0.8136230716806673,0.7674758621329757
CCC(=O)OC(C1)C(CCC(C)1)C(C)C,0.8831533689398664,0.9341874078065118
CCC(=O)OCCC(C)CCC=C(C)C,0.9356501436166875,0.9198381509900521
CCC(=O)OC(C)(C)C(C1)CC=C(C)C1,0.8847276791140389,0.9044109954321158
CCC(=O)OCC([H])=C(C)CCC=C(C)C,0.8652143750907454,0.8953949405886582
CCC(=O)OC(C)(C=C)CCC=C(C)C,0.8208273935065086,0.7947620332749059
CCC(=O)OCC([H])=C(C)CCC=C(C)C,0.8156375084104774,0.8670231535272461
CCC(=O)OC(C1)C(C)(C2)C(C)(C)C(C2)1,0.8680189903983293,0.8861629539682319
CCC(=O)OC(C1)C(C)(C2)C(C)(C)C(C2)1,0.8549627655092398,0.9039928166752775
CCC(=O)OC(C1)C(C)=CCC(C(C)=C)1,0.8431452434867555,0.881156411021006
CCOCCC(=O)OCC,0.7620211879956171,0.8002880508386305
CCCCCCCCOC(=O)CC,0.8558702746064097,0.8053985140844759
CCCCCCCOC(=O)CC,0.8671415909209871,0.80864815551786
CC(=O)OCc(c1)c(C)ccc1,0.85939392721159,0.8682994405323974
CC(=O)OCc(c1)cc(C)cc1,0.9038274860441305,0.9365070588318306
CC(=O)OCc(c1)ccc(C)c1,0.9011331704752136,0.9294331287418862
CC(=O)OC(C)c(c1)cccc1,0.8668558122674311,0.934986472804612
CC(=O)Oc(c1)c(C)ccc1,0.8696417032913297,0.8866942286359565
CC(=O)OCc(c1)cccc1,0.8568733118119138,0.9198962554965128
CC(=O)OC(C(C)C)Cc(c1)cccc1,0.8559120065652118,0.8504640258674712
CC(=O)OCC=Cc(c1)cccc1,0.7916367150377903,0.9222669039594458
CC(=O)Oc(c1)cccc1,0.7545381388986321,0.8182254906527812
CC(=O)OCCC(C1)CCCC1,0.831061555671431,0.7876098000411957
CC(=O)OC(C1)CCCC1,0.8318553018885824,0.8287988064609295
CC(=O)OCc(c1)occ1,0.9040455370025872,0.922497151331599
CC1=CC[C@@H](CC1)C(=C)C,0.8411557852394626,0.9061286233219071
C=C(C21)C(C)(C)C(CC2)C1,0.8999647424702956,0.9345828934954634
C(C1)CCCC1,0.7728207789638785,0.7775906292128135
CCCCCCCCCCCCCCCCCCCC,0.8546149764152805,0.6208914625822768
CCCCCCCCCCCCCCCCCCC,0.8611098946407271,0.6719761679418449
CCCCCCCCCCCCCCCCCC,0.8659429460489948,0.702439082661857
CCCCCCCCCCCCCCCCC,0.8651331145730189,0.7103230080577294
CCCCCCCCCCCCCCCC=C,0.9135632552339668,0.7982976203780892
CCCCCCCCCCCCCCCC,0.87213579269419,0.7205310222791662
CCCCCCCCCCCCCCC=C,0.9169661857588566,0.8051437603057859
CCCCCCCCCCCCCCC,0.8772580875607894,0.7464061795812927
CCCCCCCCCCCCCC,0.867208102350523,0.7810190793735166
CCCCCCCCCCCCC=C,0.9258821440218651,0.8437456562105132
CCCCCCCCCCCCC,0.8743242400789771,0.8007543580855818
CCCCCCCCCCCC,0.8736055990703719,0.8013559267819101
CCCCCCCCCCC,0.8805268150624883,0.84596476123757
CCCCCCCCCC,0.8856845240512055,0.8777530160530731
CCCCCCCCC=C,0.94159979391004,0.9196113486348563
CCCCCCCCC,0.8854729551489621,0.8790454489921763
CCCCCCCC,0.8792673725036081,0.8813546225000194
CCCCCC=CC,0.9178003089106013,0.9026614700310427
CCCCCCC=C,0.9222024765695821,0.9258525691659555
OCc(c1)cc(O2)c(OC2)c1,0.8300586435565416,0.8982406212989886
CCCCCCCCCCCCCCCCO,0.8901039133176241,0.6968706150209114
CCCCCCCCCCCCCCO,0.9034177713718541,0.7710780334351988
CCCCCCCCCCCC(C)O,0.7444310715684337,0.7757412559003132
CCCCCCCCCCCCO,0.913506310475036,0.8631873796541482
CCCCCCCCC(O)CC,0.7944257849229102,0.8282827550410216
CCCCCCCCCC(C)O,0.7405392753973596,0.7816221244579985
CCCCCCCCCCCO,0.9279280305922966,0.8788713236009138
CCCCCCCCCCO,0.9261110695874515,0.8849371376875275
CCCCCCC(O)CC,0.7724371931621434,0.8294471098637878
CCCCCCCC(C)O,0.7589508005599058,0.7920315842610883
CCCCCCCCCO,0.9144452826612441,0.8523214299710524
CCCCC(CC)CO,0.8121798523540329,0.8469179605678182
CCCCCC(O)CC,0.7810146535663194,0.8137783272938043
CCCCCCC(C)O,0.7923565062444707,0.800981548544101
CCCCCCCCO,0.9250014873676253,0.8679753834466372
CCCC(O)C(C)C,0.8852968883261862,0.8800890898346487
CCCCCCCO,0.896597953099512,0.8282427349056307
CCCC=CCCO,0.8132174602732901,0.8335049765626317
CCCCC=CCO,0.7877216979502246,0.8312543536256812
CCC(CC)CO,0.7930308381174281,0.8252527124729194
CCCC(O)CC,0.8407033536647393,0.8823251390117495
CCCCC(C)O,0.847102067227707,0.8414184632304569
CCC=CCCO,0.8259788812008467,0.8857454991269533
CCC=CCCO,0.836513508273548,0.8887370275639465
CCCC=CCO,0.7174515737775662,0.8219228903204886
OCCC(C)C,0.8826884769826986,0.8992138251222129
CC=C(C)C(=O)OCc(c1)cccc1,0.8529698760317045,0.7617909353830312
CCCCCCOC(=O)C(C)=CC,0.8906984738314488,0.8313690309272638
CC=C(C)C(=O)OCCC(C)C,0.8956621058787232,0.8569467807057167
CC=C(C)C(=O)OCC(C)C,0.8824115423528536,0.8482540897723814
CC=C(C)C(=O)OC(C)C,0.9157475183020887,0.9221206651954093
C=CCOC(=O)C(C)=CC,0.9143603303541427,0.8586853926040483
CCOC(=O)C(C)=CC,0.8714876534765823,0.8901214711537306
CC=C(C)C(=O)OC,0.885573743576395,0.906649484158659
CC=CC(=O)OCCc(c1)cccc1,0.8839937896018358,0.875737007595737
CC=CC(=O)OCc(c1)cccc1,0.9227394387284927,0.9005260571662804
CCCCCCCCOC(=O)C=CC,0.8874473042849181,0.8604830951153333
CCC=CCCOC(=O)C=CC,0.8949244657707451,0.8967419876210563
CC=CC(=O)OCCC(C)C,0.9195049521187751,0.891271815121951
CCCCCOC(=O)C=CC,0.8892848464378235,0.8458638803890624
CCCCOC(=O)C=CC,0.8828239368523424,0.8527461097935123
C=CCOC(=O)C=CC,0.9030772505774207,0.798886768486959
CC=CC(=O)OCC,0.807089310853729,0.8073675795998843
CCCCOCCOC(C)=O,0.8680909087180247,0.8575310758192557
CCOCC(=O)OCC,0.8242832851475396,0.7957629207152194
CC(C)=CCOC(C)=O,0.931611893821316,0.8562950321133754
CCCCCCCCCCCCOC(C)=O,0.8734249760190143,0.8782523681094716
C=CCCCCCCCCCOC(C)=O,0.8359742741527822,0.6888472323067344
CCCCCCCCCCOC(C)=O,0.8743743473508119,0.8724179348406256
CCCCCCC(CC)OC(C)=O,0.7918176767192933,0.735348834372697
CCCCCCCCCOC(C)=O,0.8684059123553097,0.8488884885556263
CCCCCC(C)(CC)OC(C)=O,0.849887293778192,0.8925276356691153
CCCCCC(CC)OC(C)=O,0.8264834741439451,0.8051511746052411
CCCCCCCCOC(C)=O,0.8770869758824945,0.8529824917314751
CCCCC(CC)COC(C)=O,0.8077674201146694,0.8143121670701177
CCCCCCCOC(C)=O,0.8943793463039014,0.8756527193955275
CCCC=CCCOC(C)=O,0.7948946969024461,0.81344845886484
CCCC(C)COC(C)=O,0.7988768239617265,0.8225211375580213
CCCCCCOC(C)=O,0.8799223059381532,0.8592537437410572
CCC(CC)COC(C)=O,0.8145748968716469,0.8704800143571657
CCC=CCCOC(C)=O,0.8296573513843511,0.8230231968651576
Cc(c1)cccc1,0.7223598380974255,0.782103214387243
Cc(c1)c(C)c(N)cc1,0.8275913296828453,0.8693110151728144
CC(C)CI,0.681448245979849,0.7483139573988575
CO[Si](C)(OC)OC,0.8828616290072278,0.8361784822765702
CO[Si](OC)(OC)c(c1)cccc1,0.6555383037406504,0.7560415076157683
CCC(C(C)=O)C(C)=O,0.8138499146600965,0.7762852822174159
CC(C)CC(=O)CC(C)=O,0.8543638436996958,0.8324447420754204
Oc(c2)ccc(c2)c(c1)cccc1,0.8254959950507359,0.8410673129568468
CCCCl,0.430667716316931,0.5862841204726671
O=C(F)c(c1)cccc1,0.8716141609951092,0.8952757332130241
Fc(c1)cccc1,0.5634614219855082,0.7642473636397634
C(C1)CCCCCC1,0.8327644025003884,0.779808994760785
C(C1)CCCCC1,0.8474783484275116,0.8339083105932288
C(C1)CCC1,0.5963853122263622,0.7765111927448944
c(c2)ccc(c2)C=Cc(c1)cccc1,0.885227202385518,0.8834559484760941
c(c2)ccc(c2)C=Cc(c1)cccc1,0.8704091494473785,0.881449656680059
Oc(c2)c(ccc2)c(c1)cccc1,0.7611364416338066,0.798030900751358
Cc(c1)cc(c2)c(ccc2)c1,0.7102985615550014,0.7390567571006482
Cc(c1)c(c2)c(ccc2)cc1,0.769025663688249,0.7488847271713805
c(c2)ccc(c2)c(c1)cccc1,0.834258526028449,0.8780508566189205
C=COc(c1)cccc1,0.5526812276852461,0.7666102487049572
O=C(CC(=O)c(c2)cccc2)c(c1)cccc1,0.8354485647069096,0.7449013160795551
C(C1)CC=CC1,0.7832831567162553,0.8550885346151903
CCOC(C)(C)OCC,0.6983393260701741,0.8040214435338012
C(C1)OCCO1,0.6009736947140073,0.7931407845178065
OC(C1)CCCCCC1,0.8241802347998723,0.8011884680605206
OC(C1)CCCCC1,0.7725961143838667,0.8433123226511119
C(C1)CCC=CCC1,0.8406187643256238,0.8695445251828248
C(C1)CC=C1,0.7306933056921362,0.8092202092998937
Sc(c1)cccc1,0.6723617177452262,0.7281300514437933
CCO,0.6649323086240431,0.8299743057304338
O=C(CC(=O)C(F)(F)F)c(c1)cccc1,0.8805492550288456,0.8634940180484926
BrCCOc(c1)cccc1,0.8318573689536078,0.9138169634652652
c(c2)ccc(c2)Sc(c1)cccc1,0.6184102614937848,0.792642089409786
CC(=O)CC(=O)c(c1)cccc1,0.8035034586238766,0.8230845417137824
N#CCCOCCOCCC#N,0.5418512221935908,0.5364758859343033
CCCCOCCOCCCC,0.8418254458732016,0.7943687459220652
OCCOC(C)(C)C,0.8692327471872342,0.8327723934696378
OCCOCC(C)C,0.8437164075702869,0.8247455051760324
CCCC(=O)OCCOC(=O)CCC,0.8132819006332133,0.7290869062691137
CCC(CC)C=O,0.6397041419045876,0.7805930104692731
CCOCCO,0.8018572668340386,0.8432029095946857
OCCO,0.7744237986479611,0.8084779225575192
CCCCCCOCCO,0.7455524656409555,0.7207113616328962
C=CC(C)=C,0.8368436694061222,0.884450425068264
C=CCOCCO,0.7879652471908445,0.7747929188807312
CCc(c1)ccc(C=O)c1,0.8452248244810209,0.9265010754966727
O=Cc(c1)cc(Br)c(O)c(O)1,0.84985898637418,0.8852706292372202
O=Cc(c1)cc(Br)c(O)c1,0.6121130979829462,0.8570868790148505
O=Cc(c(O)1)cc(Br)cc1,0.4253410257145404,0.486934558928762
O=Cc(c1)cc(Br)cc1,0.8069182661911773,0.9057832305525598
Oc(c1)c(Br)ccc1,0.7637052549649318,0.8993920679267118
CC(=O)c(c1)cc(Br)cc1,0.6742988270664251,0.8510859874032977
CC(=O)c(c1)ccc(Br)c1,0.693917024979078,0.8250600378392688
CC(=O)c(c1)ccc(Cl)c1,0.7515985173187637,0.9095394731919909
c(c1)ccc(Br)c1,0.6583628424669465,0.7798208715989283
Cc(c3)cc(O1)c(c3)C(=O)C(C)(C2)C12,0.7256440863849387,0.6868317241003772
Clc(c3)cc(O1)c(c3)C(=O)C(C)(C2)C12,0.7071332655957927,0.7118277335707439
COc(c3)cc(O1)c(c3)C(=O)C(C)(C2)C12,0.6471930683754452,0.6932550980456759
Cc(c3)cc(O1)c(c3)C(=O)C(C)(C2)C(C)12,0.7293710999849403,0.7358026599848084
Clc(c3)cc(O1)c(c3)C(=O)C(C)(C2)C(C)12,0.7351118781986721,0.7766977511098554
COc(c3)cc(O1)c(c3)C(=O)C(C)(C2)C(C)12,0.7736405879818051,0.8346133080661259
OC(=O)CCc(c1)cccc1,0.7122019182072388,0.7070583039101405
O=C(C1)NCCC1,0.7542534914156073,0.7804678815981931
COC(C1)=C([H])C(=O)C(O)1C(=O)OC,0.7107699341055693,0.8291065366515245
CCCCCCCCCCCCCC(=O)CC(=O)OC,0.4784031890921864,0.5053423305439491
CCCCCCCCCCCCCC(OC(C)=O)CC(=O)OC,0.7543487667087676,0.785625681450156
CCCCCCCCCCCCCC(O)CC(=O)OC,0.3284069615468348,0.606557747251478
COCc(c1)c(CS(C)(=O)=O)c(OC)c(OC)c(OC)1,0.7426202524215151,0.8431427767768204
COCc(c1)c(CS(C)(=O)=O)c(OC(C)=O)c(OC(C)=O)c(OC(C)=O)1,0.41319737966382497,0.2794642225949936
COCc(c1)c(CS(C)(=O)=O)c(O)c(O)c(O)1,0.6197547210485049,0.8455920734167436
COCc(c1)c(CSC)c(OC)c(OC)c(OC)1,0.4912629647331172,0.6148106382991101
CSCc(c(CO)1)c(OC)c(OC)c(OC)c1,0.8591001125383891,0.8904045325670901
COCc(c1)cc(OC)c(OC)c(OC)1,0.6530862237376,0.8381630325908177
COCc(c1)cc(OC(C)=O)c(OC(C)=O)c(OC(C)=O)1,0.7674824521827224,0.8739580614563118
COCc(c1)cc(O)c(O)c(O)1,0.733201481215361,0.8453187532194182
COc(c2)cc(O1)c(c2)C(C=O)=CC(=O)1,0.800078207672148,0.8393485421939282
COC(=O)C(C2)(C1CC(O3)(OCC3)C2)C(C)(OC(C)=O)C(=O)O1,0.7861981025828502,0.7600727136699882
CC(=O)OCCN(C(C)=O)c(c1)c(C)ccc1,0.8937579583412796,0.9356760369491113
CC(=O)OCCN(C(C)=O)c(c1)cccc1,0.8816657537417545,0.9193166907284435
CC(=O)OCCN(C(C)=O)c(c1)c(C)c(OC(C)=O)c(C)c(OC)1,0.7538724345868135,0.8191356633155015
CCC([H])(C)C(=O)OC(C)(C(=O)1)C(OC(C)=O)=C(C)C(OC)=C1,0.8299020469961127,0.8764207391979482
CCC([H])(C)C(=O)OC(C)(C(=O)1)C(OC(C)=O)=CC(OC)=C(C)1,0.7965309214898089,0.6745228263284753
CCC([H])(C)C(=O)OC(C)(C(=O)1)C(OC(=O)c(c2)ccc([N+1]([O-1])=O)c2)=CC(OC)=C(C)1,0.7596921764509438,0.6917516199963842
CC(=O)OCCNC(=C1)C(C)(OC(=O)C([H])(C)CC)C(=O)C(C)=C(OC)1,0.7117871916124435,0.8201752394642273
OCCNC(=C1)C(C)(OC(=O)C([H])(C)CC)C(=O)C(C)=C(OC)1,0.7273629009607295,0.7719053371386295
COc(c1)c(C)c(OC)c(C)c(O)1,0.8349195455000553,0.9081582461763543
CCC([H])(C)C(=O)OC(C)(C(O)=1)C(=O)C(C)=C(OC)C1,0.837848965003509,0.7861935340102
ClCCOC(=C1)C(C)(OC(=O)C([H])(C)CC)C(=O)C(C)=C(OC)1,0.6226215238112368,0.695774208948858
CCOC(=C([H])1)C(C)(OC(=O)C(C)CC)C(=O)C(C)=C(OC)1,0.8803192554630918,0.8539489878413967
CCC([H])(C)C(=O)OC(C)(C(=O)1)C(OC)=C(C)C(OC)=C([H])1,0.8726538164552053,0.8605176084591969
CCC([H])(C)C(=O)OC(C)(C(=O)1)C(OC)=C([H])C(OC)=C(C)1,0.8893823459933895,0.873909858283785
CC(=O)C([H])=C([H])C([H])(C(C)=1)C(C)(C)CCC([H])1,0.8279807500720858,0.8316316027421773
CC(=C)C([H])(C2)CC(O1)C(C)(C(=O)2)1,0.6904537931878115,0.7227291397021631
CC(C1)CC(=O)C(C1)C(C)C,0.8825451789220933,0.9279435901913226
CC(C)C(C2)(C1)C([H])1C([H])(C)C(=O)2,0.7974199597412468,0.7604528761935163
CC(C1)CC(=O)C(C1)=C(C)C,0.8463754809297999,0.8940950506883107
CC(C)C(C1)C(=O)C=C(C)C1,0.7004957558358493,0.8836645550268359
O=C(C(C)(C)1)C(C)(C2)CC(C2)1,0.5091907895845671,0.581443366944626
O=C(C1)C(C)(C2)C(C)(C)C(C2)1,0.7971470864048901,0.8272666196037443
CC(=C2)C(C1)C(C)(C)C(C(=O)2)1,0.8369222377881106,0.9220763190944073
CC(=C)C(C1)CC(=O)C(C)=C1,0.5738695436915956,0.7669274044481413
O=C(C1)C(=O)CCC1,0.8013424036884664,0.8508753028022527
CCCCCCCCC(C1)CCC(=O)C1,0.6294224377219992,0.6718100293152783
CCCCCCCC(C1)C(=O)CC1,0.7788769856033358,0.78902574586692
O=C(C1)CCCCCCCCCC1,0.826162534682088,0.8249369257420118
O=C(C2)C(CCC2)C(C1)CCCC1,0.46462000015636723,0.4941333429802871
CC(C)C(C2)(C1)OC(C)(C2)C1,0.7665620057536787,0.8053393572453807
CC(C)(C23)C(C3)C(C)(O1)C(C2)1,0.8193381875005661,0.8304624893844617
CC(=C)C(C2)CC([H])(O1)C(C)(C2)1,0.7647907850502537,0.8215751831303345
C=CCOCC(C1)O1,0.8867318279468929,0.76626690000745
CC(C)COc(c1)cc(c2)c(ccc2)c1,0.8815439605878486,0.8693328450306296
c(c2)ccc(c2)COCc(c1)cccc1,0.7277278726150083,0.678880971361096
CC(C)CCOCCc(c1)cccc1,0.8920664117162382,0.9205519252574871
O(C=1C=CC=2C=CC=CC2C1)CC,0.7393432247910959,0.8139629773746992
CCOc(c1)ccc(OCC)c1,0.6939168370772693,0.8401699845089605
CCOc(c1)c(OCC)ccc1,0.7369325223174414,0.8806309164663028
COc(c1)cc(c2)c(ccc2)c1,0.8818255624561863,0.9082068369145473
OCc(c1)c(OC)ccc1,0.8051288656565284,0.8881522340136242
OCc(c1)ccc(OC)c1,0.8279240887259687,0.9041769501740202
CC(C)CC(O)Cc(c1)cccc1,0.5461903925582152,0.5746447746490821
CCC(C)(O)CCc(c1)cccc1,0.6659334112385155,0.6974905974061053
CCC(C)(O)Cc(c1)cccc1,0.8473844864030039,0.8637135736171334
CC(C)(O)Cc(c1)cccc1,0.8068612523681385,0.8122931378078307
OCC(C)c(c1)cccc1,0.8487320483661466,0.87265019161936
Cc(c1)ccc(c1)C(C)O,0.8058035686380381,0.8422874648981027
OCCCc(c1)cccc1,0.8488801596971997,0.8902316980131825
CC(C)(O)c(c1)cccc1,0.8104790488688903,0.8734170103623499
OCC=Cc(c1)cccc1,0.8135570016135866,0.8858690912694935
CC(O)c(c1)cccc1,0.8472355884634148,0.8810954878028896
OCCc(c1)cccc1,0.8541329597999373,0.8183432129419403
OCC(C1)OCC1,0.896728430305192,0.8044075999120786
OCc(c1)occ1,0.8323194581333287,0.8648206571479042
OC(C1)CCCCCCCCCC1,0.8980874489919247,0.8516011142810564
OC(C1)C(CCC1)C(C)(C)C,0.8491743792384767,0.8744893168972317
OC(C1)CC([H])(C2)C([H])(CCC2)C1,0.8557218564750599,0.8827411360779573
OC(C1)CCCC1,0.6853104481494936,0.7901656712877636
OC(C1)C=CCC1,0.7146040774587654,0.8860234416943251
OCc(c1)cccc1,0.6931488694947584,0.8206554679049858
OCCC(C)CC(C)(C)C,0.8179755660387188,0.6971793957716754
CCCCC(O)CCCC,0.8891648621635384,0.8850758109436744
CCC(C)(O)CC,0.780685733122049,0.8674334651602651
CCC(O)C(C)C,0.784450171350884,0.8501646962046897
CCCC(C)(C)O,0.8109016364537022,0.8024687286627198
OCCCC(C)C,0.8613151559314565,0.8136106401814283
OCCC(C)CC,0.9102523862467843,0.8681068976239047
CCCC(C)CO,0.797846640851286,0.8295166442666801
CCCCCCO,0.8708028339301837,0.8229688718726511
CCCC(C)O,0.803370369137175,0.8492050348910491
CCCCCCCCCCCC(=O)OCC(C)C,0.8326265617374087,0.8087661943098816
CCCCCCCCCCCC(=O)OCCCC,0.8070186843188845,0.7954081940786815
CCCCCCCCCCCC(=O)OC(C)C,0.7808457105914864,0.8238284282469335
CCCCCCCCCCCC(=O)OCCC,0.8479083132510586,0.8373848159836019
CCCCCCCCCCCC(=O)OCC,0.8337286258885468,0.7773552231251157
CCCCCCCCCCCC(=O)OC,0.7316777749616052,0.6748669968275461
CCCCCCCCCCC(=O)OC,0.7390060709965306,0.701495543557916
CCCCC(CC)C(=O)OCC,0.8178167824472861,0.8493112679152549
CCCCCCC(=O)OCC(C)C,0.8925798113038317,0.8417513294165827
CCCCCCC(=O)OCC=C,0.8657925143216453,0.8626171834134232
CCCCCCC(=O)OCC,0.882473070494545,0.8681508637391684
CCCCCCC(=O)OC,0.7892927550364612,0.7873572058937068
CCCCCC(=O)OC(C)c(c1)cccc1,0.8899928499198618,0.8591927573474683
CCCC(=O)OC(C1)C(C)(C2)C(C)(C)C(C2)1,0.8762050466781495,0.9271866299423622
CCCC(=O)OCC=C(C)CCC=C(C)C,0.9042825284067832,0.9160824835695347
CCCC=CCOC(=O)CC,0.8372780381780544,0.8076698846147586
CCOC(=O)CCC(C)C,0.8805184294109397,0.8983584573098651
CCCC(C)C(=O)OCC,0.7303015961515027,0.806399467043436
CC(C)CCOC(=O)CCC(C)C,0.9089815636882073,0.8373122877941113
C=CCOC(=O)CCC(C)C,0.884995527794367,0.8765481646051008
CCCCC(=O)OCC=C(C)CCC=C(C)C,0.8625301803131205,0.9015067530619962
CCCCCOC(=O)CC(C)C,0.9085883521331344,0.8950515497003658
O=C(OCCCCCCCCC)CC(C)C,0.9247567827020619,0.8956598914025636
CCCCCCCCOC(=O)CC(C)C,0.922899698198312,0.8812285263355905
CCCCCCCOC(=O)CC(C)C,0.9008763083555295,0.883065655938268
CCCCCCOC(=O)CC(C)C,0.9248136813113372,0.8985796209788275
CCCC=CCOC(=O)CC(C)C,0.9073011725636178,0.8651448316784609
CCC(C)COC(=O)CC(C)C,0.8389263419000745,0.8224271542738484
CC(C)CCOC(=O)CC(C)C,0.851817663606143,0.7962041267700757
CC(C)COC(=O)CC(C)C,0.8728442433552832,0.8693213517450523
CCCCOC(=O)CC(C)C,0.9461331795719946,0.9238406089059821
CC(C)CC(=O)OC(C)C,0.9288544534923882,0.9209459801583204
CCCOC(=O)CC(C)C,0.8932510577154821,0.8759560811648576
C=CCOC(=O)CC(C)C,0.8915617580922566,0.8447706240682281
CCCCC(=O)OC(C1)CCCC1,0.8993574406584546,0.9036183592431662
CCCCC(=O)OCc(c1)occ1,0.8465046302451451,0.8036477697220261
CCCCC(=O)Oc(c1)ccc(C)c1,0.8617859867966557,0.8711237383646875
CCCCC(=O)OCc(c1)cccc1,0.8558587314644472,0.8692130994043481
CCCCC(=O)OC(C1)C(CCC(C)1)C(C)C,0.9099440349037982,0.9290550034022751
CCCCC(=O)OCCC(C)CCC=C(C)C,0.9011818090061264,0.9357522283088998
CC(C)=CCCC(C)=CCOC(=O)CC(C)C,0.8607354546610471,0.8847466827215174
CCCCC(=O)OC(C1)C(C)(C2)C(C)(C)C(C2)1,0.8682580069223085,0.9309968922796379
CCCCCCOC(=O)CCCC,0.9210621917933313,0.8856063213767119
CCCC=CCOC(=O)CCCC,0.86978908197253,0.8758961105390002
CCCCCCCOC(=O)CCC,0.9440889589608493,0.87605914671423
CCCC(C)COC(=O)CCC,0.8662518053086999,0.8474929336413666
CCCC(=O)OC(CC)CCC,0.8773588112194196,0.8659698681876582
CCCCC(C)OC(=O)CCC,0.8545733913236293,0.8658592405655238
CCCCCCOC(=O)CCC,0.9029645170201824,0.8769112875766231
CCC=CCCOC(=O)CCC,0.9303736656493298,0.9045509035991226
CCCC=CCOC(=O)CCC,0.8844551488125209,0.8327073199749878
CCCC(=O)OCCC(C)C,0.9693694094725276,0.9065672334277181
CCCCCOC(=O)CCC,0.9368345625873626,0.9185838476913492
CCCC(=O)OCC(C)C,0.8188132799580196,0.8340790755633225
CCCCOC(=O)CCC,0.8722126619991065,0.8699500627068326
CCCC(=O)OCC(C)=C,0.9427853862742406,0.8971859183824283
CCCC(=O)OC(C)C,0.8684188217275031,0.8049252837689649
CCCOC(=O)CCC,0.839665856433968,0.7454280626656004
C=CCOC(=O)CCC,0.8162956253937147,0.6621731108440077
CCCC(=O)OCC,0.9076494704601075,0.8823707841443308
CCCC(=O)OC,0.8820744877144889,0.843441775088627
CC(C)COC(=O)CCc(c1)occ1,0.8997283540192965,0.8911911422779915
C=CCOC(=O)CCC(C1)CCCC1,0.7293134387813205,0.6550193293732887
CCC(=O)OCC(COC(=O)CC)OC(=O)CC,0.8481004722531229,0.4357012048461536
CCC(=O)OCC=Cc(c1)cccc1,0.6974416162304489,0.8660052359469465
CC(C)=CCCC(C)=C([H])CCC(C)(C=C)OC(C)=O,0.772629811050306,0.7532895380466933
CC(C)=CCCC(C)=C([H])CCC(C)(C=C)OC(C)=O,0.7950974560157661,0.7765618916475233
CC(=O)OC(C)(C3)C([H])(C1)C(C)(C)C([H])(C2)C(C3)(C([H])(C)C2)1,0.8012782424062999,0.8406296404863712
CC(=O)OC(C1)C(CCC(C)1)C(C)C,0.8664270053719009,0.9347477802777127
CC(C)=CCCC(C)CCOC(C)=O,0.9192082448770025,0.9266262996898966
CC(=O)OC(C1)(CC=C(C)C1)C(C)C,0.8202308366314133,0.8633638773602518
CC(=O)OC(C)(C1)CCC(C(C)=C)C1,0.8217279875597077,0.827708711732596
CC(=O)OC(C)(C)C(C1)CC=C(C)C1,0.8549934061655159,0.9103704191535961
O=COCCC(C)CCC=C(C)C,0.8815154605077018,0.913437879916286
O=COC(C)(C)C(C1)CC=C(C)C1,0.8546804634958094,0.8444912313350654
O=COCC([H])=C(C)CCC=C(C)C,0.7333867473481582,0.6872591400055079
O=COC(C1)C(CCC(C)1)C(C)C,0.9049054077274851,0.9396425260405712
O=COC(C)(C=C)CCC=C(C)C,0.833880899193171,0.7518666937173035
O=COCC([H])=C(C)CCC=C(C)C,0.6970802196933248,0.6780878518946841
O=COC(C1)C(C)(C2)C(C)(C)C(C2)1,0.7986720510751784,0.8377736007315004
O=COC(C1)C(C)(C2)C(C)(C)C(C2)1,0.7636873019434689,0.8229432730632474
CCCCCCCCCCCCOC=O,0.8721142076556989,0.8409991830611718
CCCCCCCCOC=O,0.8916317049330393,0.8225018657923397
CCCCCCCOC=O,0.8974578741495365,0.7925823536365129
CCCCCCOC=O,0.8559471458053189,0.7903221116540768
CCC=CCCOC=O,0.7929339081731979,0.7960328272497679
O=COCCC(C)C,0.8953748134062853,0.8689478614294985
CCCCCOC=O,0.887405571533323,0.9034799084915492
O=COCC(C)C,0.7692637148886996,0.7342364142122764
CCCCOC=O,0.8709267837091059,0.8860873702006193
O=COC(C)C,0.8654765073272891,0.8780655381859874
CCCOC=O,0.6608583049297999,0.7538159152969981
C=CCOC=O,0.7264391057910244,0.7329697853743659
CCOC=O,0.7099369326517299,0.7912695096278723
COC=O,0.680061212745212,0.6802915489901481
CCC(=O)CC(C)C,0.8866725006220998,0.8702301378974167
CCCC(=O)CC,0.927131661231203,0.941528441227373
CCCC(=O)CCC,0.8658033855332191,0.8233827770069345
CCCCC(=O)CC,0.8745252295656096,0.8964399697160662
CCCCCC(C)=O,0.8325452154449964,0.8218397756476284
O=C(C)C(C)(C)C,0.8811743931350825,0.8986480162826568
CCC(C)C(C)=O,0.8600757694573317,0.7943119507219099
CC(C)CC(C)=O,0.8998703317737203,0.8954932025419481
CCCCC(C)=O,0.816850443283219,0.812101904574895
CC(C)=CC(C)=O,0.8540263006988837,0.7875208288976111
CC(C)C(C)=O,0.8214652284428372,0.7703021809673112
CCC(=O)CC,0.9603091795939321,0.9036438917851962
CCCC(C)=O,0.879426629682879,0.8272268403424342
CCC(=O)C=C,0.7646513924389934,0.804806155304764
CCC(C)=O,0.7950092492935857,0.7945126754009133
CC(C)=O,0.8733553511948078,0.8178733296360566
c(c2)cc(o2)COCc(c1)occ1,0.8773296787167968,0.7919841640270489
CC(C3)(O3)C(C2)CC(O1)C(C)(C2)1,0.7091494017715367,0.8185883550041686
CCCCCCCC(=O)OCc(c1)cccc1,0.8234911312690342,0.8098300799501235
CCCCCCCC(=O)OCCCCCC,0.7661647191371607,0.6212616179379008
CCCCCCCC(=O)OCCC(C)C,0.8477639838973882,0.7727046554523146
CCCCCCCC(=O)OCCCCC,0.7797078948567104,0.7473352502833281
CCCCCCCC(=O)OCC(C)C,0.8467671488403391,0.8156853506908203
CCCCCCCC(=O)OCCCC,0.8702492699762703,0.832560904825949
CCCCCCCC(=O)OC(C)C,0.8557787414869455,0.8597547498644337
CCCCCCCC(=O)OCCC,0.8811248623140067,0.8569643380056373
CCCCCCCC(=O)OCC=C,0.8603422433231416,0.8410771350559686
CCCCCCCC(=O)OCC,0.8714677032081116,0.836652248950812
CCCCCCCC(=O)OC,0.7909083620479731,0.769043258203214
CCCCC=CC(=O)OC,0.8244727294906111,0.8887972554849024
CCCCCCC(=O)Oc(c1)ccc(C)c1,0.8216549027613594,0.792547509572349
CCCCCCCOC(=O)CCCCCC,0.7815450848708254,0.6035404820201664
CCCCCCC(=O)OCCC(C)C,0.8728565360933743,0.8273325553126987
CCCCCCC(=O)OCCCCC,0.8891075959610552,0.8422155206319675
CCCCCCC(=O)OCCCC,0.8996414879490722,0.8446423761977633
CCCCCCC(=O)OC(C)C,0.8459401706485099,0.8640794679118438
CCCCCCC(=O)OCCC,0.8781028911580198,0.8432289370430448
CCCC(=O)OCC=Cc(c1)cccc1,0.7269576938555077,0.856675250341013
CCCC(=O)OC(C)c(c1)cccc1,0.8973151691534782,0.909875891573554
CCCC(=O)OCCc(c1)cccc1,0.8738510104311862,0.8433810654800695
CCCC(=O)Oc(c1)ccc(C)c1,0.8423982507463131,0.846588475624093
CCCC(=O)OCc(c1)cccc1,0.8573751353589193,0.8816173092347502
CCCC(=O)OCc(c1)occ1,0.8162198523121232,0.8677336375958984
CCCC(=O)OC(C1)CCCC1,0.8699222373057539,0.8514269635796243
CCCC(=O)OCCC(C)CCCC(C)C,0.9341911419705026,0.9299378038627293
CCCC(=O)OC(C1)C(CCC(C)1)C(C)C,0.9017260595128996,0.9257009197421879
CCCC(=O)OCCC(C)CCC=C(C)C,0.9385887503570092,0.9443388455925875
CCCC(=O)OC(C)(C)C([H])(C1)CC=C(C)C1,0.869628494188928,0.8835697211554439
CCCC(=O)OC(C1)C(C)=CCC(C(C)=C)1,0.8996019258666638,0.924973967825126
CCCC(=O)OC(C)(C=C)CCC=C(C)C,0.8479140804012497,0.8378047885312764
CCCC(=O)OCC=C(C)CCC=C(C)C,0.8449872692320984,0.8813103862601072
CCCC(=O)OC(C1)C(C)(C2)C(C)(C)C(C2)1,0.8733668539167089,0.8898563573742155
CCCC(=O)OCC(C1)=CCC(C(C)=C)C1,0.9267724395115484,0.9306168023756092
CCCCCCCCCCCOC(=O)CCC,0.894385102928266,0.8911830908401948
CCCCCCCCCCOC(=O)CCC,0.9035420011313233,0.9019825552078464
CCCCCCCCOC(=O)CCC,0.9164664826767288,0.8780140967409105
CCCC(CC)OC(=O)CC,0.7797474757819564,0.8115836352284428
CCCCCCOC(=O)CC,0.9067677823067826,0.8522008686626669
CCC=CCCOC(=O)CC,0.8497100570907495,0.8617519151422484
CCC(=O)OCCC(C)C,0.8566956066695521,0.8092203995956837
CCCCCOC(=O)CC,0.8693978349703894,0.8147812514902135
CCC(=O)OC(C)(C)C,0.8607411673512513,0.8262781695892892
CCC(=O)OCC(C)C,0.8732446333748011,0.812537994752473
CCCCOC(=O)CC,0.9067181768979894,0.8261178215774426
CCC(=O)OC(C)C,0.8491353588217457,0.82112594450502
CCCOC(=O)CC,0.8363426450359913,0.7723253282015194
C=CCOC(=O)CC,0.8796288725313386,0.8176559059538349
CCOC(=O)CC,0.852818189583797,0.853707817922102
CCC(=O)OC,0.8365213499574591,0.831341729616871
CCC(=O)OC(C1)CCCC1,0.9116363603495348,0.8813573789033988
CC=Cc(c1)cc(OC)c(OC(C)=O)c1,0.7884940902926796,0.8312731716380608
O=Cc(c1)cc(OC)c(OC(C)=O)c1,0.8419195932621115,0.8832550794798073
CC(=O)OCc(c1)cc(O2)c(OC2)c1,0.9051672600462997,0.9204622496496374
CC(=O)OCCOc(c1)cccc1,0.8847199838769286,0.8392999765456807
CC(=O)Oc(c1)c(ccc(C)1)C(C)C,0.8552454037972768,0.856440807492926
CC(=O)Oc(c1)cc(c2)c(ccc2)c1,0.8880238586064921,0.876578082805056
CC(=O)OCCCc(c1)cccc1,0.9278416725464204,0.909561764767135
C=CCOC(=O)Cc(c1)cccc1,0.7951672421911693,0.6204545177074313
CC(=O)OCCc(c1)cccc1,0.8559809417157129,0.8532326187316677
O=C(C1)C(C)C(=O)C1,0.8819434852286291,0.8945458628480887
O=C(C1)C(C)C(=O)C1,0.8819434852286291,0.8945458628480887
CC(=O)C(C1)C1,0.885576054253005,0.85189807052799
CCOC(=O)C(C1)(C1)C(=O)OCC,0.5621266901877329,0.7858390680669595
C(C1)OCCOCCOCCO1,0.5165282952918933,0.7115303684634688
C=CCCBr,0.5369004896045939,0.6513743334070261
O=C(C1)C(C)=C(C2)C(C)(CCC2)C1,0.7180501898048808,0.8469993797399907
O=C(C2)C(C)=C(C1)C(C)(C2)C(=O)C1,0.7332690213930558,0.8306817530703686
Brc(c3)ccc(c3)C(=O)OC([H])(C2)C(C)(C1)C(CC2)=C(C)C(=O)C1,0.87606638684013,0.8845490771199007
C=CC(=O)OC([H])(C1)C([H])(C(C)C)CCC([H])(C)1,0.8228627511860473,0.8999545558786392
COc(c2)ccc(c2)C(C)(C)C([H])(C1)C([H])(O)CC([H])(C)C1,0.790358847032069,0.8064210078238325
c(c12)cccc(ccc(c2c(c4C=CC(O)=O)c(c3)c(cc4)ccc3)C=CC(O)=O)1,0.6348203713830537,0.7374117228233081
C=CC(=O)OC([H])(C3)C([H])(CCC([H])(C)3)C(C)(C)c(c1)cc(c2)c(ccc2)c1,0.8461149100823909,0.8398266338706607
C([H])(C([H])1C(C)(C)c(c4)cc(c3c4)cccc3)(OC(=O)c(c2)cccc2)CC(CC1)([H])C,0.7853149904269704,0.8389321068713235
[H]C(C)(C3)CC([H])(O)C([H])(C3)C(C)(C)c(c1)cc(c2)c(ccc2)c1,0.5805488618841933,0.7874794926757026
C=CC(=O)OC([H])(C2)C([H])(CCC([H])(C)2)C(C)(C)c(c1)ccc(OC)c1,0.8473294209965617,0.8597595595134742
COc(c2)ccc(c2)C(C)(C)C([H])(C1)C(=O)CC([H])(C)C1,0.8025224474421501,0.8115390916288522
COC(=O)C(C1)C(C2)C(CCC2)C(=O)C1,0.8358153392422121,0.8597095409461268
CC(=O)C(C1)=C([H])CC(O2)(OCC2)C1,0.7063722885010232,0.8357698195454816
CC(=O)C(C1)=C([H])CCC1,0.8641203975591084,0.8787430141561126
OCCC([H])(C)CCCC(C)=C,0.8989026982673489,0.906248076037988
O=CCC([H])(C)CCC=C(C)C,0.8521933498818541,0.9082677046065724
O=C(C1)C(C)C(=O)CC1,0.8427604233009238,0.8393327821085577
CC(C1)CC(O)C(C1)C(C)C,0.7960351508853947,0.870720794121106
CC(C1)C(=O)C(C)=CC1,0.8136069649560538,0.8703061638170148
CC(=O)c(c1)c(O)c(O)c(O)c1,0.683891725283575,0.7579941489653228
COc(c1)cc(OC)c(C(C)=O)c(O)1,0.8681383234395164,0.8661304229067467
CC(=O)c(c1)c(O)cc(O)c1,0.8217760439114805,0.8381876441681654
COc(c1)ccc(c1)C(C)=O,0.7938957294785004,0.8922265101945244
[2H]C([2H])([2H])Oc(c1)c(C(C)=O)c(O)cc1,0.7651414022446804,0.8143559388535923
COc(c1)c(C(C)=O)c(O)cc1,0.4010748592526786,0.5337482891869095
[2H]C([2H])([2H])Oc(c1)cc(C(C)=O)c(O)c1,0.814222386095931,0.8531130050324904
COc(c1)cc(C(C)=O)c(O)c1,0.7834706451250903,0.8038127728166227
[2H]C([2H])([2H])Oc(c1)cc(O)c(c1)C(C)=O,0.8140494513544572,0.8146190334622702
CC(=O)c(c1)c(O)ccc1,0.83650302464675,0.8389934861321847
COC(=O)C(C)(C4)C([H])(C3)C(C)(CC4)C([H])(C2)C(C3)(C1)C(=O)C([H])(C)C([H])(C2)1,0.8356929455373485,0.8510218974087177
OC(=O)C(C)(C4)C([H])(C3)C(C)(CC4)C([H])(C2)C(C3)(C1)C(=O)C([H])(C)C([H])(C2)1,0.8352029921924411,0.8218008806166771
OCC(C)(C4)C([H])(C3)C(C)(CC4)C([H])(C2)C(C3)(C1)C(=O)C([H])(C)C([H])(C2)1,0.6746443379583739,0.7647429605088809
COCC([H])(C(=O)1)C([H])(C4)CC(C3)1C([H])(C4)C(C)(C2)C([H])(C3)C(C)(C)CC2,0.6386906168766804,0.6853751908306157
CC(C)(C4)C([H])(C3)C(C)(CC4)C([H])(C2)C(C3)(C1)C(=O)C([H])(C)C([H])(C2)1,0.6690097263314974,0.7241641653678216
COC(O2)C(O)C([H])(O1)C([H])(C(C)2)OC(C([2H])([2H])[2H])(C([2H])([2H])[2H])1,0.4002923189075078,0.5622160892507932
COC(O2)C([H])(O1)C([H])(C(O)C(C)2)OC(C([2H])([2H])[2H])(C([2H])([2H])[2H])1,0.4201556062855347,0.564024396273791
COC(O1)C(O)C([H])(O2)C([H])(OC(C)(C)2)C(C)1,0.7857141207889679,0.8678169091715893
COC(O1)C(O2)C(OC(C)(C)2)C(O)C(C)1,0.7640003350157505,0.8523205926957933
C(C=4C)(C(C3)(C)C([H])(CC([H])4)C(CC3)(C)C)(CCC(C=C)(OC(C([H])(O)2)([H])OC([H])(C)C([H])(C12[H])OC(O1)(C([2H])([2H])[2H])C([2H])([2H])[2H])C)[H],0.5927974387618571,0.6003625693908176
C(C=4C)(C(C3)(C)C([H])(CC([H])4)C(CC3)(C)C)(CCC(C=C)(OC(C([H])(O)2)([H])OC([H])(C)C([H])(C12[H])OC(O1)(C([2H])([2H])[2H])C([2H])([2H])[2H])C)[H],0.549567648361796,0.5621278297791472
CC(C)(C2OC([H])(O4)C([H])(O)C(C(C([H])(C)4)3[H])(OC(C)(C)O3)[H])C([H])(C1(C)CC2)CC([H])=C(C)C(CCC([H])(C)C=C)1[H],0.8059153383786847,0.8062450760153184
C(C=4C)(C(C3)(C)C([H])(CC([H])4)C(CC3)(C)C)([H])CCC(C=C)(OC([H])(O2)C(O1)(C(C([H])(O)C2([H])C)(OC(C)(C)1)[H])[H])C,0.8431907618612813,0.8209305889775299
CC(C)(C3)C([H])(C(C)1CC3)CC(=C(C([H])(CCC(OC([H])(C([H])(O)2)OC([H])(C)C([H])(O)C([H])(O)2)(C)C=C)1)C)[H],0.7595269395358348,0.844962749502546
[H]C(C)(C([H])(O)3)OC([H])(C([H])(O)C3([H])O)OC(CCC([H])(C(C)12)C(=CCC([H])1C(CCC2)(C)C)C)(C)C=C,0.7027943327562777,0.7012176896510731
CC(C)(C3)C([H])(C(C)1CC3)CC(=C(C([H])(CCC(OC([H])(C([H])(O)2)OC([H])(C)C([H])(O)C([H])(O)2)(C)C=C)1)C)[H],0.7785503019391969,0.7642935772497206
C=CC(C)(O)CCC([H])(C(C)=2)C(C)(C1)C([H])(CC([H])2)C(C)(C)CC1,0.8156394678285107,0.8500942036976012
CC(=C2)C(C(=O)1)C(C2)C(C)(C)1,0.6849169232647089,0.8426681940380057
CC(=C2)C(C(=O)1)C(C)(C)C(C2)1,0.7612692672735198,0.8465773553960452
CC(=C1)C([H])(O2)CC([H])(C(=O)2)C(C)(C)1,0.7801404181645899,0.8582466781987329
O=C(C(C)(C)3)C([H])(C([H])23)C(C)(O1)C([H])(C2)1,0.7513595795793242,0.8468785907683517
O=C(C32)C(C3)C(C)(O1)C1C(C)(C)2,0.8220407412961775,0.8715410198195662
O=C(C([H])23)C([H])(C(C)(C)3)C(C)(O1)C([H])(C2)1,0.7931597307235759,0.8628789167602657
CC(C)(C4)C(C32)C(C(=O)1)C(C)(CC4)C1C(C)(O3)2,0.7633781868411473,0.8547327836309498
c(c3)cc(c1)c(c3)c(c2)c(ccc2)c1,0.7781046021435747,0.8335123119362454
Cc(c1)cc(C)c(N)c(C)1,0.8497111678167609,0.9230425831945684
OC(=O)C(N)CSC,0.7715563241989004,0.8907417062377816
Cc(c1)c(N)c(C)cc1,0.8835853306368819,0.9406260947339524
O=C(Nc(c2)cccc2)c(c1)cccc1,0.6451385087757392,0.7226701367942556
c(c2)ccc(c2)C=Cc(c1)cccc1,0.9169630329212086,0.9535530263866636
c(c2)ccc(c2)CNCc(c1)cccc1,0.8383938390598215,0.9095965056420747
BrCc(c1)c(C)ccc1,0.8264222835364402,0.8953412285853088
CNC=O,0.6822930231374295,0.771849540551987
BrCC(=O)c(c1)ccc(Br)c1,0.9093153911399273,0.9208011498217311
CCOC(=O)Cc(c1)cccc1,0.8528513480415686,0.8895933315009251
OCC(O)C(O1)C(O)=C(O)C(=O)1,0.1670291488039535,0.3222873840815979
Nc(c1)ccc(c1)S(N)(=O)=O,0.9066531704254566,0.9296599514012599
COC(=O)NS(=O)(=O)c(c1)ccc(N)c1,0.768210767667632,0.8406967559087017
Nc(c2)ccc(c2)S(=O)(=O)Nc(n1)cc(C)o1,0.7949228498203338,0.7994310299399914
COC(C)OC,0.6656341533348258,0.7939524317315266
CCCC(=O)c(c1)cccc1,0.8776082508284371,0.8509538910357216
Cc(c(Cl)1)c(Cl)ccc1,0.8579847553197117,0.9205073890538248
ClCc(c1)c(c2)c(ccc2)cc1,0.8096272247756441,0.8600873393100329
O=CC(C)c(c1)cccc1,0.794577255697302,0.8442924524311938
CN(C)c(c1)nccc1,0.5949658912585858,0.8921719170963303
c(c3)cc(C1)c(c32)c(ccc2)C1,0.5759164133307717,0.8695945527719701
CC(C)(C)c(c1)cccc1,0.8114808370448175,0.855747088492567
OC(=O)CCc(c1)cccc1,0.7739441613545474,0.8167298534791617
O=C(OCc(c2)cccc2)c(c1)cccc1,0.8168407647689113,0.8928867665687154
CCOC(=O)Cc(c1)ccc(c1)[N+1]([O-1])=O,0.6248746593042227,0.8634535940953112
OC(=O)c(c1)ccc(I)c1,0.6829047556962802,0.8821845458661663
COc(c1)ccc(OC)c1,0.8415864738810942,0.9201221748621058
CC(C)NC(=O)N(C2)C(=O)N(C(=O)2)c(c1)cc(Cl)cc(Cl)1,0.40245505169121387,0.3914847018375611
C(C1)OCCOCCOCCOCCO1,0.9285809162860647,0.8699063328435093
C(C1)OCCOCCOCCO1,0.9151874672426765,0.8968477047852282
[O-1][N+1](=O)c(c(O)1)c(O)ccc1,0.6842018385574955,0.8482044946652897
OC(=O)c(c1)c(C(O)=O)c(cc1)[N+1]([O-1])=O,0.7818048313330727,0.8594381432166953
COc(c1)cc(cc1)[N+1]([O-1])=O,0.7842934276694913,0.8797788706378171
Cc(c1)ccc(c1)[N+1]([O-1])=O,0.8455133249917148,0.9201827193514316
C=Cc(c1)cc(c2)c(ccc2)c1,0.858353104208554,0.9087197724572658
Oc(c2)c(ccc2)c(c1)cccc1,0.7587419627466047,0.8293569465088493
OCc(c1)cccc1,0.7132133279465701,0.8591679361091985
OCc(c1)ccc(OC)c1,0.8473084450129118,0.9303371174871464
OCc(c1)c(CO)c(O)c(C)n1,0.6835286742416317,0.8716087995029966
OCCNCc(c1)cccc1,0.8150165435692237,0.843119765036467
OCc(c1)c(ccc1)[N+1]([O-1])=O,0.6893145937663712,0.7468299604231925
[O-1][N+1](=O)c(c2)ccc(c2)Cc(c1)ccnc1,0.7533153417693405,0.8578672188797853
OCc(c1)ccc(C)c1,0.7752387196182161,0.8835788747077855
CCCCCCCCCCCCCCCC(O)=O,0.8332254931259759,0.7828555031911065
COC(C)(C)OC,0.6813135668453048,0.6951628420969486
CCCCCCCCCCCCCCCCCC(=O)OC,0.7347412191005774,0.7507189489147664
CCCCCCCCCCCCCCCC(=O)OC,0.6734677981953261,0.738073230057909
CCCCCCCCCCCCCC(=O)OC,0.7494822734328859,0.7453283324512153
CCCCCCCCCCCC(=O)OC,0.7175458613093535,0.7475151242504308
CCCCCCCCCC(=O)OC,0.7307954607004276,0.8481795459631948
CCCCCCCCC(=O)OC,0.7462912195857873,0.8665308061336935
CCCCCCCC(=O)OC,0.7769803028853965,0.8617665288981571
CCCCCCC(=O)OC,0.7833121996474873,0.8726220584031059
CCCCCC(=O)OC,0.6835286455330437,0.8311647484232814
CCCCCCCCOC(=O)c(c1)c(ccc1)C(=O)OCCCCCCCC,0.8186440610583687,0.601870127180753
c(c1CC=C(CCCC(CCCC(CCCC(C)C)([H])C)([H])C)C)(=O)c(c2)c(ccc2)c(=O)c(C)1,0.713640683782251,0.8517976258488021
C(C)(CCC=C(C)CCC=C(C)C)=CCCC(C)=CCc(c(=O)1)c(C)c(=O)c(c2)c1ccc2,0.7527455981413221,0.8705380204758855
CCCC[SiH2]C([2H])([2H])[2H],0.3754105172561653,0.664525253445619
CCCC[Si]([2H])([2H])C,0.3778461987076231,0.5990370747148247
CCCC[SiH2]C,0.7674888134694159,0.8609626533562365
CC(C)(C)C(C)(C)C,0.7990881477146394,0.8108542899569321
CC(C)C(C)C,0.6595495215914743,0.7916715040477661
C[Si](C)(C)[Si](C)(C)C,0.8443782239495978,0.8453350901263333
[2H][Si](C)(C)[Si]([2H])(C)C,0.664761899428706,0.803278511217527
C[SiH](C)[SiH](C)C,0.7544390342164345,0.849208374198486
CC(=O)OC(C1)C(CCC(C)1)C(C)=C,0.7939516008514638,0.9236554326093718
CC(=O)OC([H])(C1)C(C)CCC(C(C)=C)1,0.8613108685903672,0.9025595059304159
CC(=O)OC([H])(C1)C(C)CCC(C(C)=C)1,0.829780310453609,0.8954681376372893
CC(C2)CC(C(C2)1)C(C)(C)1,0.8469585685639223,0.909307433886097
CCCCCC(C(=O)1)C(CC1)CC(=O)OC,0.4427742705994641,0.6993845294635209
CCCCCC(=C(C)1)C(=O)CC1,0.565665915782385,0.6823287131446029
CCC=CCC(=C(C)1)C(=O)CC1,0.7128582410189028,0.8225314056615426
C(C1)CCC1,0.5847064374426832,0.7384747178493272
C(C1)CC=C1,0.7084554764129508,0.8072385199901768
CC(C1)CCC1,0.7336311447256033,0.7944372192970661
CCC(C1)CCC1,0.8829232640105406,0.8944565142453927
CC(C1)C(=O)CC1,0.7147678926991624,0.8449544481975209
CC(C1)CC(=O)C1,0.855988121579173,0.9078913310089056
O=C(C1)C=CC1,0.6152215479493682,0.7211616600442999
CC(Cl)c(c1)cccc1,0.8621717659972938,0.9099700071057338
O(C2)CCN(C2)c(c1)cccc1,0.7943334458748798,0.8786303443593845
CCOC(=O)Nc(c1)cccc1,0.6541887825760714,0.8536542008696381
COC(=O)C(=O)OC,0.6444414920041078,0.6083089490133441
O=Cc(c1)cc(O2)c(OC2)c1,0.8816826588615482,0.900498376426407
CCC(C(O)=O)c(c1)cccc1,0.7721702570649303,0.7254385942734793
ClCCc(c1)cccc1,0.8450725193377073,0.8485046827664835
CC(C)(C)C(=O)Cl,0.7871862877989027,0.6630183341212412
C#CCCl,0.8994758583041635,0.8699483626618761
CCC(=O)Cl,0.7355511082108191,0.660319199981483
c(c2)ccc(c2)Sc(c1)cccc1,0.6517893987645801,0.8192939263134629
CC(C)Br,0.3265129180211868,0.34262199470073607
CCCBr,0.6550315947287763,0.7488416837907209
C#CCBr,0.8141277295406081,0.8870766921628321
CC(=O)OCC(C)OC(C)=O,0.8093500530258203,0.6925513529285638
OCCOc(c1)cccc1,0.8338119134769948,0.8628672340838535
OC(=O)C(C)(C)C,0.8069107088474944,0.8576794237714904
COC(=O)C(C)(C)C,0.8298195935685307,0.8523712002542645
CCOC(=O)C(C)=O,0.7606078618966079,0.6446210507039748
CCC=O,0.6987204011909205,0.8059143601049524
CCCCOC(=O)C(=O)OCCCC,0.8731914622181169,0.8397875686460395
CCOC(=O)C(=O)OCC,0.7476946469156808,0.49325679045844706
CC(C)(O)C(C)(C)O,0.8629056280116302,0.8433266099294798
CCOc(c1)ccc(N)c1,0.905141815550564,0.9181166698139173
CCOc(c1)c(N)ccc1,0.8327258486307255,0.8489622816035027
CC(N)c(c1)cccc1,0.7056334296249931,0.8234706856078957
NCCc(c1)cccc1,0.8426277935607958,0.7705600880480062
CC(C1)CCNC1,0.8304716937777659,0.8645037100938071
CC(C1)CNCC1,0.8018712060365133,0.8679212173524508
CC(C1)NCCC1,0.8040076852777611,0.8816832408909033
C(C1)CCNC1,0.7672607417234709,0.8131326851498251
C#CCO,0.7134615716704797,0.8570550790101239
CCC(C)C,0.6818210635667993,0.6954357142026064
OCCCO,0.6774857787521522,0.7574946325663051
OCCCCCO,0.7792310276643387,0.8043298881889686
CCOC(CC)OCC,0.8227157507726801,0.892211670788478
CCC(O)=O,0.7780540624727497,0.8195327908202789
C(C1)CO1,0.5117289765153883,0.6830244497691034
CCCCCCCC=CCC(=O)OC,0.8889821267370974,0.917479881949211
C=CCCCCCCCCC(=O)OC,0.8571184434972579,0.861109164244086
CCCCCCCCCCCCCCC,0.8789894777544995,0.8040201873552977
OCCCc(c1)cccc1,0.8313864350795417,0.8740102375249581
O=C(C(C)21)C(C)(C)C([H])(CC2)C1,0.3992684808226019,0.5207855430678989
C=CCc(c1)cc(O2)c(OC2)c1,0.7704375780463306,0.8236195861584253
O=C(C1)C(C)(C2)C(C)(C)C([H])(C2)1,0.7120176334080485,0.82963362375613
CC(=C)C([H])(C1)CC(=O)C(C)=C([H])1,0.4675925261505068,0.7994329751915483
CC(=C)C([H])(C1)CC(=O)C(C)=C([H])1,0.4510843181561173,0.7827016546392088
CC(=C)C([H])(C1)CC([H])(O)C(C)=C([H])1,0.6906636152292811,0.851388037272405
CC(=C)C([H])(C1)C([H])(O)CC([H])(C)C1,0.813640936103421,0.9363995753334159
CC(C1)=C([H])C([H])(O)C([H])(C1)C(C)C,0.8127576549225416,0.9133249162719771
CCCC(=O)OCC([H])=C(C)CCC=C(C)C,0.7423217818225352,0.8510388920097263
CC(C)=CCCC(C)=C([H])COC(=O)C(C)C,0.7708763115668377,0.8228861702669622
CCC(=O)OCC([H])=C(C)CCC=C(C)C,0.771308656005947,0.848133683684538
CC(C)=CCCC(C)=C([H])COC(C)=O,0.6576792348132259,0.7569748280698014
OCC([H])=C(C)CCC=C(C)C,0.5508610936734475,0.7686700317495865
CC(=O)C([H])=C([H])C(O1)(C(C)(C)2)C(C)(CCC2)1,0.5698340198898095,0.7324265038184655
CC(=O)OC([H])=C([H])C(=C(C)1)C(C)(C)CCC1,0.861099382695494,0.8913174410131425
CC(=O)C([H])=C([H])C(=C(C)1)C(C)(C)CCC1,0.5968650284969607,0.79472140241512
CN(C)CCCN(c21)c(c3)c(ccc(C(F)(F)F)3)Sc(cccc2)1,0.8907352829894342,0.7600216089375805
CSc(c4)cc(c(c4)1)N(CCC(C3)N(C)CCC3)c(c2)c(ccc2)S1,0.5871960872469754,0.5032847350317377
CCN(CC)C(C)CN(c21)c(c3)c(ccc3)Sc(cccc2)1,0.319547337625148,0.4749131707406761
CN(C)C(C)CN(c21)c(c3)c(ccc3)Sc(cccc2)1,0.34814714800514657,0.68011406208945
CN(C4)CCN(C4)CCCN(c21)c(c3)c(ccc(C(F)(F)F)3)Sc(cccc2)1,0.6299976443802835,0.44538805283023875
CN(C4)CCN(C4)CCCN(c21)c(c3)c(ccc(Cl)3)Sc(cccc2)1,0.6151454912943991,0.5499021542891509
CN(C4)CCN(C4)CCCN(c21)c(c3)c(ccc3)Sc(cccc2)1,0.6158723522955398,0.7088710107019248
N#Cc(c4)cc(c(c4)1)N(CCCN(C3)CCC(O)C3)c(c2)c(ccc2)S1,0.27566662604967257,0.5146504609057302
CN(C)CC(C)CN(c21)c(c3)c(ccc(OC)3)Sc(cccc2)1,0.8783554801250613,0.7579516839365256
CN(C)C(C)CN(c21)c(n3)c(ccc3)Sc(cccc2)1,0.5119889244652078,0.37034679853003555
CN(C4)CCN(C4)CCCN(c21)c(c3)c(ccc3S(=O)(=O)N(C)C)Sc(cccc2)1,0.6751317809912396,0.538483154178467
CN(C)CC(C)CN(c21)c(c3)c(ccc3)Sc(cccc2)1,0.8589130438529708,0.7896999904150793
CN(C)CCCN(c21)c(c3)c(ccc3)Sc(cccc2)1,0.9147044409694958,0.8726612676594803
CN(C)CCCN(c21)c(c3)c(ccc(Cl)3)Sc(cccc2)1,0.8903563501852451,0.8051170340276543
CCCCC(=O)CCCC,0.6546333838893126,0.7429725674431693
CCCCCCCCCCC,0.811216431743796,0.8881881019614709
CCCC(C1)C(O)CCC1,0.861667652685655,0.8988288016172912
CN(C)c(c1)cccc1,0.7840824462103955,0.8863240040076508
c(c2)cc(c1)c(c2)ccc1,0.7777829306230897,0.8528203501352468
CCCCCCCCCCCC,0.8600698743794183,0.8890401144986619
CCCCCCCCCCCCC,0.8613024848835678,0.8708932515774082
C(C32[H])(C(C4)([H])C(C([H])(C4)C([H])(C)C=CC(CC)([H])C(C)C)(C)CC3)(CC=C(C21C)CC(CC1)(O[Si](C)(C)C)[H])[H],0.7862840617686586,0.9038363665990478
CC(C4([H])C(CCC([H])(CC)C(C)C)([H])C)(C([H])1CC4)CCC(C3(C)2)(C([H])(CC=C2CC([H])(O)CC3)1)[H],0.8758639227823845,0.899583462856344
O=C(O[Si](C)(C)C)c(c1)ccc(c1)O[Si](C)(C)C,0.8525548614162892,0.8559880295155144
C(C41C)(CCC1(C(C(CC4)3[H])([H])CC=C(C3(C)2)CC([H])(CC2)OC(C)=O)[H])(C(CCC([H])(C(C)C)CC)([H])C)[H],0.8172807458361218,0.7634375735980039
C(C1)C([H])(O)CC(=C([H])4)C1(C([H])(C3([H])C4)CCC(C)(C23[H])C(CC2)([H])C(CCC([H])(C)C(C)C)([H])C)C,0.8782733390167146,0.8902885852909485
C1=CN=CN1,0.9035030118434612,0.8961597738392935
CCOC(OCC)(OCC)c(c1)cccc1,0.7031656604222694,0.7216412279836009
Oc(c3)c(O)c(O1)c(c3)C(=O)CC(c(c2)cccc2)1,0.8425257919227185,0.8778110295844085
CCOc(c1)cc(O2)c(C=CC(=O)2)c1,0.8097395265661066,0.884604985181913
NCC(O1)=CC(=O)N1,0.55753571673384,0.7971815869702009
Oc(n1)nc(O)nc(O)1,0.5718795544975432,0.6349063536867608
O=C(CNC(=O)c(c2)cccc2)NC([H])(C(O)=O)Cc(c1)cccc1,0.40032514897469407,0.462681846042477
Nc(c1)ccc(c1)S(O)(=O)=O,0.7416296181214703,0.7969393976353694
O=c(c(Cl)1)c(c2)c(ccc2)c(=O)c(Cl)1,0.766449783702695,0.8726554374141533
O=Cc(c1)c(OC)c(OC)cc1,0.8122638273011352,0.9170912965204739
O=Cc(c1)ccc(c1)N(C)C,0.8847086066960085,0.9122662343084637
O=C(C4)C([H])=C(C3)C(C)(C4)C([H])(C2)C([H])(C3)C([H])(C1)C(C)(C2)C(O)(C(C)=O)C1,0.7974326097207212,0.9187286865044426
C=C(C2)C([H])(C1)C(C)(C)C([H])(C2)1,0.7745885006582304,0.8127917001363528
[H]C(C1)=C(C)C([H])(C2)C(C)(C)C([H])12,0.7006466313176688,0.820190091275276
CN(C)c(c1)cc[n+1]([O-1])c1,0.8137646370007783,0.9187033250182961
COc(c1)cc[n+1]([O-1])c1,0.8347547296754343,0.8443260901445612
OCC(=O)C(C4)C(C)(C3)C([H])(C4)C([H])(C1)C([H])(C3)C(C)(C2)C(=CC(=O)C2)C1,0.7801548202778652,0.8250470400449971
[O-1][n+1](c1)cccc1,0.8792001873796859,0.9105543696839422
CSSC,0.9118298720010285,0.9240971823459934
CSC,0.8966560072971139,0.8990445010074345
COc(c1)ccc(C=CC(O)=O)c1,0.786040985254367,0.8741514756796973
CC(=O)c(c1)ccc(O)c1,0.7790261347371646,0.872986817269098
CC(=O)c(c1)cc(O)cc1,0.8215485052698,0.8937054673968903
CC(=O)c(c1)c(O)ccc1,0.7977539429575022,0.8323745378256348
O=C(C4)C=C(C3)C(C)(C4)C([H])(C2)C([H])(C3)C([H])(C1)C(C)(C2)C(=O)C1,0.8578425153285371,0.9107495226050722
Oc(c2)c(ccc2)C(=O)OCc(c1)cccc1,0.8078264995165614,0.7760927478742377
COc(c1)ccc(c1)[N+1]([O-1])=O,0.7689133993006133,0.8953326459796758
COc(c1)ccc(N)c1,0.8075213562589677,0.8720672914068542
[O-1][N+1](=O)c(c1)c(c2)c(ccc2)[n+1]([O-1])c1,0.7699644520950714,0.8243124470062603
N#Cc(c1)ccc(c1)[N+1]([O-1])=O,0.9162253188690166,0.934034132033097
O=Cc(c1)ccc(c1)[N+1]([O-1])=O,0.7525084410618078,0.8860573952082257
O=C(Cc(c2)cccc2)c(c1)cccc1,0.7776685649629638,0.832794071783579
c(c2)ccc(c2)NN=Nc(c1)cccc1,0.7294936362641518,0.7600790855991298
Cc(c(C)1)c(N)c(C)c(C)c(N)1,0.6068686898622875,0.7676802853001946
OC(C1)CC(C)(C)NC(C)(C)1,0.5768124522768876,0.694469871549203
C1CCC(CC1)NO.Cl,0.3511366241414563,0.2981462072779151
OCCN(CCO)CCO,0.7575684979657349,0.8031802435425213
OC(=O)c(c1)cncc1,0.7781488081766211,0.8232578804251044
CN(C)C(=O)c(c1)cncc1,0.8817518866505202,0.9220421490726856
NC(=O)c(c1)cncc1,0.7448488708090379,0.7863429774967967
Oc(c1)c(n2)c(ccc2)cc1,0.8161571656661056,0.8824515191989503
OCc(c1)cc(cc1)[N+1]([O-1])=O,0.835974324706802,0.9301458462420437
Oc(c1)c(O)ccc1,0.7419320251227411,0.8430261147587162
OC(=O)c(c1)cc(C(O)=O)cc(C(O)=O)1,0.7458047109719795,0.8373797865857798
ON=c(c1)ccc(=NO)c1,0.5470484177400678,0.7350270863729227
[O-1][n+1](c1)ccc(c1)[N+1]([O-1])=O,0.7536009653576042,0.8490795493116229
CN(C)c(c1)ccc(c1)[N+1]([O-1])=O,0.6854834514575706,0.8633895775312452
c(c2)ccc(c2)Nc(c1)cccc1,0.8377926826572282,0.9253825574723932
CN(C)c(c1)ccnc1,0.6434840600754403,0.7821351202559763
Oc(c1)ccc(Cl)c1,0.7866292852414747,0.867395581280431
CCOC(=O)Cc(c1)ccc(c1)[N+1]([O-1])=O,0.7987234744304147,0.8934408968713036
N#CC(c(c2)cccc2)c(c1)cccc1,0.7316919606310195,0.8427357479564567
CCOC(=O)c(c1)ccc(c1)[N+1]([O-1])=O,0.8629574066018031,0.8830910926710801
Oc(c1)cc(cc1C(C)(C)C)C(C)(C)C,0.8255638879473518,0.8312568475013535
CCn(c(=O)1)c(=O)cc1,0.7457032078986208,0.8467991633101752
ClCc(c(C)1)c(c2)c(ccc2)cc1,0.7877634427994683,0.8366516814035381
CC(=C2)N(C)N(C(=O)2)c(c1)cccc1,0.7370772192352565,0.8624523079261662
O=C(c32)C(C(Oc(cccc3)2)1)C([2H])([2H])1,0.6897377545981762,0.7630988077680064
O=C(c32)C(C1)C(Oc(cccc3)2)1,0.7043563656372935,0.7545768797311005
c(c3)cc(O1)c(c3)C(=C)C(C)(C2)C(C)12,0.8704647375687833,0.921637508256021
c(c3)cc(O1)c(c3)C(=C)C(C)(C2)C12,0.7918801017602561,0.7808181627256909
[2H]C([2H])([2H])C(O1)=C(C)C(=O)c(c2)c(ccc2)1,0.8170542476068632,0.8221363551054408
CC(O1)=C(C)C(=O)c(c2)c(ccc2)1,0.7456969958299499,0.8310668223831555
c(c3)cc(O1)c(c3)C(=O)C(C)(C2)C(C)12,0.816376152702454,0.8833191209233651
O=C(c32)C(C)(C1)C(Oc(cccc3)2)1,0.7782632267185182,0.8194254194392457
c(c3)cc(c(c3)2)C(=C)C(C)(C1)C(C)(S2)1,0.8483215106297362,0.8928145547623878
CC(S1)=C(C)C(=S)c(c2)c(ccc2)1,0.8067501953433952,0.8380216409391903
c(c4)cc(S1)c(c4)C(=O)C(C3)(C2)C(CC3)12,0.8685077357313161,0.8846685432882934
CC(=C1)Sc(c2)c(ccc2)C(=S)1,0.7360063491622718,0.7409749617126589
CC(=C1)Sc(c2)c(ccc2)C(=O)1,0.8559038750881618,0.8104828383664778
c(c3)cc(S1)c(c3)C(=O)C(C)(C2)C(C)12,0.8340175596957642,0.861778509566298
CC(S1)=C(C)C(=O)c(c2)c(ccc2)1,0.7696053789539076,0.753226700875011
OC(C3)CC(CC3)(C1)Sc(c2)c(ccc2)1,0.8149040627321844,0.8521051076950884
O=C(c32)C(C(Oc(cccc3)2)1)C([2H])([2H])1,0.6853252829337532,0.7732203168276185
O=C(c32)C(C1)C(Oc(cccc3)2)1,0.7714235578502036,0.798569361561051
CC(=O)CCC(=O)CC(C)=O,0.46280218252425465,0.7990342595340713
CC(=O)CC(c(c2)cccc2)C(=O)C(C(=O)C([2H])([2H])[2H])c(c1)cccc1,0.4606347469631848,0.6641505294911042
CC(=O)CC(c(c2)cccc2)C(=O)C(C(C)=O)c(c1)cccc1,0.773480398213674,0.875545335625935
[2H]C([2H])([2H])C(=O)C(c(c3)cccc3)c(o2)c(cc(C)2)c(c1)cccc1,0.20387724779905866,0.29317003378219486
c(c3)ccc(c3)C(C(C)=O)c(o2)c(cc(C)2)c(c1)cccc1,0.7999746136999385,0.8128988016483086
c(c4)ccc(c4)C(=C(C)2)C(=O)C(c(c3)cccc3)(C1)C(C)(O2)1,0.7058742549814159,0.8570294605639635
c(c3)ccc(c3)C(=C(C)1)C(=S)C(c(c2)cccc2)=C(C)O1,0.8322673670273185,0.8455514560291709
c(c3)ccc(c3)C(=C(C)1)C(=O)C(c(c2)cccc2)=C(C)O1,0.7684809333408077,0.8152114407672767
CC(=C(C)2)OC(C)(C1)C(C)(C(=O)2)1,0.7135042937786279,0.8901326069592508
CC(=C([H])2)OC(C)(C1)C(C(=O)2)1,0.5307475178268054,0.8225136505457769
C(C4)CC(=C42)C(=O)C(C3)(C1)C(CC3)(O2)1,0.8185075771853675,0.913754506947273
O=C(C2=1)C(C3)=C(CC3)OC(CCC2)1,0.7881103239732766,0.8291284497250704
O=C(C=1)C(C2)=C(CC2)OC1,0.8446988221875182,0.9068414181432816
COCC(C)=O,0.8654890114848994,0.6853314182991064
COCC(C)=O,0.8654890114848994,0.6853314182991064
CSC,0.8559921189241881,0.8733399434190672
CCS,0.7810874608900846,0.8411994376262787
C=CCC#N,0.8025784706957524,0.9028150022308588
c(c2)cc(C1)c(c2)OC1,0.7059153548071239,0.8339055398824803
CC(=O)OCCOC(C)=O,0.8145255055951168,0.687659619217067
C=CCOCCO,0.798842087619662,0.7921398063232966
NCCC[Si](C)(OCC)OCC,0.7530156838684468,0.8487717893726376
CCOC(=O)C(C1)(CC1)C(=O)OCC,0.7330714902301169,0.8515492474832781
NCCCOC,0.8099856845549501,0.776532490108037
NCC(C)O,0.8413751087424852,0.7347127092775055
c(c2)ccc(c2)C(C1)O1,0.8724377734050062,0.9044155036332366
CCCC(C)CO,0.7677803201575234,0.8697421196027254
CCOC(=O)CC(C)=O,0.817121796333275,0.8693887096174719
Cc(c1)cc(O)cc1,0.7308230400414968,0.8049385273808101
Cc(c1)c(O)ccc1,0.7473584188900791,0.8099921913951185
CC(=O)CCC(O)=O,0.7758435099006712,0.6810381391995918
c(c2)ccc(c2)OCCOc(c1)cccc1,0.807554777675099,0.8211253536582667
CCSCC,0.8502326976946344,0.9033962366385575
CCC(C)(O)C#C,0.7691646395422307,0.7627496060602598
NCCNCCO,0.7852708272586579,0.7563303189441031
NCc(c1)cccc1,0.726405683967972,0.8184213706239778
CC(C1)OCOC1,0.7187362579751378,0.8306972457479789
OCC(C)(C)N,0.6190600596506122,0.7650019813602043
O=C(OCc(c2)cccc2)c(c1)cccc1,0.8232657355629052,0.8630167539528876
ClCCOCCOCCCl,0.8225289233948594,0.7834355302705024
CC(C)=CC(C)=O,0.8218408710361054,0.7726844645656555
NCC(C)C,0.7253501503752238,0.7560036149394775
C=CCO,0.740899712278237,0.7951349880305922
O=C(CC(=O)C(F)(F)F)C(F)(F)F,0.7789152869515809,0.7082540528403669
CC(=O)CC(=O)C(F)(F)F,0.9148698869235091,0.7870093237261141
ClCCOc(c1)cccc1,0.8784659294445039,0.8647120761339999
CCOC(=O)C(F)(F)F,0.663295289823377,0.578545161757393
CC=CC(=O)OC,0.7791522355126216,0.794457870173387
CC(C)N,0.7352893017281289,0.8362908116700345
OC(C1)CCC1,0.7197963825471777,0.7827785391477056
CC=CC(=O)OCC,0.8267936867703118,0.8009368976972611
OC(=O)CC(O)=O,0.6610597929790878,0.564807113169878
O=C(Cl)CCC(=O)OC,0.8622465446735232,0.8151308739298928
CCOCCO,0.7915692752005162,0.7888873721302446
COC(=O)C=Cc(c1)cccc1,0.86785597912054,0.9091941572134631
O=CC=Cc(c1)cccc1,0.760947050945047,0.8591302472087073
OCC=Cc(c1)cccc1,0.7803160094924801,0.8640241119474168
FCCCCCCCCCCCCOC(C)=O,0.4809783264098023,0.7477904872016136
CCCCCC([H])=C([H])CC([H])=C([H])CCO,0.6431904507295845,0.7821568817051096
FCCCCCCCCC([H])=C([H])CCOC(C)=O,0.7598708603654591,0.7097155278187472
CCCCCCCCC([H])=C([H])CCO,0.686218421573734,0.7697432933921299
C=CCCCCCCCCC(=O)OC,0.7422114829490152,0.8185632584944923
CCC(=O)OCCCCCCCC([H])=C([H])C([H])=C([H])C,0.7445383270804996,0.8557137196456681
CCCCCCC([H])=C([H])CCCCCCCC(=O)OC,0.7140668683412968,0.8519762518784263
CCCCC([H])=C([H])CCC([H])=C([H])CCCCCCOC(C)=O,0.630159689519716,0.6720066991835201
CCCCCCCCC([H])=C([H])CCCCCCOC(C)=O,0.5984084012567782,0.6878742125762226
CCCCCCC([H])=C([H])CCCCCCCCO,0.7866095085434158,0.7287671504672606
OCCCCCCCC([H])=C([H])C([H])=C([H])C,0.44951047576580505,0.6877700335910728
CCCCCCCCCCCC(O1)C(CCCCC(=O)OC)1,0.7500972148517303,0.553876469182753
CCCCCCCCCCCC([H])=C([H])CCCCC(=O)OC,0.8729419669293101,0.8764349964351045
CCC([H])=C([H])CC([H])=C([H])CC([H])=C([H])CC([H])=C([H])CCCCC(=O)OC,0.7929690658922881,0.7363354051108113
CCC([H])=C([H])CC([H])=C([H])CCCCC([H])=C([H])CCCCC(=O)OC,0.7843287613934957,0.770376743552078
CCC([H])=C([H])CCCCC([H])=C([H])CC([H])=C([H])CCCCC(=O)OC,0.771443646838946,0.7356652910427424
CCC([H])=C([H])CC([H])=C([H])CC([H])=C([H])CCCCCCCC(=O)OC,0.8253412351237281,0.7184644942171313
CCC([H])=C([H])CC([H])=C([H])CCCCCCCCCCC(=O)OC,0.8514832500270905,0.7973248794145927
CCC([H])=C([H])CCCCC([H])=C([H])CCCCCCCC(=O)OC,0.8021049243195353,0.6951763715329966
CCCCCC([H])=C([H])CC([H])=C([H])CC([H])=C([H])CCCCC(=O)OC,0.7979225015116914,0.6872729043178029
CCCCCC([H])=C([H])CC([H])=C([H])CCCCCCCC(=O)OC,0.7819552703692958,0.6523921557842223
CCCCCC([H])=C([H])CCCCCCCCCCC(=O)OC,0.7910843555353235,0.636027608822478
[H]C(C1)=C(C)CCC1,0.8322310337422928,0.9340294936928503
[H]C(C1)=C(C)CCC1,0.8322310337422928,0.9340294936928503
CC(C1)C=CCC1,0.7935987122483928,0.9053650371982052
CC(C1)CC=CC1,0.7757366567960832,0.892279109425973
CCC[SiH2]C,0.9273201382586569,0.9020243909654992
CC[SiH2]C,0.836710213685531,0.8832428136781804
CC[SiH2]CC,0.49804395596091355,0.6242741570515008
CC[Si](C)(C)C,0.876674643243533,0.8456514730256377
CC(=C)C([H])(C1)C([H])(O)CC([H])(C)C1,0.8895513789222946,0.9461678789930115
CC(=C)C([H])(C1)C([H])(O)CC([H])(C)C1,0.8856580997074734,0.9324465112092222
CC(C1)=C([H])CC([H])(C1)C(C)(C)O,0.8574322472610401,0.9110280171023188
CCCCC(C)CO,0.8032788648939474,0.8956822487054896
CCCCCCCO,0.8931277163539008,0.8520299017675663
C#CC(C)(C)O,0.42300108639563816,0.6510733920431994
CC(C1)CCCC1,0.7387825809219685,0.85172182277272
CC(C)CC(C)(C)C,0.8904487658701592,0.7788848773297763
CCCCCCCC,0.841771999113672,0.8839370255415302
CCC(C)(C)C,0.8079004221032386,0.7876639978331212
CCCCCCC,0.8741059339313212,0.8398913960269788
O=C(Cl)Cc(c1)cccc1,0.8568289930368065,0.8687213620363795
C=CCOC(=O)Cc(c1)cccc1,0.8068419069624605,0.7184449658745585
CC(C)CCOC(=O)Cc(c1)cccc1,0.8619162999167911,0.8630240522409458
CC(C)COC(=O)Cc(c1)cccc1,0.9067329109466531,0.9052657545315482
CCOC(=O)Cc(c1)cccc1,0.8133187334133024,0.8450482599855293
COC(=O)Cc(c1)cccc1,0.8851448686086564,0.9227754891066393
CCCCCCCC(=O)OCCC(C)C,0.8304392048597766,0.7972769590848725
CCCCCCCC(=O)OCCCCC,0.7400286502224446,0.7419238234114707
CCCCCCCC(=O)OCC(C)C,0.8404859623463967,0.8444190999319405
CCCCCCCC(=O)OCCCC,0.784153063320069,0.7728310096148685
CCCCCCCC(=O)OC(C)C,0.8751959461562083,0.8623016404829809
CCCCCCCC(=O)OCC,0.8136277914987984,0.8445532266816294
CCCCCC(=O)OCCC(C)C,0.8548987306486884,0.8502778360462819
CCCCCC(=O)OCC(C)C,0.8360727002415123,0.8568732325567027
CCCCCC(=O)OCCCC,0.8658163218293013,0.8574183875875927
CCCCCC(=O)OC(C)C,0.8669673818064502,0.825574372283912
CCCCCC(=O)OCC,0.8461239586695785,0.8631458343893459
CCCCCC(=O)OC,0.5886946828825779,0.7053180442517025
CC(C)CCOC(=O)CC(C)C,0.8222682248723578,0.7950221689976409
CC(C)COC(=O)CC(C)C,0.8811260394769839,0.8683977687417971
CCOC(=O)CC(C)C,0.891404393477293,0.896787618117246
COC(=O)CC(C)C,0.8069766785353907,0.8924728027986222
CCCCC(=O)OCC,0.868615434226582,0.8946688326642644
CCCCOC(=O)C=CC(=O)OCCCC,0.9144588679731418,0.9341894802305141
CCOC(=O)C=CC(=O)OCC,0.903662622584039,0.8626718048189232
COC(=O)C=CC(=O)OC,0.8585665935776244,0.8898480282820431
O=Cc(c1)oc(C)c1,0.806655992644222,0.8655546733401911
Cc(c1)ccnc1,0.7852721763561913,0.8916693553370227
Cc(c1)cncc1,0.8555262715501722,0.9297519182551811
Cc(c1)nccc1,0.8183434901807077,0.9185702603052613
CCBr,0.6236792309057824,0.7772741309274639
ClCc(c1)cccc1,0.8411601456737923,0.8680058488938966
ClC(C1)CCCC1,0.6865714147743877,0.6332465134565792
CC(C)(C)Cl,0.8127233409845469,0.780438381011223
OC(=O)c(c1)c(Cl)ccc1,0.8035541393059316,0.8801222716080281
C=CCCl,0.7531775680139675,0.82736757303253
CCC(C)Cl,0.6970209282731784,0.7390091360366213
CCCCCl,0.685587281742583,0.719958949473753
CC(C)Cl,0.7087905458980337,0.8237096779273808
CCCCl,0.45049141695226086,0.6347007022913439
C=CCOC(=O)CCl,0.8217756046889411,0.8442929194656279
CCCCOC(=O)CCl,0.8680319964632514,0.8677359549605207
CC(C)OC(=O)CCl,0.6582943151568543,0.617552391986003
CCOC(=O)CCl,0.684312383473951,0.769165284540172
COC(=O)CCl,0.6969349094780327,0.7767090602900945
OC(=O)c(c1)ccc(Cl)c1,0.8548811101965031,0.890605548991416
O=Cc(c1)ccc(Cl)c1,0.8743439386756113,0.9358627604111411
ClC1=CC=C(C=C1)C,0.8594165921978701,0.8979872620609175
Cc(c1)c(Cl)ccc1,0.8398930719171708,0.8812489272331816
Nc(c1)ccc(Cl)c1,0.8149926776989136,0.8887810142544159
Nc(c1)cc(Cl)cc1,0.7466684023300094,0.8765986132605154
Nc(c1)c(Cl)ccc1,0.7926281361360138,0.8885831066645109
CCCCCCCCCC(CO)(C1)OC(=O)C(C)=C1,0.6488787156308222,0.5988042697931609
CCCCCCCCCC(CO)(C1)OC(=O)C([H])(C)C1,0.8593129141696039,0.8869004751967802
CC(C)=CCCC(C)(C3)C(C1)C(C)(CC3)C(CCC(C)(O2)OCC2)=C(C)C1,0.7574408697499189,0.7771994442978138
CC(C)=CCCC(C)(C3)C([H])(C1)C(CC3)(C(O2)OCC2)C(=O)C(C)C1,0.7091653447221237,0.7888495677779006
CC(=O)CCC=C(C)C=CC(=C(C)1)C(C)(CCC(=O)1)C(=O)OC,0.5784433461134334,0.5147721946900505
CC(=O)CCC=C(C)C=CC(=C(C)1)C(C)(CCC(=O)1)C(=O)OC,0.6409007464663286,0.5511487023243253
OCCC(C=2)=C(C=1)C(C=C(C(C)C)C2)=C(C)C1,0.8242228994322615,0.9241436555908005
CC(C)(C)NCC(O[Si](C)(C)C)c(c1)cc(O[Si](C)(C)C)cc(O[Si](C)(C)C)1,0.6086144609549242,0.7786902647994391
[O-1][N+1](=O)c(c1)cc([N+1]([O-1])=O)c(NN=CC(C)C(C2)C(C=NNc(c3)c([N+1]([O-1])=O)cc([N+1]([O-1])=O)c3)C(C)C2)c1,0.7600981032660382,0.8047202706538117
CC(=C)C(C1)CC(=C(C)2)C(C)(CCC(=O)2)C1,0.9155161462827185,0.9318490463729304
CC(=C)C(C1)CC(C(=C)2)C(C)(CCC2)C1,0.9074633938404547,0.8319657602394388
OC(=O)COC(C(=O)1)=C(c(c3)cccc3)c(c2)c(ccc2)N1,0.7062970887468768,0.8737786579902329
Cc(c4)c(ccc4)C(=N1)C(C(=O)3)=C(CC(C)(C)C3)Nc(c2)c(ccc2)1,0.8285605271341785,0.8754804538855648
CC(C)Nc(c2)c(ccc2)NC(=C1)CC(C)(C)CC(=O)1,0.8650956665974825,0.9110496848833627
CC(=O)CC(C)(C)Cc(n1)sc(c2)c(ccc2)1,0.8859693851044317,0.8898303129090708
c(c4)ccc(c4)C(N(C(C)C)1)C(C(=O)3)=C(CC(C)(C)C3)Nc(c2)c(ccc2)1,0.8397081235077057,0.874511723030552
c(c3)ccc(c3)C(=O)Nc(c2)c(ccc2)SC(C1)CC(C)(C)CC(=O)1,0.41413673483058666,0.5371546431507928
COc(c2)c(OC)cc(c2)C(C#N)(Cc(c1)cccc1)C(=O)OC,0.9270778868523123,0.9104645699114796
COc(c2)c(OC)cc(c2)C(Cc(c1)cccc1)(C(=O)OC)C(=O)OC,0.8993930392618995,0.9031898089842585
COC(=O)C(C#N)c(c1)cc(OC)c(OC)c1,0.8424155550057593,0.8481779673633769
COC(=O)C(C(=O)OC)c(c1)cc(OC)c(OC)c1,0.7820594416474687,0.8423004331818174
COc(c2)c(OC)c(cc2)C(C(N)=O)Cc(c1)cccc1,0.7113714431707066,0.7809469733539404
CC(=O)OCC(=O)C(Cc(c2)cccc2)c(c1)c(Cl)c(OC)c(OC)c1,0.817688899281856,0.8929972809332632
COC(=O)C(Cc(c2)cccc2)c(c1)cc(OC)c(OC)c1,0.8903526492396249,0.9130630386183678
OC(=O)Cc(c2)c(ccc2)Nc(c(Cl)1)c(Cl)ccc1,0.6336126132444209,0.8104393332458211
CC(=O)c(c1)c(O)cc(OCc(c2)cccc2)c1,0.922177000555878,0.8853472445055358
CC(=O)c(c1)c(O)cc(O)c1,0.8139190066798444,0.8474958564691208
c(c2)ccc(c2)SSc(c1)cccc1,0.7960756285706668,0.8971538793655432
CCCCCCCCCCCCCc(c1)c(C(O)=O)c(OC)cc1,0.8421740460604505,0.8620442168134552
CCCCCCCCCCCCCc(c1)c(C(O)=O)c(O)cc1,0.7995319205204655,0.8512783989037863
C(CCCCCCc(c2)c(O)c(OC)cc2)CCCCCc(c1)cccc1,0.8523077717429723,0.8718892753630427
C(CCCCCc(c2)c(O)c(OC)cc2)CCCCc(c1)cccc1,0.8909738957293338,0.8822402548155865
OCCCCCCCCCCCCc(c1)cccc1,0.8159311474722964,0.7974280375718891
OCCCCCCCCCCc(c1)cccc1,0.8344169833220031,0.8488701144142912
CCCCCCCCCCC([H])=C([H])CO,0.904494333310832,0.8681622170271259
[H]C(c(c2)nccc2)=C([H])c(c1)nccc1,0.9413558058316979,0.9348560844761026
n(c2)ccc(c2)C=Cc(c1)ccnc1,0.6891202614293594,0.7815106582534973
[H]C(c(c2)cccc2)=C([H])c(c1)nccc1,0.8372717383610306,0.8752380707364352
[H]C(c(c2)cccc2)=C([H])c(c1)nccc1,0.8364126285110546,0.8900651252560556
C(CC)CCCOc(c1)ccc(c(n4)ncc(c4)N=Nc(c3)cnc(n3)c(c2)ccc(OCCCCCC)c2)c1,0.49660253612577937,0.6233731432604575
c(c5c(c6)cccc6)c(nc(n5)OCCOc(n3)nc(cc3c(c4)cccc4)c(c2)cccc2)c(c1)cccc1,0.6856039946579798,0.7191475604516651
COc(n1)nc(C(Br)C(Br)c(c4)cccc4)c(c(c3)cccc3)c1c(c2)cccc2,0.4612374775945431,0.5741011568665801
Brc(c5)ccc(c5)c(n1)nc(c(c4)ccc(Br)c4)c(c32)c(ccc(cccc3)2)1,0.5876848716133841,0.7931786069928758
c(c15)cccc(c(c3cc5)c(nc(c(c4)cc(c(OC)c4)OC)n3)c(c2)cc(c(OC)c2)OC)1,0.732187181599743,0.7750139406261379
c(c12)cccc(ccc(n4)c2c(nc(c(c(OC)5)cccc5)4)c(c(OC)3)cccc3)1,0.6239919001282906,0.7845059108039272
c(c(c(c6)cccc6)4)(c(nc(c(c5)cccc5)n4)1)c(c32)c(ccc2=CC=CC3)=N1,0.8049870421024725,0.7931964934749832
COc(n1)nc(c(c4)cccc4)c(c(c3)cccc3)c(CCc(c2)cccc2)1,0.6179710624626255,0.6933720503766343
COc(n1)nc(c(c4)cccc4)c(c(c3)cccc3)c(C=Cc(c2)cccc2)1,0.6114876030774081,0.7396506356365917
c(c4)ccc(c4)C=CC(N2)=C(c(c3)cccc3)C(=NC(=O)2)c(c1)cccc1,0.6859854763161147,0.7947000896041593
c(c5)ccc(c5)c(n3)c(C1)c(nc(c(c4)c(O)ccc4)3)c(c2)c(ccc2)C1,0.7293725280020826,0.7332850372944607
c(c3)ccc(c3)c(n2)cc(nc(Cl)2)c(c(Cl)1)c(Cl)ncn1,0.6279379009187758,0.7782146964317241
c(c5)ccc(c5)C(=N1)NC(c(c4)cccc4)c(c32)c(ccc(cccc3)2)1,0.5730228870285411,0.6677616973866602
COc(c3)ccc(c3)c(n2)cc(nc(Cl)2)c(c1)ccc(OC)c1,0.764976231152596,0.7445411184776849
c(c4)ccc(c4)Oc(n1)nc(c(c3)cccc3)cc1c(c2)cccc2,0.7496205317340423,0.7598517387283666
C(C3)CCN(C3)c(c2)nc(nc2C(F)(F)F)c(c1)c(O)ccc1,0.5560414258634025,0.722333088328532
O=C(Nc(c3)cccc3)Nc([n+1]([O-1])2)nc(cc2)c(c1)cccc1,0.4315206983829024,0.5669751768475209
CN(C)c(c4)ccc(c4)c(n3)nc(c1)c(c3)c(c2)c(ccc2)c1,0.7823253211485476,0.8219618182848181
CCCCOC(=O)C(=C([H])3)C(=O)N(c21)C(=N3)C([H])=C([H])c(cccc2)1,0.8069758365366085,0.9089769062458921
COc(c4)ccc(c4)c(n3)nc(c1)c(c3)c(c2)c(ccc2)c1,0.8104338209582461,0.7868104486920372
[O-1][N+1](=O)c(c2)c(ccc2)C([H])=C([H])c(c1)nccc1,0.8052525673592725,0.8682988685255456
[O-1][N+1](=O)c(c2)cc(cc2)C([H])=C([H])c(c1)nccc1,0.8324461732415407,0.8517271543244367
[O-1][N+1](=O)c(c2)ccc(c2)C([H])=C([H])c(c1)nccc1,0.8846120767961086,0.8920392588404459
CN(C)c(c2)ccc(c2)C([H])=C([H])c(c1)nccc1,0.8071124417215729,0.7907280531941858
Clc(c2)ccc(c2)C([H])=C([H])c(c1)nccc1,0.739071997943353,0.8028967214590409
COc(c2)ccc(c2)C([H])=C([H])c(c1)nccc1,0.868684433176353,0.8226900305348644
CCCCCCCC=CCC[Si](C)(C)C,0.8860674096477097,0.7186817687840559
CCCCCCCC=CCC[Si](C)(C)C,0.8860674096477097,0.7186817687840559
CCCCCCC=C[Si](OCC)(OCC)OCC,0.8324039739245345,0.8093598952225826
CCCCCCCC[Si](O2)(O1)OCCN(CC2)CC1,0.9317588222480312,0.8289072680553324
[H]C(C3)=C([H])CC(C3)CC[Si](O2)(O1)OCCN(CC2)CC1,0.9522519989243032,0.841623898165217
CCC(CC[Si](C)(C)C)Sc(c1)cccc1,0.8732046216045223,0.7816335360390093
CCCCCCCC[Si](OCC)(OCC)OCC,0.7691043024779818,0.7163265406150121
CCCCCCC=CCC[Si](C)(C)C,0.9218411313352173,0.7264303094686878
Cc(c1)ccc(Cl)c1,0.8354917460318823,0.8846012953867203
Cc(c1)cc(Cl)cc1,0.7655587559262232,0.8324758936365466
[H]C(=C([H])1)C([H])=C([H])[B](C)C([H])=C([H])1,0.8521658798164368,0.9105852127478801
CCOC(OCC)c(c1)cccc1,0.8891150346975382,0.9263748224365067
COc(c1)ccc(c1)C(OC)OC,0.8501749599791372,0.8623460917792884
COC(OC)c(c1)ccc(C)c1,0.9099990058319599,0.9001653999397285
C=CCN(C)c(c1)cccc1,0.8543206127948431,0.9040865602896802
N#Cc(c1)ccc(c1)C(OC)OC,0.8421794214086362,0.826728441341297
O=Cc(c1)ccc(C)c1,0.8182028841355004,0.8494815279735397
C=CC(Br)[Si](C)(C)C,0.8744052382767282,0.6535142911196915
c(c1)ccc(c1)C=CCC[Si](C)(C)C,0.889503264495556,0.8687778351236308
c(c1)ccc(c1)CC=CC[Si](C)(C)C,0.8734352492920109,0.8105047741617764
c(c1)ccc(c1)CCC(O)C(Cl)(Cl)[Si](C)(C)C,0.8285824100907656,0.8046421629203493
c(c2)ccc(c2)SCSc(c1)cccc1,0.8226009410097226,0.7944403227168043
c(c1)ccc(c1)SCCC[Sn](C)(C)C,0.17365926908364115,0.09068078387551934
C[Si](C)(C)CCCSc(c1)cccc1,0.8486954479271918,0.8444975538013908
CCO[Si](OCC)(OCC)c(c1)cccc1,0.5533558219316355,0.6083550722296667
c(c2)ccc(c2)C(C1)C1[Si](C)(C)C,0.850139928945235,0.7329584302213508
c(c1)ccc(c1)C(C)(C(Cl)Cl)O[Si](C)(C)C,0.9017567382136761,0.9094698784575073
O=C(C2)CC(CC2)Sc(c1)cccc1,0.7649079170850092,0.872312178794071
Fc(c2)c(ccc2)[Hg]c(c1)c(F)ccc1,0.1825463848396468,0.30092763976436276
ClCCCCN([Si](C)(C)1)[Si](C)(C)CCC1,0.9010323002973485,0.8178614312118386
c(c1)ccc(c1)C(O)C(Cl)(Cl)[Si](C)(C)C,0.8204925903150994,0.78707243283658
c(c1)ccc(c1)C(C(Cl)Cl)O[Si](C)(C)C,0.9027918212990934,0.8164076922995442
CCN(CC)C(=O)c(c1)cccc1,0.8084109075234083,0.8429342419584243
Clc(c1)ccc(c1)C(O)C(Cl)(Cl)[Si](C)(C)C,0.8505619274325789,0.7865779784208856
C[Si](C)(C1)N[Si](C)(C)C[Si](C)(C)N[Si](C)(C)1,0.9110820890438255,0.9076449590588053
CCCCC=CC[Si](C)(C)C,0.9052490484728797,0.5224861867229019
CCCCN([Si](C)(C)C)[Si](C)(C)C,0.9295406442982794,0.9285566967502804
CCCN([Si](C)(C)1)[Si](C)(C)CCC1,0.8987747906098503,0.8436742580568406
CCCCN([Si](C)(C)1)[Si](C)(C)CC1,0.8700527344443996,0.8810102776242369
C=CCN([Si](C)(C)1)[Si](C)(C)CCC1,0.8481163194366703,0.7922109258658555
CCCC=CCC[Sn](C)(C)C,0.20016892025540964,0.32108121521113064
CC(C)C=CCC[Si](C)(C)C,0.9460729185297067,0.8640340814331985
C=CCC(CC[Si](C)(C)C)Sc(c1)cccc1,0.8583552802240326,0.8548127095126629
CCCC(C)C(O)C(Cl)(Cl)[Si](C)(C)C,0.7278553648476519,0.7019495274116521
CCCCCC(O)C(Cl)(Cl)[Si](C)(C)C,0.8452481382934744,0.5850375099077499
CCO[Si](OC)(OC)c(c1)cccc1,0.8560684058551911,0.8527511775608304
c(c1)ccc(c1)SC(Cl)[Si](C)(C)C,0.8307364099099913,0.8378842390378185
CC(C)CC(O)C(Cl)(Cl)[Si](C)(C)C,0.8239346426583867,0.7277538150934337
CCC=CCC[Si](C)(C)C,0.9309821869926382,0.8842583043418631
CCN([Si](C)(C)1)[Si](C)(C)CCC1,0.9056986825115629,0.8782677398267769
Clc(c1)ccc(c1)C=C(Cl)Cl,0.8583346814818714,0.8798911071867852
ClC(Cl)C(O)CCc(c1)cccc1,0.8963315517886591,0.8385752469599597
CC(C1)=CCC(C)(C)C(=O)C1,0.887748497363476,0.8665919813149704
COC(=O)c(c1)c(ccc1)C(=O)OC,0.8698202521396948,0.8971466906347481
CCOC(=O)C(C1)(C1)C(=O)OCC,0.5480226425174337,0.7876722188608402
CC(=O)OCc(c1)cccc1,0.7990779223303252,0.9100462924316531
COC(=O)c(c1)cccc1,0.863347680524758,0.8642274286924073
CC(=O)Oc(c1)cccc1,0.6946752444927494,0.7620326204193898
CCOC(=O)CC(C)C,0.8276341857612836,0.8644048981369549
CCCC(=O)OCC,0.8036324651185687,0.8445613645883725
CC=CC(=O)OCC,0.6232238466592015,0.7582096351245718
CN(C1)C(=O)CC1,0.5986643567167795,0.7893867945002127
CC(=C)OC(C)=O,0.7951298406980696,0.7425170707246675
CCOC(=O)C=C,0.669453949075274,0.6912600792694589
COC(=O)C(C)=C,0.5469489298490691,0.7447841691605779
CCC(=O)OC,0.6030190787162008,0.7551856047728076
CCOC(=O)CCl,0.640004505478092,0.7056034308494453
C=COC(C)=O,0.8298230637202493,0.7508990593560032
O=C(C1)OCC1,0.5691184658635637,0.6522189797164635
CC(C1)CC(=O)C(C1)C(C)C,0.7433254856022671,0.8882828582290064
Clc(c1)c(c2)c(ccc2)cc1,0.7364405192671956,0.8255926012538104
O=CC=Cc(c1)cccc1,0.8986692759361128,0.9263544577280045
CCCOC(=O)c(c1)cccc1,0.7757223185904712,0.8199074559342189
CCOC(OCC)OCC,0.7816611999952934,0.7713368221439303
CC(C)C(=O)C(C)C,0.7132543631301639,0.7298892782706902
CC(C)COC(=O)c(c1)cccc1,0.8803705357587036,0.9057470041742832
FC(F)(F)c(c1)cccc1,0.6649964970467553,0.7893394595589038
CC(C)CC(C)=O,0.7944304229303626,0.8145477221033998
ClCCOCCOCCCl,0.7645406828621555,0.7696008237021085
CCC(=O)CC,0.8259088993849076,0.8771984079639067
BrCCCCCBr,0.3665006757621123,0.6537634433116135
COC(=O)CC(C)=O,0.7674171528096279,0.8265661578465744
CC(=O)CC(C)=O,0.8630639414026993,0.7831026486375322
C(C1)C=COC1,0.5515330524447207,0.7786803766503438
O=Cc(c1)occ1,0.6423985063794877,0.7965404489035703
COC(OC)OC,0.7225687836380639,0.6991185444053176
ClCCCCCl,0.49062094406602075,0.5705001901945381
ClCCOCCCl,0.7363389460499807,0.674446186769124
CC(=C)CCl,0.7376627066238116,0.8244019693590487
ClCC=CCCl,0.6258459214709434,0.8110059439510061
CCI,0.6399376482093821,0.8849477185413167
ClCCCl,0.5666833069508391,0.6899494468633464
BrCCBr,0.6852576561998356,0.7401216600677557
ClC(Cl)C(Cl)Cl,0.7608144319716862,0.7360231039122815
ClC=C(Cl)Cl,0.8329126421051386,0.8721189061787078
C(C2)CCC(C1)C(CC2)1,0.8944622858198147,0.9096087299025919
CO[Si](OC)(OC)c(c1)cccc1,0.6367513166084872,0.7217720462490317
C=CC(C1)C(C)(C)C(=O)C1,0.8656760638851929,0.9076298261607404
COC(OC)c(c1)cccc1,0.9138868801545242,0.8452703301661139
BrCCCSc(c1)cccc1,0.8786472647381086,0.9131835994873599
CN([Si](C)(C)1)[Si](C)(C)CCC1,0.8523541444694681,0.8473366623341281
c(c4)cc(c3)c(c41)c(c2c3)c(ccc2)cc1,0.8246151816413569,0.8225315097910664
N#Cc(c21)c(c3)c(ccc3)c(C#N)c(cccc2)1,0.7796772258244177,0.8071167699519706
c(c2)ccc(c2)Cc(c1)cccc1,0.7750677445904518,0.8869053576817294
c(c2)ccc(c2)Oc(c1)cccc1,0.8100467274456199,0.8671745484263778
CC(C)(C)[SiH](C)[Si](C)(Cl)C(C)(C)C,0.8341884066625052,0.8137255809909061
CC(C)(C)[Si](C)(F)[Si](C)(F)C(C)(C)C,0.8930130940628688,0.8694474483172254
CC(C)(C)[Si](C)(Cl)[Si](C)(Cl)C(C)(C)C,0.8538400506722841,0.8488301763394559
CC(C)(C)[Si](C)(F)[Si](C)(Cl)C(C)(C)C,0.8448582937078755,0.8292766161900524
COc(c1)ccc(OC)c1,0.7814409088580763,0.872478679957309
CC(C)CBr,0.5510962560777017,0.7203122926661212
[O-1][N+1](=O)c(c1)ccc(Br)c1,0.8294824023117653,0.9057388575467961
C[Si](C)(C)N([Si](C)(C)C)c(c1)ccc(c1)N([Si](C)(C)C)[Si](C)(C)C,0.9121222217910308,0.9121302510817797
COc(c1)ccc(c1)N([Si](C)(C)C)[Si](C)(C)C,0.8391148077163747,0.802089382993249
Clc(c1)ccc(c1)N([Si](C)(C)C)[Si](C)(C)C,0.8845086895691768,0.8738584053058283
Brc(c1)ccc(c1)N([Si](C)(C)C)[Si](C)(C)C,0.8979244864220416,0.8756788660845036
Brc(c1)cc(Br)cc1,0.8741922263612194,0.9331243381554674
Clc(c1)ccc(Br)c1,0.7770667490808939,0.865188850015539
Cc(c2)cc(C)c(c(C)2)[Si](F)(F)c(c(C)1)c(C)cc(C)c1,0.8275343024152831,0.8941285795572954
Cc(c2)cc(C)c(c(C)2)[Si](Cl)(Cl)c(c(C)1)c(C)cc(C)c1,0.7839689739236927,0.8427805238827306
Cc(c1)cc(C)c(c(C)1)[Si](Cl)(Cl)C(C)(C)C,0.6544835130097038,0.4494902277762648
Cc(c1)cc(C)c(c(C)1)[Si](Cl)(Cl)Cl,0.86162437992051,0.9080833512002248
C[Si](C)(C)[Si](C)(C)Oc(c1)ccc(c1)[Si](C)(C)[Si](C)(C)C,0.8030221087015307,0.8140345601772413
O=C(CCC(=O)c(c2)cccc2)c(c1)cccc1,0.75506907461121,0.7131332564111288
C[Si](C)(C)Oc(c1)ccc(c1)[Si](C)(C)[Si](C)(C)C,0.860503606476507,0.8728860879046924
ClC[SiH](C=1C=CC=CC1)C=2C=CC=CC2,0.12993363236236727,0.37258690425975166
C[Si](C)([Si](C)(C)1)[Si](C)(C)[Si](C)(C)[Si](C)(C)[Si](C)(C)1,0.652401913641791,0.7527014360420976
C[Si](C)(C)C=C([Si](C)(C)C)[Si](C)(C)C,0.7710551355161528,0.8344752294646026
c(c1)ccc(c1)CCO[Si](C)(C)C,0.7319819142548757,0.7537568861218796
CO[Si]([Si](C)(C)C)([Si](C)(C)C)[Si](C)(C)C,0.9070860807637237,0.9150855401638622
C[Si](C)(C)C([H])=C([H])[Si](C)(C)[Si](C)(C)C,0.8604381455825734,0.8488207447256975
CC(C)[Si](C)(Cl)c(c1)cccc1,0.8759462327173682,0.8992012685723778
CO[Si](C)(OC)c(c1)cccc1,0.7153819661237447,0.7720332021136826
Oc(c1)ccc(c1)[Si](C)(C)C,0.8942348556110337,0.8779594922498888
C[Si](C)(C)Oc(c1)ccc(Br)c1,0.8779683344231043,0.8766620506986041
C[Si](C)(C)[Si](C)(C)[Si](C)(C)C,0.8225253302684769,0.8288186757196264
CCCCOCCCC,0.6826009516600972,0.7199506325217289
C[SiH](C)[Si](C)(C)[Si](C)(C)C,0.868686870513722,0.8836409141290816
CC[Si](C)(C)[Si](C)(C)C,0.728764797865076,0.7521961547509617
CC[Si](C)(CC)[SiH](C)C,0.830003769168457,0.8876358540230926
CC[Si](C)(CC)[Si](C)(C)Cl,0.7958201000346391,0.79235667177095
CC(C1)CCCC1,0.6192223246096024,0.8020429275432258
COc(c1)ccc(Br)c1,0.8578765753166414,0.8953070819270452
C[Si](C)(Cl)[Si](C)(C)[Si](C)(C)Cl,0.8117394932634266,0.7479721358438252
Oc(c1)ccc(Br)c1,0.8209616304799701,0.874101504267618
CCC(=O)c(c1)cccc1,0.837117298123498,0.8366516635560495
C[Ge](C)(C)Cl,0.9018019358901721,0.9362288733513258
C[Ge](C)(Cl)Cl,0.7988640050787874,0.8373215580974339
C=CCC(C)(C1)OC(=O)C1,0.9082576568120863,0.8516925480508231
Cc(c3)ccc(c3)C(C)(C1)CC(C2)(CCCC2)C(=O)1,0.8397343207757254,0.8893776675151623
Cc(c3)ccc(c3)C(C)(C1)C(C2)(CCCC2)C(=O)C1,0.678737602486939,0.8500406344652295
C(C3)CCc(c([H])1)c(CC3)n(C(C2)CCCC2)c(C)1,0.8701475226963323,0.9162236926265566
C(C3)CCC(C3)n(c(C)1)c(C2)c(CCCC2)c([H])1,0.8009350130116557,0.8073880042460251
CCCCCCCCN([Si](C)(C)1)[Si](C)(C)CCC1,0.9399116741457533,0.9206197954078145
CCCCCCCCOS(=O)(=O)c(c1)ccc(C)c1,0.8516473602567278,0.8520311761183027
CCCCCCCCN([Si](C)(C)C)[Si](C)(C)C,0.8565209551218341,0.9047355493920503
CCCCCCCCN([Si](C)(C)1)[Si](C)(C)CC1,0.8856324694072264,0.8525942980526873
c(c2)ccc(c2)CN([Si](C)(C)1)[Si](C)(C)CCC1,0.8576900475372299,0.8694158608261259
CCCCCCCCN[Si](C)(C)C(C)(C)C,0.7964702508699191,0.7454581807579903
C(C2)CCCC(CC2)=NC(C1)CCCC1,0.5685216123077732,0.7337012460121601
c(c2)ccc(c2)C(C)(C1)CC(C)(C)C(=O)1,0.8833716826021705,0.900594439953074
c(c1)ccc(c1)CN([Si](C)(C)C)[Si](C)(C)C,0.8028231087100876,0.7593609442788223
CCOC(=O)C(CC(=C)O[Si](C)(C)C)C(=O)OCC,0.7717746465425027,0.8835988542211042
CC(=C)C(C1)CC=C(C1)C[Si](C)(C)C,0.9114141542948152,0.7722120815344837
c(c2)ccc(c2)CN([Si](C)(C)1)[Si](C)(C)CC1,0.8945837781573197,0.8643767112904007
CCOC(=O)C(CC(C)=O)c(c1)cccc1,0.5153374595207657,0.7314264320477073
CC[Si](CC)(CC)N[Si](CC)(CC)CC,0.8619646303175533,0.9041429925737315
CC(C)(C)[Si](C)(C)N[Si](C)(C)C(C)(C)C,0.8091834465629726,0.8198970535122397
CC(C)=CCCC(C)(C=C)[Si](C)(C)F,0.6276445209936105,0.7200179341316505
COC(=O)C(C1)CC(=CC1)C[Si](C)(C)C,0.8303840412712283,0.7282751154591416
CCCCN([Si](C)(C)1)[Si](C)(C)CCC1,0.8849270678329392,0.837347714226744
O=CC1CC=C(CC1)C[Si](C)(C)C,0.9249079752561178,0.8730807579569968
COC(=O)C(=C(C)1)C(=O)CC(C)(C)C1,0.7881575575570953,0.8890635824462859
COC(=O)C(C(=O)1)C(C)(C)CC(C)=C1,0.749468847605396,0.8695055456016241
CC(=O)COC(=O)Cc(c1)cccc1,0.8612676040455796,0.8607128237995554
CC(=O)CCC(=O)c(c1)cccc1,0.771117682962218,0.7462359541135036
CCOC(=O)C(CC(C)=O)C(=O)OCC,0.8508855908221988,0.9050721235681304
COC(=O)C(CC)(CC(C)=O)C(=O)OC,0.8268028924487195,0.8545018532483432
CC(=O)CC(C)(C1)C(=O)CCC1,0.7769469465612207,0.878378681735295
CC(=O)CC(C1)C(=O)CCCC1,0.7690366843870202,0.7682747518586613
CC(=C)C(C1)CCC(=C)C1,0.6604419441602344,0.7351454521908878
O=C(C1)C=C(C2)C(CCCC2)1,0.8008345621710281,0.8767021198313288
COC(=O)C(C1)CCC(=C)C1,0.8423672090743466,0.9010117425299997
CCOCC(=O)C[Si](C)(C)C,0.8718020162198552,0.8337945482005507
CCOCC(=C)O[Si](C)(C)C,0.9247047003796223,0.8923559980412166
CC(=O)CC(=O)C(C)(C)C,0.8197094334130719,0.8435972793010259
COC(=O)CC(=O)C=C(C)C,0.8619681202253537,0.8728764411312177
CC(C1)=C(C)C(=O)C(C)1,0.8811653698068511,0.8790234432219667
CCOC(=O)C(C#N)CC(C)=O,0.3267218883533581,0.5773398122354283
C[Si](C)(C1)N[Si](C)(C)CC1,0.9397967910041222,0.9103436452883216
C[Si](C)(C1)N[Si](C)(C)C1,0.911393488766261,0.8911259813809972
CC(C)(C)[Si](C)(C)N,0.8553886187464579,0.8062167521264394
C[Si](C)(C)C(Cl)Cl,0.8920279167761841,0.8202866072773585
CC(C)(C)[Si](C)(C)O,0.8060292338625776,0.7529920748748727
CC[Si](Cl)(CC)CC,0.8201771908491806,0.8664645333616459
ClCC(=C)O[Si](C)(C)C,0.8937926453927233,0.875596257672458
ClCC(=O)C[Si](C)(C)C,0.8800905175889837,0.883174825059364
ClCC(=CCl)O[Si](C)(C)C,0.800340273180456,0.8118531372102101
C[Si](C)(Cl)CC[Si](C)(Cl)Cl,0.5230558006396727,0.5691404509020287
C=CCCCO,0.4374373479430829,0.5932883237285633
CC(C)=CCCC(C)(O)C(C1)CC=C(C1)C[Si](C)(C)C,0.869738252621191,0.7947894342992399
CC(C)=CCCC(O)C(C1)CC([H])=C(C1)C[Si](C)(C)C,0.8584021749292794,0.7405757899351378
COC(=O)C(=C(C)C)C(C)=O,0.804994010233022,0.9153963766100429
O=C1CCCC2CC(=CCC12)C[Si](C)(C)C,0.8510516811395424,0.7510372362707696
CC(C)=CCCC(O)C(C1)CCC(=C)C1,0.7516604307849606,0.8114212601049547
CC(C)=CCCC(=O)C(C1)CCC(=C)C1,0.49843439364466857,0.6815621737783019
CC(C)C(C1)C(C2)C(CCC(=C)2)C(=O)C1,0.7872077653355563,0.8521466723719865
CC(C)(O)C(C1)CC=C(C1)C[Si](C)(C)C,0.8734058912603333,0.8403912323427208
COC(=O)C(C2)CC(O1)C(C2)(C[Si](C)(C)C)1,0.8812260807494247,0.7917604411276631
c(c3)cc(c1)c(c3)c(c(c2)c(ccc2)1)[Si](C)(C)[Si](C)(C)C,0.8412762250994156,0.8898512426325054
c(c4)cc(c(c4)1)c(c3)c(ccc3)c(c2)c(ccc2)1,0.7954064058793139,0.7503042290885497
c(c3)cc(c1)c(c3)c(c2)c(ccc2)c1,0.8165323601489616,0.8443102214542155
c(c3)cc(C1)c(c3)c(c2)c(ccc2)1,0.8401644236847314,0.8339435612343965
Cc(c1)c(C)cc(C)c(C)1,0.7738337643998141,0.8149220034737035
c(c2)cc(c1)c(c2)ccc1,0.7620162013604664,0.815091871407155
C=CCc(c1)cccc1,0.7830262366861929,0.8370487991593004
[H]c(c([H])1)c(=O)c([H])c([H])c(=O)1,0.7605150542047816,0.840745000397696
CO[Si](C)(C)OC,0.719383719450431,0.7476320215777063
CC(C)(C)c(c1)cc(C(C)(C)C)c(c1C(C)(C)C)[Si](O)(F)C(C)C,0.9315606901687132,0.868691177962693
CC(C)(C)c(c1)cc(C(C)(C)C)c([Si](C)(O)F)c1C(C)(C)C,0.9198034363555926,0.9116592695861413
CC(C)c(c1)cc(C(C)C)c(c(C(C)C)1)[Si](O)(F)C(C)(C)C,0.8719139355488743,0.8557731528330083
CC(C)(C)c(c1)cc(C(C)(C)C)c([Si](C)(F)F)c1C(C)(C)C,0.9189621013565824,0.9114399232031692
CC(C)(C)c(c1)cc(C(C)(C)C)c(Br)c1C(C)(C)C,0.801614199912821,0.7853181025253732
CC(C)c(c1)cc(C(C)C)cc(C(C)C)1,0.6976243882957357,0.7718488933857828
CC(C)c(c1)cc(C(C)C)c(Br)c(C(C)C)1,0.7148938970180786,0.7804334337311211
Cc(c1)cc(C)cc(C)1,0.7755817852681375,0.8365675993670635
Cc(c1)cc(C)c(Br)c(C)1,0.8160440085381063,0.9049072614409638
CC[Si](F)(F)c(c1C(C)(C)C)c(cc(C(C)(C)C)c1)C(C)(C)C,0.9302500971526493,0.8778590608164222
CC(C)(C)c(c1)cc(C(C)(C)C)c(c1C(C)(C)C)[Si](F)(F)C(C)C,0.9461705523361114,0.9239756723382619
C[Si](C)(C#1)[Si](C)(C)C#C[Si](C)(C)[Si](C)(C)C#C[Si](C)(C)[Si](C)(C)C1,0.9057306416560624,0.9103918464429008
C[Si](C)(C#1)O[Si](C)(C)C#C[Si](C)(C)O[Si](C)(C)C#C[Si](C)(C)O[Si](C)(C)C1,0.9065972108070547,0.9330637391208169
C[Si](C)(C)C([Si](C)(C)F)=C([Si](C)(C)C)[Si](C)(C)F,0.8031638479861952,0.8267009035684599
c(c2)ccc(c2)c(c1)cccc1,0.8423416962905207,0.8882899608589154
CCCCCCCC,0.7390899763364382,0.7939456805486584
COc(c1)cccc1,0.7935006529020461,0.8900330703292925
Cc(c1)cccc1,0.8215567542994712,0.8446527349258929
Cc(c1)ccc(Br)c1,0.8104850489725257,0.9034829790967577
Cc(c1)c(Br)ccc1,0.8513311209677373,0.9017098901592907
C[Si](C)(F)C#C[Si](C)(C)F,0.8424692845300962,0.8362070821321367
C[Si](C)(C)C=C[Si](C)(C)C,0.8315995627813136,0.8527437102679147
CCCCCCCCN,0.6863209441437463,0.8986565920712354
CCCC(C(Cl)Cl)O[Si](C)(C)C,0.8221248871860511,0.8060750677601982
CCCC(O)C(Cl)(Cl)[Si](C)(C)C,0.8398435086658381,0.7462508824311298
CCCCCCCCI,0.7348383039902946,0.7148827694063286
CCCCCCCCBr,0.7559809702362353,0.7562259315752434
OCCC(C1)CC=CC1,0.6705916425528361,0.8318643193293491
COCc(c1)cccc1,0.5557000758037738,0.736644057665062
c(c2)ccc(c2)C(C1)O1,0.5857895792803545,0.6747022245506604
ClC(Cl)C(O)c(c1)cccc1,0.8650039831007719,0.8631432426966646
COC(=O)c(c1)cc(Cl)cc1,0.8159096589467361,0.8100514681548281
ClC(Cl)=Cc(c1)cccc1,0.8120312198379721,0.8883197990893852
ClC(Cl)=CCCc(c1)cccc1,0.9003094345519648,0.7010683024002918
C[Si](C)(C)CCC[SiH2]C(Cl)Cl,0.7997660045333074,0.8411572024040486
C[Si](C)(Cl)CCC[Si](C)(C)Cl,0.8653616702822845,0.7914302485645492
CC(=C)C[Si](C)(C)C,0.9030129599855545,0.901306763292253
CCCC(C)C=C(Cl)Cl,0.7791070393031987,0.8674904152473673
CCCCCC=C(Cl)Cl,0.6618272455040238,0.8204634155921058
C(C2)CC(C1)C(C2)1,0.9231561578657891,0.9057689939821237
COc(c1)ccc(O)c1,0.8450556650650004,0.8651563006154914
Cc(c1)ccc(O)c1,0.8159939524924336,0.8655155004710436
C[Si](C)(C)CCC[Si](C)(C)C,0.9015202900284467,0.8229524060814661
O=Cc(c1)cccc1,0.8675705545006333,0.904011379200332
C[Si](C)(C)N[Si](C)(C)C,0.681265006630238,0.7367566948892074
BrCCC[Si](C)(C)C,0.8686882967156346,0.890874364438843
Oc(c1)cccc1,0.5882826985933141,0.5967821570109008
Oc(c1)ccc(Cl)c1,0.7779371326104285,0.8539225476805034
C[Si](C)(Cl)C[Si](C)(C)Cl,0.8886487284375983,0.8659483154783865
CCCC=C(Cl)Cl,0.5675154763701172,0.8031032394702239
C[Si](C)(C)C(I)I,0.9188140732223252,0.9226718378480168
C[Si](C)(C)C(Cl)I,0.7849709691673442,0.8683934235261154
ClC[Si](C)(Cl)Cl,0.6929065349208275,0.7364491922802321
CCOC(=O)CBr,0.3415159008879398,0.6690684035809865
Clc(c1)cc(Cl)cc1,0.8327381431846691,0.8881964996086195
Clc(c1)ccc(Cl)c1,0.780535686294718,0.88923279448589
c(c3)ccc(c3)C(=C(c(c2)cccc2)1)[Si](C)(C)[Si](C)(CC)[Si](C)(C)1,0.8134150042817359,0.9060479558911172
c(c2)ccc(c2)[SiH](C)c(c1)cccc1,0.5721785174769106,0.8007802369291998
CC[Si](CC)(CC)[Si](CC)(CC)CC,0.8071671835002653,0.8442856205921966
c(c2)ccc(c2)[Si](Cl)(C1)CCC1,0.900565039314652,0.9149974867260493
c(c2)cc(c1)c(c2)c(Br)cc1,0.8464199277324042,0.880527286730187
c(c1)ccc(c1)CI,0.7676791272862851,0.7318578259346772
COCCOCCOC,0.7920018838351566,0.7437433748292994
CCCCC(CC)COC(=O)c(c1)c(ccc1)C(=O)OC(C)C,0.8866845809478249,0.91724197304298
C(C4)CC([H])(C3)C(C)(C4)C([H])(C1)C([H])(C3)C([H])(C2)C(C)(CC2)C1,0.8475544099648171,0.9384372109808564
C(C4)CC([H])(C3)C(C)(C4)C([H])(C1)C([H])(C3)C([H])(C2)C(C)(CC2)C1,0.8456950596919393,0.9462446292679977
CCCCCCCCCCCCCCC(O1)c(c2)c(c(OC)cc2)C(=O)1,0.7097461316928932,0.7979552388725903
CC(C)CNC(=O)C=CC=CCCCCc(c2)ccc(c2)Oc(c1)cccc1,0.7142126625617135,0.7191346003041214
CCOC(=O)C=CC=CCCCCc(c2)ccc(c2)Oc(c1)cccc1,0.818334723890536,0.8561318583306383
OC(=O)C=CC=CCCCCc(c2)ccc(c2)Oc(c1)cccc1,0.8224500079812012,0.8298616474457854
O=CCCCCc(c2)ccc(c2)Oc(c1)cccc1,0.7919236196642196,0.8453298626515251
CCCCC=CCCCCCCCCCc(c(OC)1)c(O)c(OC)cc1,0.8824436646375624,0.9290604434472449
CCCCC=CCCCCCCCCCc(c(O)1)c(=O)c(OC)cc(=O)1,0.8645816332257623,0.8904211716765146
CCCCCCCCCCCCCC=Cc(c1)c(C(=O)OCC)c(OC)cc1,0.4947693019753727,0.6539899999267351
CCCCCCCCCCCCCCCc(c1)c(C(=O)OCC)c(OC)cc1,0.8469663239878803,0.8722778630346227
CCOC(=O)C=CC=CCCCCCOc(c1)cccc1,0.8239601659867778,0.8746003075904372
CCCC=CC=CC(O)=O,0.8302840450679251,0.8987937707640941
CCCCC=CCCCCCCCCC=O,0.8612029403238781,0.8464305698186416
CCCCC=CCCCCCCCCC(=O)OC,0.8410427125847324,0.869394077439537
CCCCC([H])=C([H])CCCCCCCCCO,0.9094232253358835,0.8314467500549723
O=C(OCc(c1)cccc1)N(C)CCP(O)(O)=O,0.747575058054091,0.8289278778081908
O=C(CC(=O)c(c3)cccc3)CC(C)(C)Cc(n1)sc(c2)c(ccc2)1,0.8641828564041887,0.8514012306114997
O=C(C1)OCCC1,0.5671156441762834,0.7114353820777678
OC(C2)C(O1)C(CC2)C(=C)C(=O)1,0.8739696145970948,0.8902290119837715
CC(C=1)=C(O)C(C)=C(C=2)C(=C(O)C2)C(C)1,0.8637708574299335,0.9061583562067596
COC(=O)c(c(C(=O)OC)1)c(C([H])=4)n(C(=C([H])C([H])4)2)c(C(=O)C([H])=C(c(c3)cccc3)2)1,0.7808281001966029,0.8898719007501928
CC(C)(C=3)OC(=C(C3)1)c(c2)c(ccc2)N(C)C(=O)1,0.761142548173305,0.7598682684567101
C1=CC=C2C(=C1)C(=O)NS2(=O)=O,0.7639585468179515,0.8496044029545939
COCC(C)COC(=O)C=C,0.8067926735604315,0.7866235088424807
COC(=O)c(c1)cc(O)c(O)c1,0.7831887015319463,0.8229264030304787
COC(=O)C=Cc(c1)ccc(O)c1,0.8449103664111196,0.8584205621725228
O=C(OC)C1=CC=C(O)C=C1,0.8102862114799673,0.8585790275345963
COc(c1)cc(cc1)CC(C)O,0.8431345989117496,0.9053560490538856
COC(=O)c(c1)cc(OC)c(O)c1,0.6821186645277362,0.7925205336524179
Clc(c2)ccc(c2)C(Cl)(c(c1)ccc(Cl)c1)C(Cl)(Cl)Cl,0.778575308076906,0.8400035562567028
ClC=C(c(c2)ccc(Cl)c2)c(c1)ccc(Cl)c1,0.6609677224983158,0.8292107364536592
Clc(c2)ccc(c2)C(=C(Cl)Cl)c(c1)ccc(Cl)c1,0.7247536588246786,0.8182088152439624
Clc(c2)ccc(c2)C(C)c(c1)cccc1,0.7757739748334145,0.8556829350835494
C[Si](C)(C)OP(=O)(CCN([Si](C)(C)C)[Si](C)(C)C)O[Si](C)(C)C,0.5121812408810237,0.7067155445985487
CCCCOP(=O)(OCCCC)CCNC(=O)C(F)(F)F,0.6303296344986686,0.669038203704377
C[Si](C)(C)OCC([H])(O[Si](C)(C)C)C([H])(O[Si](C)(C)C)C([H])(O[Si](C)(C)C)C([H])(C=O)N[Si](C)(C)C,0.6341413746297199,0.5258427642638741
COCC(O1)C(OC)C(OC)C(O)C(OC)1,0.8052578037517473,0.8411760443711568
C[Si](C)(C)OC(C(O[Si](C)(C)C)1)C(O[Si](C)(C)C)C(O[Si](C)(C)C)C(O[Si](C)(C)C)C(O[Si](C)(C)C)1,0.7527362474400509,0.6323250128011948
C[Si](C)(C)OCC([H])(N[Si](C)(C)C)C(=O)O[Si](C)(C)C,0.8160466331847435,0.8680332813338467
CCCCOP(=O)(OCCCC)C(CCCC)NC(=O)C(F)(F)F,0.574467130425991,0.7580728734585723
CCCCOP(=O)(OCCCC)C(CC(C)C)NC(=O)C(F)(F)F,0.7146795320134892,0.7999906323617579
CCCCOP(=O)(OCCCC)C(CCC)NC(=O)C(F)(F)F,0.5028015066373529,0.7061044660148181
CCCCOP(=O)(OCCCC)C(CC)NC(=O)C(F)(F)F,0.4263980650878599,0.6808346879499972
CCCCOP(=O)(OCCCC)CCN(C)C(=O)C(F)(F)F,0.7924270966854935,0.8535841548535518
CCCCOP(=O)(OCCCC)C(C)NC(=O)C(F)(F)F,0.529478127557515,0.6539945384936894
CCCCOP(=O)(OCCCC)CNC(=O)C(F)(F)F,0.484354544010621,0.7431213978066817
COCC(O1)C(O)C(OC)C(OC)C(OC)1,0.7700728779788744,0.735551194918344
COC(O1)C(OC)C(O)C(O)C(C)1,0.8903227117981641,0.8334531692818965
COCC(O1)C(OC)C(O)C(O)C(OC)1,0.7634124823614734,0.8039381509681373
COC(C1)C(OC)C(OC)C(OC)O1,0.7131403864831963,0.8776247866866819
COC(O1)C(OC)C(OC)C(O)C1,0.6924875695780893,0.40500534253395115
CCCCCCCCCCCCCCCC([H])(O[Si](C)(C)C)C([H])(N)CO[Si](C)(C)C,0.8051931760535245,0.7714681483099849
CC(=O)C(C)(C1)CC(=O)O1,0.8803757937931475,0.874660555301915
C(C1([H])O[Si](C)(C)C)(C(C(C(C1([H])O[Si](C)(C)C)([H])O[Si](C)(C)C)([H])O[Si](C)(C)C)([H])O[Si](C)(C)C)([H])O[Si](C)(C)C,0.7513968108276577,0.6232738340098732
S=C=NC([2H])([2H])C([2H])([2H])c(c1)cccc1,0.40377206864388304,0.6401693977724929
COc(c(O)1)c([2H])c(c([2H])c([2H])1)C([2H])([2H])C(O)=O,0.4234916339417544,0.5840596840674771
CCOC(N)=O,0.8159862020211827,0.8251482337657934
C(C([H])14)C(OC(=O)c(c5)cccc5)CCC1(C)C(C(CC4)3)CCC(C)(C23)C(C(CCCC(C)C)C)CC2,0.9029447878497776,0.8396938736663347
C(C([H])14)C(OC(=O)c(c5)cccc5)CCC1(C)C(C(CC4)3)CCC(C)(C23)C(C(CCCC(C)C)C)CC2,0.8803535073749016,0.8172100301659375
CCCCCCCC([H])=C([H])CCCCCCCCCCC(=O)OCc(c1)cncc1,0.823356579911984,0.8664593623619306
CCCCCC([H])=C([H])CC([H])=C([H])CCCCCCCC(=O)OCc(c1)cncc1,0.7887820391750786,0.8589985684042483
CCCCCCCCC([H])=C([H])CCCCCCCC(=O)OCc(c1)cncc1,0.7907756588781624,0.7896673560631583
CCCCCCCCCCCCCCCCCC(=O)OCc(c1)cncc1,0.8512502810516432,0.8683667347528651
CCCCCCCCCCCCCCCC(=O)OCc(c1)cncc1,0.8936780973083581,0.9068028672530294
CCCCCCCCCCCCCCC(=O)OCc(c1)cncc1,0.8761472883477757,0.8925456441864554
CCCCCCCCCCCCCC(=O)OCc(c1)cncc1,0.89669268888307,0.9043037366824521
CC(C)CCCCCCCCCC(CC)CCC(=O)OCc(c1)cncc1,0.8150587844539083,0.8754454263530883
CC(=O)OCC(OC(C)=O)C(OC(C)=O)C(OC(C)=O)C(OC)C([2H])OC(C)=O,0.34014278516020174,0.3653391572167891
COCC(OC(C)=O)C(OC)C(OC)C(OC(C)=O)C([H])([2H])OC(C)=O,0.6940003268950058,0.6450858150974705
COCC(OC(C)=O)C(OC)C(OC)C(OC)C([H])([2H])OC(C)=O,0.6499599215247741,0.7118229358356668
COCC(OC(C)=O)C(OC(C)=O)C(OC)C(C([2H])OC(C)=O)N(C)C(C)=O,0.33353825717446045,0.36016753657292305
COCC(OC(C)=O)C(OC)C(OC)C(N(C)C(C)=O)C([H])([2H])OC(C)=O,0.40614187303813304,0.3945724960553645
CC(=O)OCC(OC(C)=O)C(OC)C(OC(C)=O)C(OC)C([2H])OC(C)=O,0.41406957094914004,0.5434270935898406
COCC(OC(C)=O)C(OC(C)=O)C(OC)C(OC(C)=O)C([H])([2H])OC(C)=O,0.5241069143313825,0.49903492777096303
COCC(OC)C(OC(C)=O)C(OC)C(COC)N(C)C(C)=O,0.67518271414541,0.7457935162969653
CC(=O)OCC(OC(C)=O)C(OC)C(OC)C(OC)C([H])([2H])OC(C)=O,0.6026950247592734,0.6773442980192707
OC(=O)C(=C3)C(=O)N(C1=N3)c(c2)c(ccc2)CC1,0.8609354915003989,0.8781090088039927
OC(=O)C(=C([H])3)C(=O)N(C(=N3)1)c(c2)c(ccc2)C([H])=C([H])1,0.9028213548050794,0.8978891444626248
c(c3)ccc(c3)C(=C1)C(=O)N(C(C)=2)C(C=CC2)=N1,0.6139539742534613,0.6764717422222158
CCOC(=O)C(=C([H])1)C(=O)N(C2)C(=C([H])CC2)N(C)1,0.5999361433660578,0.6863965847481828
CCOC(=O)CC(=C1)C(=O)N(C2)C(CCC2)=N1,0.9075053379154399,0.9210126879097532
[O-1][N+1](=O)c(c2)cc(cc2)c(n1)nc(Cl)cc1,0.7604227891095959,0.8604722687881445
CCOC(=O)C(=C2)C(=O)N(C=1)C(=N2)C(O)=CC1,0.7627596787299137,0.8447691957881717
CCOC(=O)CC(=C1)C(=O)N(C=2)C(C=CC2)=N1,0.7904791136787488,0.8157765686686396
CCOC(=O)C(=C2)C(=O)N(C=1)C(=N2)C(C)=CC1,0.4111575376796606,0.7984850627318433
CCOC(=O)C(=C1)C(=O)N(C=2)C(C=C(C)C2)=N1,0.7750225850296759,0.8167429421100837
CCOC(=O)C(=C1)C(=O)N(C=2)C(C=CC(C)2)=N1,0.8183778864481094,0.8814458504043079
CCOC(=O)C(=C1)C(=O)N(C(C)=2)C(C=CC2)=N1,0.7156110302449525,0.8393392206635779
COc(c2)ccc(c2)c(n1)ncc([N+1]([O-1])=O)c1,0.5827315770615407,0.6920745848756292
CN(C)C=Nc(c1)cnc(n1)S(C)(=O)=O,0.6976668346122783,0.7048562839542316
CCOC(=O)C(=C1)C(=O)N(C2)C(CCC2)N1,0.6057633427791529,0.7423306500374526
OC(=O)C(=C([H])1)C(=O)N(C(C)2)C(=C([H])CC2)N(C)1,0.5447383402523027,0.673193428830398
CCOC(=O)C(=C1)C(=O)N(C2)C(CCC2)=N1,0.7759409525968483,0.8252313209802209
OC(=O)CC(=C1)C(=O)N(C(C)2)C(CCC2)=N1,0.6278416738091592,0.7654144201564093
NC(=O)C(=C([H])1)C(=O)N(C(C)2)C(=C([H])CC2)N(C)1,0.5031670785726352,0.6216370952694498
CCOC(=O)C(=C1)C(=O)N(C=2)C(C=CC2)=N1,0.8262114362508832,0.8664543824227772
OC(=O)CC(=C1)C(=O)N(C(C)=2)C(C=CC2)=N1,0.7922907063945934,0.8885050611718744
CN(C)c(c2)nc(nc2)c(c1)cc(F)cc1,0.728966161637638,0.8559622984957933
CN(C)c(c2)nc(nc2)c(c1)ccc(F)c1,0.7422537253622495,0.8505395826719593
Fc(c2)ccc(c2)c(c1)nc(nc1)N(C)C,0.7635393242927399,0.8819717339804171
[O-1][N+1](=O)c(c2)cc(c(O)c2)c(c1)ncnc1,0.5362648649041118,0.7250519455852776
NC(=O)Cc(n2)nc(cc2)c(c1)cccc1,0.2759850277717214,0.5620943653097135
O=C(O1)N=C(N=2)N(C=CC2c(c3)cccc3)1,0.7649486738851734,0.8569470608656853
OC(=O)CC(=C1)C(=O)N(C2)C(CCC2)=N1,0.6765568137809919,0.7845780588837445
Fc(c2)cc(cc2)c(n1)cc(Cl)nc1,0.8243985436444329,0.8234377234709076
Fc(c2)ccc(c2)c(n1)cc(Cl)nc1,0.8415217395834798,0.8612165666143713
Fc(c2)ccc(c2)c(c1)nc(Cl)nc1,0.7967698165537671,0.8844117198313445
Oc(c2)c(ccc2)c(c1)nc(Cl)nc1,0.7551146843718012,0.8342190189549179
Clc(n2)cc([n+1]([O-1])c2)c(c1)cccc1,0.6925170431803149,0.8369181051909722
COc(n2)cc(nc2)c(c1)cc(F)cc1,0.6279294321919826,0.7393392441945282
OC(=O)CC(=C1)C(=O)N(C=2)C(C=CC2)=N1,0.8641113528469002,0.892424037276113
N#Cc(n2)nc(cc2)c(c1)ccc(F)c1,0.6000564131821402,0.7735043350890503
N#Cc(n2)cc(nc2)c(c1)ccc(F)c1,0.7098637946778656,0.7899388556888132
CN(C)C=Nc(c1)cnc(SC)n1,0.768585883614612,0.8593824309449631
N#Cc(c2)ccc(c2)c(n1)ncc(N)c1,0.6440634554017338,0.7282284079350452
[H]C(N=3)=C([H])C(=O)N(C31)c(c2)c(ccc2)C([H])=C([H])1,0.879097615239538,0.8681103081916978
NC(=O)c(c(Cl)1)c(Cl)ncn1,0.39036428925667926,0.6394240288545464
O=C(N2)C=C(N=C2)c(c1)cc(F)cc1,0.6657821509000018,0.7501913147697614
Fc(c2)ccc(c2)C(N=1)=CC(=O)NC1,0.6947196574517668,0.8002355791443034
O=C(C=2)NC(=NC2)c(c1)cc(F)cc1,0.5646106953698448,0.7167299635794206
Fc(c2)ccc(c2)C(=N1)NC(=O)C=C1,0.5717356388990602,0.6896518879161149
CCC(=C1)C(=O)N(C(C)=2)C(C=CC2)=N1,0.6468382686493837,0.7480536631034101
CCC(=C2)N(C(=O)1)C(C=C2)=NC(C)=C1,0.7595502430517859,0.7988869091916981
[O-1][n+1](c2)c(N)nc(c2)c(c1)cccc1,0.7119288416040863,0.8363966197405301
O=C(N1)NC(=O)C(=C1)[Si](C)(C)C,0.715752345551685,0.7187346032774562
CN(C)C=Nc(c1)cnc(Cl)n1,0.7161853475705602,0.857248221880605
CC(=C1)C(=O)N(C(C)2)C(CCC2)=N1,0.6452325291839737,0.7801410588242624
CC(=C1)C(=O)N(C(C)=2)C(C=CC2)=N1,0.736258904954532,0.7975223025237779
CC(=C1)N=C(C=2)N(C(C)=CC2)C(=O)1,0.7558192604720343,0.8079472146724364
Fc(c2)cc(cc2)c(c1)ncnc1,0.8139241305541122,0.8473342087369411
Fc(c2)ccc(c2)c(c1)ncnc1,0.7510823697794098,0.8234566997661829
Fc(c2)cc(cc2)c(n1)nccc1,0.7767678199867573,0.7911894050827044
Fc(c2)ccc(c2)c(n1)nccc1,0.8298278022067144,0.8238267760040301
Nc(c1)cnc(n1)S(C)(=O)=O,0.53316295310463,0.6756845505192962
N#Cc(c(Cl)1)c(Cl)ncn1,0.6949176146487729,0.8392146029165032
CCC(C)C(=C1)C(=O)NC(=O)N1,0.3715929286151736,0.6275055738701847
O=C(C3)C(C1)C(C2)C(C3)C(=O)C(C2)1,0.8777557012256133,0.885362698872072
COCOCC(C1)(c32)C([H])(CCc(cc(C(C)C)c(O)c3)2)C(C)(C)CC1,0.7933082521286989,0.8676235892316074
CC(=O)CCC(C1)=CC(=O)CC1,0.7988097978903952,0.7602328162879879
CC(=O)CCC(C3)(C1)C(SCC)(C(=O)2)C(C)(CC3)C(O2)1,0.7695210627657961,0.8019767554920763
c(c3)ccc(c3)c(c1)oc(C2)c(CCC2)1,0.5230899358149742,0.6539218352767371
Cc(c1)c(C2)c(CCC2)o1,0.8105826857716556,0.8686158360122648
CCCCCCCCCC(COC(C2)OCCC2)(C1)OC(=O)C(C)C(=O)1,0.8636968465840581,0.5313178031088893
CCCCCCCCCC(COC(C2)OCCC2)(C1)OC(=O)C(C)=C1,0.8404651282158717,0.5068236633329972
CCC(C2)(C1)OC(C)(O2)CC(O)1,0.8074516521196161,0.8402966469351525
C(C3)COC(C3)OC(c(c2)cccc2)C(=O)c(c1)cccc1,0.893078044156182,0.6802398883615549
CCc(c1)oc(CC(C)=O)c1,0.7955376090831064,0.823170879352573
CC(=O)CC(O2)(C1)OC(c(c4)cccc4)1C(c(c3)cccc3)2,0.8516916798090199,0.896142963986341
c(c4)ccc(c4)C(O1)C(C2)(c(c3)cccc3)OC(C)(CC(=O)2)1,0.5356433284956399,0.8543226000915142
CC(=O)Cc(o2)cc(c2)c(c1)cccc1,0.8511137544161282,0.8893863262586327
O=C(C2)CC(C3)(OC(C)2O3)c(c1)cccc1,0.8611517215993961,0.7736919773503299
CCCCCCCCCC(C2)(C1)OC(C)(CC(=O)2)O1,0.804652230532167,0.8597595763459249
CCOC(=O)CC(=C2)C(=O)N(C=1)C(=N2)C(C)=CC1,0.7462335048479156,0.7707348488886615
CCOC(=O)CCC(=C1)C(=O)N(C=2)C(C=CC2)=N1,0.45293934536736524,0.7433517193891336
OCCOC(=O)C=C,0.7059189408861828,0.7253674176012833
CCCCC(CC)COC(C)=O,0.8344577925845947,0.8310495739780598
COC(C)CCOC(C)=O,0.6605156730365374,0.7239715462285026
N#CCCCCC#N,0.6983086035757033,0.8194452262936143
C=CC#N,0.8043668924104034,0.8738742538036472
CC(=O)C(C1)C(=O)OC1,0.7615971624299113,0.7548266906609273
CC(=O)CC(=O)N(C)C,0.7303921789706119,0.7498396295486244
CC#N,0.8110168122074838,0.8555233337154367
CCOCCOCCOC(C)=O,0.880532510366993,0.8036266247901988
CCOc(c1)cccc1,0.7120299368806204,0.7727962363631357
CCCCC(=O)OC,0.8462834241953068,0.8453346213783716
Nc(c1)c(C)c(N)cc1,0.847568094434437,0.8959898078703639
CCBr,0.6125780896106345,0.7101895435478749
C[N+1]([O-1])=O,0.7400841440085615,0.8316043992158738
C(C1)CO1,0.5116401939006917,0.7507037914395043
Clc(c1)ccc(Cl)c1,0.8661369071993417,0.9036802357057884
OC(=O)c(c1)cccc1,0.8737646478818226,0.894635932403527
c(c2)cc(c1)c(c2)ccc1,0.8050789078245156,0.8618017229846424
CCC(O)CC,0.7459052333254507,0.767616383445676
NCCOC,0.7611362937396933,0.6942265268983364
COCCO,0.8613872064730707,0.7589393987003948
CC(C)C(O)=O,0.7424900845333078,0.7294771200402561
OCC([H])=C([H])CO,0.8392895662451556,0.8962235809866101
O=C=Nc(c1)c(C)ccc1,0.7466478926736488,0.8419783785820648
[2H]C([2H])([2H])OC(=O)C=CC(=O)OC([2H])([2H])[2H],0.08836225003037727,0.15601518803734726
O=C=Nc(c1)cc(C)cc1,0.7539343774525582,0.8534823804839038
[2H]C([2H])([2H])OC(=O)COC,0.8995219155828125,0.776109783936234
O=C=Nc(c1)ccc(C)c1,0.6452972262675827,0.8049696083609467
COC(C)=O,0.7986454214156724,0.8500123288790511
COC(=O)C=CC(O)=O,0.38996057828697206,0.4819844661332098
C#CCBr,0.7502889852082119,0.8624074660552448
C#CCCl,0.8982547501386664,0.8770092638276427
[O-1][N+1](=O)c(c1)cccc1,0.6973987213911748,0.8155230592632842
OCC(C)=O,0.770005953389263,0.6426336742059268
CCCCOC(=O)C=C,0.8372730047034233,0.7693433620516565
C=CC(=O)OCC(C)C,0.8258740281596282,0.7554074902787573
C=CC(O)=O,0.7655569312948279,0.8025745822898118
C=CC(=O)OC,0.6980504439607128,0.7091546913303554
CC(C)OC(=O)C(C)C,0.8670707210785462,0.7927828636469503
CC(C)CC(O)=O,0.6626650228403337,0.7636116908638448
COC(=O)CN(CC(=O)OC)CC(=O)OC,0.6458946801692462,0.6970782416013276
COC(=O)Cc(c1)cc(c2)c(ccc2)c1,0.8468943027677407,0.8800583549325566
CCCCCCCCc(c1)ccc(c1)C(=O)OC,0.825150099832145,0.8245410771761367
COC(=O)CC(C)C(=O)OC,0.708293810447703,0.8373142815661174
COC(=O)c(c1)ccnc1,0.7438299528255811,0.8161042524353851
COC(=O)c(c1)cncc1,0.677512785278799,0.7942796606397574
COC(=O)CC(C)CC(C)(C)C,0.784380317123959,0.8379996725103063
CCCCCC=CC(=O)OC,0.6921928187402927,0.8179699438811998
COC(=O)Cc(c1)ccc(c1)[N+1]([O-1])=O,0.8807714037723625,0.8933683434267353
COC(=O)Cc(c1)cc(cc1)[N+1]([O-1])=O,0.777019993783667,0.8598259235531245
COC(=O)Cc(c1)c(ccc1)[N+1]([O-1])=O,0.7011514084790804,0.7834923441061599
COC(=O)COc(c1)ccc(c1)[N+1]([O-1])=O,0.77272135855713,0.8700759156639575
COC(=O)c(c1)c(C(=O)OC)c(cc1)[N+1]([O-1])=O,0.6737774466666575,0.6926539615559009
COC(=O)c(c1)scc1,0.7342512548737264,0.7721613797977736
COC(=O)CSCC(=O)OC,0.5983829985886755,0.7433779242172125
COC(=O)CSc(c1)cccc1,0.5688662924514634,0.8037254151100713
COC(=O)COc(c1)c(Cl)cc(Cl)c(Cl)1,0.7275305492551422,0.8632586969756758
COC(=O)C(C)Oc(c1)c(Cl)cc(Cl)c(Cl)1,0.6383620734562299,0.7410622613883588
COC(=O)c(c1)c(SC)ccc1,0.6998130051038485,0.7604552900387157
COC(=O)Cc(c1)cc(C)cc1,0.6554229162115159,0.7293593159856027
COC(=O)C(C)Oc(c1)cccc1,0.839664500643816,0.9029065959611153
CCCCCCCCOc(c1)ccc(c1)C(=O)OC,0.7986196220334734,0.7854745183464171
CCCCCCCCC(CCCCCC)C(=O)OC,0.6106612640466818,0.7265219582277678
COC(=O)C(C)(C1)CCCC1,0.7661228493280705,0.8302439980956327
COC(=O)CC(C)CC(=O)OC,0.7328593462013729,0.8209654216051668
COC(=O)CNC(=O)Cc(c1)cccc1,0.64735801976913,0.5247357977955314
COC(=O)CCCC(C)=O,0.7896358948956476,0.7984171798860494
COC(=O)CCC(C)=O,0.5521620094257635,0.7041070297120651
COC(=O)CCCc(c1)cccc1,0.7715463631522942,0.8294785415448056
COC(=O)CCC(CCC(=O)OC)C(=O)OC,0.595511190109263,0.7035939798439322
COC(=O)c(c1)nc(c2)c(ccc2)c1,0.7579057930197078,0.8541506218068898
CCCOc(c1)ccc(c1)C(=O)OC,0.7136671142945171,0.8224894144461127
COC(=O)c(c1)nccc1,0.8178091976612023,0.832700370693185
COC(=O)c(c1)ccc(N=Nc(c2)cccc2)c1,0.8384036115805057,0.89012436999715
COC(=O)c(c(Br)1)c(C(=O)OC)c(Br)c(Br)c(Br)1,0.5258846980011325,0.52632704036147
COC(=O)c(c(Cl)1)c(C(=O)OC)c(Cl)c(Cl)c(Cl)1,0.5126049521125066,0.6833030232048297
COC(=O)c(c(O)1)c(O)cc(O)c1,0.7726961158214949,0.7888239648817648
COC(=O)c(c1)cc(OC)c(OC)c(OC)1,0.5492951381778395,0.764809874403197
CCCC(C)C(=O)OC,0.5837528739836915,0.7255785370921529
CCCC(=O)C(=O)OC,0.7227846337035001,0.7117293764187508
COC(=O)C(C)C(=O)OC,0.5601695875634498,0.7529200126505903
COC(=O)C(C)=C([H])C,0.777305832221319,0.8031716197545269
COC(=O)C=CC(C)C,0.5269923996287731,0.813021093013364
COC(=O)C(Br)(Br)Br,0.3125491779168228,0.214369099826577
COC(=O)C(C)SC,0.5295765797056714,0.6479284067121281
COC(=O)C(C)S,0.6161742039881455,0.6616519936002478
COC(=O)C(C)(Br)CBr,0.5852434964848562,0.7395639626233396
COC(=O)c(c1)cc(cc1)[N+1]([O-1])=O,0.7667377589642121,0.8095845983742171
CC(=C)C(=O)OCC(C1)O1,0.5459132490355056,0.5200732243871626
COC(=O)C(C)=C,0.7150880806663098,0.7627862147009165
CCCCCCCCCCCCN(C1)C(=O)CC1,0.6841245430849618,0.8164558112062199
CCCCCCCCCCCCN(C1)C(=O)CC1,0.6841245430849618,0.8164558112062199
N#CCCC(C#N)(C1)CC=CC1,0.766273955681438,0.8333942440785147
CCCCCCCCCCCCNC(=O)CCCO,0.5587759021243164,0.8102184703262318
CCCCCCCCCCCCn(c(=O)1)c(=O)c(c2)c(ccc2)1,0.7962455034708733,0.8442629789244687
C(C2)CCC(C2)NC(C1)CCCC1,0.5669931542470601,0.7151548421884084
CCCCCCCCCCCCCN,0.7106906296009933,0.7723677154489081
NCCCCCCCCCCCCN(C1)C(=O)CC1,0.7509084300704438,0.8658172082919636
O=C(C3)N(CC3)c(c1)cc(c2)c(ccc2)c1,0.8080783321102554,0.8643760302104351
CCCCCCCCCCCCCCCCCCN(C1)C(=O)C(C)C1,0.7602786578088259,0.8282225484873947
CCCCCCCCCCCCCCCCN(C(C)1)C(=O)CC1,0.30229981071889006,0.6189818777612106
CCCCCCCCCCCN(C(C)1)C(=O)CC1,0.7813168716589124,0.8756508045459819
CCCCCCCCCCN(C1)C(=O)C(C)C1,0.8047140692432286,0.8870186902715198
CCCCCCC(C1)CC(=O)O1,0.34520888781096326,0.5564131580331565
Clc(c2)ccc(c2)NC(=O)N(C1)C(=O)CC1,0.6170496628592803,0.7964230738617877
CCCCCCCCc(c1)ccc(N)c1,0.9029087593428881,0.8973340813915185
O=C(C1)N(CC1)CCl,0.8000277478917592,0.8520875804966805
CCOc(c2)ccc(c2)N(C1)C(=O)CC1,0.8036352680912839,0.8774636678894594
CCCCCCCCCCCCC(C1)CC(=O)O1,0.5572106573741438,0.7530854649389505
CCCCCCCCCCCC(=O)NCCC,0.37491262514213397,0.7014212868256957
CCCCCCCCCCCC(=O)NCC,0.3280395305805113,0.7080864980904956
CCCCCCCCCCCC(=O)NC,0.3460101502273553,0.6009177172323094
OCN(C1)C(=O)CC1,0.7769142982583909,0.879092297878498
CCCCCCCCCCCCNCC,0.7855635516485915,0.7579426461544053
CCCCCCCCCCCCNC,0.8562775945158734,0.7999098497406318
ClCCN(C1)C(=O)CC1,0.8833386248853234,0.8735106011862458
CCCCCCCCCCCNC(=O)N(C1)C(=O)CC1,0.355758029490507,0.496965327057334
O=C(C2)N(CC2)C(=O)NC(C1)CCCC1,0.6973194870577395,0.7192928330064327
O=C(C2)N(CC2)C(=O)Nc(c1)cc(Cl)c(Cl)c1,0.3678515949747153,0.6130738232808656
CCCCCCCCCCCCN(C=O)CCC,0.8607486227362717,0.8636914304326277
CCCCCCCCN(C1)C(=O)C(C)C1,0.6919179640380781,0.8321121199929743
CCCCCCN(C1)C(=O)C(C)C1,0.8267257261642189,0.8975308919737901
CCCCCCNC(=O)CCCCCO,0.6928533909505493,0.7623610884771288
CCCCCCNC(=O)CCCCO,0.6665682692846389,0.7892652836963796
OC(=O)CN(C1)C(=O)CC1,0.8911982462358926,0.8770398826608568
CCCCCCCCNC(=O)CCCCCO,0.6688817037780107,0.7137918658281446
CCCCCCCCCCCCN(C)C(=O)CC,0.6973797528813712,0.8590238188540588
c(c3)ccc(c3)Oc(c2)cc(cc2)N(C1)C(=O)CC1,0.8421281226435595,0.8625928963170346
c(c3)ccc(c3)Oc(c2)c(ccc2)N(C1)C(=O)CC1,0.4501732335628726,0.7421770921094382
c(c3)ccc(c3)Oc(c2)ccc(c2)N(C1)C(=O)CC1,0.8370003458498493,0.8319501269028121
CCCCCCCCN(C1)C(=O)CCCC1,0.7609575586666164,0.8517279280464891
CCCCCCN(C1)C(=O)CCCC1,0.8625392524626624,0.9019692310585543
CCCCCCCCCCN(C1)C(=O)CCCC1,0.7759933909141848,0.8386838757407067
O=C(Nc(c2)ccc(Cl)c2)Nc(c1)ccc(Cl)c1,0.7415012051826182,0.8344159202071879
CCOC(=O)Nc(c1)ccc(Cl)c1,0.8073642894445985,0.8968830019149387
CCOC(=O)Nc(c1)cc(Cl)c(Cl)c1,0.4799139032273486,0.7589129629955216
CCCCCCCCc(c2)ccc(c2)N(C1)C(=O)CC1,0.8785200761114368,0.9229507534762075
CCCCCCCCCCCCN(C1)C(=O)CC1,0.7442364734704051,0.8181298259635889
C(CCCCCCN(C2)C(=O)CC2)CCCCCN(C1)C(=O)CC1,0.7981434778449531,0.8510203041416939
CCCCCCCCCCCCN(C1)C(=S)CC1,0.5261128963505579,0.7800654877018336
CCCCCCCCCCCCCCCCCCN(C(C)1)C(=O)CC1,0.7890176908886968,0.8833948996740948
CCCCCCCCCCCCCCCCN(C(C)1)C(=O)CC1,0.5301080154160925,0.813538799691003
NCCCCCCCCCCCCN(C1)C(=O)CC1,0.7738875217868978,0.8916143795769297
CCCCCCCCCCCCN(C1)C(=O)CC(C(O)=O)1,0.47877402550554526,0.7450925170071444
CCCCCCCCCCCN(C(C)1)C(=O)CC1,0.7541359851340198,0.8875438363483694
CCCCCCCCCCCCN(C1)C(=O)C(C(C)=O)C1,0.7513873413509474,0.7917834812962123
CCCCCCCCCCCCN(C1)C(=O)C(C)C1,0.8230287226666259,0.8859745617102863
CCCCCCCCCCCCN(C(C)1)C(=O)CC1,0.7944591710820694,0.8627696248504462
O=C1N(CCCCCCCCC)C(C)CC1,0.7209631115108943,0.8447976589479844
CCCCCCCCCCN(C(C)1)C(=O)CC1,0.7999433545405263,0.8574350330228898
CCCCCCCCCCCCCCN(C(C)1)C(=O)CC1,0.5641993747143648,0.8816530494661114
COC(=O)C(C)c(c1)ccc(c1)CC(C)(C)O,0.899144026494123,0.862507082245366
COC(=O)C(C)c(c1)ccc(c1)CC(C)(C)O,0.899144026494123,0.862507082245366
c(c1)ccc(c1)CN[Si](C)(C)C,0.7280450291596386,0.8202837294642443
c(c1)ccc(c1)CN(C)[Si](C)(C)C,0.7232371905455159,0.8518678555341275
CCCCCCCCCCCCCCCC(=O)O[Si](C)(C)C,0.6653277180886633,0.7393052888498505
O=Cc(c1)c(O)ccc1,0.6708486653808162,0.8277854027189903
CC(C4([H])C(C=CC([H])(CC)C(C)C)([H])C)(C([H])1CC4)CCC(C3(C)2)(C([H])(CC=C2CC([H])(O)CC3)1)[H],0.8962924885541455,0.9158615975549657
Oc(c4)cc(C3)c(c4)C([H])(C2)C([H])(C3)C([H])(C1)C(C)(C2)C(O)C1,0.7763403282926308,0.8572393733216441
C(C1)CCC([H])(C4)C(C(C3([H])C4)([H])CCC(C3([H])2)(C)C([H])(CC2)C(CCCC(C)C)([H])C)(C)1,0.8000538210888923,0.8446229296066805
O=C(C4)C=C(C3)C(C)(C4)C([H])(C2)C([H])(C3)C([H])(C1)C(C)(C2)C(O)C1,0.7639431990897492,0.8453167580185941
N#Cc(c(Cl)1)c(Cl)ccc1,0.7363383177060904,0.800980323549209
CCC(=O)c(c1)cccc1,0.7877119239859952,0.8201273125933379
CN(C)C(=O)c(c1)cccc1,0.793812818245486,0.8493944816280766
CN(C)Cc(c1)cccc1,0.8464954647163884,0.8533872846961188
CNC(=O)c(c1)cccc1,0.7165506430034456,0.7374687105712998
CNCc(c1)cccc1,0.6939923050756547,0.8049579601673399
O=C(C4)CC([H])(C3)C(C)(C4)C([H])(C2)C([H])(C3)C([H])(C1)C(C)(C2)C([H])(O)C1,0.6989202493551808,0.8538591950088161
Clc(c3)cc(c(c3)2)C(=NC(O)C(=O)N(C)2)c(c1)c(Cl)ccc1,0.4198014797885806,0.6424344179864061
CC(C)Cc(c1)ccc(c1)C(C)C(O)=O,0.7859342129411014,0.8467944256872051
c(c2)cc(c1)c(c2)ccc1,0.7641098393137412,0.8129641755340179
OC(C1)C(C)(C2)C(C)(C)C(C2)1,0.5541995825400561,0.8205133885286685
Clc(c2)ccc(c2)C(O)c(c1)c(Cl)ccc1,0.6897362103168605,0.7521271592143272
Clc(c2)ccc(c2)C(=O)c(c1)c(Cl)ccc1,0.8473983919809573,0.8308392579647333
OC(=O)C=Cc(c1)cc(O)c(O)c1,0.7093806374377725,0.7981957216512656
Oc(c1)c(O)cc(n(C)2)c1c(O)c2,0.7992733353208157,0.8896549528359486
CC(=O)CCc(c1)ccc(O)c1,0.7957716773638132,0.8427328149802239
OC(=O)c(c1)ncc(O)n1,0.6088679740576799,0.8178567867809095
OC(=O)C(C)c(c1)cccc1,0.8577813889266879,0.8886970084649901
OC(=O)c(c1)nccn1,0.7055578788359432,0.8001295532471892
CCC(C(=O)2)(C(=O)NC(=O)N2)C(C1)=CCCC1,0.5305447349953262,0.576395942572365
[H]C(C2)=C([H])CC(C2)(C(O)=O)C(C1)CCOC1,0.8140771338917853,0.8151360690524437
COc(c4)cc(c(c4)1)C(C3)(C2)C([H])(CCC3)C(N(C)C2)C1,0.7883516329916431,0.8241123498655871
COc(c1)cc(O2)c(C=CC(=O)2)c1,0.8168523880642631,0.8294786725574571
C=Cc(c2)cc(cc2)Oc(c1)cccc1,0.8260997186337221,0.8353330691136015
OC(=O)C(C)(C)Oc(c1)ccc(Cl)c1,0.6530559141995821,0.7026428121740493
O=C(C=1)C=CN(O)C1,0.8354859869195294,0.8874171671579315
OC(=O)C(C)c(c1)c(O)ccc(Oc(c2)cccc2)1,0.8600279161429247,0.8356574631637094
COC(=O)c(n1)c(O)ncc1,0.6717726087831455,0.8712909887141703
COC(=O)c(c1)ncc(Cl)n1,0.8897553022349521,0.8734890428942683
NC(=O)c(c1)ncc(O)n1,0.6026961546319851,0.8290277690485712
O=C(C=2)Oc(c1)c(C2)ccc(O)1,0.6676090058828289,0.819980994586372
c(c3)ccc(c3)P(=S)(c(c2)cccc2)c(c1)cccc1,0.6170229055198315,0.7753475186697688
Nc(c1)c(ccc1)S(O)(=O)=O,0.7170997071863402,0.7956270169780096
CC(=O)c(c2)ccc(c2)S(=O)(=O)NC(=O)NC(C1)CCCC1,0.5188313450579923,0.3777805522873618
CC(C)Nc(n1)nc(SC)nc(NC(C)C)1,0.5871539172084449,0.7504485483025345
COc(c1)c(O)cc(C=2)c(OC(=O)C2)1,0.8592057554741311,0.8883565863420965
O=C1OC=2C=C(O)C(O)=CC2C=C1,0.6214146787715108,0.7643952230050729
CN(C)C(=O)C(c(c2)cccc2)c(c1)cccc1,0.8106175147476007,0.7457890872149119
N#CC(C)c(c2)cc(cc2)Oc(c1)cccc1,0.7661146670132591,0.81919146166882
CC(O)c(c2)cc(cc2)Oc(c1)cccc1,0.8075285233228084,0.8388097647144395
c(c2)ccc(c2)Oc(c1)cc(cc1)C(C)Br,0.8188080694946269,0.8290269668470518
CC(=O)c(c2)cc(cc2)Oc(c1)cccc1,0.8993222586183375,0.9036335630343626
COC(N=1)C(=O)N(C)c(c3)c(cc(Cl)c3)C1c(c2)c(Cl)ccc2,0.7670673928713988,0.852380626823062
Clc(c3)cc(c(c3)2)C(=NC(=O)N2)c(c1)c(Cl)ccc1,0.740871418919646,0.8069953691665195
Clc(c2)cc(C=1c(c3)cccc3)c(c2)N(C)C(=O)CN1,0.791171761378172,0.8651701249192383
Clc(c3)cc(c(c3)2)C(=NC(O)C(=O)N2)c(c1)cccc1,0.640669183181538,0.7496470974510259
CNc(c2)c(cc(Cl)c2)C(=O)c(c1)cccc1,0.8068477709422273,0.8573823105625648
C1=CC=C2C(=C1)C(=CN2)CCCC(=O)O,0.7202764334844738,0.7189903362018608
Cc(c1)cc(O)c(C)c1,0.7525236446592484,0.8402789476012084
Cc(c1)cc(O)c(C)c1,0.7525236446592484,0.8402789476012084
COC(=O)CCCCCC(=O)OC,0.8178034619163438,0.8464329211984171
Cc(c1)c(O)c(C)cc1,0.8025150880632518,0.8718623048481446
CC(C)c(c1)cc(O)c(C)c1,0.6548414557181416,0.607251326926119
Oc(c1)cc(cc1)C(C)(C)C,0.7732855810101543,0.6509683905298594
CCC(C)c(c1)c(O)ccc1,0.7750189452861508,0.7605195054768698
Oc(c1)c(ccc1)C(C)(C)C,0.7284515644886189,0.7672971856621026
Oc(c1)ccc(c1)C(C)(C)C,0.8307834996052592,0.8395984515926581
CC(C)c(c1)c(O)cc(C)c1,0.6723411633766492,0.6851592284857757
CCC(C)c(c1)ccc(O)c1,0.7030114868723779,0.7041301495893612
Oc(c1)cc(C)c(O)c1,0.6857702513838833,0.6485056329878188
Cc(c1)cc(O)cc(O)1,0.790706600633536,0.8287983764393998
Cc(c1)c(O)c(O)cc1,0.8175332027575323,0.8499854732567049
Cc(c1)c(O)cc(C)c(O)1,0.7066983740567626,0.6807160187889445
COc(c1)c(OC)ccc1,0.8113323322676231,0.8535886374523132
Oc(c1)c(O)cc(c1)C(C)(C)C,0.7531258634724658,0.7979250938825727
CCOc(c1)ccc(OCC)c1,0.6612091723398223,0.8207748244140839
COc(c1)c(ccc1)OC(C)(C)C,0.2579821156418963,0.46061993471902807
O=Cc(c1)ccc(OC)c1,0.600851174277571,0.762089120171611
O=Cc(c1)cc(OC)cc1,0.7269946751220084,0.7208627856988418
O=Cc(c1)c(OC)ccc1,0.7885258323819295,0.877453460135113
C(=C/C(=O)O)\C(=O)O,0.5315617334230305,0.6392257170301912
OC(=O)C=CC(O)=O,0.4388635618092288,0.530294505501174
CCOC(=O)C=CC(=O)OCC,0.760919924694884,0.7826268197039712
CCOC(=O)C=CC(=O)OCC,0.5381732077484029,0.741647948653907
Cc(c1)cc(C)c(O)c(C)1,0.7391407375657862,0.7832448535087131
CCc(c1)c(O)ccc(C)1,0.7656309105098196,0.6326595962377193
CCc(c1)c(O)cc(C)c1,0.7394189099805915,0.6213513692212564
CCc(c1)cc(C)c(O)c1,0.7288019367734402,0.6537249999583262
CC(C)c(c1)ccc(O)c1,0.7506429013921428,0.8005910597909518
CC(C)c(c1)c(O)ccc1,0.7949053420860837,0.7294036844393056
CCCOc(c1)ccc(O)c1,0.7810333327095742,0.8112317533777776
CCCCOc(c1)ccc(O)c1,0.7282025570922476,0.7750305314017761
Cc(c1)cc(C)c(O)c1,0.7955447093514086,0.852451566294582
Cc(c1)c(C)c(O)cc1,0.8420950269558902,0.8917739967619245
CCc(c1)ccc(O)c1,0.7703768937132666,0.8396751223498676
CCc(c1)cc(O)cc1,0.5621940118577958,0.7002521084675164
CCc(c1)c(O)ccc1,0.5536845588665137,0.680900926766713
CCOC(C)c(c1)cccc1,0.8066194717933297,0.8422932252090191
COc(c1)ccc(C(C)C)c1,0.6851010604162566,0.7567662988963517
CCCc(c1)ccc(OC)c1,0.6564326991150273,0.6312906540313437
CC(C)(C)Oc(c1)cccc1,0.6706483658279911,0.5744632425423067
CCCCOc(c1)cccc1,0.7711433454433123,0.8001184669529753
CCOc(c1)ccc(C)c1,0.6613290259908163,0.8064817012160371
CCOc(c1)cc(C)cc1,0.6940355587781367,0.8240812804285437
CCOc(c1)c(C)ccc1,0.7545494231966762,0.8258562950311743
CCCOc(c1)cccc1,0.6867584530889623,0.7190080414053209
COc(c1)ccc(C)c1,0.8619263743746124,0.8870980966448414
COc(c1)c(C)ccc1,0.618951292885578,0.6618127339696382
CCOc(c1)cccc1,0.6719207027277246,0.7822123761183994
CCN(C)c(c1)cccc1,0.5515978561121981,0.5609378850603048
CCNc(c1)c(C)ccc1,0.7295645007326941,0.7835843756654682
Oc(c1)cc(C)c(C)c1,0.7758431467147014,0.8369714756621474
Cc(c1)cc(O)cc1,0.8179133066040158,0.8504623932567911
Cc(c1)c(O)ccc1,0.809178862000866,0.8581165005221483
Oc(c1)cccc1,0.7341653550543421,0.7818556624402857
CCOc(c1)ccc(O)c1,0.6895788875464316,0.7787249957884678
COc(c1)ccc(O)c1,0.7486083828273817,0.8213499520902937
COc(c1)cc(O)cc1,0.8734437021212988,0.8790885542676729
COc(c1)c(O)ccc1,0.8151704895712535,0.8303631788680382
CCOC(=O)CC(=O)OCC,0.7271818198471995,0.7276237144431152
CCOC(=O)C(=O)OCC,0.7307685753974211,0.4912069011204149
CCCCCCC#N,0.7826739525308318,0.8070696477717789
N#CCCC(C)C,0.6967365663376349,0.7265935199029727
CCCCCC#N,0.850944603034667,0.8838573877160434
CCCCC#N,0.7321806814902925,0.8322505115021559
N#CC(C)C,0.6390731714051132,0.7603810344926941
CCCC#N,0.5788573056133126,0.6283417271084236
CCC#N,0.6487192793099517,0.7753882586744102
CC#N,0.736407458634103,0.8145600870618521
NCCCCCCN,0.7927313933174447,0.6643436974065249
Cc(c1)cc(O)cc(C)1,0.7984280246393377,0.8589034615640542
NCCCCN,0.8983992502839673,0.7377009174049644
NCC(C)N,0.7733335636290635,0.6899216918040201
NCCCN,0.9121953906143857,0.7393051668095619
NCCN,0.9260885673810516,0.8237586843783122
Cc(c1)cc(C)c(c1)N(C)C,0.5134168671436858,0.5018744140496278
CCN(CC)c(c1)cccc1,0.7640976151282384,0.6840238310662645
CCCCNc(c1)cccc1,0.32976691858274604,0.42384517794686766
CCCCc(c1)ccc(N)c1,0.886603494636159,0.8386915642774283
CNc(c1)c(C)ccc1,0.6878886493469136,0.6126462577985575
Cc(c1)c(C)c(N)cc1,0.5890189679452809,0.6018150868213624
CN(C)c(c1)cccc1,0.6503991044432862,0.6219933230498321
CCNc(c1)cccc1,0.7179088272016598,0.798608167070023
Cc(c1)ccc(N)c1,0.6594468393547295,0.6180194549289977
Cc(c1)c(N)ccc1,0.7815368129091516,0.8395795199761764
Nc(c1)cccc1,0.788372570708592,0.8659199577280761
CC(C1)OC(=O)1,0.86867530466328,0.8346179156761355
O=C(C1)OCCCC1,0.7016245309576501,0.5590260777551016
CCCCCCC(C)(C1)OC(=O)C1,0.9497717373935549,0.8752920165438417
CCCCCCc(c1)nccc1,0.8194512180014312,0.8362611741796007
CCCCCc(c1)ccnc1,0.7279263514299542,0.8200119522188996
CCCCCc(c1)nccc1,0.8054658632573581,0.8432786669908733
CCc(c1)cc(C)nc(C)1,0.7186287366872315,0.8409467851635428
Cc(c2)ccc(c2)Oc(c1)nccc1,0.9200296697404725,0.9183172590632361
C[Si](C)(C)OC(=O)CC(CC(=O)O[Si](C)(C)C)(O[Si](C)(C)C)C(=O)O[Si](C)(C)C,0.5642442817765773,0.6563185272384389
Fc(c(F)2)c(F)c(F)c(c(F)2)P(Cl)(Cl)(Cl)c(c(F)1)c(F)c(F)c(F)c(F)1,0.4582556607081977,0.39170291145335673
CCN(C(=O)2)C(=O)C(N2)c(c1)cccc1,0.45227980673958956,0.6784731619755926
C=CCC(CC(C)C)(C(=O)1)C(=O)NC(=O)N1,0.40154584219975886,0.6818711738734152
CN(C)CCCN(c21)c(c3)c(ccc3)CCc(cccc2)1,0.7507731042799085,0.8299108048034265
CCCC(C)(COC(N)=O)COC(=O)NC(C)C,0.45982101771846395,0.5152157175157357
CCOC(=O)c(c2)c(ccc2)OC(=O)Oc(c1)c(ccc1)C(=O)OCC,0.2217473979558194,0.2732755440850368
CN1C2=C(C(=O)N(C1=O)C)NC(=N2)Cl.CN(C)CCOC(C1=CC=CC=C1)C2=CC=CC=C2,0.6123672281602279,0.440496394406165
CCCC(C)(COC(N)=O)COC(N)=O,0.46679994736576347,0.5422225841027575
CCC(C)C(C)(COC(N)=O)COC(N)=O,0.4792600758311726,0.498142605251205
CCC(C)(CC)OC(N)=O,0.7155090084640917,0.7621016529438233
CCOC(=O)C(C2)(CCN(C)CC2)c(c1)cccc1,0.28463383983211765,0.3792497091789561
CN(C)CCN(Cc(c2)sc(Cl)c2)c(c1)nccc1,0.8558797920268167,0.5989519252412356
CN(C)CCN(Cc(c2)scc2)c(c1)nccc1,0.7792854641845801,0.6299027011066678
CCC(C(C)C)(C(=O)1)C(=O)NC(=O)N1,0.34011282995258046,0.6087494708949477
COC(=O)C(C(C2)NCCC2)c(c1)cccc1,0.7722449894765003,0.6838560939802524
c(c4)ccc(c4)C(c(c3)cccc3)OC([H])(C1)CC([H])(C2)N(C)C([H])(C2)1,0.6505032382899483,0.7406039600593118
CN(C)CCOc(c2)c(ccc2)Cc(c1)cccc1,0.8707706975746264,0.7714844261365238
OC(CNc(c2)nccc2)c(c1)cccc1,0.6214134690049675,0.7667134983712982
CNCCC=C(c21)c(c3)c(ccc3)CCc(cccc2)1,0.5904697714152697,0.7162782463473838
CC(=O)OCCN(C4)CCN(C4)CCCN(c21)c(c3)c(ccc(Cl)3)Sc(cccc2)1,0.49621070561488667,0.6377741588442157
N(C3)CCC(C3)C(O)(c(c2)cccc2)c(c1)cccc1,0.4102236425747341,0.5622230854893121
CNCCCN(c21)c(c3)c(ccc3)CCc(cccc2)1,0.6269555771613263,0.7593588886935788
CN(C)CCC=C(c21)c(c3)c(ccc3)CCc(cccc2)1,0.8570377409184351,0.6310564883407312
CN(C5)C(C3)C([H])(C=4)C(C5)(C(C(O)C4)1)c(c23)c(c(O)cc(C)2)O1,0.7459632710627573,0.8507500785681337
Cc(o2)cc(n2)C(=O)NNCc(c1)cccc1,0.7256825226821353,0.6243347215834746
Clc(c3)ccc(c3)CC(=CCN(C2)CCC2)c(c1)cccc1,0.31466004318364,0.583430202512728
CC(N2)C(OCC2)c(c1)cccc1,0.5863966100265404,0.7218815272900195
Clc(c1)ccc(c1)C(C)(O)C(C)(C)O,0.7486643266415929,0.6718006897688231
Clc(c4)ccc(c4)Cn(c(CN(C3)CCC3)1)c(c2)c(ccc2)n1,0.36440552440633256,0.4874948339045795
NNCCc(c1)cccc1,0.5798552771508452,0.638002861470425
CCN(CC)C(C)CN(c21)c(c3)c(ccc3)Sc(cccc2)1,0.29173751064535025,0.41064644309956283
CCOC(=O)C(C2)(CCN(CCc(c3)ccc(N)c3)C2)c(c1)cccc1,0.6773824986720788,0.6998762502703497
CN(C)CCN(Cc(c2)ccc(OC)c2)c(n1)nccc1,0.6724913884387381,0.634809542682187
[H]C(=C(C)1)C(=O)N(c(c2)cccc2)N(C)1,0.7499923544825646,0.8529332843731173
CCC(C2)(C(=O)NC(=O)C2)c(c1)cccc1,0.779508597457692,0.871517549519956
CCCC(C)C(CC)(C(=O)1)C(=O)NC(=O)N1,0.6247309757531417,0.6786957186840662
CCC(C(=O)2)(C(=O)NC(=O)N2)C(C1)=CCCCC1,0.4595952722594406,0.5867956117220572
CC(C)CCC(CC)(C(=O)1)C(=O)NC(=O)N1,0.5482964029266332,0.700180230448302
Clc(c2)cc(C=1c(c3)cccc3)c(c2)N(C)C(=O)CN1,0.8059577647740804,0.8873699889524886
CNC(C2)=Nc(c3)c(cc(Cl)c3)C(=[N+1]([O-1])2)c(c1)cccc1,0.5528301405872297,0.8116125870531699
CCC(=O)OC(Cc(c2)cccc2)(c(c1)cccc1)C([H])(C)CN(C)C,0.8113716618625123,0.41671481629994117
CC(=O)OCCCc(c1)cccc1,0.8982357237052948,0.8695418048272181
c(c3)ccc(c3)CN(CC(N2)=NCC2)c(c1)cccc1,0.05102945536358211,0.24877012792603587
CCC(=O)c(c3)cc(c(c3)1)N(CC(C)N(C)C)c(c2)c(ccc2)S1,0.34250433218934884,0.2824867421092716
CN(C)C(C)CN(c21)c(c3)c(ccc3)Sc(cccc2)1,0.29349549894410615,0.5192457383323223
CN(C)CCCN(c21)c(c3)c(ccc3)Sc(cccc2)1,0.8195599991187739,0.8004020428279388
CN(C)CCCN(c21)c(c3)c(ccc(Cl)3)Sc(ccc(O)c2)1,0.8165756331648296,0.6549317153754758
CN(C)CCCN(c21)c(c3)c(cc(O)c(Cl)3)Sc(cccc2)1,0.8178522854682978,0.5123662449226124
CN(C)CCCN(c21)c(c3)c(ccc(OC(C)=O)3)Sc(ccc(Cl)c2)1,0.7791713776717152,0.6954809869938742
CN(C)CCCN(c21)c(c3)c(cc(OC(C)=O)c(Cl)3)Sc(cccc2)1,0.7703377697651818,0.6450821831240976
O=C(C1)N(C)C(=O)C1c(c2)cccc2,0.8340339963267354,0.8164342213973792
CC(O)CC(C)C(CC)(C(=O)1)C(=O)NC(=O)N1,0.5128649800419244,0.5204472582933221
CCC(CC)(C(=O)1)C(=O)C(C)CN1,0.44905557274591085,0.6024769310952106
CN(C)C(=C(C)1)C(=O)N(c(c2)cccc2)N(C)1,0.44698473678457934,0.47076929178684546
CC(=C(N)1)N(C)N(c(c2)cccc2)C(=O)1,0.5712895436347686,0.6034860920560574
CC(=O)NC(=C(C)1)C(=O)N(c(c2)cccc2)N(C)1,0.6915796416977771,0.4931119497525317
CCC(N1)(c(c2)cccc2)C(=O)N(C)C(=O)1,0.588795896614224,0.6756930102732048
CSc(c4)cc(c(c4)1)N(CCC(C3)N(C)CCC3)c(c2)c(ccc2)S1,0.5640824221691775,0.46203777587367884
CN(C4)CC(C4)CN(c21)c(c3)c(ccc3)Sc(cccc2)1,0.4572724815951811,0.6290459761093687
OCC(O)COc(c1)c(C)ccc1,0.7493567445739469,0.8534153882604993
C=CCC(C(=O)2)(C(=O)NC(=O)N2)c(c1)cccc1,0.39743615634209,0.6017827784511912
C[Si](C)(C)c(c(Cl)1)c(Cl)c(Cl)c(Cl)c(Cl)1,0.6515683112469424,0.661692271011142
Fc(c(F)1)c(F)c(F)c(c(F)1)[Si](C)(C)C,0.5813686756145888,0.58864003633012
Fc(c(F)3)c(F)c(F)c(c(F)3)P(Cl)(Cl)(c(c(F)2)c(F)c(F)c(F)c(F)2)c(c(F)1)c(F)c(F)c(F)c(F)1,0.8782153354456239,0.8439481630690432
Fc(c(F)3)c(F)c(F)c(c(F)3)P(=O)(c(c(F)2)c(F)c(F)c(F)c(F)2)c(c(F)1)c(F)c(F)c(F)c(F)1,0.5603348967875603,0.6129924772587023
Fc(c(F)3)c(F)c(F)c(c(F)3)P(=S)(c(c(F)2)c(F)c(F)c(F)c(F)2)c(c(F)1)c(F)c(F)c(F)c(F)1,0.6900595279613989,0.5696707649619178
O=C(C4)C([H])=C(C3)C([H])(C4)C([H])(C2)C([H])(C3)C([H])(C1)C(C)(C2)C([H])(O)C1,0.6961392238476845,0.8793419933929503
O=Cc(c1)cccc1,0.6552765777208819,0.7711570823529965
NCc(c1)cccc1,0.6808201284098537,0.7793756433169515
N#Cc(c1)cccc1,0.12779777419635127,0.39275265282597277
CCOC(=O)c(c1)cccc1,0.8426142685988818,0.8277790266386728
c(c2)ccc(c2)SSc(c1)cccc1,0.7581518300057636,0.8188111652053754
Oc(c2)c(ccc2)c(c1)c(O)ccc1,0.6737417271422713,0.7713263911786161
Oc(c2)ccc(c2)c(c1)cccc1,0.7876827462604543,0.7819276060290081
Oc(c2)ccc(c2)c(c1)ccc(O)c1,0.8015592710858874,0.7434595795207944
OC(=O)C(O)c(c1)cccc1,0.8591304130532408,0.8400533580711655
CC(=O)c(c1)cccc1,0.7889043909256205,0.8345120465511333
ON=C(C1)CCCC1,0.7298391260608476,0.8269813529220256
NC(=O)c(c1)c(O)ccc1,0.7223492633860206,0.7588240464456931
CC(C1)O1,0.5530968118423902,0.687916251038653
OC(=O)c(c1)cccc1,0.7873179397918113,0.8033826572582993
c(c2)ccc(c2)C(=O)c(c1)cccc1,0.67537364255342,0.8280113994217635
COc(c1)c(OC)cc(O2)c(C=CC(=O)2)1,0.7148329237575993,0.7836823670731341
COC(=O)C(C)c(c2)cc(cc2)C(=O)c(c1)cccc1,0.7400390583118737,0.8008328315596087
OC(=O)Cc(c1)c(c2)c(ccc2)cc1,0.8099559813526316,0.8124779424894214
CCc(c2)cc(cc2)Oc(c1)cccc1,0.8056677871611719,0.8281736210578005
OC(=O)CNC(=O)c(c1)cccc1,0.6681081434300422,0.6700025895152389
COC(=O)Cc(c1)ccc(O)c1,0.7213187265890664,0.6761775047144589
COc(c1)c(O)ccc1,0.6661959488532115,0.7509418105802138
C1=CC=C(C=C1)C2=CC3=CC=CC=C3N2,0.7101673431195863,0.7677066838948414
C1=CC=C2C(=C1)C=CN2,0.8132587266453765,0.8214032882098208
[O-1][N+1](=O)c(c1)ccc(Cl)c1,0.887319966101445,0.9201209020201457
CC(=O)c(c1)cc(Br)cc1,0.7474469489861972,0.8431374363343866
Oc(c1)ccc(c1)C(O)=O,0.8178322764211758,0.8555494964209526
OC(=O)Cc(c1)ccc(O)c1,0.7528525236471026,0.73799067986697
c(c2)ccc(c2)Oc(c1)cccc1,0.7307509840960565,0.843851410054953
NCCO,0.7947701257867507,0.8063446325454214
O=C(C2)Nc(c3)c(cc(Cl)c3)C(=N2)c(c1)c(Cl)ccc1,0.7199161379331488,0.8320360971465496
Clc(c3)cc(c(c3)2)C(=NCC(=O)N(C)2)c(c1)c(Cl)ccc1,0.7641181141782645,0.8736802509880478
CC(=O)Nc(c2)c(cc(Cl)c2)C(=O)c(c1)c(Cl)ccc1,0.4290776339687743,0.5363516463024299
Clc(c3)cc(c(c3)2)C(=NC(O)C(=O)N2)c(c1)c(Cl)ccc1,0.6152548388240715,0.7153820113097691
O=CN(C)c(c2)c(cc(Cl)c2)C(=O)c(c1)c(Cl)ccc1,0.6911282928461856,0.776084829000169
Cn(c2)c(C(=O)1)c(n2)N(C)C(=O)N(C)1,0.5516751953948006,0.6629849587033574
c(c2)cc(O1)c(c2)OC1,0.7527185690854047,0.7972612955461243
Nc(c1)ccc(Cl)c1,0.7931952841175441,0.8684141794136593
O=NN(C1)CCCC1,0.45867198327316017,0.679438537430905
CCCCN(N=O)CCCC,0.5177718813352917,0.5548751055504856
O=NN(CC(C)C)CC(C)C,0.548003261083276,0.5039296829834419
CCCN(N=O)CCC,0.4830369423287705,0.601692135054151
CCN(CC)N=O,0.4929681558847876,0.6721025801879392
CNc(c1)c([N+1]([O-1])=O)cc(c1)[N+1]([O-1])=O,0.6973475711332018,0.6247366144143695
[O-1][N+1](=O)c(c1)cc([N+1]([O-1])=O)c(N)c1,0.6165578972237427,0.6924878512355725
CCC(N1)=NC(C)C1,0.8216718483520749,0.9061406923509094
CC(C1)N=C(C)N1,0.76733934555731,0.8432770609192186
CCCCCCCCCCCC(N1)=NCC1,0.7494212591476939,0.7157312405372228
c(c2)ccc(c2)C(N1)=NCC1,0.7784211404347869,0.7899902771445356
CCCCCCCCCCCCCCCCCC(N1)=NCC1,0.8592198096666053,0.7409461333395103
c(c2)ccc(c2)CC(N1)=NCC1,0.6901049714038622,0.7198730928608025
COc(c2)ccc(c2)C(N1)=NCC1,0.668582852005951,0.7419763803333834
CCC(N1)=NCC1,0.7905945278026735,0.8968645681407069
CC(N1)=NCC1,0.759761023072665,0.8506101352408645
CCCCSc(n1)sc(n2)c(cnc(N)2)1,0.6999105699160938,0.6449504603156438
CCCSc(n1)sc(n2)c(cnc(N)2)1,0.7412383127830522,0.5978455103142298
CCSc(n1)sc(n2)c(cnc(N)2)1,0.6855855254197112,0.5873025605333684
Nc(n2)nc(s1)c(c2)nc(SC)1,0.620460486352804,0.5756663137249166
c(c3)ccc(c3)c(c2)oc(n2)c(c1)cccc1,0.8758455302472998,0.8218517297990635
c(c3)ccc(c3)C(=O)C(N=1)C(c(c2)cccc2)1,0.8761778071378469,0.7647025955368222
c(c3)ccc(c3)c(n2)cc(o2)c(c1)cccc1,0.9119817065396814,0.8263286176200154
CCS(=O)CCSP(=O)(OC)OC,0.3990628651640006,0.5068754347845128
[O-1][N+1](=O)c(c1)ccc(c1)OP(=S)(OC)OC,0.7030888699834772,0.5729482568680536
CNC(=O)CSP(=S)(OC)OC,0.6986588711003032,0.5957345794046552
[C@@H]1([C@@H]([C@@H]([C@H]([C@@H]([C@@H]1Cl)Cl)Cl)Cl)Cl)Cl,0.49002483268755626,0.5239577264473096
Clc(c2)ccc(c2)C(c(c1)ccc(Cl)c1)C(Cl)(Cl)Cl,0.6500715361040903,0.5690039453157072
CCOP(=O)(OCC)OCC,0.8352226468473126,0.812972591369237
CCOP(=O)(OCC)OP(=O)(OCC)OCC,0.7213216281172137,0.6282036766279521
CC(=C(N)1)N(C)N(c(c2)cccc2)C(=O)1,0.6534536952254161,0.6162048933799473
CNC(=C(C)1)C(=O)N(c(c2)cccc2)N(C)1,0.804597013371769,0.6382320381501165
CN(C)C(=C(C)1)C(=O)N(c(c2)cccc2)N(C)1,0.6662024015966314,0.5400295995562037
[Na]OS(=O)(=O)CN(C)C(=C(C)1)C(=O)N(c(c2)cccc2)N(C)1,0.5984206556489593,0.14793320124943754
CCCCCCCC(=O)Cc(c1)c(C)c(OC)c(c2)c(cc(C=CC)n2)1,0.8865638077058359,0.8794309663183558
CCCCCCCC(=O)C(C(=O)3)=C(C=1)C(C)(O3)C(=O)C(=C2)C(C=C(C=CC)O2)1,0.9340555784528998,0.9183215793877154
OCC(O1)=CC(=O)C(O)=C1,0.5694291208051844,0.6138595089754482
CCOC(=O)C(C(C)=O)Cc(c(C)1)c(C)on1,0.5793391759375395,0.5105714086838918
Cc(n3)c(c(C)o3)CC(C1)C(=O)c(c2)c(ccc2)C1,0.43081280513579034,0.47614857940132876
CC(=O)CC(=O)CCc(c(C)1)c(C)on1,0.9003526620680836,0.8191353659768555
O=C(C2)C(CCC2)Cc(c(C)1)c(C)on1,0.8528743741407545,0.7356539703127529
OCc(c(C)1)c(C)on1,0.7053103619105174,0.6499991395788576
Cc(n1)c(C)c(C)o1,0.7472237128125555,0.75967719405785
CC(=C1)OC(=O)C(Br)=C(C)1,0.7705425701103431,0.7191689790423718
CCC(CC)(C(=O)1)C(=O)NC(=O)N1,0.573525488288075,0.5840061684919996
N#Cc(c1)nc(c2)c(ccc2)c1,0.7444557651943027,0.7042599094925043
N#CC(O1)=Nc(c2)c(ccc2)C=C1,0.6418773760700074,0.7184026825978721
N#Cc(c1)[n+1]([O-1])c(c2)c(ccc2)c1,0.5561227023321392,0.5730615664649915
CC(=C1)OC(=O)C(Br)=C(C)1,0.8128470731391573,0.8633993439383402
CCCC(C(=O)1)C(=O)CC(C)(C)C1,0.7642057692840313,0.7460505945650149
CCCC(CCC)(C(=O)1)C(=O)CC(C)(C)C1,0.6378985303086455,0.6161302223894279
CCCCCC(=O)OC,0.8000312850759612,0.7955665878033517
CCCCC(CCCC)C(=O)OC,0.8554763347941351,0.8687781712187836
CCCCC(C(=O)OCC)C(=O)OCC,0.6081758945731861,0.7214074063027509
CCCCC(CCCC)(C(=O)OCC)C(=O)OCC,0.5225654478657437,0.6426242604051873
CC(=O)C(=C(C)3)C(=O)c(c1)c(O3)c(c2)c(ccc2)c1,0.7696359469344634,0.8145792851704468
CC(=C3)Oc(c1C(=O)3)c(c2)c(ccc2)cc1,0.8118268751738831,0.7998868961595339
CC(=C1)Oc(c2)c(cc(c3)c(ccc3)2)C(=O)1,0.7817806792008832,0.6970911163972031
COc(c21)c(OC)c(C(=O)3)c(OC(C)=C3)c(cccc2)1,0.7463761363845975,0.7176541851872889
COc(c1)c(C(=O)3)c(OC(C)=C3)c(c2)c(ccc2)1,0.782204855207201,0.7949252334770954
COc(c3)cc(c1)c(c3)c(C(=O)2)c(OC=C(C)2)c1,0.8831787954302592,0.8389366245269475
COc(c3)cc(c1)c(c3)cc(C(=O)2)c(OC(C)=C2)1,0.9388978639884299,0.9051413766810079
CC(=C3)C(=O)c(c(O3)1)c(c2)c(ccc2)cc1,0.6471810797536262,0.7471383337969317
Cc(c2)c(ccc2)Oc(c1)nccc1,0.888811246730007,0.8869266679723284
Cc(c2)cc(cc2)Oc(c1)nccc1,0.8867776472771403,0.883446256072067
c(c2)ccc(c2)Oc(c1)nccc1,0.9373073291080745,0.9361514608322634
OCC(O1)=CC(=O)C(O)=C1,0.7017668631459097,0.8060674038579357
CCC(CC)(C(=O)1)C(=O)NC(=O)N1,0.6389911753718486,0.6532809796215903
COC(=C2)OC(=CC(=O)2)c(c1)cccc1,0.5228424737716734,0.6969388685538457
COC(=C1)OC(C)=CC(=O)1,0.7027126920154505,0.7500948557928848
CC(=C1)C(=O)C(C)=CO1,0.681182134775787,0.7530079900292329
CC(=C1)OC(C)=CC(=O)1,0.9080641424369801,0.865188962141563
O=C(C=1)C=COC1,0.5677254316137086,0.7458590182727209
COC(=O)c(c1)c(O)cc(N)c1,0.91686061486218,0.9328435521393158
COC(=O)c(c1)ccc(N)c1,0.8574166288343025,0.8350900567870949
CCOC(=O)c(c1)ccc(N)c1,0.8899022417660496,0.8962807356310118
OC(=O)c(c1)cccc1,0.8473609779076585,0.8542529463537374
CCOC(=O)c(c1)ccc(O)c1,0.7797687887802687,0.7850012607335239
Nc(c1)nccc1,0.8008124389233398,0.7997827100360335
CCOC(=O)c(c1)ccc(N)c1,0.8908140728477998,0.873961832487186
c(c41)cc(cc(CC(C4)(C2)Cc(c3)c(ccc3C(=O)CCCC)2)1)C(=O)CCCC,0.8753534326004051,0.8926508777172314
CC(C)OC(=O)c(c1)cccc1,0.6871600401720105,0.6655293921046311
CCCOC(=O)c(c1)cccc1,0.7512356519835017,0.7335266206264303
CCOC(=O)c(c1)cccc1,0.8460292124011427,0.7588970324815165
O=C(OCc(c2)cccc2)c(c1)cccc1,0.7857733294245783,0.75372758528896
CCCCCCOC(=O)c(c1)cccc1,0.8526579500109073,0.8167233815190191
CCCCOC(=O)c(c1)cccc1,0.8078787975629598,0.8206020071080797
COC(=O)c(c1)cccc1,0.8369141914184791,0.7814900959814411
COc(c4)cc(O3)c(c4)C([H])(O1)C([H])(C3)c(c2)c(c(OC)c(OC)c2)1,0.6693401432470538,0.6572336855463007
COc(c4)c(OC)c(O3)c(c4)C([H])(O1)C([H])(C3)c(c2)c(cc(OC)c(OC)2)1,0.7280016191707688,0.7569261211109449
COc(c4)cc(O3)c(c4)C([H])(O1)C([H])(C3)c(c2)c(cc(OC)c(OC)2)1,0.7617024120749067,0.749588959853218
CC(=O)Oc(c5)cc(O4)c(c5)C([H])(O1)C([H])(C4)c(c2)c(c(O3)c(OC3)c2)1,0.7548840522685871,0.6232356972080682
COc(c5)c(OC)c(O4)c(c5)C([H])(O1)C([H])(C4)c(c2)c(cc(O3)c(OC3)2)1,0.8106992322698487,0.7406987164940846
Oc(c5)cc(O4)c(c5)C([H])(O1)C([H])(C4)c(c2)c(c(O3)c(OC3)c2)1,0.6812764957060127,0.566916238246038
COc(c5)cc(O4)c(c5)C([H])(O1)C([H])(C4)c(c2)c(cc(O3)c(OC3)2)1,0.8170631164016193,0.7558633751301704
COc(c4)cc(O3)c(c4)C([H])(O1)C([H])(C3)c(c2)c(cc(OC)c2)1,0.9038787693629932,0.8790206788276156
COc(c2)cc(O1)c(c2)C(OC)=C(OC)C(=O)1,0.6352047255920159,0.6659559699733555
COc(c2)cc(O1)c(c2)C=C(OC)C(=O)1,0.6357286547368943,0.6724583076146328
COc(c2)cc(O1)c(c2)C(OC)=CC(=O)1,0.6791635445785928,0.7209628188676954
COC(C(=O)3)=C(O)c(c1)c(O3)cc(O2)c(CC2)1,0.6818865216519266,0.6371363084918739
CCOC(=C(OC)3)c(c1)c(OC(=O)3)cc(o2)c(cc2)1,0.5314485009974341,0.6076370713358276
COC(C(=O)3)=C(OC)c(c1)c(O3)cc(O2)c(CC2)1,0.5044679698953592,0.5346705970503104
COC(C(=O)3)=C(OC)c(c1)c(O3)cc(o2)c(cc2)1,0.570289500347646,0.6397430364456461
COC(=C3)c(c1)c(OC(=O)3)cc(O2)c(CC2)1,0.6773790921758541,0.6292192147095229
COC(=C3)c(c1)c(OC(=O)3)cc(o2)c(cc2)1,0.6430691840074336,0.6007509135076625
COC(C(=O)3)=C(O)c(c1)c(O3)cc(o2)c(cc2)1,0.7215505838377447,0.6866089973893319
COC(=C(O)3)c(c(OC(=O)3)1)c(OC)c(c2)c(oc2)c1,0.6203752566133292,0.5238093385252884
[2H]C([2H])([2H])OC(C(=O)3)=C(OC)c(c(O3)1)c(OC)c(c2)c(oc2)c1,0.6328589305513529,0.5164915852765162
C=CC(C)(C)OC(=C(OC)3)c(c(OC(=O)3)1)c(OC)c(c2)c(oc2)c1,0.1987809982342976,0.3202609906123067
COC(C(=O)3)=C(OC)c(c1)c(O3)cc(o2)c(cc2)1,0.60898437723598,0.6084310359007044
COC(C(=O)3)=C(OC)c(c1)c(O3)c(OC)c(o2)c(cc2)1,0.7767776174604987,0.7045235542857209
COC(C(=O)3)=C(OC)c(c(O3)1)c(OC)c(c2)c(oc2)c1,0.6413080376179822,0.5815079749887208
O=C(OC(COC(=O)CCCCCCCCCCCCCCC)COC(C)=O)CCCCCCCCCCCCCCC,0.4132233839339029,0.6006522694150385
C[Si](C)(C)OC(=O)C(O[Si](C)(C)C)C(O[Si](C)(C)C)C(=O)O[Si](C)(C)C,0.24132589740070193,0.584768588984215
O=C(O[Si](C)(C)C)Cc(c1)c(c2)c(ccc2)n1[Si](C)(C)C,0.27915066162898194,0.5040171690185438
C[Si](C)(C)OCC(O[Si](C)(C)C)COP(=O)(O[Si](C)(C)C)O[Si](C)(C)C,0.1988885664876457,0.6034919605055233
CON=C(C4)C([H])=C(C3)C(C)(C4)C([H])(C2)C([H])(C3)C([H])(C1)C(C)(C2)C(O)(C(C)=NOC)C1,0.7353778571496248,0.8365664823866904
C(C([H])41)(CCC([H])(C([H])42)C(C)(C3)C(CC(C3)O[Si](C)(C)C)=CC2)(C)C(CC1)C(CCC([H])(C(C)C)CC)C,0.754092925634191,0.8607371858619342
C(C32[H])(C(C4)([H])C(C([H])(C4)C([H])(C)C=CC(CC)([H])C(C)C)(C)CC3)(CC=C(C21C)CC(CC1)(O[Si](C)(C)C)[H])[H],0.6785480870723709,0.8381030883173796
C(C3([H])1)CC(C([H])(C(CCC(C(C)C)=CC)([H])C)4)(C([H])(CC4)C1(CC=C(C32C)CC(CC2)(O[Si](C)(C)C)[H])[H])C,0.7411906786225123,0.8565180558976574
C(C2([H])4)(C(C3)([H])C(CC4)(C(C3)C(C)CCC(C(C)C)=C)C)(CC=C(C12C)CC(CC1)O[Si](C)(C)C)[H],0.7641488948812986,0.8369453357284665
C(C(C4)C(C3)(C)C(C4)([H])C(C2([H])C3)(CC=C(C12C)CC(CC1)O[Si](C)(C)C)[H])(CCCC(C)C)C,0.7162406196206376,0.8663240399817936
CC(C4([H])C(C=CC([H])(CC)C(C)C)([H])C)(C([H])1CC4)CCC(C3(C)2)(C([H])(CC=C2CC([H])(O)CC3)1)[H],0.8044140969576438,0.8584048019117735
C(CC(C(OC)=O)O[Si](C)(C)C)CCCCCCCCCCCCCCCCCCCC,0.6628554193540616,0.8311498394441789
CCCCCCCCCCCCCCCCCCCCC(C(=O)OC)O[Si](C)(C)C,0.7811738040027039,0.7855997300273339
CCCCCCCCCCCCCCCCCCC(C(=O)OC)O[Si](C)(C)C,0.780959521801279,0.8313211819126058
CCCCCCCCCCCCCCCCC(C(=O)OC)O[Si](C)(C)C,0.7623019094203174,0.8374561006861013
CCCCCCCCCCCCCCC(C(=O)OC)O[Si](C)(C)C,0.735802173386789,0.9009137435394889
CCCCCCCCCCCCC(C(=O)OC)O[Si](C)(C)C,0.8197999007553917,0.833178923281672
CCCCCCCCCCC(C(=O)OC)O[Si](C)(C)C,0.7661557923169842,0.8641012184408922
CCCCCCCCC=CCCCCCCCCCCCCCC(=O)OC,0.26316229897711474,0.26024154248608666
CCCCCCC=CCCCCCCCC(=O)OC,0.8008837272378598,0.8718203560146719
CCCCCCCCCCCCCC(=O)OC,0.7068949574839278,0.6372193437665056
CCCCOP(=O)(OCCCC)CCN(C)C(=O)C(F)(F)F,0.7479681333872421,0.8044581931076693
CCCCOP(=O)(OCCCC)C(C)NC(=O)C(F)(F)F,0.5570155892638495,0.7538684210817505
CCCCOP(=O)(OCCCC)C(CCC)NC(=O)C(F)(F)F,0.46823640979748005,0.6781155384867898
O=C(CCc(c1)cc(O[Si](C)(C)C)c(c1)O[Si](C)(C)C)O[Si](C)(C)C,0.6618479571495729,0.8481670996391937
COc(c1)c(ccc1C(O[Si](C)(C)C)C(=O)O[Si](C)(C)C)O[Si](C)(C)C,0.8984860661808289,0.8464721747433391
COc(c1)c(ccc(CC(=O)O[Si](C)(C)C)1)O[Si](C)(C)C,0.7228007913373601,0.8193914690588752
CC(CCC(=O)O[Si](C)(C)C)CC(=O)O[Si](C)(C)C,0.30012025295964306,0.6468752653425782
CC(CC(=O)O[Si](C)(C)C)CC(=O)O[Si](C)(C)C,0.7480379379142306,0.7715138282596348
C[Si](C)(C)Nc(c1)cc(cc1)O[Si](C)(C)C,0.7993628368317766,0.7991616058958888
O=C(C1)N([Si](C)(C)C)C([H])(C1)C(=O)O[Si](C)(C)C,0.5755626193690174,0.675910133503383
O=C(O[Si](C)(C)C)C(C)C(=O)O[Si](C)(C)C,0.7366156296290697,0.7481603288680312
O=C(O[Si](C)(C)C)c(c1)cccc1,0.8634796647449706,0.887909710354257
O=C(O[Si](C)(C)C)C([H])(C)O[Si](C)(C)C,0.7391584948450527,0.7399924264768636
CON=C(C4)C=C(C3)C(C)(C4)C([H])(C2)C([H])(C3)C([H])(C1)C(C)(C2)C(C(C)=NOC)C1,0.6973696254219452,0.689110280563917
C(C1(C)4)([H])(O[Si](C)(C)C)CCC1(C(C([H])(CC4)2)([H])CCc(c3)c2ccc(O[Si](C)(C)C)3)[H],0.7040591782083082,0.7704299433207066
C(C1(C)4)([H])(O[Si](C)(C)C)CCC1(C(C([H])(CC4)2)([H])CCc(c3)c2ccc(O[Si](C)(C)C)3)[H],0.6905763826385094,0.7802930711390687
CON=C(C4)C(C)(C3)C([H])(C4)C([H])(C1)C([H])(C3)c(c2)c(cc(O[Si](C)(C)C)c2)C1,0.7631372074218601,0.8601540808430155
C(C([H])41)([H])(C(C([H])3CC4)(C)CCCC3)CCC(C)(C(C(C)CCCC(C)C)2)C1([H])CC2,0.7670530822099576,0.8582998544896872
C(C)(=O)OC(C4)CC(C3(C)C4)=CCC(C([H])23)(C(C1)([H])C(CC2)(C(C1)C(C)CCC(=CC)C(C)C)C)[H],0.6983024429460423,0.7501717073095484
CC(C4([H])C([H])(C)CCCC(C)C)(C([H])1CC4)CCC(C(C)32)(C([H])(CCC2CC(OC(C)=O)(CC3)[H])1)[H],0.6469445091125043,0.8277637641990494
CC(C4([H])C([H])(C)CCCC(C)C)(C([H])1CC4)CCC(C(C)32)(C([H])(CC=C2CC(OC(C)=O)(CC3)[H])1)[H],0.591803425843777,0.821610273740151
C(C31[H])CC(C4(C(C=CC([H])(C(C)C)CC)([H])C)[H])(C(CC4)(C1([H])CC=C(C3(C)2)CC([H])(CC2)OC(C)=O)[H])C,0.7105209097599418,0.7871674863697264
CC(C4(C(CCC([H])(C(C)C)CC)([H])C)[H])(C1)C(CC4)(C(C3)(C(C(C2)(C(=C3[H])CC(C2)(OC)[H])C)(C1)[H])[H])[H],0.8297498243177439,0.8101899480622123
C(C4)=C(C1)C(C(C34[H])([H])CCC(C32[H])(C(CC2)(C(CCC(=CC)C(C)C)([H])C)[H])C)(CCC1OC)C,0.7174979363994096,0.8225001702621999
CC(C4([H])C([H])(C)CCCC(C)C)(C([H])1CC4)CCC(C3(C)2)(C([H])(CCC2CC(CC3)([H])OC)1)[H],0.6583046724131022,0.8494437471302364
CC(C4([H])C([H])(C)CCCC(C)C)(C([H])1CC4)CCC(C3(C)2)(C([H])(CC=C2CC(CC3)([H])OC)1)[H],0.7950832708946296,0.8497683511108206
CC(C4)(C=3CC(O[Si](C)(C)C)C4)C(C1=CC3)(CCC(C([H])(C([H])(C)C=CC([H])(C)C(C)C)2)(C1([H])CC2)C)[H],0.7028768242208788,0.7958114358653477
[H]C(C41C)(CCC(=C43)C(C2(C)CC3)(CCC2([H])C([H])(C)CCC=C(C)C)C)C(C(O[Si](C)(C)C)CC1)(C)C,0.668840890885648,0.8039902444646234
C(C1)C([H])(C(CCCC(C)C)([H])C)C(C4)(C1([H])C([H])(C(C4)([H])2)CCC(C3)C(C)2CCC(O[Si](C)(C)C)3[H])C,0.6984339339914534,0.8251755905468682
C(C1)C([H])(O)CC(=C([H])4)C1(C([H])(C3([H])C4)CCC(C)(C23[H])C(CC2)([H])C(CCC([H])(CC)C(C)C)([H])C)C,0.7689355042462525,0.8463500229785119
C(C4(C)1)CC(O)C(C)(C)C(CCC(=C34)C(C(CC3)(C)2)(C)CCC2([H])C([H])(C)CCCC(C)C)1[H],0.6508518520502639,0.8354166836231147
C(C4(C)1)CC(O)C(C)(C)C(CCC(=C34)C(C(CC3)(C)2)(C)CCC2([H])C([H])(C)CCC=C(C)C)1[H],0.7383283464601451,0.8441054110714434
C(C4)C([H])(C(CCC(C(C)C)=C)C)C(C([H])14)(CCC(C3(C)2)(C([H])(CC=C2CC([H])(O)CC3)1)[H])C,0.7267175323256647,0.8135858141857436
[H]C(C)(CCCC(C)C)C(C1(C)4)([H])CCC1(C(C([H])2CC4)([H])CCC([H])(C3)C2(C)CCC3([H])O)[H],0.7668773306081758,0.8641200562825364
C(C2([H])3)([H])(C(C)(C4)C(CC(C4)([H])O)=CC3)CCC(C2([H])1)(C)C([H])(CC1)C(CCCC(C)C)([H])C,0.7455361507126737,0.8555680732756201
CCCCCCCCCCCCCCCCCCOCC(CO[Si](C)(C)C)O[Si](C)(C)C,0.5068401525099656,0.5592927963454859
CCCCCCCCCCCCCCCCOCC(COC(C)=O)OC(C)=O,0.7005103008075093,0.7195909209665972
CCCCCCCCCCCCCCOCC(COC(C)=O)OC(C)=O,0.6261742892326863,0.7360735727986489
CCCCCCCCCCCC([H])(O[Si](C)(C)C)C([H])(N)CO[Si](C)(C)C,0.7935685973354168,0.7433975213858481
CCCCCCCCCC([H])(O[Si](C)(C)C)C([H])(N)CO[Si](C)(C)C,0.8285339428934423,0.7838200255866761
CCCCCCCC([H])(O[Si](C)(C)C)C([H])(N)CO[Si](C)(C)C,0.8039279949920288,0.7980278469958318
CCCCCCCCCCCCCCCCCCCCCCCC(=O)OC,0.5505042179329092,0.501519524262277
CCCCCCCCCCCCCCCCCCCCCC(=O)OC,0.5565194200093266,0.7011559400304895
CCCCCCCCCCCCCCCCCCCC(=O)OC,0.6123335870904745,0.8173873832247402
CCC=CCC=CCC=CCCCCCCCC(=O)OC,0.7474790135558087,0.7830416903236092
CCCCCC=CCC=CCCCCCCCC(=O)OC,0.7165830099783267,0.8377757668159389
CCCCCCCCC=CCCCCCCCC(=O)OC,0.6954143348454187,0.8335275576157435
CCCCCCCCCCCCCCCCCC(=O)OC,0.5299582740753107,0.6269193199861087
C(CCCCCCCCCCCCCCCCCCCCCCCCC)CCCC,0.5882418832687559,0.565969477866892
CCCCCCCCCCCCCCCCCCCCCCCCCCCC,0.8288610000584382,0.4800696147517807
CCCCCCCCCCCCCCCCCCCCCCCC,0.8231820142416162,0.586128525217846
CCCCCCCCCCCCCCCCCC,0.8361177858819061,0.7980440196433788
CCCCCCCCC(CCCCCC)C(O)=O,0.694524199700423,0.7778831038742441
CCCCCCCCC(CCCCCC)C(O)=O,0.694524199700423,0.7778831038742441
CCCCCCCCCCCCCC=CC(=O)OC,0.6499959994814923,0.5508415614914616
COC(=O)CCCC1=CNC2=CC=CC=C21,0.6454016603139072,0.7552607860784333
COC(=O)/C=C/C1=CNC2=CC=CC=C21,0.7035031081204026,0.7376019984655058
CCCCCCCCC(CCCCCC)C(=O)OC,0.5878452596749852,0.6809220118004555
CCCC(CCC)(C(=O)OC)C(=O)OC,0.4734964784753824,0.5974398540799225
COC(=O)c(c1)c(Cl)cc(c1)[N+1]([O-1])=O,0.7970005050364631,0.7881052236599004
COC(=O)c(c1)cc([N+1]([O-1])=O)c(Cl)c1,0.6531413996863006,0.7407295540858149
COC(=O)c(c1)c(ccc(Cl)1)[N+1]([O-1])=O,0.7577224113906269,0.7668934857709262
COC(=O)c(c1)c(Cl)ccc([N+1]([O-1])=O)1,0.7387936402853977,0.7403525845223439
COC(=O)c(c1)c(Cl)cc(Cl)c1,0.6964792447556611,0.8425542195106664
COC(=O)c(c(Cl)1)c(Cl)ccc1,0.7741167070407323,0.8394537523722326
COC(=O)c(c1)cc(Cl)c(Cl)c1,0.6881425051436221,0.8123838769001984
COC(=O)c(c1)c(Cl)ccc(Cl)1,0.7855840912825375,0.8572128207082653
COC(=O)c(c1)cc(Cl)cc(Cl)1,0.7149248907733717,0.8262680135821511
COC(=O)CCC1=CNC2=CC=CC=C21,0.7463684237000573,0.7116522727974588
COC(=O)c(c1)cc(OC)cc(OC)1,0.698575246146628,0.8200899366591401
COC(=O)c(c1)c(OC)c(OC)cc1,0.6653985262659832,0.7124933989116337
COC(=O)c(c1)cc(OC)c(OC)c1,0.7036720050349575,0.8106079892214637
COC(=O)Cc(c1)ccc(OC)c1,0.7879035071714615,0.7943441531716687
COC(=O)C1=CC2=CC=CC=C2N1,0.8152884909586392,0.8724341094261235
COC(=O)c(c1)c(Cl)ccc1,0.707516514888135,0.7537668561830437
COC(=O)c(c1)cc(Cl)cc1,0.7169535969035569,0.8135561695242969
COC(=O)c(c1)ccc(Cl)c1,0.7674653456776542,0.8369041354627724
COC(=O)C=CC=CC(=O)OC,0.8526323983727402,0.8845045645954017
CCC(Cl)C(=O)OC,0.496860404580548,0.6621867456130934
COC(=O)CC(C)Cl,0.7232120445563628,0.704268630805079
COC(=O)c(c1)ccc(N(C)C)c1,0.6999855942871228,0.738131259638061
COC(=O)C(=C)c(c1)occ1,0.6317511803239081,0.7759175160701636
COC(=O)CCCCl,0.6495767006495652,0.7263066941018006
CCOCCC(=O)OC,0.6345861417380338,0.6999070589562147
COC(=O)CC(C)(C)CC(=O)OC,0.6470394668649453,0.7306718333527322
CC=CC=CC(=O)OC,0.7495043667714469,0.845017369018396
COC(=O)c(c1)cc(cc1)N(C)C,0.6855489421655284,0.780164852295692
COC(=O)c(c(O)1)c(c2)c(ccc2)cc1,0.726134187577038,0.7571955567861128
COC(=O)c(c1)c(OC)c(c2)c(ccc2)c1,0.8180619033980064,0.8310677803536896
COC(=O)c(c1)c(OC)ccc1,0.8020324554984326,0.8378538192107502
COC(=O)C(c21)c(c3)c(ccc3)Oc(cccc2)1,0.01866314248367447,0.017216833650378436
COC(=O)C(c21)c(c3)c(ccc3)c(cccc2)1,0.7109810491675465,0.5873115186944868
COP(=O)(OC)OC,0.3686006321554923,0.5031423351221994
C(C1)C(C2)CC1C2,0.872651648924264,0.8978061429103985
OC(C1)C(C2)CC(C2)1,0.8565152098905656,0.9096100518709813
OC(C1)C(C2)CC(C2)1,0.8535459923327358,0.9012462696583335
O=C(C1)C(C2)CC(C2)1,0.7970020499067376,0.8947578248029154
C(C1)C(C=2)CC1C2,0.39616298788080745,0.749294628493766
O=C(C(C)(C)1)C(C)(C2)CC(C2)1,0.490883109626917,0.5835457783644526
[2H]OC(C(C)(C)1)C(C)(C2)CC(C2)1,0.745953634553032,0.8311604099443248
OC(C(C)(C)1)C(C)(C2)CC(C2)1,0.6520618063290243,0.7908641043584307
CC(C)(C21)C([2H])([2H])C(C)(CC2)C1,0.7101174898300024,0.8549002142198047
CC(C)(C1)C(C2)CC(C)(C2)1,0.7541547059187357,0.8377567362409701
CC(=O)C([H])=C([H])C([H])(C(C)=1)C(C)(C)CCC([H])1,0.8417778636235975,0.8640692366293339
CC(=O)C=CC(=C(C)1)C(C)(C)CCC1,0.7511536111045328,0.8389611539345856
CC(=O)NCC(=O)NC([H])(C(C)C)C(=O)NC([H])(CC(C)C)C(=O)NC([H])(C)C(=O)OC,0.25079278071084204,0.24315755879304077
COC(=O)C([H])(C)NC(=O)C([H])(CC(C)C)NC(=O)C([H])(C(C)C)NC(=O)C([H])(C)NC(C)=O,0.5285585910796516,0.41732136067263326
CC(C)C(=O)OC(=O)C(C)C,0.4266701379692265,0.20238226211365898
CCCC(=O)OC(=O)CCC,0.32461880564120354,0.20878961941143231
O=C(C1)CCCCCC1,0.8402172637525143,0.8763850592693152
O=C(C1)CCCCC1,0.8101167820056814,0.8228999934580766
CC(C1)CCC(=O)C1,0.8627141230486501,0.8781322867486826
CC(C1)CC(=O)CC1,0.7871995190520745,0.8581385653221085
CC(C1)C(=O)CCC1,0.7564530014454885,0.8616730102496362
O=C(CCCC)CCCC,0.8375093500036733,0.8200435293534686
CCCCCC(=O)CCC,0.8903059859482723,0.9090146335764451
CCCCCC(=O)CC,0.897422289746976,0.9014922090753795
CCC(=O)c(c1)cccc1,0.8738492754963616,0.8844857365827656
CC(=O)CC(C)=O,0.9023683391041205,0.8532394613739925
CCOC(=O)CC(C)=O,0.8065353356829242,0.8308602390394092
COC(=O)CC(C)=O,0.8038474729149961,0.850714160727373
N#Cc(c1)cccc1,0.7743985247535667,0.8115877010075364
N#CC(C)C,0.668269324048975,0.8131099957652974
CCCC#N,0.616037458656862,0.6848826805958133
CCC#N,0.6830517799223159,0.811526860013723
CC#N,0.8129449341709963,0.8422549813912792
C(C2)Cc(c1)c(N2)ccc1,0.7587897043420695,0.8528017094127905
NC(C1)CCCC1,0.7287543291996076,0.7035699030784244
CC(C)CNCC(C)C,0.7794496913002545,0.8203634013728135
CCCCNCCCC,0.7989806018006377,0.755952971073341
CC(C)NC(C)C,0.8022471666263424,0.8134236516416179
CCCNCCC,0.7924360664821392,0.8439680950599375
CCCCNCC,0.874644265535264,0.8556356028979453
CCCNCC,0.9088675851942294,0.9225472292936892
CCNCC,0.8598815472458167,0.9121218257197644
CC(C)COC(=O)C(C)C,0.8448926266754871,0.831435977577398
CCCCOC(=O)C(C)C,0.8807292187899759,0.8589791339941348
CC(C)OC(=O)C(C)C,0.8644035266411235,0.7843457782563427
CCCOC(=O)C(C)C,0.814945860262717,0.705223571057888
CCOC(=O)C(C)C,0.8474884806549455,0.8594643946042027
COC(=O)C(C)C,0.8159307492384226,0.8490841869223733
CCCC(=O)OCc(c1)cccc1,0.8499620390477068,0.8831753768854579
CCCC(=O)OC(C1)CCCC1,0.8577228124520121,0.8640282562647068
CCCC(=O)OC=C,0.9157865789698008,0.8387456098570835
CCCC(=O)OCCC(C)C,0.9564685184421331,0.9001402739876601
CCCCCOC(=O)CCC,0.9449950393802011,0.9249988625860768
CCCC(=O)OCC(C)C,0.7971334556948115,0.8155553431068613
CCCCOC(=O)CCC,0.8503285143189037,0.8645129256052722
CCCC(=O)OC(C)C,0.855009492182273,0.8179290683055203
CCCOC(=O)CCC,0.7911631450641209,0.7539729130545447
CCCC(=O)OCC,0.9040680165535985,0.8858124569058763
CCCC(=O)OC,0.8383231615860026,0.8460078784537655
CCC(=O)Oc(c1)cccc1,0.8770239063999825,0.8717668259082129
CCC(=O)OC(C1)CCCC1,0.8980680687016211,0.8892103287812694
C=COC(=O)CC,0.8572772732708135,0.8019759308896509
CCCCOC(=O)CC,0.8994711168099233,0.8253063726032827
C=CC(=O)OCC(C)C,0.8330011784666833,0.7342280935658625
CCCCOC(=O)C=C,0.8726934033620704,0.7851676887163413
CCOC(=O)C=C,0.8218978134593348,0.7412026726020563
C=CC(=O)OC,0.7376034930143581,0.7636338898804579
CC(=O)OCC=Cc(c1)cccc1,0.8259492454082542,0.9239452656836182
CC(=O)OCCc(c1)cccc1,0.8462157433742593,0.8451112445501178
CC(=O)Oc(c1)ccc(C)c1,0.8285343612433954,0.8693694346135984
CC(=O)Oc(c1)cc(C)cc1,0.8383162108508005,0.9048619577690155
CC(=O)Oc(c1)c(C)ccc1,0.8013558587368831,0.8812634105402294
CC(=O)OCc(c1)occ1,0.8919795102521975,0.9186253009853295
CCCCCCCCC=CCCCCCCCC(=O)OCC,0.7228974706834653,0.5373740343670068
CCCCCCCCCCCCOC(C)=O,0.9202180592763757,0.9092618776972193
CCCCCCCOC(C)=O,0.9126464097970274,0.8802489630480055
C=CCOC(C)=O,0.7721340920198821,0.8263316536972941
CC(=C)OC(C)=O,0.8311090363294178,0.819682438973922
COc(c1)ccc(COC(C)=O)c1,0.7518437862976781,0.8459482826865503
CC(=O)OCCOc(c1)cccc1,0.8891275218306158,0.8452954790752918
COC(C)(C)CCOC(C)=O,0.8693012867425896,0.873582068155615
COC(C)CCOC(C)=O,0.627818539697779,0.6909449039504949
CCCCOCCOC(C)=O,0.853555810618732,0.8618872468709223
CCOCCOC(C)=O,0.8085648019844696,0.842711794888015
COCCOC(C)=O,0.8739689396764503,0.7962627737072188
CC(C)C(C1)C(C2)C(CC=C(C[Si](C)(C)C)2)C(O)(C1)C[Si](C)(C)C,0.9259873706651278,0.6659326250792307
CCCC[Sn](CCCC)(CCCC)CCCC,0.23282345482200278,0.20605703973848835
COc(c1)ccc(c1)C(SC)CC(SC)C[Si](C)(C)C,0.34396614048963725,0.2266625164305795
CC(C)=CCCC(=C)C(C1)CCC(=C)C1,0.8320386634069925,0.889834627424407
O=C(C2)C(C1)C(CC2)CC=C(C[Si](C)(C)C)1,0.8153071227105576,0.6882230598619511
C=CCC(SC)CCc(c1)cccc1,0.32682476673747396,0.5598767901929094
CCOC(=O)CC(C(=O)OCC)C(OCC)OCC,0.7798574611543085,0.8219774765887145
COC(=O)C(C1)CC=C(C1)C[Si](C)(C)C,0.5588552019883923,0.49268827596997156
CC(=O)C(C2)CC(O1)C(C2)(C[Si](C)(C)C)1,0.7633192988631847,0.7187527658024776
O=C(COc(c1)cccc1)C[Si](C)(C)C,0.7860132764107541,0.861426844347596
C=CCC(SC)c(c1)ccc(OC)c1,0.5156697655849247,0.5561365533149013
c(c1)ccc(c1)CNC[Si](C)(C)C,0.8345580152236691,0.7844309375151228
CN(C)C[Si](C)(C)c(c1)cccc1,0.7113092876416585,0.5425024018268527
CSC(SC)CCc(c1)cccc1,0.44510073265266503,0.7623519209213284
c(c1)ccc(c1)SC[Si](C)(C)C,0.7153482728785215,0.7070660591688843
CCOC(=O)C(C=O)C(C=O)C(=O)OCC,0.47925740854507903,0.6257259864250683
C=CC(C)(C)C(=O)c(c1)coc1,0.6384496448170329,0.5322325898996333
CCOC(=O)CC(C=O)C(=O)OCC,0.8589186933502775,0.9192771278718401
CC(=O)COc(c1)cccc1,0.7604557330403333,0.8354507829343755
C=CCC(O)c(c([H])1)c([H])c([H])o1,0.5374870593771862,0.6763975377601023
C=CCC(O)c(o1)c([H])c([H])c([H])1,0.5952537802195353,0.6504122608117675
COCSc(c1)cccc1,0.616154700925078,0.7853257626825636
C=CCC(=O)c(c1)occ1,0.7755716203350844,0.7817583268240007
CCOC(=O)CCC(=O)OCC,0.7676244838142458,0.8254065027798192
CC(C)C(C1)C(C2)C(CC=C(C[Si](C)(C)C)2)C(=C)C1,0.8486670276905324,0.7680742071838921
CC(C)C(C1)C(C2)C(CC(=C2)C[Si](C)(C)C)C(=C)C1,0.8752411019141174,0.7409121462799092
CC(C)=CCCC(=O)C(C1)CC=C(C1)C[Si](C)(C)C,0.8022626556794491,0.6087626822923579
CC(C)C(C1)C(C2)C(CC=C(C[Si](C)(C)C)2)C(=O)C1,0.8282097389407089,0.6656380634457105
CC(C)C(C1)C(C2)C(CC(=C2)C[Si](C)(C)C)C(=O)C1,0.8151091494423092,0.6859298135434005
c(c2)ccc(c2)C=Cc(c1)cccc1,0.885121587484832,0.9125121092286298
O=C(C2)C(C1)C(C2)CC=C(C[Si](C)(C)C)1,0.8264497679842137,0.7379224819177186
O=C(C2)C(C1)C(C2)CC(=C1)C[Si](C)(C)C,0.8333544805437276,0.8284765054786296
CC(C)=CC(=C)O[Si](C)(C)C,0.8695795026769876,0.8541446452933595
C=CC(=O)CCC=C(C)C,0.6044471223617008,0.7955525320517635
COC(=O)C(C1)CC(O)C(=C)C1,0.8383993179952917,0.8621073322432042
CC(C)C(C1)C=CC(=O)C1,0.7337331794266342,0.8401237964929852
CC(C)(O)C(C1)C1,0.8203677653208794,0.8974621947221122
CC(C)C(C3)CCC(C)(C3)OC(=O)C(C2)CN(C2)Cc(c1)cccc1,0.7894204563276837,0.8007427766224243
COC(=O)C(C1)C(C(=O)OC)CN(CCc(c2)cccc2)1,0.1803192776936561,0.2911192959729255
c(c1)ccc(c1)C[Si](C)(C)C,0.6925567120283168,0.7528096210222285
OCC(C2)CN(C2)Cc(c1)cccc1,0.9002234734730976,0.8744497087063942
CC(C2)CN(C2)Cc(c1)cccc1,0.8450619567306199,0.8813473243518503
CC(=O)C(C)(C1)C(C)(C)C(C)C1,0.6709182366420656,0.7820709519858492
CC(C1)CC(O)C(C1)C(C)C,0.7439740120274451,0.8546173495056675
OC(=O)C(C)(C1)C(C)(C)C([H])(C)C1,0.4885897582721601,0.6309822290857142
[H]C(C)(N)c(c1)cccc1,0.7531136067219699,0.8334188347071664
COC(=O)C#CC(=O)OC,0.545441389018848,0.6186224939077827
C[Si](C)(C)CI,0.7201776519262916,0.8974674445880517
C=CC(=C)CC(O[Si](C)(C)C)(c(c2)cccc2)c(c1)cccc1,0.8683936019520666,0.8046563692115265
C(C1)CCCCC(O[Si](C)(C)C)C(I)CCCC1,0.8698006433225662,0.832922371436017
CC(C)=CCC=C(C)C(COC(C)=O)O[Si](C)(C)C,0.9054891375989037,0.8630674012710301
Cc(c1)ccc(c1)CC(=C(C)C)O[Si](C)(C)C,0.8632764698555612,0.8865385743617542
CN(C)N=C(C1)CCCCCCCCCC1,0.7647330581640208,0.5907536244112327
COC(c(c1)cccc1)C(=C=C)[Si](C)(C)C,0.6567764086055339,0.6962642514168094
COC(c(c2)cccc2)C(C1)C(=O)CCC1,0.9191161417310868,0.836810995729896
C=CCC(OCC)C=Cc(c1)cccc1,0.38155816905575923,0.49018034611206285
C=CC(=C)CC(O)(CC)c(c1)cccc1,0.7069113790350773,0.7982913585056621
CC(C)(C)[Si](C)(C)O[Si](C)(C)C(C)(C)C,0.5148820772121493,0.7350079566340393
COC(CC(C)C)C(C1)C(=O)CCC1,0.879322115181916,0.8240886285859127
CCCCC(OC)C(C1)C(=O)CCC1,0.8536146436626451,0.8554310013586244
OC(C1)C=CCCCCCCCC1,0.8172214887430398,0.8425723071677468
CC(C)=CCCC(C)(O1)C(COC(C)=O)1,0.6810473105310818,0.7263696809068372
c(c1)ccc(c1)OCC(I)CO[Si](C)(C)C,0.6554897949824775,0.40930747653391764
c(c1)ccc(c1)O[Si](C)(C)[Si](C)(C)C,0.7779703687158295,0.7023704727545785
C=CC(=C)CC(O)(CC)CC,0.7755901801046426,0.8654391443444828
C=CC(=C)CC(O)C=C(C)C,0.4439895347376093,0.644732517436816
CCOC(=O)Cc(c1)cccc1,0.7757191817264059,0.8395322058817033
CC(=C)C[Si](C)(C)[Si](C)(C)C,0.8287176501108732,0.8649666882180796
CCC(=C=O)[Si](C)(C)[Si](C)(C)C,0.8170007161760788,0.8478050903091648
CCCCC(C(O)=O)[Si](C)(C)C,0.6372177153670648,0.5623473281520199
CCCCC(=C=O)[Si](C)(C)C,0.8841895292641816,0.8891617838640719
C(C1)CC(=C1)O[Si](C)(C)C,0.7763660077212027,0.7148238487738124
C[Si](C)(C)OC(C)C(C)I,0.892882276207013,0.914701171788267
CC=CCO[Si](C)(C)C,0.840770329757659,0.8230229702651666
CCC(=C=O)[Si](C)(C)C,0.11199041961403444,0.28082493778832013
CC(C2)(O1)C(CCC2)1,0.6704129590654913,0.8129698835285691
CC(C1)C(=O)CCC1,0.7555003028037873,0.8826921952602157
O=C(C1)CCCC1,0.6805828182707074,0.7679909256517868
CC(O1)CC(=CC1)C[Si](C)(C)C,0.8685458349071703,0.6908519881008249
CC(=O)C(C2)C(CN(Cc(c3)cccc3)2)c(c1)cccc1,0.6743364812327034,0.5288306618860263
CC(C4)C(CCC4)=NC(C3)(C1)CC([H])(C2)CC([H])(CC([H])23)1,0.7326206982563032,0.7719517951741377
CC(C4)C(CCC4)=NC(C([H])31)C([H])(C2)CC([H])(CC([H])(C3)2)C1,0.7981260551691559,0.7504697052216637
C=CC(=C)CC(COCc(c1)cccc1)O[Si](C)(C)C,0.9144654596251417,0.7165687166103286
c(c2)ccc(c2)COCC(O1)CC(=CC1)C[Si](C)(C)C,0.8531571189488125,0.5635933426542192
CC(C1)CC(C)(C)CC1N=C(C2)C(C)CCC2,0.6092953281612213,0.5815072359507971
C=CC(=C)CC(O[Si](C)(C)C)c(c1)cccc1,0.7928002362491957,0.6048143268299996
COC(=O)C(C1)C(C(=O)OC)CN(Cc(c2)cccc2)1,0.8497939833119207,0.8340217876156333
COC(=O)C(C1)C(C(=O)OC)CN(Cc(c2)cccc2)1,0.8049038421567682,0.8399784449220346
CCOC(=O)C(C2)CN(C2)Cc(c1)cccc1,0.7420577671384594,0.7092141908372792
C=CC(=C)CC(O)COCc(c1)cccc1,0.793885116593204,0.6508459577527793
C=C(C2)CC(OC2)COCc(c1)cccc1,0.5404065376977102,0.5248664729618914
c(c2)ccc(c2)CC(C)(C1)C(=O)CCC1,0.6604915932894909,0.7115082276880975
CC(C2)C(=O)C(CC2)Cc(c1)cccc1,0.7847272821769947,0.8942359000310424
COC(=O)C(C2)CN(C2)Cc(c1)cccc1,0.7476301674334347,0.6930362283057534
C=CC(=C)CC(O)c(c1)cccc1,0.9014204755470443,0.8686491714569201
CCCC(C)C(O)CC(=C)C=C,0.6098942171512273,0.7403275438563934
CC(C)C(=C(C)C)O[Si](C)(C)C,0.8981173788541696,0.8627571915979418
C=CCC(=C)C(O)CC(C)C,0.7829298516052012,0.8304512262394568
C=CCOCc(c1)cccc1,0.834970499937854,0.7881753126280111
OCCOCc(c1)cccc1,0.7794381662133161,0.7980228767098287
O=CCOCc(c1)cccc1,0.8048571050750146,0.8159842772660343
C(C1)C=CC(=C1)O[Si](C)(C)C,0.5879630217620616,0.588476225134561
C[Si](C)(C)CSC[Si](C)(C)C,0.8262562212956842,0.634305064254594
C[Si](C)(C)CC[Si](C)(C)C,0.8891712563104804,0.8114956177158212
C=CC(=C)CC(C)O,0.8953943199513785,0.8441562002990802
C=CC(=C)CBr,0.6799504610162883,0.800846323183379
SC[Si](C)(C)C,0.8452259529358749,0.8838008100410353
C[Si](C)(C)c(c21)c(c3)c(ccc3)c([Si](C)(C)C)c(cccc2)1,0.8101055416085203,0.7937334147365966
c(c3)cc(c1)c(c3)c([Si](C)(C)C)c(c2)c(ccc2)1,0.8003026368139194,0.7999437919501233
c(c1)ccc(c1)C#C[Si](C)([Si](C)(C)C)[Si](C)(C)C,0.8360536885930453,0.9171511332419564
c(c2)ccc(c2)[Si](C)(C)c(c1)cccc1,0.8459885020632945,0.8370762771834515
c(c2)ccc(c2)[Ge](C)(C)c(c1)cccc1,0.886149094727849,0.916184340151509
CC(C)(C)C([H])=C([Si](C)(C)C)[Si](C)(C)Cl,0.6018196388116741,0.5890776787002905
C#C[Si](C)([Si](C)(C)C)[Si](C)(C)C,0.85723804431597,0.9266432831727022
C(C1)CCCC1,0.5485874119394183,0.6897129811276724
CCCCCC,0.5996147590890482,0.7368616827712274
c(c1)cccc1,0.6317203951634753,0.78391060216945
CCOC(C)=O,0.6399489303286238,0.6383276603086726
CC(C)O,0.5413206919230052,0.629424817891051
CC(C)=O,0.8316583327374029,0.7607256327020079
CI,0.8875037326270647,0.8786201353444187
ClCCl,0.7549729866503362,0.7946553330404976
BrCBr,0.7846060220333602,0.8754642129125804
ClC(Cl)Cl,0.8860923845679374,0.8467879556602976
ClC(Cl)(Cl)Cl,0.8010886127883157,0.8006404840567151
CC(C1)C(CCC1)=NC(C)(C)C,0.7789720252947198,0.9357890508380438
C=CC(=C)CC(OC)CC(C)C,0.39610295233267634,0.5091331908149701
CC(=O)CC(C)C(C1)C(=O)CCC1,0.8335448600202588,0.8983080847764933
C=CCC(C)C(C1)C(=O)CCC1,0.8095346159876277,0.8300109208623209
CC(C)C(=O)Cc(c1)cccc1,0.7571132371874424,0.7636219689252128
CC(C)C(C1)C(=O)C(=C)C(C)C1,0.7026380245315036,0.6817317425994592
O=Cc(c1)c(ccc1)C[Si](C)(C)C,0.8438086531381693,0.820757360728169
COC(OC)CC(=O)c(c1)cccc1,0.8989736379107773,0.8471667161044663
CCCCC(OC)C(C1)C(=O)CC1,0.8739011036646357,0.8956466378323338
C[Si](C)(C)[Si](C)(C)[Si](C)(C)[Si](C)(C)C,0.8927579819813602,0.9071325004948805
C[Si](C)(C)OCCCCO[Si](C)(C)C,0.6467123026219262,0.6206949484282901
CC(C)CO[Si](CC)(CC)CC,0.6051089776820786,0.6710970305858428
[SiH3]OCCCC(C)(C)C(C)(C)C,0.2902430764662853,0.5612267538637163
CCC(C)CC(=C)O[Si](C)(C)C,0.9157009108979036,0.8804274900450545
CCCCC(OC)CC(C)=C,0.8518464723887678,0.8794340470045173
CC(=C)C(C)C(=O)C(C)(C)C,0.8937869536286212,0.8847338370042636
c(c1)ccc(c1)CO[Si](C)(C)C,0.7811047517900861,0.8215909806219907
C=CCC(C1)C(=O)C(C)CC1,0.8565415469975646,0.9077493792014324
C=CCC(C)(C1)C(=O)CCC1,0.797259661330998,0.9109987856323682
CC(=C)C(C1)CC([H])=C(C)C1,0.7973088213278349,0.8554566505730575
O=C(C=1)CC(C)(C2)C(CCC2)1,0.7863019233582502,0.8418938705551733
CC(=C)C(C)C(=O)c(c1)occ1,0.7995738215320753,0.7900858953355208
COc(c1)ccc(CC(C)=O)c1,0.6485029565448264,0.7877190378198561
C[Si](C)(C)CC=C[Si](C)(C)C,0.7537667403387265,0.7776552830193905
CCCN(CCC)CCC,0.1964290830298311,0.3523856260886514
CCCCCC(=O)O[Si](C)(C)C,0.7791406388320244,0.6871479940488275
CCC(=C(C)C)O[Si](C)(C)C,0.8900344600810994,0.8673863601256927
CCCCC(OC)CC=C,0.8683294054911723,0.8642148733431331
C=CCC(OC)C(Br)CCC,0.11282388316380612,0.10239327734885978
CC(C1)=CCC(C1)C(C)=O,0.8364849793297302,0.8200493894740901
Clc(c1)c(ccc1)O[Si](C)(C)C,0.7860410978161858,0.7580520886721049
C=C(C1)CCC(C1)C(C)=O,0.6548561791617036,0.7719450811611217
CC(=O)Cc(c1)cccc1,0.8860846629846868,0.8996859662808485
COC(OC)C(C1)C(=O)CC1,0.8784970311207677,0.8770738646501068
CC(C1)C(=O)C(C)CC1,0.7133235189186649,0.7949363917156964
O=C(C1)C(C)(C)CCC1,0.671368898727515,0.8128140476018748
CCC(C)CC(C)=O,0.669397087244837,0.6940360123154372
ClCCO[Si](C)(C)C,0.7606023071221765,0.7510808052989495
CC(I)CI,0.7787439129049749,0.8220902744675569
CC(Br)CBr,0.8178599914605081,0.8527771506993237
C[Si](C)(N([Si](C)(C)C(C)(C)C)c(c1)cc(C(C)(C)C)cc(C(C)(C)C)1)C(C)(C)C,0.8948408232390073,0.8756348505359431
OC(=O)c(c1)cc(cc1C(C)(C)C)C(C)(C)C,0.7476049796440396,0.7569484412383765
COc(c1)ccc(N)c1,0.8199507205653146,0.8749925819374844
Cc(c1)ccc(N)c1,0.7239265361198628,0.8052102259009224
N#Cc(c1)ccc(N)c1,0.7517488060397537,0.8206860841555836
Nc(c1)ccc(Br)c1,0.8851629847935443,0.9125120928490773
CC[Si](C)(C)[Si](C)(C)CC,0.6397920064855567,0.8170113204600239
CC(C)(C)[Si](C)(C)C#C[Si](C)(C)C(C)(C)C,0.8649033822990027,0.8555634043011584
C=CC(=C)CC(CCc(c1)cccc1)O[Si](C)(C)C,0.8686668301285267,0.8294950761865723
c(c2)ccc(c2)CCC(O1)CC(=CC1)C[Si](C)(C)C,0.9053956511160307,0.8360342911570826
CCCC(C1)C(C2)(C(=O)CCC2)C(C[Si](C)(C)C)1,0.8486862233458164,0.8232734177308598
COC(CC(=O)c(c2)cccc2)c(c1)cccc1,0.922395615931532,0.9013428105171587
CC(=O)CC(C1)C(=O)CCCCCCCCC1,0.6793896472760859,0.550406151313261
CC(C)=CCCC(=C)C(C1)CC([H])=C(C)C1,0.815063697375497,0.7809516074169758
c(c2)ccc(c2)C(O1)CC(=CC1)C[Si](C)(C)C,0.9135582808130434,0.8841102249947588
O=CCC(c(c1)cccc1)C(C(C)=O)C(OC)OC,0.7734096555817702,0.8630958288019844
COC(C=Cc(c2)cccc2)C(C1)C(=O)CC1,0.4020561583383247,0.5587471932402256
O=C(C=Cc(c2)cccc2)c(c1)cccc1,0.9003102977513169,0.9210872064191006
C[Si](C)(C)OCc(c1)c(ccc1)C[Si](C)(C)C,0.6559545866630471,0.6608228562346657
C[Si](C)(C)CC(C1)C(C2)(C(=O)CCC2)C(C)1,0.8348733416839964,0.7966384982964694
CC(C)=C(Cc(c1)cccc1)O[Si](C)(C)C,0.8405244290620056,0.8863178981109716
CC(C)=CCCC(=O)C(C1)CC=C(C)C1,0.6881986614863412,0.672864768152869
CCCCC(OC)CC(=O)c(c1)cccc1,0.9001210352701533,0.8289711971607125
COC(CC(C)C)CC(=O)c(c1)cccc1,0.8859647117059868,0.8677182135685336
CCCCC(C(C)=O)Cc(c1)cccc1,0.9197494466483266,0.8686843008585623
CCCCCC(=O)CCc(c1)cccc1,0.8547601126424058,0.803382760118048
C=CC(=C)CC(O)CCc(c1)cccc1,0.7882788080970884,0.7861197458706404
C=C(C2)CC(OC2)CCc(c1)cccc1,0.6751661139927411,0.6174178671792763
CCCCCCC(C)O[Si](C)(CC)CC,0.7841292484431678,0.7529899274630479
CC(C1)CC(O[Si](C)(C)C)C(C1)C(C)C,0.4560436271206682,0.6434737966543819
C[Si](C)(C)OC(C1)C(C)(C2)C(C)(C)C(C2)1,0.6658101844157611,0.6514046472087851
COC(OC)c(c1)c(ccc1)C[Si](C)(C)C,0.7325818725116658,0.6266685879114222
CC[Si](CC)(CC)OCc(c1)cccc1,0.7864900422032257,0.782411813437346
CCCC(CC=C)C(C1)C(=O)CCC1,0.4146607112124882,0.5646278784994735
COc(c1)ccc(c1)CC(=C)O[Si](C)(C)C,0.6148674641739459,0.6239634355970034
CCC(=O)C(C)C(OC)c(c1)cccc1,0.9390104171368168,0.8781041965719196
CCOC(OCC)CC(=O)c(c1)cccc1,0.723419663013183,0.5844409522099491
c(c3)ccc(c3)C(C1)CC(C)(O2)OC(C)(O2)1,0.4519347557193082,0.534755208196638
COC(c(c2)cccc2)C(C1)C(=O)CC1,0.8644116711778826,0.791098849635629
C#CCC(CC(C)=O)c(c1)cccc1,0.802817964459765,0.8370252662879805
CC(=C2)CC(CC(=O)2)c(c1)cccc1,0.638115860105981,0.6264943884338832
CCCCCC(=C(C)C)O[Si](C)(C)C,0.9184311766888341,0.8728119209561033
CC(=C)CCC(CCC(C)=O)C(C)=O,0.22583650280306486,0.5626006014606321
CC(=C)CC(C)C(C1)C(=O)CCC1,0.36029437991808816,0.5384121716171065
COCc(c1)c(ccc1)C[Si](C)(C)C,0.3427857815890482,0.43356575760340077
C=C(Cc(c1)cccc1)O[Si](C)(C)C,0.8698370429848836,0.8401761205606921
C=CCC(OC)C=Cc(c1)cccc1,0.5110658125851583,0.5025403296572747
CC(=C)C(C)C(=O)c(c1)cccc1,0.5781696046712186,0.4822906224942141
CCCCCCCCO[Si](C)(C)C,0.7749657407150575,0.7147320428789129
CCCCCCC(C)O[Si](C)(C)C,0.8813454435807314,0.80814692134713
CCCCCC(C)=NC(C)(C)C,0.8742609172527557,0.8989672435469989
OCc(c1)c(ccc1)C[Si](C)(C)C,0.6862819256873761,0.7251092046248926
CC(C)[Si](C)(C)[Si](C)(C)O[Si](C)(C)[Si](C)(C)C(C)C,0.793764506400653,0.8765300244747226
O=C(C1)C(C)(C2)C(C)(C)C([H])(C2)1,0.6988399210193091,0.8053881298582843
[H]C(C)(N)c(c1)cccc1,0.7881161888225475,0.8637384814374287
C=CC(=O)OC,0.6662901141391314,0.689571170631106
OC(=O)CNC(=O)c(c1)ccc(C)c1,0.8776954449260762,0.8103477135030324
OC(=O)CNC(=O)c(c1)cc(C)cc1,0.5810097910259122,0.6550733134544823
OC(=O)CNC(=O)c(c1)c(C)ccc1,0.5613226445063252,0.5737672186755779
OC(=O)CNC(=O)c(c([2H])1)c([2H])c([2H])c([2H])c([2H])1,0.27410239331948755,0.4709068646927689
OC(=O)CNC(=O)c(c1)cccc1,0.7181925304127864,0.729731216962147
OC(=O)CNC(=O)Cc(c1)cccc1,0.6450388012918576,0.5861426781449759
COC(=O)C#Cc(c1)cccc1,0.8622630314172484,0.9027626661563022
COC(=O)C([H])(C1)C([H])(CCC1)C(=O)OC,0.6612150926202967,0.8142406580743426
COC(=O)C=Cc(c1)ccc(C)c1,0.8211092386741301,0.8352471552666662
O=Cc(c1)ccc(c1)C(=O)OC,0.8174905916032511,0.8730741875197645
COC(=O)CC(=CC(=O)OC)C(=O)OC,0.11421431130964899,0.1962628232266299
COC(=O)CC(C(=O)OC)c(c1)cccc1,0.6119920701376541,0.7611820107019822
COC(=O)C([H])(C1)C(C)(C)C(C)(C1)C(=O)OC,0.6771182748328881,0.8043876967882029
OCCSC,0.7695084169332211,0.7941601335701868
COC(=O)CC(C)(CC)CC(=O)OC,0.7237964127216031,0.8346369479169065
COC(=O)Cc(c1)ccc(C)c1,0.7615952632421411,0.827969787806269
COC(=O)CCC(C1)CCCC1,0.7185115897747404,0.7436624230837403
COc(c1)ccc(c1)C(=O)OC,0.844240202583773,0.8847485961754049
COC(=O)C(C1)C(CC=C1)C(=O)OC,0.7693017962542582,0.8475505401925643
COC(=O)Cc(c1)c(c2)c(ccc2)cc1,0.7716975510438473,0.7892435098678459
COC(=O)Cc(c1)c(ccc1)C(=O)OC,0.7476297544233669,0.7956020692977409
COC(=O)CC(C1)CCCC1,0.6932450581955122,0.7703601515677929
COC(=O)CC(C1)CCC1,0.8198777802164569,0.8531100277960969
CCCC(CCC)C(=O)OC,0.5763844451301208,0.7560459246103906
COC(=O)C(C1)CCC1,0.6404096072745691,0.7545524088941399
COC(=O)CCc(c1)cccc1,0.8122032155527115,0.8667187913984803
COC(=O)C(C)c(c1)cccc1,0.7123921402492207,0.7381728726822039
COC(=O)C(C1)CC=CC1,0.6692550921456134,0.7859739390763282
COC(=O)C(C(=O)OC)Cc(c1)cccc1,0.8543469959639739,0.8565815312542351
COC(=O)C(C1)CCCC1,0.6865160943483977,0.7963327990418867
CCOc(c1)c(ccc1)C(=O)OC,0.6055233045652441,0.7697693104956064
CCCCCc(c1)ccc(c1)C(=O)OC,0.7187246683949498,0.8088706541091305
CCCCc(c1)ccc(c1)C(=O)OC,0.7588706824959615,0.8397524098342338
COC(=O)c(c1)ccc(c1)C(C)(C)C,0.6948588414549814,0.7931036578885359
CCCc(c1)ccc(c1)C(=O)OC,0.44031596286901586,0.6633412931797125
COC(=O)c(c1)cc(C)cc(C)1,0.7570994043972581,0.794542622360992
COC(=O)c(c1)c(C)ccc1,0.8111009657052184,0.8603182083491998
COC(=O)c(c1)cccc1,0.812763682053268,0.8643370989593459
COC(=O)c(c1)cc(C)c(C)c1,0.7393955670990278,0.8107863406722758
COC(=O)c(c1)c(C)ccc(C)1,0.8335890365441812,0.8543260606965705
O=C(OC)C1=CC=C(C=C1C)C,0.829990968730649,0.8732428356380393
COC(=O)c(c1)cc(C)cc1,0.7779489560415168,0.8212807121422774
COC(=O)c(c1)ccc(C)c1,0.800396460119498,0.8408019119960983
C=CCCCCCCCCC(=O)OC,0.7086146926370983,0.8354421014307272
CCCCCCCCC=CCCCCCCCCCCCCCC(=O)OC,0.7374968884907549,0.7593995340438657
CCCCCCCCC=CCCCCCCCCCCCC(=O)OC,0.7543365838933342,0.8128738888998717
CCCCCCCCCCCCCCC=CCCCC(=O)OC,0.7896971216557767,0.8095724192872038
CCC=CCC=CCC=CCCCCCCCC(=O)OC,0.7203640371117621,0.7723095426776742
CCCCCC=CCC=CCCCCCCCC(=O)OC,0.7097924426662092,0.7275373152987947
CCCCCC=CCC=CCCCCCCCC(=O)OC,0.7213097469763686,0.7436015881886306
CCCCC=CCCCCCCCC(=O)OC,0.7937584458802173,0.8722072457124872
CCCCCCC=CCCCCCCCC(=O)OC,0.7376298686579419,0.8402394124762605
CCCCCCC=CCCCCCCCC(=O)OC,0.7793576625628603,0.8177035299305981
COC(=O)CCCCCCCCCCCCCCCCCC(C)C,0.7667445953358734,0.8037462676523554
COC(=O)CCCCCCCCCCCCCCCCC(C)C,0.7534851409107508,0.8178226605800305
COC(=O)CCCCCCCCCCCCCCCC(C)C,0.7467391235925216,0.7615963516936244
COC(=O)CCCCCCCCCCCCCCC(C)C,0.6965283651711017,0.7257527637698594
COC(=O)CCCCCCCCCCCCCC(C)C,0.7284429927991202,0.7523155304330758
COC(=O)C(C)=CC=C(C)C(=O)OC,0.3503533820752015,0.6169017536758781
COC(=O)C=Cc(c1)cccc1,0.8857442815303139,0.8991296208053616
COC(=O)CC=CCC(=O)OC,0.7618241030329371,0.7885312048427647
c([Sn](c(c4)cccc4)(c(c3)cccc3)c(c2)cccc2)(c1)cccc1,0.32757194476635454,0.4300965997308298
c(c3)ccc(c3)[Sn](Cl)(c(c2)cccc2)c(c1)cccc1,0.40566208642523954,0.5211699918901933
CCCC[Sn](CCCC)(CCCC)OC(C)=O,0.19407934764789064,0.2140883590153272
CCCC[Sn](CCCC)(CCCC)CCCC,0.23762529309099822,0.23350423368407647
CCCC[Sn](Cl)(CCCC)CCCC,0.18418083734433377,0.24886016170982417
CCCC[Sn](F)(CCCC)CCCC,0.18509193269919505,0.3698649849209431
CC[Sn](CC)(CC)CC,0.0756038883594627,0.09979800566031945
COC(=O)CCCCCCCCCCCCC(C)C,0.6650793093687668,0.7341458725342964
COC(=O)CCCCCCCCCCCC(C)C,0.7434638323159781,0.7535316290364013
COC(=O)CCCCCCCCCCC(C)C,0.6748877679998166,0.7395934087985242
COC(=O)CCCCCCCCCC(C)C,0.6215200471515144,0.7005404137088777
COC(=O)CCCCCCCCC(C)C,0.7855937816200123,0.7510716595475025
CCCCCC(C)CCC(=O)OC,0.7028847872921321,0.7894649812040408
COC(=O)c(c1)c(c2)c(ccc2)cc1,0.7211593438463639,0.8344681757437435
CCCCOc(c1)ccc(c1)C(=O)OC,0.8023984266427491,0.8253007148633733
Oc(c(C(c(c4[2H])c(c(c([2H])c4[2H])[2H])[2H])C)1)c(C(c(c3[2H])c(c(c([2H])c3[2H])[2H])[2H])C)cc(C(c(c2[2H])c(c(c([2H])c([2H])2)[2H])[2H])C)c1,0.14958101895417217,0.23257313722679954
c(c4)c(ccc4)C(c(c2)c(c(cc(C(c(c3)cccc3)C)2)C(c(c1)cccc1)C)O)C,0.6090971837537874,0.5937619783356184
[2H]c(c([2H])3)c([2H])c([2H])c(c([2H])3)C(C)c(c2)c(O)c(cc2)C(C)c(c([2H])1)c([2H])c([2H])c([2H])c([2H])1,0.36423782202343125,0.39914350873877896
c(c3)ccc(c3)C(C)c(c2)c(O)c(cc2)C(C)c(c1)cccc1,0.5692301949557986,0.6051856885786987
COC(=O)c(c1)c(C(=O)OC)c(c2)c(ccc2)c1,0.8181248992045425,0.8009351845396417
[H]C(N=1)=NC(N1)NC(=O)C(F)(F)C(F)(F)F,0.7010525149213328,0.8416778702527927
O=C(Nn(c1)cnn1)C(F)(F)C(F)(F)F,0.7248621992581271,0.7719502117460724
c(c2)ccc(c2)SSc(c1)cccc1,0.7417369388257898,0.8133272692789014
COC(=O)c(c(OC)1)c(c2)c(ccc2)cc1,0.5901430280949811,0.600531880216952
Oc(c2)ccc(c2)C(C)c(c([2H])1)c([2H])c([2H])c([2H])c([2H])1,0.5151997728468949,0.5620959437959369
COC(=O)c(c1)c(O)c(c2)c(ccc2)c1,0.7880594834546504,0.8223627610166617
Oc(c2)ccc(c2)C(C)c(c1)cccc1,0.7146804963808977,0.6233372074931173
c(c3)cc(s1)c(c3)c(c2)c(ccc2)1,0.7983333696153723,0.738233343918425
O=C(Nn(c1)cnn1)C(F)(F)F,0.5256648270536384,0.7089323742979319
C1=NNC(=N1)NC(=O)C(F)(F)F,0.6380374329336707,0.659349383367366
NCCNCCNCCN,0.6645194524652622,0.7721276960537689
CC(=O)OCOc(c1)cccc1,0.8784692162924247,0.8995016310206029
CCOC(=O)C=CC(=O)OCC,0.9067711103284519,0.864127289213013
CCOC(=O)Cc(c1)cccc1,0.8014827474500262,0.8138863011798871
CCCCCOC(C)=O,0.7329564076006363,0.8284756319587033
COCCOC,0.8188684264746684,0.8402397961431957
CCOC(=O)C=C,0.81324759307201,0.7518548824276492
O=C(C=C)C,0.7804291050592375,0.8268161521136896
CC(=C)C(=O)OC(C)c(c1)cccc1,0.8685228689902662,0.7213120246564804
[2H]C([2H])([2H])C(C([2H])([2H])[2H])OC(C)=O,0.5343298883684752,0.5211102010122006
[2H]C([2H])([2H])C(C)OC(=O)C(C)=C,0.8336708724776246,0.7647942894416596
CCCCCCC(C)=O,0.8527764343799564,0.8507803168702511
CC(C)C(C)=O,0.8086497302439024,0.8112290378351013
CCCCC(C)O,0.9221233132493543,0.8827626524112049
CNc(c1)c(C)ccc1,0.859316421815308,0.876386943480125
CCNc(c1)ccc(C)c1,0.7536629651668917,0.8404596519506011
CCNc(c1)cc(C)cc1,0.7847354138662761,0.8300424362476468
CCc(c1)ccc(N)c1,0.8195766224517292,0.8247285493866704
CCc(c1)cc(N)cc1,0.8234814554239239,0.8859848713195548
CNc(c1)cc(C)cc1,0.8764105964096062,0.892555515572974
O=CC=Cc(c1)cccc1,0.8719337961419167,0.8952363584358816
COC(=O)Cc(c1)cccc1,0.874451698016902,0.9133624336527291
CC(=O)OC(C1)CCCC1,0.8052601533296885,0.8018891515733138
CCc(c1)c(N)ccc1,0.5899255968621411,0.7475286466294379
CCNc(c1)cccc1,0.755967268529849,0.8462933528198143
CCNc(c1)c(C)ccc1,0.7447879775854884,0.8545124400689718
COCC(=O)OC,0.8247340016687136,0.656874884430872
CCCCOC(=O)CC,0.8878550995888754,0.8161055852788912
CCCCCCC=C,0.9112351464713954,0.8945877657265134
[2H]C([2H])([2H])OC(=O)CC(=O)OC([2H])([2H])[2H],0.15503334865752005,0.27301377539598076
COC(=O)CC(C)C,0.8574529014800817,0.8622859455638032
c(c1)coc1,0.7951589836652162,0.7886814423503351
CCOC(=O)C=CC(=O)OCC,0.6484256439469911,0.7750692590557092
CCCOCCC,0.8520472906059477,0.9100191244493822
O=COCC(C)C,0.7525927797257783,0.7679143776666942
CCCCOC=O,0.8375027718390038,0.8531378462376107
COC(=O)CC(C)=O,0.808586476925362,0.8234984947108869
ClC(Cl)Cl,0.8877747979508973,0.8510743801426753
COCC(O)=O,0.8307555859775998,0.6057661067544727
c(c1)cccc1,0.668965626279397,0.8079107359059612
ClC=C(Cl)Cl,0.8402740679864289,0.8788385447290487
Nc(c1)cccc1,0.7833193634174574,0.8549778769053898
CS(C)=O,0.7733357040891342,0.8802673550717907
COC(=O)C=CC(=O)OC,0.7258693183520224,0.7578905995369738
ClCCCl,0.6183587301213797,0.7396589538205759
COC(=O)C=CC(=O)OC,0.8580950654985555,0.8643766120989952
O=C=Nc(c1)cc(N=C=O)c(C)c1,0.6941848231698893,0.7844207404803888
N#Cc(c1)c(C=O)ccc1,0.8135033920066053,0.8680145517105938
O=Cc(c1)c(C=O)ccc1,0.7957602394682415,0.8554653781718797
OC(=O)C(C)(C)O,0.8693578277366257,0.8490106969549892
Cc(c1)cc(N)cc1,0.7381240689632109,0.8142804079176795
O=C(N1)NC(=O)C(=C1)C(C)(C)C,0.6591341695012164,0.7111369030378333
CN(C)c(n1)ncc(c1)[N+1]([O-1])=O,0.6985640545594745,0.7634574542382195
CC(C2)N(C(=O)1)C(CC2)=NC=C1,0.4048754792632018,0.6588950772144582
CN(C)c(n1)ncc(Cl)c1,0.7526894128098421,0.8595318994502116
c(c2)ccc(c2)c(n1)nccc1,0.7479516147618849,0.8550680932045307
CC(=O)C(=C(O)1)C(O)=NCN1,0.6526043774106067,0.7126434420213796
NC(=O)c(c(O)1)c(O)ncn1,0.5743191093553115,0.6931315543603054
COc(n1)ncc(c1)[N+1]([O-1])=O,0.4452417599922221,0.7316425417249074
N#CC(C(=O)1)=C(Cl)N=CN1,0.5867969893602553,0.7751200001820735
CC(=O)C(=C(O)1)C(=O)NC=N1,0.7398394280877131,0.8237737411881919
COc(n1)ncc(Cl)c1,0.6190216135216987,0.7528948237695703
COc(c1)cnc(OC)n1,0.7850339382411451,0.8677436633760771
O=Cc(c(O)1)c(O)ncn1,0.8607239627459898,0.8676988074781464
COc(n1)ncc(C)c1,0.6808373359504472,0.8131030351851433
CN(C)c(c1)cncn1,0.6104145843102016,0.785758679300803
CN(C)c(n1)nccc1,0.8575159012368084,0.9262060099776988
CC(=O)c(c1)cncn1,0.8346508540367218,0.8553491545401877
Nc(n1)[n+1]([O-1])ccc1,0.5930256062562402,0.749410507656285
COc(c1)cncn1,0.7365270250890957,0.7416052859738114
COc(n1)nccc1,0.7506660775935403,0.8678385708493834
[O-1][N+1](=O)c(c1)ccc(c1)[Si](C)([Si](C)(C)C)[Si](C)(C)C,0.8021877364214851,0.7027787141749615
[O-1][N+1](=O)c(c1)ccc(c1)[Si](C)([Si](C)(C)C)[Si](C)(C)C,0.8021877364214851,0.7027787141749615
[O-1][N+1](=O)c(c1)cc(cc1)[Si](C)([Si](C)(C)C)[Si](C)(C)C,0.7695440908830861,0.8378780479262072
[O-1][N+1](=O)c(c1)ccc(c1)[Si](C)(C)[Si](C)(C)[Si](C)(C)C,0.6938689290409613,0.6290441539344507
[O-1][N+1](=O)c(c1)cc(cc1)[Si](C)(C)[Si](C)(C)[Si](C)(C)C,0.6299628036188568,0.545849905438204
[O-1][N+1](=O)c(c1)ccc(c1)[Si](C)(C)[Si](C)(C)C,0.7701019387062934,0.8830059018435921
[O-1][N+1](=O)c(c1)cc(cc1)[Si](C)(C)[Si](C)(C)C,0.7773076074105979,0.8318222666650181
[O-1][N+1](=O)c(c1)ccc(c1)[Si](C)(C)C,0.8144346287084554,0.8407132445148546
C=CC[Si](C)(C)Cc(c1)cccc1,0.8313704291473637,0.8136220679164021
O=C(C(C)(C)1)C(C)(C)CC(=CC1)C[Sn](C)(C)C,0.16798471637289275,0.302146600550582
C=CC(C[Si](C)(C)C)(C1)C(C)(C)C(=O)C(C)(C)1,0.8431950254760566,0.7560839931564372
C[Si](C)(C)CC(=C1)CC(C)(C)C(=O)C(C)(C)C1,0.8855792348296484,0.773654411100651
C[Si](C)(C)CC(C1)C(C)(C)C(=O)C(C)(C)1,0.8898380547935295,0.8542141988554642
C=CCC(C)(C)C(=C(C)C)O[Si](C)(C)C,0.4655976139178424,0.4792970478343317
C=CCC(C)(C)C(=C)O[Si](C)(C)C,0.6594519210702622,0.7653096875162864
CCC=CC(=C(C)C)O[Si](C)(C)C,0.6331781276427757,0.6558869430708794
C=CCC(C)(C)C(=O)C(C)C,0.7563919734709361,0.7408581933059251
C=CC(=C)CC(C)(C)C(C)=O,0.7878070315673076,0.8596766954446596
C=CC(=C)CCC(=O)C(C)C,0.8635840388362206,0.8202361296099894
C=CCC(C)(C)C(C)=O,0.7960331027216511,0.8354539825774069
C=CCCC(=O)C(C)C,0.8469739799963757,0.879611151146303
CC(C)(C)c(c1)cc(C(C)(C)C)c(c1C(C)(C)C)[Si](F)(F)C(C)(C)C,0.8689592457349707,0.9188928323280073
CC(C)(C)c(c1)cc(C(C)(C)C)c([Si](F)(F)F)c1C(C)(C)C,0.8558180034104024,0.9175108679400973
C[Si](C)(C)C(O)c(c1)ccc(c1)[Si](C)(C)[Si](C)(C)C,0.9034605650850053,0.9046911197170766
CC(C)(C)[Si](F)(F)C([Si](C)(C)C)([Si](C)(C)C)[Si](C)(C)C,0.866746580666136,0.8933988034484035
CC(=O)C(C)(C1)CC=C(C1)C[Si](C)(C)C,0.8748630914393944,0.7363733649581916
CC(=O)c(c1)ccc(c1)[Si](C)(C)[Si](C)(C)C,0.7602787695435136,0.8553287238302695
CN(C)N=CC(C1)CC=C(C1)C[Si](C)(C)C,0.7670883166560626,0.7399337825397259
C[Si](C)(C)[Si]([Si](C)(C)C)([Si](C)(C)C)[Si](C)(C)C,0.5313577778372183,0.6454575370960177
ClC[Si](C)(C)N(c(c1)cccc1)[Si](C)(C)C,0.8365710224420392,0.8187058628173647
C=C(C1)CC(C)(C)C(=O)C(C)(C)C1,0.8595710751434554,0.8786068792179997
C=CC(=C)CC(C)(C)C(=O)C(C)C,0.3550117367331636,0.5208756748064709
c(c2)ccc(c2)[SiH2]c(c1)cccc1,0.5302602249588954,0.6921656867795885
c(c2)ccc(c2)N=Nc(c1)cccc1,0.8797129113517355,0.9124859175250666
FC(F)(F)[Si]([Si](C)(C)C)([Si](C)(C)C)[Si](C)(C)C,0.8083960246816089,0.8515064473547775
c(c1)ccc(c1)N(C)[Si](C)(C)C,0.7166514753297807,0.783069211477584
ClC[Si](C)(C)N(C)c(c1)cccc1,0.8590850231629741,0.8832471432447858
C=C(C1)CCC(C)(C1)C(C)=O,0.8061845041612845,0.8357671739055079
c(c2)cc(C1)c(c2)[Si](C)(C)O1,0.8692847571943344,0.8976539388940548
C[Si](C)(C)C#C[Si](C)(C)C,0.7705156779433568,0.7703078017906825
C=CC(=C)C[Si](C)(C)C,0.8480124306851973,0.8621253987151781
C=CCCC(=O)C(C)(C)Br,0.887251637845142,0.7680765468796439
c(c1)ccc(c1)[Si](C)(C)Cl,0.7427975900587269,0.8344091591127017
CN(C)N=C(C1)CCC1,0.8386161238328615,0.8080375162684728
C[SiH2]c(c1)cccc1,0.7026021634160172,0.7936107320387368
C[Si](C)(C)[Si](C)(C)C,0.8558678766582892,0.878104301901434
CC[SiH](C)CC,0.7904425114180101,0.8297390292843942
C[SiH](C)[SiH](C)C,0.8801277022655347,0.9182421012877096
CO[Si](OC)(OC)OC,0.7117219852731854,0.8001133358810921
C[Si](C)(Cl)[Si](C)(C)Cl,0.7408022605598309,0.7264123866151457
C[Si](C)(C)OC(=O)c(c21)c(c3)c(ccc3)cc(cccc2)1,0.7263534587037989,0.7102969777686263
O=C(CCCCC(=O)O[Si](C)(C)C)O[Si](C)(C)C,0.6726609248659869,0.5490839954593139
CCCCCCCCCCCCC(=O)O[Si](C)(C)C,0.6611205082845604,0.6243532218799274
c(c2)ccc(c2)C(c(c1)cccc1)C(=O)O[Si](C)(C)C,0.7416786479944694,0.6685402392640727
C[Si](C)(C)OC(=O)C(c21)c(c3)c(ccc3)c(cccc2)1,0.8469727825006865,0.7540511799713371
c(c2)ccc(c2)C(C(C1)CCC1)C(=O)O[Si](C)(C)C,0.6669397748455732,0.5515663396718833
O=C(CCCC(=O)O[Si](C)(C)C)O[Si](C)(C)C,0.5775228072910893,0.5555408124526554
COc(c1)cc(CC(=O)O[Si](C)(C)C)c(OC)c1,0.8382439158964554,0.8204871386157312
O=C(O[Si](C)(C)C)C1=CC=C(OCCCC)C=C1,0.47349318356003955,0.619468394282706
CCCCCc(c1)ccc(c1)C(=O)O[Si](C)(C)C,0.6904548597128467,0.7085945219435335
O=C(CCC(=O)O[Si](C)(C)C)O[Si](C)(C)C,0.523854168126602,0.5244881397329768
O=C(O[Si](C)(C)C)Cc(c1)c(c2)c(ccc2)cc1,0.5690270202912232,0.6364433523794716
C=CCCCCCCCCC(=O)O[Si](C)(C)C,0.6884152750724959,0.568924103229693
COc(c1)c(OC)cc(c1)C(=O)O[Si](C)(C)C,0.679496423799201,0.6672395799950869
COc(c1)ccc(c1)C=CC(=O)O[Si](C)(C)C,0.6893952612500968,0.6697792654317118
COc(c1)cc(cc1)C=CC(=O)O[Si](C)(C)C,0.7877401947955112,0.7350291999948835
CC(C)(C)c(c1)ccc(c1)C(=O)O[Si](C)(C)C,0.8352325376744221,0.8281225270585146
CCCCc(c1)ccc(c1)C(=O)O[Si](C)(C)C,0.8926819493934471,0.8768133776789748
O=C(CC(=O)O[Si](C)(C)C)O[Si](C)(C)C,0.7104958792083533,0.43828399812065666
CC(C)CCCCCCC(=O)O[Si](C)(C)C,0.7104119682535974,0.7376736737993931
CCOc(c1)c(ccc1)C(=O)O[Si](C)(C)C,0.8645073577426513,0.826965812312796
CCC(c(c1)cccc1)C(=O)O[Si](C)(C)C,0.8491548934352982,0.7819836781484821
Cc(c1)ccc(c1)C=CC(=O)O[Si](C)(C)C,0.7331524285902167,0.7173020466903315
O=C(CCC(C1)CCCC1)O[Si](C)(C)C,0.7426116956539064,0.6132550578602906
COc(c1)ccc(c1)C(=O)O[Si](C)(C)C,0.8134513467054048,0.8068720934686964
COc(c1)c(ccc1)C(=O)O[Si](C)(C)C,0.6207864338298067,0.7607456081601652
Cc(c1)cc(c(C)c1)C(=O)O[Si](C)(C)C,0.7045411591434032,0.673452525038792
O=C(CCc(c1)cccc1)O[Si](C)(C)C,0.6069395512450405,0.5646377720087751
Cc(c1)ccc(c1)CC(=O)O[Si](C)(C)C,0.7532630268069993,0.7373972814302601
c(c1)ccc(c1)C(C)C(=O)O[Si](C)(C)C,0.7636397289832568,0.7336246432449862
O=Cc(c1)ccc(c1)C(=O)O[Si](C)(C)C,0.9017117341093246,0.8512486507415458
O=C(C=Cc(c1)cccc1)O[Si](C)(C)C,0.8022257230193102,0.769726305091615
O=C(CC(C1)CCCC1)O[Si](C)(C)C,0.6963228816820145,0.7383589090800909
O=C(CC(C1)CCC1)O[Si](C)(C)C,0.7856584700726055,0.6576919603796276
C(C1)CCC(C1)C(=O)O[Si](C)(C)C,0.7169212545934105,0.5922961217256193
C(C1)=CCC(C1)C(=O)O[Si](C)(C)C,0.8504733979736043,0.7990665040266725
C(C1)C=CC([H])(C4)C(C(C3([H])C4)([H])CCC(C3([H])2)(C)C([H])(CC2)C(CCCC(C)C)([H])C)(C)1,0.8708224203784289,0.8215846444888399
C(C3([H])4)(C)(C([H])(CC4)C(CCCC(C)C)([H])C)CCC(C3([H])1)([H])C(C)(C2)C(C=CC2)=CC1,0.8910270841021924,0.9025569656245999
C(C([H])41)([H])(C(C([H])3CC4)(C)CCCC3)CCC(C)(C(C(C)CCCC(C)C)2)C1([H])CC2,0.9093137792181194,0.941662217275024
COc(c3)cc(c(c3)2)C(C=N2)(C1)C(=C)N(C1)C(=O)C(F)(F)F,0.6100413761971291,0.7570854515468362
C(C(C([2H])([2H])[2H])([2H])CCCC(C)C(C1)C(C)(C4)C(C(C([H])2C4)([H])CCC([H])(C3)C2(C)CCC3([H])O)([H])C1)([2H])([2H])[2H],0.7095403316257015,0.7049701207890996
C(C([H])41)([H])(C(C)(C([H])3CC4)CCC(C3)([H])O)CCC(C)(C(C(C)CCCC(C)C)2)C1([H])CC2,0.9395695262760342,0.9384963850278042
O(C1CC2=CCC3C(CCC4(C)C(CCC34)C(C)CCC(CC)C(C)C)C2(C)CC1)[Si](C)(C)C,0.8422138299024928,0.7746457494555122
C(CC([H])(C)C(C)C)C(C(C4)(C(C)(C3(C4)[H])CCC([H])(C31[H])C(C2)(C(CC([H])(O[Si](C)(C)C)C2)=C([H])C1)C)[H])([H])C,0.8420623704797121,0.8186380775329859
C[Si](C)(C)OC([H])(C1)CCC(C([H])42)(C1=C([H])CC2(C(C3(C)CC4)([H])CCC3([H])C(C)CCCC(C)C)[H])C,0.8711062220393756,0.9033931146713049
C(C14)CC(C(CCC(C34)C(C)(C(=CC3)2)CCC(OC(=O)C(C(C(F)(F)F)(F)F)(F)F)(C2)[H])1C)C(CCCC(C)C)C,0.8502096195058443,0.8906636034907968
C(CC(OC(C(F)(F)F)C(F)(F)F)=O)C(C(C4)(C(C3(C4)[H])(C)CCC(C3([H])1)(C(C)(C2)C(CC(C2)OC(C(F)(F)F)=O)([H])C(C1)OC(=O)C(F)(F)F)[H])[H])([H])C,0.8670392208691524,0.9130348576874217
C(C(OC(C(F)(F)F)=O)3)(C(C(C(C4)(C3(CC(C4)OC(C(F)(F)F)=O)[H])C)2[H])(C(C1)(C(C)(CC2)C([H])(C1)C(CCC(=O)OC(C(F)(F)F)C(F)(F)F)([H])C)[H])[H])OC(C(F)(F)F)=O,0.835787272928361,0.9050085294736434
C(CC(OC(C(F)(F)F)C(F)(F)F)=O)C(C(C4)(C(C3(C4)[H])(C)CCC(C3([H])1)(C(C)(C2)C(CC(C2)OC(C(F)(F)F)=O)([H])C(C1)OC(=O)C(F)(F)F)[H])[H])([H])C,0.8356143118734398,0.9316791732100996
C(C4([H])1)CC(C(CCC([H])(C4([H])3)C(C([H])2CC3)(CCC(C2)OC(=O)C(F)(F)F)C)(C)1)([H])C(CCC(=O)OC(C(F)(F)F)C(F)(F)F)([H])C,0.9136890421300544,0.9206098927466475
C(C(OC(C(F)(F)F)=O)3)(C(C(C(C4)(C3(CC(C4)OC(C(F)(F)F)=O)[H])C)2[H])(C(C1)(C(C)(CC2)C([H])(C1)C(CCC(=O)OC(C(F)(F)F)C(F)(F)F)([H])C)[H])[H])OC(C(F)(F)F)=O,0.7672677001888676,0.764955709309781
C(C4([H])1)CC(C(CCC([H])(C4([H])3)C(C([H])2CC3)(CCC(C2)OC(=O)C(F)(F)F)C)(C)1)([H])C(CCC(=O)OC(C(F)(F)F)C(F)(F)F)([H])C,0.8982413492156581,0.8748252208519887
C(CC(C(OC)=O)O[Si](C)(C)C)CCCCCCCCCCCCCCCCCCCC,0.8152905625031011,0.8491992026905124
CCCCCCCCCCCCCCCCCCCCCC(C(=O)OC)O[Si](C)(C)C,0.8229725638445018,0.9135339177315267
CCCCCCCCCCCCCCCCCCCCC(C(=O)OC)O[Si](C)(C)C,0.8238647618373354,0.9114505685278991
CCCCCCCCCCCCCCCCCCCC(C(=O)OC)O[Si](C)(C)C,0.8487768002627616,0.9145404522634357
CCCCCCCCCCCCCCCCCCC(C(=O)OC)O[Si](C)(C)C,0.8277410041267643,0.9260913115845026
CCCCCCCCCCCCCCCCCC(C(=O)OC)O[Si](C)(C)C,0.813135650909755,0.8983546300603814
CCCCCCCCCCCCCCCCC(C(=O)OC)O[Si](C)(C)C,0.8303525042131626,0.8956647336578357
CCCCCCCCCCCCCCCC(O)CC(=O)OCC,0.8708255719153609,0.7577839490849656
C(C1(C)4)([H])(CC(O)CC4)CCC(C2([H])3)(C(C(C(C(C([H])(CC3)C([H])(C)CCC(=O)OC)2C)=O)([2H])[2H])1[H])[H],0.8047949155276072,0.8164985435011389
[H]C(C3)(C4([H])5)C([H])(CCC(C)(C(C(CCCC(C)C)C)CC5)4)C(C)(C(C23)(O2)1)CCC(C1)O[Si](C)(C)C,0.8179405095817237,0.8826858001757338
C(CCCCCCCC(OCCCCCCCCCCCCCCCCCC)=O)CCCCCCC,0.7649045042001119,0.5112472400684879
CCCCCCCCC=CCCCCCCCCCCO,0.8501412804983544,0.6660188606135942
CCCCCCCCCCCCC(=O)CC,0.8176358466653588,0.7417523207911311
CCCCCCCCCCCCC(O)CC,0.8049044815538717,0.8118639299397477
CCCCCCCCCCCCCCC(C)C(=O)OC,0.7511128373004402,0.722620328554706
CCCCCCCCC([H])=C([H])CCCCCCCC(=O)N(C1)CCC1,0.6696181260755539,0.7286597670551471
CCCCCCCCCCCCCCCCCC(=O)N(C1)CCC1,0.7413142549849343,0.7223978321350482
CCCCCCCCCCCCCCCCC(=O)N(C1)CCC1,0.7326435348477179,0.6555415415034068
CC(C)(C)O,0.854775819291206,0.8705025672473494
CCCCO,0.7410701734862658,0.7845141689631118
CCC(C)O,0.7245241325653112,0.7810435426366712
CCCC(O)=O,0.6822684767267118,0.8142768650302198
CCCC(C)C,0.7498241255072706,0.7869787417381804
CCCCCC(C)C,0.7108813132229125,0.6290604687343528
CC(N)=O,0.8789322918630584,0.8344955283978145
CCCCNCCCC,0.8276375107341573,0.8259108330294767
CCCCCCCCO,0.9319499973242068,0.8801960245652453
C(C1)CCCC1,0.6954606610780454,0.7096945565783341
CCCCCCOC(=O)c(c1)cccc1,0.8968649248673567,0.8452350537672983
COC(=O)c(c1)cc(cc1)C(=O)OC,0.7783958346239622,0.8774986392405807
COC(=O)c(c1)ccc(c1)C(=O)OC,0.7962423013060467,0.8861119826127258
OCC(C)O,0.8036617289711865,0.8215223127338444
CCCCCCCCCOC(=O)c(c1)cccc1,0.8978802202516742,0.903626436877115
CCCCCCCCCCCOC(=O)c(c1)cccc1,0.8851273139459052,0.8941308025985749
COC(=O)c(c1)c(ccc1)C(=O)OC,0.8783496559452769,0.89687357145049
OCCCO,0.7932579343124093,0.800880996093745
OCCCCCO,0.722791900188405,0.7755317244201514
OCCCCO,0.6256297686738796,0.643418517852789
NCCO,0.7406895910708448,0.6752460437497598
COC(=O)CCCC(=O)OC,0.737742223662746,0.797572928378113
COC(=O)CCCCC(=O)OC,0.8232973220475763,0.8554657012523951
COc(c1)ccc(N)c1,0.7832449126654368,0.815560221697561
COC(=O)CCC(=O)OC,0.6806728403583644,0.7025601061568412
CC(O)CCC(C)O,0.7845595246146133,0.7100818032704416
COC(=O)CC(=O)OC,0.7724109939330855,0.7696745078568232
COc(c1)cccc1,0.8095684996640375,0.8903260100523382
O=Cc(c1)ccc(OC)c1,0.7878054813356118,0.8516069733397682
CCCCOC(=O)CCC,0.8697056565539851,0.8693047749579962
CCCCOC(=O)C(C)O,0.7719691167067314,0.7529023962836168
C(C2)CCC(C2)NC(C1)CCCC1,0.5758193611027215,0.6609452298935412
CCCCCl,0.70431620242656,0.6925252657813926
CCCCCOC(=O)c(c1)cccc1,0.9105536822811515,0.884954102116613
CCCCOC(=O)C([H])=C([H])C,0.8654551381097841,0.827108250548312
COc(c1)c(N)ccc1,0.8339154747811637,0.844341488757907
CC(C)CC(=O)c(c1)cccc1,0.9025764586606233,0.889543090333969
CC(C)CC(C)O,0.7841766511736303,0.8622177213540255
CC(C)C(C)O,0.8194401105726764,0.8854106384467526
CCCC(C)O,0.7815943098088852,0.8554817862004511
OCCC(C)C,0.8607137564694702,0.8686393944922772
CN(C)C(C)=O,0.7185134203852164,0.7841813816418957
OC(C1)CCCC1,0.7076771125374299,0.8155276276880448
CCC(O)CO,0.737332223471081,0.7580697495846956
O=C(C1)OCC1,0.7449803160969312,0.7699589761541094
CC(C)CC(=O)CC(C)C,0.860738233220643,0.8127290993052586
CC(C)CCC(C)=O,0.8288825376890535,0.839685393500199
CCC(=O)CC,0.951558873200834,0.9360442526100623
O=C(C1)CCCC1,0.7592386384725431,0.8128823482970446
CCCCC(C)=O,0.8155824908437908,0.8425747548418475
CCC(C)=O,0.7731370332995734,0.8355698117934817
CC(C)CC(C)=O,0.8593167571599817,0.8513516460301747
CCCC(C)=O,0.8552989482316113,0.8442204612616289
CCC(N)CO,0.7723681792054659,0.8045667389064697
CCC(=O)OC,0.7865975072363769,0.8023238085793163
NCCCO,0.5941411532914324,0.7427242238183356
CCOC(C)=O,0.7092581813994475,0.6415024258987674
N#Cc(c1)ccc(c1)C(=O)OC(C)C,0.7409405364576168,0.8163811365285063
C(C1)COC1,0.6602681142970807,0.6774284346361662
N#Cc(c1)ccc(c1)C(=O)OC(C([2H])([2H])[2H])C([2H])([2H])[2H],0.28167627866946593,0.46237696237408515
COc(c1)cc(cc1)C(=O)OCC(C)C,0.866808195059545,0.8643740684205574
CC(C)COC(=O)c(c1)cc(cc1)[N+1]([O-1])=O,0.7756487749173337,0.866818418391608
N#Cc(c1)cc(cc1)C(=O)OCC(C)C,0.8934141004823357,0.9052376654403973
[O-1][N+1](=O)c(c1)ccc(c1)C(=O)Cl,0.7660623200982546,0.7288958324239149
CCC#N,0.6422957848416437,0.8095491700382718
Cc(c1)cncc1,0.8538897314138288,0.9272415335728658
CCOCCOC(C)=O,0.7928368352206179,0.8361340438305345
CC(=O)C(C)(C)C,0.8466719942401865,0.8881977725440902
COCCOC(C)=O,0.8622072218227343,0.7769877574418923
CCOCCOCC,0.818075593543029,0.8226437048725154
CC(=C)c(c1)cccc1,0.8597594031185906,0.8863546753441787
CC(=O)CC(C)=O,0.8482412615750735,0.8261931526862178
CCCOCCO,0.7913314873918749,0.750285782321781
CCCCCOC(C)=O,0.9157652811126635,0.9032204509526118
CCCCC(CC)COC(=O)C(C)=C,0.8481014060628518,0.8728113273808468
C=CCOC(=O)C(C)=C,0.9247046314544118,0.7895164620147541
CCCCCCOC(=O)C(C)=C,0.8715185941883895,0.8429622685400079
CC(=C)C(=O)OC(C)(C)C,0.8700819119781853,0.8015120261989829
CC(C)COC(=O)C(C)=C,0.8216618646713572,0.7993668299312732
CCCCOC(=O)C(C)=C,0.8608053320186665,0.8316379647529597
CC(C)OC(=O)C(C)=C,0.86940809823989,0.7873332761840924
CCOC(=O)C(C)=C,0.8533903691485002,0.8466904356831173
CC(=C)C(O)=O,0.7613148223614097,0.823229518921981
CC(C)Cc(c1)cccc1,0.8260302308107097,0.8510333632630366
CC(C)c(c1)cccc1,0.72550945094865,0.7833150180594544
CCCCc(c1)cccc1,0.8087528252459801,0.8162219975757636
CC(C)CCOC(=O)c(c1)cccc1,0.8484431572766362,0.8615232228271411
CCCc(c1)cccc1,0.7849798733863426,0.8104895824434235
CCc(c1)cccc1,0.7475634458737515,0.8088783252743701
N#Cc(c1)ccc(c1)[N+1]([O-1])=O,0.8769784721033597,0.9089290282916294
[O-1][N+1](=O)c(c1)ccc(I)c1,0.854364640679241,0.9177115266028495
[O-1][N+1](=O)c(c1)ccc(Br)c1,0.877878581674559,0.9138995423351252
[O-1][N+1](=O)c(c1)ccc(Cl)c1,0.8433542933922025,0.9273358891793753
COC(=O)C(C)=C,0.7602688376764446,0.8401781744690602
CCCCCC(=O)c(c1)cccc1,0.8676646446009361,0.813843256294971
CCCCC(=O)c(c1)cccc1,0.8539245987672278,0.8215586735506473
CC(C)C(=O)c(c1)cccc1,0.7368981152421047,0.6660210207487587
CCCC(=O)c(c1)cccc1,0.8061219537820358,0.8090310194070816
CCC(=O)c(c1)cccc1,0.8312708887579997,0.8287304583794055
CC(=O)c(c1)cccc1,0.7745159170003251,0.8516628921456956
O=Cc(c1)ccc(c1)[N+1]([O-1])=O,0.792458219782516,0.8901645702451754
O=Cc(c1)cc(cc1)[N+1]([O-1])=O,0.7407984724097079,0.8667051153200959
CC(=O)c(c1)ccc(c1)[N+1]([O-1])=O,0.7361323448897601,0.8224377413882071
CC(=O)c(c1)cc(cc1)[N+1]([O-1])=O,0.7881196839447031,0.8282968495084426
[2H]C([2H])([2H])C([2H])(O)C([2H])([2H])[2H],0.5052573920900533,0.4780480490703744
[2H]C([2H])([2H])C([H])(O)C([2H])([2H])[2H],0.47826011050110645,0.4838060219940208
[2H]C(C)(C)O,0.1859642960882764,0.5355982201289862
CCc(c1)ccc(c1)[N+1]([O-1])=O,0.7900552020292684,0.8910771050686185
[O-1][N+1](=O)c(c1)ccc(c1)[N+1]([O-1])=O,0.8679116560299256,0.8640410848250614
CCOc(c1)ccc(c1)[N+1]([O-1])=O,0.8358337759704567,0.8561586415540501
COc(c1)ccc(C)c1,0.8440363341811044,0.8990431757013134
N#Cc(c1)c(C)ccc1,0.8171140998692059,0.8648432370420563
CCOC(=O)c(c1)ccc(OC)c1,0.8098472845651125,0.8613386307550459
CCCCCCCC=CC,0.8619541056759521,0.8756847013458089
CCCCCCCCCCCCCCCCCC,0.812052108917678,0.5833675235901548
CCCCCCCCCCCCCCCC,0.8042018874516459,0.7327497846905551
Cc(c(C)1)c(=O)c(C)c(C)c(=O)1,0.7775347901134825,0.9033163410148634
c(c3)cc(c1)c(c3)c(c2)c(ncc2)c1,0.8387903903966037,0.9127625798773369
c(c3)cc(c1)c(c3)nc(c2)c(ccc2)1,0.841415270305512,0.8759053975533606
Nc(c2)ccc(c2)c(c1)cccc1,0.8573290237129038,0.8746082793491596
Cc(c2)cc(c1)c(c2)nc(C)c1,0.8369953743364178,0.9090339955530153
Cc(c1)nc(c2)c(ccc2)c(C)1,0.9076253821853197,0.9467802988836983
Cc(c1)c(c2)c(ccc2)nc1,0.932950865634968,0.9558912109851864
Cc(c1)nc(c2)c(ccc2)c1,0.8795880405156881,0.932467706483765
c(c2)cc(n1)c(c2)ncc1,0.8822420975375849,0.9220130129303085
c(c2)cc(c1)c(c2)cnc1,0.9099567966386289,0.9465428484840547
c(c2)cc(c1)c(c2)ncc1,0.8564507124228317,0.9063895118825979
Cc(c1)cc(N)cc(C)1,0.8288652285904458,0.8926876787447459
Nc(c1)cc(C)c(C)c1,0.9030966995103575,0.9269349259589045
Cc(c1)c(N)c(C)cc1,0.8632293009802182,0.9208435478640642
Cc(c1)cc(N)c(C)c1,0.9180520541339082,0.9418324624625127
Cc(c1)cc(C)c(N)c1,0.8825592725773679,0.9300186561607725
Cc(c1)c(C)c(N)cc1,0.9075683759792212,0.943210979204736
c(c1)nccn1,0.7519528440066792,0.8204004754385968
Cn(c1)ccc1,0.9127939140303819,0.9189184366867297
[O-1][N+1](=O)c(c3)c(c(=O)1)c(cc3)c(=O)c(c2)c(ccc2)1,0.526457424340876,0.6779997771963541
[O-1][N+1](=O)c(c2)c(c1cc2)c(ccc1)[N+1]([O-1])=O,0.779640992380069,0.8627989099711414
[O-1][N+1](=O)c(c2)c(c1)c(cc2)c(cc1)[N+1]([O-1])=O,0.8420391912353054,0.8817092318493627
[O-1][N+1](=O)c(c3)cc(C1)c(c3)c(c2)c(ccc2)1,0.8618650149688584,0.8797008617426246
[O-1][N+1](=O)c(c1)c(c3)c(c(cc3)2)c(CC2)c1,0.8882221772417174,0.929255689163216
[O-1][N+1](=O)c(c2)cc(cc2)c(c1)cccc1,0.8138443413257548,0.8565867117773929
[O-1][N+1](=O)c(c2)c(ccc2)c(c1)cccc1,0.8346524184254389,0.8836903414769663
[O-1][N+1](=O)c(c1)cc(c2)c(ccc2)c1,0.8920898470192881,0.9087964096217964
[O-1][N+1](=O)c(c1)c(c2)c(ccc2)cc1,0.823681995296486,0.8799546704490026
Cc(c1)cc([N+1]([O-1])=O)c(c1)[N+1]([O-1])=O,0.8030164178517735,0.8692012371600308
[O-1][N+1](=O)c(c1)c(C)c(cc1)[N+1]([O-1])=O,0.7462610153832471,0.8334330080215301
[O-1][N+1](=O)c(c1)cc([N+1]([O-1])=O)c(C)c1,0.7837533906995308,0.8484192209852457
[O-1][N+1](=O)c(c1)ccc(c1)[N+1]([O-1])=O,0.7058825945703902,0.8012146488424322
[O-1][N+1](=O)c(c1)cc(cc1)[N+1]([O-1])=O,0.7749884321455011,0.8874376062999396
c(c6)cc(c(c6)5)c(c4)c(c15)c(c3c4)c(c2cc3)c(ccc2)c1,0.7611218516459536,0.8501993169681317
c(c5)cc(c1)c(c5)cc(c32)c1c(c4)c(c(cc4)ccc3)2,0.8049967365494022,0.8171896413452362
c(c5)cc(c1)c(c5)c(c4)c(c(cc4)2)c1c(c3)c(ccc3)2,0.8168427651877437,0.8582152546079118
c(c5)cc(c4)c(c5)c(c1)c(c34)c(c2cc3)c(ccc2)c1,0.8330462338221041,0.8675198709088137
c(c5)cc(c21)c(c54)c(ccc4)c(c3)c(c(cc3)ccc2)1,0.8431888465698468,0.8241885004515631
c(c4)cc(c(c4)1)c(c3)c(ccc3)c(c2)c(ccc2)1,0.7930903245288734,0.7763336376738739
c(c4)cc(c3)c(c4)cc(c13)c(c2)c(ccc2)cc1,0.7548900861600819,0.7813756325936714
c(c4)cc(c(c4)1)c(c3)c(c2cc3)c(ccc2)1,0.7489569708548909,0.8494992793251029
c(c4)cc(c3)c(c41)c(c2c3)c(ccc2)cc1,0.8094402951723307,0.833757383960332
Cc(c3)cc(c1)c(c3)c(c2)c(ccc2)c1,0.8228840380974317,0.8152648379635454
c(c3)cc(c1)c(c3)cc(c2)c(ccc2)1,0.8193818297459359,0.8180705614944694
c(c3)cc(c1)c(c3)c(c2)c(ccc2)c1,0.8002796024178088,0.8423729136120384
c(c3)cc(o1)c(c3)c(c2)c(ccc2)1,0.8805669629833491,0.8884411664362337
c(c3)cc(C1)c(c3)c(c2)c(ccc2)1,0.8391658037314457,0.8718311074546845
Cc(c2)cc(c1)c(c2)cc(C)c1,0.8373262435347126,0.8637328537621902
Cc(c1)c(C)cc(c2)c(ccc2)1,0.8614254703174737,0.8826523706781357
Cc(c1)cc(c(C)2)c(ccc2)c1,0.8207461698187226,0.8876915807947026
Cc(c1)c(C)c(c2)c(ccc2)c1,0.8666961627325899,0.9101910786887621
c(c3)cc(C1)c(c32)c(ccc2)C1,0.8961967642165206,0.8793391039935906
c(c2)ccc(c2)c(c1)cccc1,0.8867998828646627,0.9168995071828927
c(c3)cc(C=1)c(c32)c(ccc2)C1,0.9239118326336748,0.9051157410070331
Cc(c1)cc(c2)c(ccc2)c1,0.7163863260043981,0.8436541624677654
Cc(c1)c(c2)c(ccc2)cc1,0.8090577508256012,0.81003874285343
C(=C2)C=CC(=C1)C(=C2)C=C1,0.8946360471466038,0.8582656854498815
c(c2)cc(c1)c(c2)ccc1,0.8935341254569085,0.899236202803044
CC(=C)C(C1)CC(O)C(C)=C1,0.7568142402045092,0.8959290812583137
CC(=C)C(C1)CC(O)C(C)=C1,0.774849757382337,0.9111733927910683
CC(=C)C(C1)CC(O)C(C)C1,0.9162821464342793,0.8891209587969712
CC(C)C(C1)CC(O)C(C)C1,0.8349672528382711,0.8858474207559448
COC(=O)CNC(=O)C([H])(C)NC(=O)C([H])(C)NC(=O)CNC(C)=O,0.45523294818885346,0.2910982734183327
OCCc(c1)cccc1,0.8535642006601,0.8356692607822623
CCCCCCCCC=C,0.9422046253658148,0.9307743747303291
CCCCCCC=C,0.9097712802968076,0.923441333663524
C(C1)CCCCCCCCCC1,0.9201086447213309,0.9125203160825694
C(C1)CCCCC=CCCCC1,0.9247339212669567,0.919742930862646
C(C1)C=CCCC=CCCC=C1,0.7457802392031965,0.6808394887404289
C(C1)C=CCCC=C1,0.8041162481004696,0.7717199351156512
C(C1)CC=CC=CC1,0.892259208636995,0.9162135380182715
C(C1)CCC=CCC1,0.8897461247432576,0.8715441843891203
C(C1)CCCCCC1,0.8717872639194718,0.842551439006516
C(C=1)C=CC=CC1,0.7441056327362309,0.8008844567993035
C(C2)CCC(C2)c(c1)cccc1,0.8851880695188636,0.9188109484004489
C(C1)CC=CC1,0.8425617862050688,0.8941453566445932
C(C1)CCCC1,0.3835549514847306,0.6011638922223379
OC(C1)CCCCCCCCCC1,0.9143150678137578,0.8864147054928907
OC(C1)CCC1,0.6622775603618555,0.7515829433739794
O=C(C1)CCCCCCCCCC1,0.8479151533066192,0.882809830382929
O=C(C1)CCCC1,0.8081984916745544,0.8442881913694165
O=C(C1)CCC1,0.7467179886407891,0.8424300224026816
CC(C)c(c1)ccc(C(C)C)c1,0.797802102028343,0.8725740475398406
CCC(C)(C)c(c1)cccc1,0.8050675392199405,0.8574103433570417
CC(C)c(c1)ccc(C)c1,0.7584803577492164,0.8248655239336284
CC(C)(C)c(c1)cccc1,0.8300143522866829,0.8489717617974464
CCC(C)c(c1)cccc1,0.7189443311855787,0.8245243340692892
CC(C)Cc(c1)cccc1,0.8358428908636854,0.8813394856449994
CCCCc(c1)cccc1,0.8326800418516844,0.8510692821341486
Cc(c1)cc(C)c(C)c1,0.7945103712050865,0.8604588144489264
CC(C)c(c1)cccc1,0.7177962725102923,0.8103006539586037
CCCc(c1)cccc1,0.8033127513041582,0.8212146173299759
Cc(c1)ccc(C)c1,0.7928081063307924,0.8904673713624374
Cc(c1)cc(C)cc1,0.8041346021671588,0.8981702786803977
Cc(c1)c(C)ccc1,0.45580868570702315,0.7475478991952709
CC(=O)Oc(c1)cccc1,0.7589639904251496,0.8224191064621651
CC(=O)OC(C1)CCCC1,0.8011166882341413,0.8531751833248256
CCCCC(CC)COC(C)=O,0.870721455620343,0.8685636548296001
CCCCCCCCOC(C)=O,0.9175808356300286,0.8899784873337065
CCCCCCOC(C)=O,0.8964731745563748,0.8810043213151693
CC(C)CCOC(C)=O,0.8775846412907556,0.8973361716251538
CCCCCOC(C)=O,0.9201412884261231,0.9009039238676295
CC(=O)OC(C)(C)C,0.8956125772454713,0.9309712372453324
CCC(C)OC(C)=O,0.7128735645509969,0.814525455037349
CC(C)COC(C)=O,0.7210368271101014,0.7580962254624298
CCCCOC(C)=O,0.8028756926357213,0.8278223083119053
CC(C)OC(C)=O,0.8436089278191626,0.8283956937802415
CCCOC(C)=O,0.7260670311975604,0.6448760176244174
CCOC(C)=O,0.6017613933006054,0.533246917676652
COC(C)=O,0.7790309354065111,0.8137389295991985
CCC(=O)OCc(c1)cccc1,0.8498380652281164,0.9170943134981787
N#CCc(c1)cccc1,0.7394120338390872,0.8572634033699094
OCc(c1)cccc1,0.7111429061331382,0.8530669786216859
NCc(c1)cccc1,0.7539299968793045,0.8508817147354563
O=C(Oc(c2)cccc2)c(c1)cccc1,0.920828155691185,0.9067049593883766
O=C(OCc(c2)cccc2)c(c1)cccc1,0.824443306655604,0.7191182085907545
CCCCCOC(=O)c(c1)cccc1,0.9049838781968782,0.9066649095840802
CCCCCCOC(=O)c(c1)cccc1,0.6188032829949252,0.5440663406533119
CCCOC(=O)c(c1)cccc1,0.8051154043234156,0.8461393747401194
c(c2)ccc(c2)COCc(c1)cccc1,0.7166224151998739,0.7188962378343376
c(c2)ccc(c2)Oc(c1)cccc1,0.8557822020358515,0.892872432038424
CCCCCCOCCCCCC,0.8608507461326822,0.8116275923845806
CC(C)CCOCCC(C)C,0.9279591615291487,0.8515458639208199
CC(C)COCC(C)C,0.8274517430022884,0.7538438427387453
CCCCOCCCC,0.8630816828891413,0.8075066570038412
CC(C)OC(C)C,0.7026470971787255,0.7634738250808201
CCCOCCC,0.8369466497234417,0.8035598829638386
CCC(=O)OCC(C)C,0.8636626687528209,0.7850316894046635
CCC(=O)OC(C)C,0.8468137775526747,0.8381037951374961
CCCOC(=O)CC,0.8000969301475851,0.7689748701221154
CCOC(=O)CC,0.8434211527499398,0.8640566974765863
CCC(=O)OC,0.8259482528383587,0.8205259905494349
[2H]C([2H])([2H])C(=O)c(c1)cccc1,0.9420253433700929,0.9263929839803947
CC(=O)c(c1)cccc1,0.8493800414027123,0.9123179758242631
CCCCCCCCCC=O,0.901610553162071,0.9078491067784499
CCCCCCCCC=O,0.8972818223717469,0.8838670654855769
CCCCCCCC=O,0.86278925868365,0.880959281327245
CCCCCCC=O,0.8206788506394644,0.8705410902579042
CCCCCC=O,0.7700424969115769,0.8093791619477131
O=CCC(C)C,0.872076996742654,0.8985832588040444
CCCCC=O,0.5893877551463863,0.7635238187873005
O=CC(C)C,0.8644775815292404,0.8295444871239023
CCCC=O,0.8333176342838894,0.8555684877642955
CC(O)c(c1)cccc1,0.8203475816994734,0.8732425326684248
COC(C)(C)OC,0.7243144165052174,0.8220680578904147
COC(C)OC,0.7724915287293004,0.7160492513142548
COCCOC,0.8384215773272089,0.8486862146608163
COCOC,0.875110677053333,0.7371711543010673
CC(C)(C)CC([Si](C)(C)C)[Si](C)(C)C,0.6855531694397056,0.6524674000492572
CC(C)(C)C=C([Si](C)(C)C)[Si](C)(C)C,0.8688003678841975,0.9327046714396521
CC[Si](CC)(CC)C=CC(C)(C)C,0.8930230079322057,0.9387008090727297
CC[Si](CC)(CC)C=C[Si](C)(C)C,0.9020573704612539,0.9027349533888894
C(C1)CC=C(C1)[Si](C)(C)C,0.7779204112104584,0.6996289954964139
C[SiH](C)C=CC(C)(C)C,0.6221437203830114,0.8160301614817786
C[Si](C)(C)C(C1)=CCC1,0.5456479319869771,0.7612584575664736
CC[Si](C)(CC)CC,0.9078143712099963,0.8992233053185882
Cc(c(C)3)cc(c21)c(c3)[Si](C)(C)[Si](C)(C)c(cc(C)c(C)c2)1,0.837723757425124,0.8898126542206072
c(c4)ccc(c4)[Si](C)(c21)c(c3)c(ccc3)c(cccc2)1,0.8846115687200062,0.8656911005523965
c(c3)cc(c21)c(c3)[Si](C)(C)[Si](C)(C)[Si](C)(C)c(cccc2)1,0.40883102086674267,0.5354548877152456
c(c3)cc(c21)c(c3)[Si]([Si](C)(C)C)([Si](C)(C)C)c(cccc2)1,0.8696796818144545,0.9068823670602861
Cc(c(C)3)cc(c21)c(c3)[Si](C)(C)c(cc(C)c(C)c2)1,0.7669732682520758,0.775413749385512
c(c3)cc(c21)c(c3)[Si](C)(C)O[Si](C)(C)c(cccc2)1,0.77474922494382,0.8311931693839878
c(c3)cc(c21)c(c3)[Si](C)([Si](C)(C)C)c(cccc2)1,0.8631503183581396,0.9177507459670493
c(c3)cc(c21)c(c3)[Si](C)(C)[Si](C)(C)c(cccc2)1,0.89761129899455,0.9354660780931683
c(c3)cc(c21)c(c3)[Si](C)(C)c(cccc2)1,0.874457118680413,0.8690135446789038
CC(C)[Si](C)(C(C)C)N(C)[Si](C)(C(C)C)C(C)C,0.7197514379699979,0.8290086139997292
c(c1)ccc(c1)N(C)[Si](C)(C)C(C)(C)C,0.8182291488760598,0.8301817123538029
c(c1)ccc(c1)N([Si](C)(C)C)[Si](C)(C)C,0.8923238645028568,0.8207448682176408
CN[Si](C)(C(C)C)C(C)C,0.8421029552345494,0.8392804048855238
CC(C)[SiH](C)C(C)C,0.8804355450432677,0.8685314323322539
CC(C)[Si](C)(Cl)C(C)C,0.8976125430806067,0.8854078389253
CNc(c1)cccc1,0.9092604817871456,0.9262952232690721
Cc(c1)cc(C)c(c(C)1)[Si](C)(Cl)Cl,0.8676072179173505,0.92755353243409
C[Si](C)(C)C([Si](C)(C)C)[Si](C)(C)C,0.5741458269523129,0.5907806978025656
C[Si](C)(C)[Si](Cl)([Si](C)(C)C)[Si](C)(C)C,0.8214628975550772,0.8526958485150046
C[Si](C)(C)C[Si](C)(C)C,0.588899588798841,0.696352740300521
C[Si](C)(C)C(Cl)[Si](C)(C)C,0.7875748681083516,0.7094158023877404
C[Si](C)(C)C(Cl)(Cl)[Si](C)(C)C,0.7296274764639786,0.42892014986142823
C[Si](C)(C)[Si](C)(C)Cl,0.7549255286586685,0.7711455735642181
c(c3)ccc(c3)[SiH](c(c2)cccc2)c(c1)cccc1,0.6497534320566394,0.7088566268643994
c(c2)ccc(c2)[SiH](C)[SiH](C)c(c1)cccc1,0.868923136751066,0.8896611966863331
[H]C(CC([H])=C([H])I)=C([H])I,0.704876434559968,0.8996680361172608
CC(=C)c(c1)ccc(c1)[Si](C)(C)[Si](C)(C)C,0.8650731582039756,0.821436801160869
O=Cc(c1)ccc(c1)[Si](C)(C)OC(C)(C)C,0.8689149961619007,0.8683782822123544
C[Si](C)(C)C(O1)c(c2)c(ccc2)[Si](C)(C)1,0.9150634097304127,0.9214656442937571
O=Cc(c1)c(ccc1)[Si](C)(C)[Si](C)(C)C,0.8911635238436515,0.8512849823457533
O=Cc(c1)ccc(c1)[Si](C)(C)[Si](C)(C)C,0.856876988157721,0.8849671814452624
CC(=C)c(c1)ccc(c1)[Si](C)(C)OC,0.7758860474334897,0.689441105317074
CC(=C)c(c1)ccc(c1)[Si](C)(C)C,0.7632686303306483,0.7728485873047388
CC(=C)c(c1)ccc(c1)[SiH](C)C,0.670962882734205,0.7091566177302215
COc(c1)ccc(c1)[Si](C)(C)OC,0.8204891424441367,0.8204025174882652
COc(c1)ccc(c1)[Si](C)(C)C,0.7887517419230122,0.7791748637404525
COc(c1)ccc(c1)[SiH](C)C,0.8289553296341841,0.8526320253345538
CO[Si](C)(C)c(c1)cccc1,0.8728903646437787,0.8396951372209218
COc(c1)ccc(c1)[Si](C)(C)Cl,0.6528884282278137,0.7466419294103556
C[SiH](C)c(c1)cccc1,0.6658387194471179,0.7108955203463406
CC(C)(C)O[Si](C)(C)C,0.8068679512926988,0.8016866290021153
C[Si](C)(C)O[Si](C)(C)C,0.809886854594959,0.8293960637971788
c(c2)cc(C1)c(c2)[Si](C)(C1)[Si](C)(C)C,0.8461128695454384,0.8866310529872745
C[SiH](Cl)CCc(c1)c(Cl)ccc1,0.48083469299747306,0.6421694130214786
ClCCc(c1)c(Cl)ccc1,0.8651839612515994,0.8800441785118971
CC(C)(C)C([H])=C([H])[Si](C)(C)C,0.7371236334535861,0.7899599877177348
C[Si](C)(C)C(=C)[Si](C)(C)C,0.7146937680661742,0.7933691263131059
C[SiH](C)C([H])=C([H])[Si](C)(C)C,0.8858440487862874,0.892800120250811
[H]C([Si](C)(C)C)=C([H])[Si](C)(C)Cl,0.6544088068193925,0.8656483263993309
CC(=C)C(C)=C,0.7918852076540337,0.7825938253314433
C=1C(=CC(=CC1C(C)(C)C)C(C)(C)C)C(C)(C)C,0.794350485370581,0.7084202704685616
CC(C)(C)c(c1)cc(cc1C(C)(C)C)[Si](C)(C)C,0.8854801257598159,0.805081378390887
CC(C)(C)c(c1)cc(cc1)C(C)(C)C,0.7368906881112806,0.7633543077266272
CC(C)(C)c(c1)ccc(c1)C(C)(C)C,0.7586019749206359,0.8215412508397463
[O-1][N+1](=O)c(c1)cc(cc1C(C)(C)C)C(C)(C)C,0.7894844443287559,0.8029170792317079
CC(C)(C)c(c1)cc(cc(Br)1)C(C)(C)C,0.7850216914995363,0.8446629910628399
CC(C)(C)Nc(c1)cccc1,0.8266602755719047,0.9136822894440397
O=C=Nc(c1)cccc1,0.716464515214465,0.8382093721658792
c(c1)(cc(c([Si](O)(F)c(c2C(C)(C)C)c(cc(C(C)(C)C)c2)C(C)(C)C)c1C)C)C,0.8136165011420349,0.8223410524590477
c(c1)(cc(C)c([Si](F)(F)c(c2C(C)(C)C)c(cc(C(C)(C)C)c2)C(C)(C)C)c1C)C,0.7478149912629523,0.8818174436429334
FCO[SiH](C(C)(C)C)c(c1C(C)(C)C)c(cc(C(C)(C)C)c1)C(C)(C)C,0.811535154294819,0.8784870141215548
CC=C([Si](C)(C)C)[Si](C)(C)C,0.8397035152372723,0.8607888810692587
CC(=C)[Si](C)(C)C,0.8710125122806228,0.8570261921960152
c(c3)ccc(c3)C(=C(c(c2)cccc2)1)[Si](C)(C)[Si](C)(C)[Si](C)(C)1,0.7647534724476912,0.8762962813507282
c(c3)ccc(c3)C([Si](C)(C)1)=C(c(c2)cccc2)[Si](C)(C)O1,0.928421435867219,0.9094844958552307
ClC[Si](C)(C)C,0.569512331425937,0.6620928288624197
ClC[Si](C)(C)Cl,0.8277476347735885,0.7888446731671055
c(c1[Si](C(c(c5)cccc5)=3)(C(c(c4)cccc4)=C([H])C3[H])Cc(c2)cccc2)cccc1,0.871745022177637,0.89698581760246
c(c3)ccc(c3)C(=C([H])1)[Si](C)(C)C(c(c2)cccc2)=C([H])1,0.8189598791882864,0.836173184941433
CC(C)c(c1)cc(C(C)C)c(c(C(C)C)1)[Si](F)(F)C(C)(C)C,0.7739303585768098,0.9082249025154354
CCCCN(c(c1)cccc1)[Si](C)(C)C(C)(C)C,0.8346824146115575,0.8530249395224159
c(c1)ccc(c1)N([Si](C)(C)C(C)(C)C)[Si](C)(C)C(C)(C)C,0.8478897558273746,0.8447597789607858
c(c1)ccc(c1)N[Si](C)(C)C(C)(C)C,0.8131460819412729,0.8244521954905123
CCN(c(c1)cccc1)[Si](C)(C)C(C)(C)C,0.849382564684251,0.7973189281754465
ClC[Si](C)(C)N(C1)c(c2)c(ccc2)C1,0.7779793403217664,0.8495797695453123
c(c2)cc(C1)c(c2)N([Si](C)(C)C)[Si](C)(C)1,0.8553415457674832,0.8731074915922341
c(c2)cc(C1)c(c2)N(C)[Si](C)(C)1,0.8720092729985405,0.8818833789941117
CC(C)(C)[Si](C)(C)Cl,0.6854913900626487,0.7803820480348226
c(c1)ccc(c1)C#C[Ge](C)(C)[Si](C)(C)C,0.8608882496768928,0.9183709428709654
c(c1)ccc(c1)C#C[Si](C)(C)[Ge](C)(C)C,0.7860996917140545,0.9249934884541662
[SiH3][SiH2]c(c(C)1)c(C)c(C)c(C)c(C)1,0.24984289544555813,0.49392863794427844
c(c1)ccc(c1)[Ge](C)(C)[Si](C)(C)C,0.5197967531976866,0.7408075002260673
c(c1)ccc(c1)C#C[Si](C)(C)C,0.7860061122778274,0.7667086047972257
C[Si](C)(C)[Ge](C)(C)O[Ge](C)(C)[Si](C)(C)C,0.4750236197743208,0.2578838299061664
C[Si](C)(C)[SiH]([Si](C)(C)C)[Si](C)(C)C,0.7492886272676292,0.8555883972284903
CC(C)(C)C#C[Si](C)(C)C,0.6955156303982601,0.7766229851310793
C[Si](C)(C)C([H])=C([H])[Ge](C)(C)C,0.8361055614189534,0.9147262398411425
c(c1)ccc(c1)[Ge](C)(C)Cl,0.874661010620478,0.8879994182064341
[H]C(C)=C([H])[Si](C)(C)C,0.8639523386354052,0.8204420558367864
CCCCOC(=O)c(c1)ccc(N)c1,0.8547741712679269,0.8679902421572258
OC(=O)c(c1)c(N)ccc1,0.6905262736853183,0.8315025692837255
Cc(c1)c(N)ccc1,0.7747852431213765,0.838058532841878
Cc(c1)ccc(N)c1,0.7288089885785904,0.8011106886943891
CCCCCCCCCCCO,0.9247138189255129,0.8847974006843013
CCCCCCCCCCO,0.9196306889040802,0.8882256780871558
CCCCCCCCCO,0.9136885633527182,0.8626242887789692
CCCCCCCO,0.7724542726356284,0.750398371830991
CC(C)COC(=O)c(c1)c(ccc1)C(=O)OCC(C)C,0.8640654925390273,0.8116889862349901
c(c1)ccc(c1)S(=O)(=O)Cl,0.8342244044208134,0.7948987228507578
Nc(c1)c(c2)c(ccc2)cc1,0.7748193835741117,0.7838555604498784
[2H]C([2H])([2H])OC(=O)c(c1)ccc(c1)C(=O)OC([2H])([2H])[2H],0.3795522060783019,0.6040070005393622
[2H]C([2H])([2H])OC(=O)c(c1)cc(cc1)C(=O)OC([2H])([2H])[2H],0.1894692235891814,0.3716269933214863
[2H]C([2H])([2H])OC(=O)c(c1)c(ccc1)C(=O)OC([2H])([2H])[2H],0.0999720740557571,0.23309861151722566
Cc(c1)ccc(O)c1,0.8236789858217765,0.8544413148718454
CCCOC(=O)c(c1)ccc(N)c1,0.8203259728893085,0.8305977098360989
O=C(Oc(c2)cccc2)c(c1)cccc1,0.8746535947934596,0.8292477800204088
CCCCCCCCOC(C)=O,0.8975736707784097,0.8526892111189133
CCCCOCCOC(C)=O,0.8425932871851707,0.8079113873178172
Oc(c1)cccc1,0.7136776550173558,0.7564695822062922
COc(c1)ccc(COC(C)=O)c1,0.7230757969947849,0.8162142326044072
CC(=O)OCc(c1)cccc1,0.819472495501687,0.9030065975149513
CC(=C)OC(C)=O,0.8192496422993509,0.8074409715809306
CC(=O)Oc(c1)ccc(C)c1,0.8198317410251408,0.854563873215119
CC(=O)Oc(c1)cc(C)cc1,0.8409864346323396,0.9004267073137342
CC(=O)Oc(c1)cccc1,0.7314122860370337,0.7897409638395063
CC(=O)Oc(c1)c(C)ccc1,0.790265847453177,0.8714976304473998
CCCCCCCOC(C)=O,0.8964223193272501,0.853882979355769
CCCCCCOC(C)=O,0.8870788511714133,0.88228353816752
CC(C)CCOC(C)=O,0.8367182765734785,0.8830202558685186
C=CCOC(C)=O,0.7615448522182479,0.829401576863013
CC(=O)OC(C)(C)C,0.8887001383911798,0.9320545874299437
CCC(C)OC(C)=O,0.6988336411390087,0.8131180910076867
CC(C)COC(C)=O,0.698933933828822,0.7512164325968852
CCCCOC(C)=O,0.7768355331940089,0.7892874348151262
CCCOC(C)=O,0.8046561864330993,0.7790838597638565
CC(C)OC(C)=O,0.8440742291075799,0.8463258619386398
Nc(c1)ccc(N)c1,0.8245552042246617,0.8433827472102555
Nc(c1)cc(N)cc1,0.8050888360567751,0.8833046375554158
Nc(c1)c(N)ccc1,0.7840798077696052,0.8236453024306822
CC(C)OC(=O)c(c1)c(ccc1)C(=O)OC(C)C,0.7994690911956015,0.7839111267783871
CCCCOC(=O)C(=O)OCCCC,0.9001549471455268,0.8182591965604242
NC(=O)c(c1)cccc1,0.6762816743336916,0.6965581680669493
CCCCCCO,0.8319092225657623,0.7197141264038915
NCCCCCCN,0.8006915904612448,0.6977057044971017
OCC(C)OCC(C)OCC(C)O,0.9060228853597407,0.8751288751096419
COCCOCCOCCO,0.8898073626642107,0.7110368052189419
CCOCCOCCO,0.7894758456710845,0.6566753705721744
c(c2)ccc(c2)Oc(c1)cccc1,0.8505252617907852,0.8585151168263465
CCN(CC)c(c1)cccc1,0.7915366931816271,0.8512388555486247
[2H]C([2H])([2H])C([2H])(C([2H])([2H])[2H])OC(=O)c(c1)cccc1,0.7384096299161488,0.623957744811004
CCCCN,0.7548497150639365,0.608635055747865
CCC(O)C(O)=O,0.7935993290653602,0.7430580267480619
Cc(c1)cc(cc1)C(=O)Cl,0.8499783851531075,0.8152561561052943
CCC(C)Cl,0.7154516937487678,0.730823954051276
OCc(c1)cccc1,0.6979116094779336,0.8491339854763192
CCC(C)(C)O,0.874192622772799,0.8734357415312117
OCC(C)C,0.6702817347397415,0.7583691890907048
CCCCCO,0.8152992573609237,0.8445441988872993
COc(c3)cc(O2)c(c3)C([H])(O)C(C2)c(c1)cccc1,0.7770885021886709,0.8460904681376502
COc(c3)cc(O2)c(c3)C([H])(O)C(C2)c(c1)cccc1,0.8837415489185196,0.8695550990511074
COc(c3)cc(O2)c(c3)C([2H])(O)C(C2)c(c1)cccc1,0.5591820359785771,0.618334961582798
COc(c3)cc(O2)c(c3)C([2H])(O)C(C2)c(c1)cccc1,0.6175114373355589,0.6516474508493819
COc(c3)cc(O2)c(c3)C=C(C2)c(c1)cccc1,0.7576789888246288,0.8097757820025754
c(c3)ccc(c3)C(C1)C(=O)c(c2)c(ccc2)O1,0.6790101053033224,0.8026798977909835
COc(c3)cc(O1)c(c3)C([H])(O)CC([H])(c(c2)cccc2)1,0.4384331204922925,0.6125344683058862
COc(c3)cc(O1)c(c3)C([H])(O)CC([H])(c(c2)cccc2)1,0.5614093107742164,0.6891796696438266
c(c3)ccc(c3)C(O1)C([2H])([2H])C(O)c(c2)c(ccc2)1,0.3170455347086676,0.4838010775286627
CC(C1)Oc(c2)c(ccc2)C(O)1,0.6689107687252088,0.827823223677803
COc(c4)ccc(c4)C(C(=O)3)=C(O)c(c(O3)1)c(OC)c(C=2)c(OC(C)(C)C2)c1,0.5054315880368658,0.5298553518907644
[2H]C([2H])([2H])C(=O)OCCOC(=O)C([2H])([2H])[2H],0.05196297919703556,0.13685732330066364
CC(=O)OC(C(C)1)C(OC(C)=O)C(C(C)C)CC1,0.626261221941304,0.6072236065907239
CC(=O)OC(C1)C(CCC1)OC(C)=O,0.7377427905260697,0.5722714694145611
CC(=O)OC(C(C)(C)1)C(C)(C2)CC(C2)1,0.41403193404481375,0.6110950115420966
CC(=O)OC(C1)C(CCC(C)1)=C(C)C,0.5263110585230351,0.6541209596828191
CC(=O)OC(C1)C(=CCC(C)1)C(C)C,0.7185839070200326,0.6613598318962935
CC(=O)OC(C=1)C(CCC(C)1)C(C)C,0.29343725483729854,0.529937138593942
CC(=O)OC(C)(C)C#CC(C)(C)OC(C)=O,0.5489812861530662,0.48099970691724975
CC(C)=CCCC(C)(C=C)OC(C)=O,0.5021681218959065,0.5849635882220039
CC(C)=CCCC(C)=CCOC(C)=O,0.1993040113574428,0.43985867952212976
C=CC(C(C)C)OC(C)=O,0.6164655061484245,0.5438238496306582
CC(=O)OCCc(c1)cccc1,0.5417267129554637,0.6370285612872018
CC(=O)OCC(C)(C)C,0.7109065069459325,0.7052073500715812
CC(C)CCOC(C)=O,0.5907926241871888,0.5395127209410242
CCC(C)OC(C)=O,0.6167982595185755,0.5800940353322408
CC(C)COC(C)=O,0.6745301617794988,0.6584806041842137
CCCCOC(C)=O,0.7317673880096082,0.7363091355133502
CC(C)OC(C)=O,0.8377771676750639,0.843992096791746
CCCOC(C)=O,0.7442299037795937,0.5486874276378471
O=C(O1)C(=C)C([H])(C2)C([H])1CC(C)(C([H])(O)4)C2(O3)C(C)(CC4)3,0.14051995425821542,0.4046615563483157
[H]C(C)(C3)C(C1)C(C)(CC3)CC([H])(O2)C([H])1C(C)(O)C(=O)2,0.8632735822305785,0.9341138006468633
O=C(O1)C(=C)C([H])(C4)C([H])1CC(C)(C([H])43)C([H])(O2)C([H])(C(=O)C([H])(C)3)2,0.48643450969782487,0.7520436111905539
CC(C4)CC(C(C4)C(C)C)OC(=O)C(C(O)2)(C31)C(CCC3)(CC(CC)2)1,0.8600746450591227,0.8730925619186598
CC(C4)CC(C(C4)C(C)C)OC(=O)C(C(=O)2)(C31)C(CCC3)(CC(CC)2)1,0.8937210768271918,0.9067872534803898
CCC(CC(C2)=CCC2)C(=O)CC(=O)OC(C1)C(CCC(C)1)C(C)C,0.8379196206264512,0.8391148287544842
CCCC(=O)CC(=O)OC(C1)C(CCC(C)1)C(C)C,0.8998716945207185,0.9057813469225856
CCC(C1)C(O)C(C(=O)OC)(C32)C(CCC3)12,0.8197354424897564,0.8966872795464795
COC(=O)C(C(=O)2)(C31)C(CCC3)(CC(CC)(CC)2)1,0.4813399133277049,0.7256671041476321
CCC(C1)C(=O)C(C(=O)OC)(C32)C(CCC3)12,0.8518896681364556,0.8930341096995477
COC(=O)C(C(=O)2)(C31)C(CCC3)(CC2)1,0.8274593578432524,0.8945642246069048
COC(=O)CC(=O)CCC(C1)=CCC1,0.7143693662430085,0.806156984587185
OCC(C1)=C([H])CC1,0.653947711346865,0.8717592910018801
CC(=O)CCC([H])(C(C)(C)1)C([H])(C(=C([H])2)C(=C)CC2)1,0.8730992868458307,0.9344329195389001
CC(O)CCC(C(C)(C)1)C(C(=C2)C(=O)CC2)1,0.8534904071402841,0.896981782250436
COc(c2)cc(O1)c(c2)C(OC)=C(C)C(=O)1,0.8445572279923399,0.8845060457409796
COc(c2)cc(O1)c(c2)C(O)=C(C)C(=O)1,0.8425071457974036,0.837990728863713
COc(c1)c(C)cc(C=2)c(OC(=O)C2)1,0.8650443499719023,0.8847799352157204
CC(=O)Oc(c1)c(C)cc(C=2)c(OC(=O)C2)1,0.8471998772044166,0.8687044717838115
O=C(C=2)Oc(c1)c(C2)cc(C)c(O)1,0.8359864840553238,0.8827681042899508
COc(c2)cc(O1)c(c2)C(C)=CC(=O)1,0.8047282762502831,0.8223157967587865
CC(=O)Oc(c2)cc(O1)c(c2)C(C)=CC(=O)1,0.8190548472849761,0.8418369316037226
Oc(c2)cc(O1)c(c2)C(C)=CC(=O)1,0.7913358154498742,0.8342705207823271
COc(c1)cc(O2)c(C=CC(=O)2)c1,0.8865145761450215,0.8920924522471242
O=C(C=2)Oc(c1)c(C2)ccc(O)1,0.8839374721110834,0.8849165924575317
O=C(C=1)Oc(c2)c(ccc2)C1,0.8680584124515947,0.8809112695319633
Oc(c4)cc(O3)c(c(O)4)C(=O)C(=C([H])3)c(c2)cc(C1)c(c2)OC(C)(C)C1,0.6143881059336898,0.8227333668945698
CC(C)=CCc(c(O)3)cc(cc3)C(=C1)C(=O)c(c(O)2)c(cc(O)c2)O1,0.7380764055920618,0.7842089028432865
c(c23)cc(cc(OC=C(c(c4)cc(O5)c(CCC5(C)C)c4)C3=O)2)OCc(c1)cccc1,0.867134852038195,0.8423605724647121
Oc(c4)cc(O3)c(c4)C(=O)C(=C([H])3)c(c2)cc(C1)c(c2)OC(C)(C)C1,0.724604534777016,0.7856888937595444
c(c(CC=C(C)C)1)c(C(=C4)C(c(c2)c(O4)cc(OC(=O)c(c3)cccc3)c2)=O)ccc1O,0.6946217564984538,0.37766000169586134
CCCCOc(c1)ccc(c1)C(=O)O[Si](C)(C)C,0.47349318356003955,0.619468394282706
CCCCCc(c1)ccc(c1)C(=O)O[Si](C)(C)C,0.6904548597128467,0.7085945219435335
COc(c1)c(OC)cc(c1)C(=O)O[Si](C)(C)C,0.679496423799201,0.6672395799950869
O=C(CCCCC(=O)O[Si](C)(C)C)O[Si](C)(C)C,0.6726609248659869,0.5490839954593139
O=C(CCCC(=O)O[Si](C)(C)C)O[Si](C)(C)C,0.5775228072910893,0.5555408124526554
O=C(CCC(=O)O[Si](C)(C)C)O[Si](C)(C)C,0.530490580896657,0.5265616489937627
O=C(CC(=O)O[Si](C)(C)C)O[Si](C)(C)C,0.7104958792083533,0.43828399812065666
CC(C)CCCCCCC(=O)O[Si](C)(C)C,0.7104119682535974,0.7376736737993931
O=C(CCc(c1)cccc1)O[Si](C)(C)C,0.6069395512450405,0.5646377720087751
c(c1)ccc(c1)C(C)C(=O)O[Si](C)(C)C,0.7636397289832568,0.7336246432449862
C(C1)=CCC(C1)C(=O)O[Si](C)(C)C,0.8504733979736043,0.7990665040266725
CCOc(c1)c(ccc1)C(=O)O[Si](C)(C)C,0.8645073577426513,0.826965812312796
c(c2)ccc(c2)C(c(c1)cccc1)C(=O)O[Si](C)(C)C,0.7416786479944694,0.6685402392640727
c(c2)ccc(c2)C(C(C1)CCC1)C(=O)O[Si](C)(C)C,0.6669397748455732,0.5515663396718833
Cc(c1)ccc(c1)C=CC(=O)O[Si](C)(C)C,0.7331524285902167,0.7173020466903315
Cc(c1)ccc(c1)CC(=O)O[Si](C)(C)C,0.7532464319291264,0.7373705589897832
C(C1)CCC(C1)C(=O)O[Si](C)(C)C,0.7169212545934105,0.5922961217256193
CCCCc(c1)ccc(c1)C(=O)O[Si](C)(C)C,0.8926819493934471,0.8768133776789748
C[Si](C)(C)OC(=O)C(C1)=CC(O[Si](C)(C)C)C(O[Si](C)(C)C)C(O[Si](C)(C)C)1,0.46307725652452497,0.37090418839349226
CCC(c(c1)cccc1)C(=O)O[Si](C)(C)C,0.8491548934352982,0.7819836781484821
O=C(CC(C1)CCCC1)O[Si](C)(C)C,0.6963228816820145,0.7383589090800909
COc(c1)ccc(c1)C=CC(=O)O[Si](C)(C)C,0.6893952612500968,0.6697792654317118
O=C(CC(C1)CCC1)O[Si](C)(C)C,0.7856584700726055,0.6576919603796276
C=CCCCCCCCCC(=O)O[Si](C)(C)C,0.6884152750724959,0.568924103229693
C[Si](C)(C)OC(=O)c(c21)c(c3)c(ccc3)cc(cccc2)1,0.7263534587037989,0.7102969777686263
C[Si](C)(C)OC(=O)C(c21)c(c3)c(ccc3)c(cccc2)1,0.8469727825006865,0.7540511799713371
COc(c1)c(ccc1)C(=O)O[Si](C)(C)C,0.6207864338298067,0.7607456081601652
C[Si](C)(C)OC(=O)C(C1)C(C(=O)O[Si](C)(C)C)C(C(=O)O[Si](C)(C)C)C(C(=O)O[Si](C)(C)C)1,0.6857724125210308,0.326079762494995
c(O[Si](C)(C)C)(c2)ccc(c2)C(CCC(=O)O[Si](C)(C)C)(c(c1)ccc(O[Si](C)(C)C)c1)C,0.1971371983984034,0.15892033961993965
O=C(O[Si](C)(C)C)C(O[Si](C)(C)C)CCCCCCCCCCCCCCCCCCCC,0.802828125812384,0.7633454490747602
C[Si](C)(C)OC(=O)C(O[Si](C)(C)C)c(c1)cc(O[Si](C)(C)C)c(c1)O[Si](C)(C)C,0.7687527774094798,0.64719702826073
O=Cc(c1)ccc(c1)C(=O)O[Si](C)(C)C,0.9016826056932845,0.8512310185437811
C(CCCCCCCCC(=O)O[Si](C)(C)C)CCCCCCCC(=O)O[Si](C)(C)C,0.6588400761246003,0.4819011160815565
C[Si](C)(C)OC(=O)C(O[Si](C)(C)C)C(O[Si](C)(C)C)C(=O)O[Si](C)(C)C,0.6564953002552445,0.6566317812624811
C(CCCCCCCC(=O)O[Si](C)(C)C)CCCCCCC(=O)O[Si](C)(C)C,0.6701888896141538,0.5414343718434294
CC(C)CCCCCCCCCCCCCCCCCC(=O)O[Si](C)(C)C,0.7095604841892705,0.5249500664029257
O=C(C=Cc(c1)cc(O[Si](C)(C)C)c(c1)O[Si](C)(C)C)O[Si](C)(C)C,0.6724746859826748,0.608631640387949
O=C(O[Si](C)(C)C)CC(CC(=O)O[Si](C)(C)C)C(=O)O[Si](C)(C)C,0.6321568312607581,0.4987430429896219
O=C(O[Si](C)(C)C)CC(=CC(=O)O[Si](C)(C)C)C(=O)O[Si](C)(C)C,0.6862396637766307,0.4365697110123973
O=C(O[Si](C)(C)C)CC(=CC(=O)O[Si](C)(C)C)C(=O)O[Si](C)(C)C,0.3747517594192341,0.2537639797206459
C(CCCCCC(=O)O[Si](C)(C)C)CCCCCC(=O)O[Si](C)(C)C,0.6600157720360755,0.4930283488477476
C[Si](C)(C)OC(=O)c(c2)c(ccc2)c(c1)c(ccc1)C(=O)O[Si](C)(C)C,0.6249751756105195,0.6874611174113543
O=C(O[Si](C)(C)C)Cc(c1)c(ccc(O[Si](C)(C)C)1)O[Si](C)(C)C,0.7280645060470325,0.5675494656939694
O=C(O[Si](C)(C)C)Cc(c1)cc(O[Si](C)(C)C)c(c1)O[Si](C)(C)C,0.7934753855408769,0.6737728388010596
C[Si](C)(C)Oc(c1)ccc(c1)C(O[Si](C)(C)C)C(=O)O[Si](C)(C)C,0.8425665370452434,0.6993908481432713
CC(C)CCCCCCCCCCCCCCCCC(=O)O[Si](C)(C)C,0.7287453112817717,0.6482418394747235
O=C(O[Si](C)(C)C)CC(C)(CC(=O)O[Si](C)(C)C)O[Si](C)(C)C,0.7327074046849562,0.5297067994615701
C(CCCCCC(=O)O[Si](C)(C)C)CCCCC(=O)O[Si](C)(C)C,0.6207790377228699,0.4282420426014389
CC(C)C(C3)=CC(=C2)C([H])(C3)C(C)(C1)C([H])(C2)C(C)(CC1)C(=O)O[Si](C)(C)C,0.5341465292709492,0.5258694317926329
C(CCCC=CC(=O)O[Si](C)(C)C)CCCCC(=O)O[Si](C)(C)C,0.6035058910573127,0.49406330216908945
C[Si](C)(C)OC(=O)C(O[Si](C)(C)C)(c(c2)cccc2)c(c1)cccc1,0.7576542341511264,0.5503362811701036
C[Si](C)(C)OC(=O)c(c1)cc(O[Si](C)(C)C)c(c1)O[Si](C)(C)C,0.7143907588719056,0.7302365499756293
C[Si](C)(C)OC(=O)c(c1)c(O[Si](C)(C)C)c(cc1)O[Si](C)(C)C,0.6328768411643385,0.5741434933563033
COc(c1)cc(CC(=O)O[Si](C)(C)C)c(OC)c1,0.8382439158964554,0.8204871386157312
Cc(c1)cc(c(C)c1)C(=O)O[Si](C)(C)C,0.7045411591434032,0.673452525038792
CCCCCCCCCCC(O[Si](C)(C)C)C(=O)O[Si](C)(C)C,0.7011673195024761,0.5138422871559041
C(CCCCC(=O)O[Si](C)(C)C)CCCCC(=O)O[Si](C)(C)C,0.5825401200035093,0.5010889718495883
c(c2)ccc(c2)c(c1)c(O[Si](C)(C)C)c(cc1)C(=O)O[Si](C)(C)C,0.692731843354607,0.5336059611124533
O=C(O[Si](C)(C)C)CC(O[Si](C)(C)C)C(=O)O[Si](C)(C)C,0.6133622131570577,0.6112052257905907
C(CCCCC(=O)O[Si](C)(C)C)CCCC(=O)O[Si](C)(C)C,0.6972384909878336,0.6038629226728286
C[Si](C)(C)OC(=O)C(C1)C(C)(C)C(C)(C1)C(=O)O[Si](C)(C)C,0.6171157256542149,0.4458088060101049
COc(c1)c(O[Si](C)(C)C)c(OC)cc1C(=O)O[Si](C)(C)C,0.6961149523277708,0.6622678991555649
COc(c1)c(ccc(C=CC(=O)O[Si](C)(C)C)1)O[Si](C)(C)C,0.712447071125335,0.6982488180248384
O=C(O[Si](C)(C)C)CC(c(c1)cccc1)C(=O)O[Si](C)(C)C,0.7470655454965118,0.6162664229276374
c(c1)ccc(c1)CC(C(=O)O[Si](C)(C)C)C(=O)O[Si](C)(C)C,0.4102400594265687,0.29104996558786217
C(CCCC(=O)O[Si](C)(C)C)CCCC(=O)O[Si](C)(C)C,0.6939628800443343,0.5685365314213633
C[Si](C)(C)OC(=O)c(c1)c(O[Si](C)(C)C)cc(c2)c(ccc2)1,0.7088014479012801,0.6317236550121126
CCCC(CCC)(C(=O)O[Si](C)(C)C)C(=O)O[Si](C)(C)C,0.5342268047444579,0.46028694821987903
O=C(O[Si](C)(C)C)CC(C1)(CCC1)CC(=O)O[Si](C)(C)C,0.574101619572173,0.4201989844128765
CCCCCCCCCCCCCC(C)C(=O)O[Si](C)(C)C,0.7164467377213457,0.5292835389389049
COc(c1)c(ccc(CC(=O)O[Si](C)(C)C)1)O[Si](C)(C)C,0.694887469785208,0.6202736098400148
c(c1)ccc(c1)C(C(=O)O[Si](C)(C)C)C(=O)O[Si](C)(C)C,0.6854886365738553,0.5484587412731914
C[Si](C)(C)OCC(O[Si](C)(C)C)C(=O)O[Si](C)(C)C,0.48528447860177215,0.41950919754146315
O=C(CCCCCCC(=O)O[Si](C)(C)C)O[Si](C)(C)C,0.7324717969857524,0.629058341976317
C[Si](C)(C)OC(=O)C(C(C1)CCC1)C(=O)O[Si](C)(C)C,0.43150181008752464,0.41335014642672496
O=C(CC=CCC(=O)O[Si](C)(C)C)O[Si](C)(C)C,0.8464668704873181,0.5951434508162463
CCC(c(c1)cccc1)C(=O)O[Si](C)(C)C,0.7009476279271734,0.7011847427589148
COc(c1)c(ccc1C(=O)O[Si](C)(C)C)O[Si](C)(C)C,0.7183812747168841,0.7256278502570902
c(c1)ccc(c1)C(CO[Si](C)(C)C)C(=O)O[Si](C)(C)C,0.6832080997646487,0.5973104958808939
O=C(O[Si](C)(C)C)C=C(O[Si](C)(C)C)c(c1)cccc1,0.559209992600894,0.5308138674212641
O=C(C=Cc(c1)ccc(c1)O[Si](C)(C)C)O[Si](C)(C)C,0.6095897741774984,0.6203163190322184
O=C(CCCCCC(=O)O[Si](C)(C)C)O[Si](C)(C)C,0.7028038921236953,0.6239158596963225
Cc(c1)cc(O[Si](C)(C)C)c(c1)C(=O)O[Si](C)(C)C,0.6100425535939056,0.6327697759866742
Cc(c1)c(O[Si](C)(C)C)c(cc1)C(=O)O[Si](C)(C)C,0.8019820682297557,0.7969809242515639
c(c1)ccc(c1)C(O[Si](C)(C)C)C(=O)O[Si](C)(C)C,0.8356413035920663,0.7195383620428932
O=C(O[Si](C)(C)C)Cc(c1)c(c2)c(ccc2)cc1,0.5690270202912232,0.6364433523794716
COCCOCCOC,0.8760217988905269,0.7720623239914455
COCCOCCOC,0.8760217988905269,0.7720623239914455
CC(=C)C(=O)Cl,0.8294020400538875,0.6505404621118609
CCOC(=O)c(c1)ccc(I)c1,0.8474001480188911,0.904344241839262
CI,0.8730283786054749,0.8719556686208071
CCCOC(=O)c(c1)c(ccc1)C(=O)OCCC,0.8246895372246505,0.8359270458113934
COC(=O)C(=O)OC,0.646451594215743,0.5909919018986122
c(c2)ccc(c2)C(=O)c(c1)cccc1,0.878848321668708,0.852643078215785
OC(=O)c(c1)ccc(Cl)c1,0.8453756962747743,0.8930131737001663
OC(=O)c(c1)cc(Cl)cc1,0.8354295600761857,0.8912021717242304
OC(=O)c(c1)c(Cl)ccc1,0.802398306619472,0.8279526796488965
OC(=O)c(c1)ccc(F)c1,0.7901309041904211,0.8241658843860994
CCOC(=O)c(c1)cc(F)cc1,0.8534735200259848,0.8516239185118272
OC(=O)c(c1)cc(F)cc1,0.7962154564505987,0.8567007631757237
OC(=O)c(c1)c(F)ccc1,0.7923622610276986,0.8527947376301813
CCOC(=O)c(c1)cc(N)cc1,0.8581865791821784,0.8682720574259881
CCOC(=O)c(c1)ccc(F)c1,0.8310213321862323,0.8529162874822627
CC(C)COC(=O)c(c1)ccc(c1)[N+1]([O-1])=O,0.7709462479460247,0.8192968760368017
N#Cc(c1)ccc(c1)C(=O)OCC(C)C,0.8540065864848165,0.8737354967185735
N#Cc(c1)ccc(c1)C(O)=O,0.7304564385255322,0.8315227311203665
COc(c1)ccc(c1)C(=O)OCC(C)C,0.8165571930212602,0.8203097374059536
CC(O)c(c1)cccc1,0.790748722960584,0.8365290672631642
c(c2)ccc(c2)C(O)c(c1)cccc1,0.7672597814565532,0.7894311637032847
OCCc(c1)cccc1,0.8286312796054621,0.7799577829954659
[2H]C([2H])([2H])C([H])(C([2H])([2H])[2H])OC(=O)C(C)=C,0.48262631169795656,0.4909242425180413
CC(=C)C(=O)OC([2H])(C)C,0.7754535024574495,0.677806925690378
[2H]C([2H])([2H])C([2H])(C([2H])([2H])[2H])OC(=O)C(C)=C,0.5038268279886257,0.5741995399846817
COC(O1)C(OC)C(O)C(O)C(C)1,0.9072198606366557,0.8886576623431274
COCC(O1)C(OC)C(O)C(O)C(OC)1,0.8642899987569024,0.8321266437354228
COCC(O1)C(OC)C(OC)C(O)C(OC)1,0.8909406464176808,0.8430652349099201
COC(C1)C(OC)C(O)C(OC)O1,0.940557991386826,0.9122190763292425
[O-1][N+1](=O)c(c1)cc([N+1]([O-1])=O)c(NCCO[Si](C)(C)C)c1,0.5341981180715125,0.4928079192497548
COC(O1)C([H])(O[Si](C)(C)C)C(O[Si](C)(C)C)C(O[Si](C)(C)C)C(COP(=O)(O[Si](C)(C)C)O[Si](C)(C)C)1,0.6375991517651822,0.43422522188066903
C=CCl,0.693144751329606,0.8641674356323805
[O-1][N+1](=O)c(c1)cc([N+1]([O-1])=O)c(O)c(C)1,0.6935439244307998,0.7484522226508517
[O-1][N+1](=O)c(c1)cccc1,0.6573668264858287,0.7585421512249625
ClC(C(Cl)=1)=C(Cl)C(Cl)(Cl)C(Cl)1,0.6862151521234137,0.7357934714137212
ClC(Cl)=C(Cl)C(Cl)=C(Cl)Cl,0.6998705336047671,0.7948925438886717
[H]C(=C([H])3)C(Cl)C(C31)C(Cl)(C(Cl)=2)C(Cl)(Cl)C(Cl)(C(Cl)2)1,0.3917975653754863,0.5847881683497991
FC(Cl)(Cl)Cl,0.786717561902788,0.6396333662736846
ClCCl,0.7321686185569937,0.7528568500614936
CCl,0.4147950350047776,0.592445106543575
CBr,0.8570867876790376,0.8677689295466149
FC(F)(Cl)Cl,0.8345254849010588,0.6516151796284841
Clc(c2)ccc(c2)Oc(c1)cccc1,0.8070953455504106,0.8384559449714462
c(c2)ccc(c2)Oc(c1)ccc(Br)c1,0.7327737776231669,0.7724124753477726
CC(C)(Cl)OC(C)(C)Cl,0.17889524015347238,0.11072800745017033
ClCCOCOCCCl,0.5664023277491146,0.6240036172902768
CCc(c1)cccc1,0.67683845732157,0.759383461288419
ClC(=C(Cl)1)C(Cl)(C(Cl)(Cl)2)C([H])(C([H])54)C([H])(C([H])(C5)C([H])(O3)C([H])34)C(Cl)12,0.5736437978930131,0.7269820153503903
Nc(c2)c(Cl)cc(c2)c(c1)cc(Cl)c(N)c1,0.7396366865351437,0.7506698469040943
ClCC(Cl)Cl,0.7281106231792914,0.8236795272189462
CC(Cl)(Cl)Cl,0.8320995900732909,0.7388947404767142
ClC(Cl)C(Cl)Cl,0.7977639417882539,0.7399680512655324
ClC(Cl)(Cl)C(Cl)(Cl)Cl,0.7697033629081818,0.8111606680647601
ClCCCl,0.5225070202039018,0.6506763604933485
CC(Cl)Cl,0.8517071913148955,0.8524046326261884
CCCl,0.8104664140016385,0.766503780575395
Clc(c1)cc(Cl)c(Cl)c1,0.8070496228041039,0.8282916391475347
Clc(c(Cl)1)c(Cl)c(Cl)c(Cl)c(Cl)1,0.7907245582154316,0.7517852834018832
Clc(c1)cccc1,0.7583734029249574,0.786701130872511
C=CC#N,0.7188914798723198,0.8312641410361556
C=CC=O,0.6674613402701672,0.7494656636397954
CC(=C1)CC(C)(C)CC(=O)1,0.610452255973208,0.6065117608785274
[O-1][N+1](=O)c(c1)c(C)c(cc1)[N+1]([O-1])=O,0.676012035880562,0.7911276239428432
[O-1][N+1](=O)c(c1)cc([N+1]([O-1])=O)c(C)c1,0.7200494334189793,0.783278741335983
ClCC=CCl,0.8449242438848659,0.7447718585375126
CC(Cl)CCl,0.7256866635030016,0.811934589921144
C=C(Cl)Cl,0.6887058217017533,0.6984814161577613
Clc(c2)ccc(c2)C(c(c1)ccc(Cl)c1)C(Cl)(Cl)Cl,0.7014880778434094,0.665032907802718
Clc(c2)ccc(c2)C(=C(Cl)Cl)c(c1)ccc(Cl)c1,0.721219326569096,0.7969714490169579
Clc(c2)ccc(c2)C(C(Cl)Cl)c(c1)ccc(Cl)c1,0.4746005655704062,0.5309276588254738
ClC(Cl)Cl,0.8839327158788812,0.7775848586211174
Oc(c1)cc(C)c(Cl)c1,0.7145823827444907,0.8081380228740445
Clc(c1)cc(c2)c(ccc2)c1,0.7691045752865915,0.817556516772817
C=COCCCl,0.571204597419167,0.6762546021344605
ClCOCCl,0.31538065896797945,0.5005620797187927
ClCCOCCCl,0.48066720464472534,0.6047203094859994
Oc(c(Cl)1)c(Cl)c(Cl)c(Cl)c(Cl)1,0.8186437299175586,0.7840618370683153
Nc(c2)ccc(c2)c(c1)ccc(N)c1,0.8028078431103339,0.7533079420010368
ClC(Cl)(Cl)Cl,0.8236947055419919,0.7896163962980495
CCCCCCCCCCCCC=C,0.878658674106193,0.8143873468336785
N#CCCCCCCCCSC,0.5726662461674359,0.610915518430505
N#CCCCCCCCSC,0.5858349176707329,0.6012599512546816
S=C=NCCc(c1)cccc1,0.871219292311583,0.8190756954901537
N#CCCCCCCSC,0.4491139763398419,0.5016375406334148
N#CCCCCCSC,0.6267395941943543,0.608358719947928
N#CCCc(c1)cccc1,0.7701510320484453,0.7391346601767966
N#CCCCCSC,0.6992990493186775,0.6864536266050545
C=CCCCN=C=S,0.6897306649636568,0.6675020601894108
C=CCCN=C=S,0.7018843692325841,0.6791189959407858
C=CCCC#N,0.7879941962092243,0.7652027349178404
CSSSSC,0.7198946827090394,0.7507113256514387
CCCCCSSC,0.5530517486307882,0.5948347060354056
CCCCCSS,0.6920719756834535,0.8036346815908016
CSSSC,0.6829194931116718,0.8013353062937538
C=CCSSC,0.6016509060980143,0.6925006917932709
Cc(c1)cc(C(C)(C)C)c(O)c1C(C)(C)C,0.5916214454697413,0.5709408398925248
CCCCCCC(O1)C(=O)C=C(C)1,0.3557314058012343,0.4876609368213111
O=C(C1)C(C)(C2)C(C)(C)C(C2)1,0.5663970571595215,0.5941006305751406
CC(C)c(c1)cc(O)c(C)c1,0.6575396750194599,0.642307929639408
CC(C)c(c1)c(O)cc(C)c1,0.592308652256573,0.6187092061317742
CCCC(C1)C([H])=NN(C)1,0.784997638971265,0.7864514611558747
CCCC(C1)C([H])=NN(C)1,0.784997638971265,0.7864514611558747
CCCN(C1)N=C(C)C1,0.4944574308157288,0.7522477080617651
CC(C)N(C1)N=C(C)C1,0.5107071297707688,0.7575908489906543
CCC(C)(N1)CC(C)=N1,0.6540477418773466,0.8003547023024133
CCC(C(C)1)N(C)N=C1,0.8488510859078353,0.820299058355734
CCC(=N1)C(C)CN(C)1,0.7646147194095352,0.8759220133664994
C=CCN(C1)N=C([H])C1,0.5501790089272194,0.7193147663790664
CCCC(C1)NN=C1,0.4884583307752425,0.5602151076592515
CCC(C=1)CN(C)N1,0.7943813417020174,0.7863623431281701
CC(=N1)CC(C)(C)N1,0.7234776129526324,0.7793783319202084
CC(N1)C(C)C(C)=N1,0.7503071633073106,0.8027864435570052
[H]C(=N1)C(C)C(C)N(C)1,0.7690731794116826,0.8267997952191245
CN(C1)N=C(C)C(C)1,0.6508583259768194,0.7916305234431713
CCC(C1)=NNC1,0.7780884838728547,0.8520628543454749
CC(C)(C1)NN=C1,0.7520489917908789,0.7532349869476151
CC(C=1)C(C)NN1,0.8349065381973095,0.8887839673778122
[H]C(C1)=NN(C)C(C)1,0.8529520855184928,0.8575078064809334
CC(C1)NN=C1,0.7602327943657661,0.83634082989994
CC(C1)=NNC1,0.8154704644028977,0.836826703408311
CCCCN(CCCC)N=CC=C(C)C,0.491530514870523,0.7110186665051215
CCCN(CCC)N=CC=C(C)C,0.6326933207847757,0.6342105892712813
CCN(CC)N=CC(=C)C(C)C,0.6433714816223509,0.8354636801613661
CCCC(=C)C=NN(CC)CC,0.8409262753223041,0.9064604706122058
CCN(CC)N=CC(C)=C(C)C,0.774059219756467,0.8235279845539359
CCC=C(C)C=NN(CC)CC,0.7729248923289977,0.8521030463938231
CC(C)NN=CC(=C)C(C)C,0.6165699801517667,0.869337168585659
CCCC(=C)C=NNC(C)C,0.7175651209506285,0.8285619109841673
CC=C(C)C(C)=NNC(C)C,0.6055552679838883,0.7376623174420776
CCC(=C)C=NN(CC)CC,0.8219830097064207,0.8997160710800839
CC=C(C)C=NN(CC)CC,0.8014951901922057,0.8803577607996289
CC=CC=NN(CC)CC,0.8110367076928288,0.8727566898357776
CCN(CC)N=CC(C)=C,0.7384717962716069,0.873659422954415
CC=CC=NNC(C)C,0.7696497115772871,0.7836899770772217
CN(C)N=C(C)C(C)=C,0.8307513874445831,0.863785832334872
CC(C)=CC=NN(C)C,0.7933940724236911,0.8607457297786879
CC=C(C)C=NN(C)C,0.8749428771283612,0.8944109146677108
CC=CC=NN(C)C,0.8593024146081819,0.8812425055169347
C=CC=NN(CC=C)CC=C,0.6660177717364583,0.6780531266569253
CCC=NN(CC=C)CC=C,0.709350829536024,0.811710784397431
C=CCN(C)N=C(C)CC,0.7279033349010108,0.8812602450003884
CCC(C)=NNC(C)C=C,0.7488620647024311,0.8721145573508771
CCCC=NNCC=CC,0.7975390305296737,0.8658022406286798
C#CCN(C)N=C(C)C,0.6446095680707317,0.7264802074294968
C=CCN(C)N=C(C)C,0.7113870931065708,0.7710089671250673
C=CCNN=CC(C)C,0.7132498865332062,0.8392832876988706
CC=NNC(C)C=C,0.7373187300940068,0.8393482111628655
C=CCNN=C(C)C,0.6210994267040236,0.7678281716639666
CCC=NNCC=C,0.5596421052127378,0.7582402891512661
C=CCNN=CC,0.8045927712532441,0.8827403263192422
CCOCCN(C)N=C(C)CC,0.8149127527890687,0.8613597475771554
CC(C)CN(CC(C)C)N=C(C)C,0.810982129809275,0.8652444122108708
CCCCN(CCCC)N=C(C)C,0.7261601799334816,0.8229313063162612
CC(C)=NN(C(C)C)C(C)C,0.7826100694011432,0.8365099201415259
CC(C)CC(C)=NN(C)C,0.8243307993899944,0.8775941269410823
CCC(C)=NN(CC)CC,0.6309065253568129,0.8644495267589452
CCN(N=C(C)C)C(C)C,0.7559203697781203,0.8307784519314422
CCC(CC)=NN(C)C,0.6381845661392015,0.8242661440106431
CCN(CC)N=C(C)C,0.7443604705914878,0.8649732879793012
CC(C)=NN(C)C,0.7315217219859139,0.8123721859961138
CCCC=NN(C)CCOCC,0.43982752465595226,0.5947356942849759
c(c3)ccc(c3)C=NN(Cc(c2)cccc2)Cc(c1)cccc1,0.7772598278162061,0.6897863654943006
CCCC=NN(CC(C)C)CC(C)C,0.8615380336370071,0.8699648668946338
CCCC=NN(CCCC)CCCC,0.6951407002947219,0.751603260903575
CCCCCCC=NN(CC)CC,0.7701763014707081,0.8753844569257547
CCCC=NN(CC(C)C)C(C)C,0.871626885598047,0.8720739999000967
CCC=NN(CCC)CCC,0.6463006047465407,0.7195729133903008
CCN(CC)N=CC(C)C,0.7622829368044415,0.8598608079451817
CC=NN(C(C)C)C(C)C,0.8054108180325061,0.8516384437202037
CC=NN(C1)CCCCC1,0.7429532783294671,0.8690454480846517
CCCCC=NN(C)C,0.6771701094642327,0.7719348158080819
CCC=NN(CC)CC,0.784145975479693,0.8550677086501879
CC=NN(CC)C(C)C,0.7374430315387845,0.862054977642723
CCCN(N=C)CCC,0.5966597585327762,0.7369897890242428
CC=NN(C1)CCCC1,0.7454276502683725,0.8270414770557744
CC(C)C=NN(C)C,0.7987552825720773,0.8858230800824302
CCCC=NN(C)C,0.6732386692734749,0.7871808525969081
CC=NN(CC)CC,0.7570982690831255,0.845561949575044
CC=NN(C1)CCC1,0.747391610617656,0.8435305868670364
CCC=NN(C)C,0.7819804008898568,0.8596943428495627
CC=NN(C)C,0.8064820197637502,0.8189401381705493
C=NN(C)C,0.7040040290813626,0.7923630153103556
CCC(C)NN=C(C)CC,0.7763166967896223,0.8550355896757744
CCNN=C(C)CC,0.7768967753029018,0.8785728517300095
CC(C)NN=C(C)C,0.753179299327486,0.8922006276694057
CCCNN=C(C)C,0.6724361784773902,0.8147725252225654
CCNN=C(C)C,0.501491201156698,0.8427202754203171
CNN=C(C)C,0.6875583098611456,0.8717559744121041
CCCNN=Cc(c1)cccc1,0.6423942403750957,0.7510540088949573
CC(C)C=NNc(c1)cccc1,0.7105983387965017,0.7922084056184207
CCCCCCCCC=CCCCCCCCCCCCC(=O)OC,0.6885815528064417,0.7762129921443264
CCCCCCCCC=CCCCCCCCCCC(=O)OC,0.8163102467476572,0.7017446833332321
CCCCCCCCCCCCCCCCOCC(CO[Si](C)(C)C)O[Si](C)(C)C,0.7976035462487182,0.8087203652503329
CCCCCCCCCCCCCCOCC(CO[Si](C)(C)C)O[Si](C)(C)C,0.8012326584067354,0.8169059942220284
O=C(C=3)OC(C=2)C(C3)(C1)C(=O)OC(C)(C2)1,0.8911878603457508,0.9279493411189743
O=C(C=3)OC(C1)C(C3)(C(=O)2)CC(C)(O2)C(I)1,0.8365471983223508,0.8533864950401665
COc(c1)cc(c(=O)2)c(c(=O)cc(O)2)c(OC)1,0.645725329021958,0.8318889754569054
Oc(c2)cc(c(=O)1)c(c(O)2)c(=O)cc(O)1,0.8339149244804638,0.8714567294852769
COC(=O)CCC(C1)=CC(=O)C1,0.8374246989155656,0.9048467092377017
COC(=O)CC(=C(C)1)C(=O)CC1,0.6485443699557313,0.7721098048837761
OCCC(C)(C)OCCC(C)(C)OCCC(C)=C,0.8760505534940446,0.8101386641951619
OCCC(C)(C)OCCC(C)=C,0.7475547345670586,0.6477780298118725
CC(=C)COC(C)(C)COC(C)(C)CO,0.6883165354983382,0.7934454477592351
CC(=C)COC(C(C)C)OCC(C)(C)OCC(C)=C,0.7869472537341675,0.7510660513992565
OCC(C)(C)OCC(C)=C,0.7338108257977809,0.7429183172343602
CC(=C)COC(OCC(C)=C)C(C)C,0.7997536031135286,0.8747355279056995
COc(c(C)1)c(=O)c(O)c(C)c(=O)1,0.8309248910140835,0.9210964276972615
CCC(C)CCCCCCCCCCCCCCC(=O)O[Si](C)(C)C,0.7404576936849955,0.5928036913924951
CCC(C)CCCCCCCCCCCCCCC(=O)O[Si](C)(C)C,0.7404576936849955,0.5928036913924951
CCC(C)CCCCCCCCCCCCCC(=O)O[Si](C)(C)C,0.7516627060273435,0.40806975027751813
CCC(C)CCCCCCCCCCCCC(=O)O[Si](C)(C)C,0.7794567819302697,0.6647022039992038
O=C(O[Si](C)(C)C)CCCCCCCCCCC(C)CC,0.7829422576953472,0.755041675034385
CCC(C)CCCCCCCCCC(=O)O[Si](C)(C)C,0.7488392377492321,0.6256795473551433
CCC(C)CCCCCCCCC(=O)O[Si](C)(C)C,0.7722682843707592,0.7047038603619191
CCC(C)CCCCCCCC(=O)O[Si](C)(C)C,0.7782612313680604,0.7410946313855833
C(CCCCCCCCCCCCCCCCCC)(O[Si](C)(C)C)C(=O)O[Si](C)(C)C,0.807333467860904,0.6761056268770453
CCCCCCCCCCCCCCCCC(O[Si](C)(C)C)C(=O)O[Si](C)(C)C,0.7303937870128219,0.34085208144426105
CCCCCCCCCCCCCCC(O[Si](C)(C)C)C(=O)O[Si](C)(C)C,0.7380282160906503,0.6718372545650332
CCCCCCCCCCCCC(O[Si](C)(C)C)C(=O)O[Si](C)(C)C,0.7585452734809033,0.6553505977416576
CCCCCCCCCCC(O[Si](C)(C)C)C(=O)O[Si](C)(C)C,0.7014295289121918,0.5296246815551721
C[Si](C)(C)OC(=O)c(c1)c(O[Si](C)(C)C)cc(c2)c(ccc2)1,0.7088014479012801,0.6317236550121126
C[Si](C)(C)OC(=O)c(c1O[Si](C)(C)C)c(c2)c(ccc2)cc1,0.44721311215603593,0.4696306231433128
C[Si](C)(C)OC(=O)c(c1)c(O[Si](C)(C)C)c(c2)c(ccc2)c1,0.5510483412878991,0.5903826888461094
O=C(O[Si](C)(C)C)c(c1)cc(c2)c(ccc2)c1,0.916144743304794,0.8989939499389729
C[Si](C)(C)OC(=O)c(c1)c(c2)c(ccc2)cc1,0.8376621087997707,0.7799666037572404
C[Si](C)(C)OC(=O)c(c1)c(C(=O)O[Si](C)(C)C)cc(C(=O)O[Si](C)(C)C)c(C(=O)O[Si](C)(C)C)1,0.7132241260745626,0.3042321830274494
C[Si](C)(C)OC(=O)c(c1)cc(cc1C(=O)O[Si](C)(C)C)C(=O)O[Si](C)(C)C,0.27266914962526484,0.09136616730612593
C[Si](C)(C)OC(=O)c(c1)c(C(=O)O[Si](C)(C)C)c(cc1)C(=O)O[Si](C)(C)C,0.3339663596156361,0.18928934190010913
O=C(O[Si](C)(C)C)c(c1)ccc(c1)C(=O)O[Si](C)(C)C,0.5629073316446318,0.6092449181179381
C[Si](C)(C)OC(=O)c(c1)c(ccc1)C(=O)O[Si](C)(C)C,0.27359046570596357,0.432228859779911
C[Si](C)(C)OC(=O)c(c1O[Si](C)(C)C)c(ccc1)O[Si](C)(C)C,0.7072153400912851,0.6513965908687855
O=C(O[Si](C)(C)C)c(c1)ccc(c1)O[Si](C)(C)C,0.6105100039854917,0.6055319941665137
Cc(c1)cc(cc(C)1)C(=O)O[Si](C)(C)C,0.8346670836447069,0.8038696900101919
Cc(c1)c(C)cc(c1)C(=O)O[Si](C)(C)C,0.8112259646447983,0.7647002645672158
O=C(O[Si](C)(C)C)C1=CC=C(C=C1C)C,0.6630801817082279,0.6843548668789862
Cc(c1)ccc(c1)C(=O)O[Si](C)(C)C,0.841880516797033,0.7991323572967852
Cc(c1)cc(cc1)C(=O)O[Si](C)(C)C,0.7162598797420185,0.743279457851517
Cc(c1)c(ccc1)C(=O)O[Si](C)(C)C,0.7661039195891152,0.7267588715025063
CCCCCCCCC=CCCCCCCCCCCCCCC(=O)O[Si](C)(C)C,0.6898000168542036,0.4313752678150457
CCCCCCCCCCCCCCC=CCCCC(=O)O[Si](C)(C)C,0.5354368701231984,0.3657235336421931
CCCCCCCCC=CCCCCCCCCCCCC(=O)O[Si](C)(C)C,0.6840930436811712,0.4468568895098941
CCC=CCC=CCC=CCCCCCCCC(=O)O[Si](C)(C)C,0.6792739624050051,0.43479462934957913
CCCCCC=CCC=CCCCCCCCC(=O)O[Si](C)(C)C,0.7015712740308311,0.5183690056754529
CCCCCC=CCC=CCCCCCCCC(=O)O[Si](C)(C)C,0.6839134367632921,0.5130556378772906
CCCCCCCCC=CCCCCCCCC(=O)O[Si](C)(C)C,0.7014390316372782,0.46723892617603907
CCCCCCCCC=CCCCCCCCC(=O)O[Si](C)(C)C,0.6574013728015218,0.4769365546366847
CCCCCCC=CCCCCCCCC(=O)O[Si](C)(C)C,0.6766605063490192,0.48371057126548
CCCCCCC=CCCCCCCCC(=O)O[Si](C)(C)C,0.6762255428465517,0.5017489848960693
CCCCC=CCCCCCCCC(=O)O[Si](C)(C)C,0.652495619076238,0.5078213671089796
CCCCCCCCCCCCCCCCCCCCCCC(=O)O[Si](C)(C)C,0.6565102789988532,0.4954724695620397
CCCCCCCCCCCCCCCCCCCCCC(=O)O[Si](C)(C)C,0.7342150085434672,0.4335437048689894
CCCCCCCCCCCCCCCCCCCCC(=O)O[Si](C)(C)C,0.6732966273549382,0.5742840307349663
CCCCCCCCCCCCCCCCCCCC(=O)O[Si](C)(C)C,0.6795391012762375,0.4822567645076051
CCCCCCCCCCCCCCCCCCC(=O)O[Si](C)(C)C,0.7052374367621701,0.5741838187285246
CCCCCCCCCCCCCCCCCC(=O)O[Si](C)(C)C,0.639019472077818,0.5097204370666079
CCCCCCCCCCCCCCCCC(=O)O[Si](C)(C)C,0.68614244781839,0.4579903853301192
CCCCCCCCCCCCCCCC(=O)O[Si](C)(C)C,0.7184966057001566,0.5426921643102123
CCCCCCCCCCCCCCC(=O)O[Si](C)(C)C,0.6592966517003563,0.5174516713229245
CCCCCCCCCCCCC(=O)O[Si](C)(C)C,0.6611205082845604,0.6243532218799274
CCCCCCCCCCCC(=O)O[Si](C)(C)C,0.7468533849903001,0.6614134632199318
CCCCCCCCCCC(=O)O[Si](C)(C)C,0.7391383576176873,0.6491970749846488
CCCCCCCCCC(=O)O[Si](C)(C)C,0.7538906428130486,0.6014090546202487
CCCCCCCCC(=O)O[Si](C)(C)C,0.6888878018356062,0.6686056808022082
CCCCCCCC(=O)O[Si](C)(C)C,0.7785989841703447,0.687784512548696
CCCCCCC(=O)O[Si](C)(C)C,0.6520756056798699,0.5561466485745736
CCCCNN=CCC,0.7659968003970434,0.8701514115594275
CCNN=CC(C)C,0.7339160294176402,0.8537926477949987
CCCC=NNCC,0.8393638361216049,0.9013038177087818
CCCCNN=CC,0.6646111877428396,0.831577603828982
CNN=CC(C)C,0.7031276943355427,0.8349741908213633
CC=NNC(C)C,0.7631734507952704,0.9002858851456993
CCCNN=CC,0.6693599877506267,0.8327847363111015
CCNN=CC,0.7524952322657738,0.8682235918616076
CC=NNC,0.7977267126488425,0.8923471991826968
CC=CCNN(CC=CC)CC=CC,0.6221177601532454,0.5742933293651767
C=CCNN(CC=C)CC=C,0.7050193384752156,0.6319976524023094
CCCCC(C)NN(CC)CC,0.685705748585745,0.7818516442885315
CCCNN(CCC)CCC,0.6952582711000262,0.7883617149332275
CCCCCNN(CC)CC,0.7122921296012997,0.821549638958827
CCC(C)NN(CC)CC,0.5274052748433782,0.790625986990224
CCN(CC)NC(C)C,0.49767917010357704,0.7941021393800407
CCCNN(CC)CC,0.4073233130608832,0.7230549741135484
CN(C)NC(C)C(C)C,0.8491489905204924,0.8929551235027327
CCCC(C)NN(C)C,0.5525821942959629,0.8350096537004951
CCCCCNN(C)C,0.6295754885087741,0.7803126584644497
CCC(C)NN(C)C,0.3757977932039837,0.6746813053849443
CCCCNN(C)C,0.5974268595341328,0.7828123761367181
CCCNN(C)C,0.732064211548827,0.8691419630411596
CCNN(C)C,0.6189537109083999,0.834362231190464
CNN(C)C,0.688273700066855,0.8226166187489548
CCCN=NC(CC)NN(CCC)CCC,0.8404547961460735,0.8383969703791392
CCCN=NC(CC)NN(CCC)CCC,0.8404547961460735,0.8383969703791392
CCN=NC(C(C)C)NN(CC)CC,0.8343504950823879,0.899821547804701
CCN=NC(C)NN(C(C)C)C(C)C,0.5921849912128909,0.5490525562243557
CCN=NC(C)NN(C1)CCCC1,0.6055887365620104,0.6056713602077067
CCCCN=NC(C)NN(C)C,0.9037112835085961,0.8846269898424891
CCN=NC(NN(C)C)C(C)C,0.7130446978847605,0.7494028887322284
CCN=NC(CCC)NN(C)C,0.6171019740419508,0.565033385869797
CCN=NC(C)NN(CC)CC,0.7748937056112665,0.7841079373949658
CCN=NC(C)NN(C)C,0.7454494332728255,0.8040087346337823
CC(C)N(C(C)C)N=NN(C(C)C)C(C)C,0.5149158377468126,0.4201847169189514
CN(C)N=NN(C(C)C)C(C)C,0.7206374489826305,0.7935009695712267
CC(C)N(C)N=NN(C)C(C)C,0.7941663218283077,0.849036009457072
CCN(CC)N=NN(CC)CC,0.40457048104690063,0.5562338093747272
N(=NN(CC)CC)N(C)C,0.5072679226619091,0.7384512248832212
CN(C)N=NN(C)C,0.6415239105425455,0.7621450155377685
CC(C)CN(C1)N=C(C)C1,0.6270513315297236,0.7524057066111778
CCCCN(N=1)C(C)CC([H])1,0.7973396133839972,0.8079686007165771
CCC(C=1)CN(N1)C(C)C,0.777227192984467,0.8517876008600497
CCC(C1)=NN(C1)C(C)C,0.7432290397254104,0.8232265456904669
CC(C)N(C1)N=C(C)C(C)1,0.618845115344281,0.7573088152865302
[H]C(C1)=NN(C(C)C)C(C)1,0.8274892941598881,0.8720106566836365
CCC(C)NNC(C)CC,0.8672595841147382,0.8706820411272704
CCCCNNCCCC,0.6686415787006412,0.7992981965520215
CCCCNNCC,0.6976050382340241,0.8519668683914676
CC(C)NNC(C)C,0.5825496080932666,0.7984090605852834
CCCNNC(C)C,0.5621601669646722,0.8147192088447878
CCCNNCCC,0.8226608067313512,0.8630963744109025
CCNNCC,0.48585824488945506,0.7724098915586303
CCN(N)c(c1)cccc1,0.7701217662552827,0.8193010160473571
CN(N)c(c1)cccc1,0.7455284221070521,0.8319423906535771
CC=CCN(N)CC=CC,0.8182530480496758,0.8205157462843081
C=CCN(N)CC=C,0.8359583922646868,0.8290841059836888
C#CCN(C)N,0.39535218678254574,0.770786079081275
C=CCN(C)N,0.5524372811431535,0.6978720934675665
NN(C1)CCCCC1,0.638719348670362,0.7978989351953207
NN(C1)CCCC1,0.4951203356375429,0.7179377686276233
CC(C)CN(N)CC(C)C,0.6072312476783636,0.7739702298860638
CCCCN(N)CCCC,0.7824167119607548,0.803539908214265
CC(C)N(N)C(C)C,0.8310082238828543,0.8438313408643582
CCCN(N)CCC,0.6167693234441247,0.762968227274676
CCC(C)N(N)CC,0.7482984379581388,0.871287518489638
CCN(N)CC(C)C,0.6742764728412267,0.78286925633747
CCCCN(N)CC,0.6463926293657902,0.7630034223668584
CC(C)CN(C)N,0.5525475635873611,0.7889366321927505
CCCCN(C)N,0.7852859797976984,0.8700123706487872
CCN(N)CC,0.6952183392297441,0.8299238568162003
CC(C)N(C)N,0.7354076791386333,0.8416178760611671
CCCN(C)N,0.5804251810555744,0.7786537753560414
CN(C)N,0.716284829656312,0.8577348762284679
COCCNN,0.6535118277044946,0.7158645929133747
NNCc(c1)cccc1,0.7958374856920154,0.8291732090152905
NNc(c1)cccc1,0.6762864342759343,0.8024309770219518
C=CC(C)NN,0.8233528818840687,0.9129874011564995
CC=CCNN,0.7163930648548711,0.8694419743698666
C=CCNN,0.5783007455078779,0.8346551396476524
CCCCCCCNN,0.3844210252402459,0.7356921558314232
CCC(C)NN,0.7578365998731307,0.882228628851497
NNCC(C)C,0.7316370078887752,0.8110769695969069
NNC(C)C,0.773254365686934,0.8887760567241367
CCCNN,0.5811082853465145,0.8442227092827983
CCNN,0.6793851053148412,0.8137224353358743
COc(c2)ccc(c2)C(=O)C=Cc(c1)cccc1,0.627326993331901,0.7711958804531077
COc(c2)ccc(c2)C=CC(=O)c(c1)cccc1,0.8150865732056638,0.8615147331539212
CC(C2)(O1)C(CCC2)1,0.7296710386546906,0.8253783995990696
CC(C)C(C2)CC(O1)C(C)(C2)1,0.8138222137750575,0.8988299142112913
CC(C2)CC(O1)C(C2)(C(C)C)1,0.7315821999783332,0.8015483291368531
CC(=C)C(C2)CC(O1)C(C)(C2)1,0.8687760523064848,0.8359113869089922
COc(c1)nc(C)nc(C)1,0.5887890005520244,0.6720351045198356
CCOc(c1)nc(CC)nc(C)1,0.49324285137519275,0.47548770719024225
CCc(n1)nc(OC)cc(C)1,0.7289966763196788,0.689811588672834
CCc(n1)nc(OC(C)C)cc(C)1,0.38843569805775496,0.4460068555161235
COc(n1)cc(C)nc1,0.5078913597298972,0.6783378932436023
Cc(n2)cc(nc2)c(c1)cccc1,0.8094720081099236,0.7826100555242491
Cc(c2)nc(nc2)c(c1)cccc1,0.833816293915318,0.8900762069579888
Cc(c2)nc(nc(Cl)2)c(c1)cccc1,0.72408287996705,0.7062866305464262
CC(=O)C=C(C)O[Co]OC(C)=CC(C)=O,0.432228494737576,0.5611208024945984
CC(=O)C=C(C)O[Al](OC(C)=CC(C)=O)OC(C)=CC(C)=O,0.557406304324765,0.5680758688734815
CC(=O)C=C(C)O[Pt]OC(C)=CC(C)=O,0.6348147671109066,0.5211885776339548
CC(=O)C([N+1]([O-1])=O)=C(C)O[Cu]OC(C)=C(C(C)=O)[N+1]([O-1])=O,0.7541479404635594,0.23452018523413076
CC(=O)C(Br)=C(C)O[Pd]OC(C)=C(Br)C(C)=O,0.813130904239663,0.19723619176962393
CC(=O)C=C(C)O[Pd]OC(C)=CC(C)=O,0.5676511919385919,0.10916763665406759
CC(=O)C=C(C)O[Ni]OC(C)=CC(C)=O,0.4023876339265311,0.1506194186046909
CC(=O)C=C(C)O[Co](OC(C)=CC(C)=O)OC(C)=CC(C)=O,0.7312313547376822,0.26427852112157213
CC(C)C([H])(C2)C(C31)C(C(C)=CC3)C(C)(C2)1,0.7202362930363374,0.7022951948743017
CC(=O)CC(C)=O,0.7688076869154128,0.7894299667544793
CC(C1)=C([H])C(O)C(C)(C)C(C2)OC(C)(C2)C(O)C1,0.598080238712993,0.6883937235865467
CC(=O)OC([H])(C2)C(C)(C)C([H])(OC(C)=O)C([H])=C(C)CCC([H])(O1)C(C)(C2)1,0.7392133806166076,0.7226525713174977
O=C(C1)CC([H])(C2)C([H])1CC(=O)2,0.7353053271697798,0.8125885553528099
O=C(C1)Cc(c2)c(ccc2)1,0.6812240982763716,0.7186721717501465
O=C(C1)c(c2)c(ccc2)C1,0.7402525689372236,0.7734125952518575
CCCCNC(C)=O,0.4364125552054291,0.7318878275035218
CC(C)CCOC(=O)c(c1)cccc1,0.7135559703765987,0.8257636880689435
CC(C)COC(=O)c(c1)cccc1,0.8016496644625863,0.8349374701579877
CC(C)COC(=O)c(c1)cccc1,0.8395878428040526,0.8976240833571538
CC(C)OC(=O)c(c1)cccc1,0.27861931214407926,0.41388317203385766
CCOC(=O)c(c1)cccc1,0.8573915524173671,0.8522874916744345
COC(=O)c(c1)cccc1,0.8723179081251322,0.8409179407940356
COC(=O)C([H])(C)NC(=O)C([H])(C)NC(=O)C([H])(C)NC(C)=O,0.2923794866289606,0.2782796758267848
COC(=O)C([H])(C)NC(=O)C([H])(C)NC(=O)CNC(C)=O,0.3059547432044748,0.2997371687435848
COC(=O)CNC(=O)C([H])(C)NC(=O)C([H])(C)NC(C)=O,0.3231264519533109,0.29774094624413344
COC(=O)CNC(=O)C([H])(C)NC(=O)CNC(C)=O,0.36754038522045773,0.3873842998531824
COC(=O)C([H])(C)NC(=O)CNC(=O)CNC(C)=O,0.3332271818890803,0.3756530947617207
COC(=O)CNC(=O)CNC(=O)CNC(C)=O,0.35276293187355684,0.370556668247052
COC(=O)C([H])(C)NC(=O)C([H])(C)NC(C)=O,0.20304342326762143,0.2894599512854191
COC(=O)CNC(=O)CNC(C)=O,0.24976668077485942,0.42406465364535006
C(CC(c(c4)cccc4)c(c3)cccc3)C(c(c2)cccc2)c(c1)cccc1,0.7153727197708412,0.7574627416769739
c(c2)ccc(c2)C(=C)c(c1)cccc1,0.8567228926497277,0.8272889929407516
CCCCC(C1)CCCC1,0.5377704972126247,0.6785202606309418
CCCC(C1)CCCC1,0.6293535179773657,0.8017127161356423
NCCCCCO,0.5679829343731332,0.5602656192454026
NCC(C)O,0.8217610434924422,0.6894331958875467
NCCCO,0.5667611038167064,0.6123968174559101
CCCCCCC(C)O,0.7456626840448234,0.7609895763060543
CCCCCCCCO,0.8338493822899776,0.8232027015562949
CCCCCCCO,0.7625196052190227,0.794581876111697
CCCCC(C)O,0.8190989178377901,0.798352616161329
CCCCCCO,0.7811379811319044,0.789837448984895
CCC(C)(C)O,0.7232511739170442,0.6447313204275704
CCC(C)CO,0.7156305972751941,0.8438494970018616
CCCC(C)O,0.17716149408848494,0.26355916926076434
OCCC(C)C,0.7464967144103342,0.8398653242604182
CCCCCO,0.8022122597624186,0.8353212851820835
CC(C)(C)O,0.8560719378441968,0.8534226402374202
CCC(C)O,0.7121904633438202,0.7030221980473985
OCC(C)C,0.7388492572504505,0.772806698221452
CCCCO,0.6777387566088661,0.7754735092845397
CC(C)O,0.6121056084525663,0.7497263369675342
CCCO,0.48938457814448744,0.7466088666887735
CCCC(=O)CCC,0.617783989884559,0.7744932240490152
CCCCC(=O)CC,0.7353202969234797,0.7216472409601047
CCCC(=O)CC,0.8134031227977622,0.8137178122168413
CCC(=O)CC,0.9552632931979278,0.9261207449605998
CCCCCCCC(C)=O,0.8256853806547051,0.8534839931546967
CCCCCCC(C)=O,0.8259229290825894,0.8469774110329837
CC(C)CCC(C)=O,0.748751924964688,0.8183577106064474
CCCCCC(C)=O,0.7755775998514951,0.7819298836345754
CC(=O)C(C)(C)C,0.7198458036782571,0.8428759152879821
CC(C)CC(C)=O,0.8293750683113416,0.8087008067307481
CCCCC(C)=O,0.7872043946061776,0.7830413364401367
CC(C)C(C)=O,0.8036905645881443,0.7809269046946149
CCCC(C)=O,0.8334960520458767,0.791221561397435
CC(C)C([H])(C1)CCC([H])(C)C1,0.6591750794838487,0.6945629134804653
CC(C1)CCC(C1)C(C)C,0.6871755989022944,0.7917946898487092
CC(C2)C(C1)C(C)(C)C(C2)1,0.8424927394482195,0.8966491196871552
CC(C1)CC(O)C(C1)C(C)C,0.784763952522537,0.8261877140081735
CC1=CC[C@@H](CC1)C(=C)C,0.7185399207327847,0.8535945595833909
C=C(C2)C(C1)C(C)(C)C(C2)1,0.6997009642635251,0.7883975798764211
CC(=C2)C(C1)C(C)(C)C(C2)1,0.7046386893614414,0.8173592172287775
CC(C)CC(N1)C(=O)NC(C)C(=O)1,0.4400883632057378,0.5187399983471683
OCC(N1)C(=O)NCC(=O)1,0.25633858972592444,0.5672472146245737
OCC(N1)C(=O)NC(C)C(=O)1,0.3374827939206451,0.651022928587485
CSCCC(N1)C(=O)NCC(=O)1,0.4822231378268642,0.6846275283276476
CC(C)(C)CC(C)(C)N,0.6548608342560717,0.7125943792977895
CCCCC(CC)CN,0.45760499177108394,0.5491143523084536
CCCCCCC(C)N,0.9220701216464008,0.764960490543669
CCCCCCCCN,0.6247507965718666,0.49452521010252887
CCCCCCCN,0.6527885584663116,0.5773308696093722
CCCCCCN,0.6466604728784042,0.559707208238321
CCCCCN,0.6282693468263557,0.5752528214491289
CC(C)(C)N,0.663531965579151,0.702377023971216
CCC(C)N,0.8255380323510678,0.8146717207011637
NCC(C)C,0.7169158213748288,0.6591172946214747
CCCCN,0.7573359352698148,0.6467534707272303
CC(C)N,0.6452747800048704,0.7525346289420752
CCCN,0.764148471233629,0.7572744936152576
[O-1][N+1](=O)c(c1)c(O)ccc1,0.41153806429361506,0.3950016089419399
Oc(c1)cc(cc1)[N+1]([O-1])=O,0.29677576190653776,0.32977657811924144
Oc(c1)ccc(c1)[N+1]([O-1])=O,0.49618340368998487,0.4568253520953384
Fc(c1)ccc(c1)[N+1]([O-1])=O,0.753653076086541,0.8469249487105164
Fc(c1)ccc(c1)[N+1]([O-1])=O,0.753653076086541,0.8469249487105164
Fc(c1)cc(cc1)[N+1]([O-1])=O,0.7575302212802546,0.8509482302625381
[O-1][N+1](=O)c(c1)c(F)ccc1,0.7568398215205627,0.8549838555892123
COc(c1)ccc(c1)[N+1]([O-1])=O,0.7699531790739066,0.8666591072681101
COc(c1)cc(cc1)[N+1]([O-1])=O,0.7960412603754387,0.8632539874088546
COc(c1)c(ccc1)[N+1]([O-1])=O,0.8059640277940959,0.8719878508537074
Oc(c1)ccc(c1)[N+1]([O-1])=O,0.803442422631681,0.9196412692507502
Oc(c1)cc(cc1)[N+1]([O-1])=O,0.7744623688321823,0.8098803495766518
[O-1][N+1](=O)c(c1)c(O)ccc1,0.8249262966241921,0.8574285352447827
Nc(c1)ccc(c1)[N+1]([O-1])=O,0.8672820034580144,0.9124453957825289
Nc(c1)cc(cc1)[N+1]([O-1])=O,0.80995662973156,0.8690220193793653
[O-1][N+1](=O)c(c1)c(N)ccc1,0.8529061160595827,0.8997962255190536
N#Cc(c1)ccc(C)c1,0.7943942437137794,0.875590189089106
N#Cc(c1)cc(C)cc1,0.8429697579922528,0.8600195670168672
Cc(c1)ccc(C)c1,0.7442806392861573,0.8579831938935388
Cc(c1)cc(C)cc1,0.749624122552845,0.863793520300585
Cc(c1)c(C)ccc1,0.6947503587158491,0.8376980684982623
COc(c1)cc(C)cc1,0.8728677767056918,0.8986472877263715
COc(c1)c(C)ccc1,0.8910115132167338,0.887125187919844
COCc(c1)cccc1,0.8158116816912524,0.8203113292567075
ClCc(c1)cccc1,0.8395084545655802,0.8673280620764553
Cc(c1)ccc(c1)[N+1]([O-1])=O,0.7822503816561995,0.8943972063575697
Cc(c1)cc(cc1)[N+1]([O-1])=O,0.684134130656944,0.8242849038646101
[O-1][N+1](=O)c(c1)c(C)ccc1,0.7736636349637204,0.8399655377008947
Cc(c1)ccc(c1)C(C)=O,0.7895659126990261,0.8169566269116361
CC(=O)c(c1)cc(C)cc1,0.8502137064934873,0.826682013399264
CC(=O)c(c1)c(C)ccc1,0.8026613948600205,0.8466793270879593
CCOC(=O)c(c1)cc(O)cc1,0.8795291387196983,0.9010511784626367
CC(C)COC(=O)c(c1)ccc(I)c1,0.8878618091586523,0.9277909161702612
CC(C)COC(=O)c(c1)ccc(Br)c1,0.7643210120723388,0.8647086616190419
CC(C)COC(=O)c(c1)ccc(Cl)c1,0.8677260283807233,0.9016924129650788
CC(C)COC(=O)c(c1)ccc(F)c1,0.8501270781446828,0.8526258867042279
CC(C)COC(=O)c(c1)c(I)ccc1,0.9123965207389498,0.9299727030715703
CC(C)COC(=O)c(c1)c(Br)ccc1,0.8630991701730085,0.8839547051293233
CC(C)COC(=O)c(c1)c(Cl)ccc1,0.8500098786181277,0.8935134008236698
CC(C)COC(=O)c(c1)c(F)ccc1,0.8390227369434534,0.8630372413489096
Cc(c1)ccc(Cl)c1,0.8424184769597307,0.8928861588747377
Cc(c1)cc(Cl)cc1,0.777350476962061,0.8310627522295211
Cc(c1)c(Cl)ccc1,0.8226534140084472,0.8653225912899574
CCCCCOC(=O)c(c1)c(N)ccc1,0.7875735207242466,0.8590575813369883
CC(C)COC(=O)c(c1)c(N)ccc1,0.7831264960355195,0.8753102004957873
CC(C)COC(=O)c(c1)ccc(N)c1,0.8499214480287173,0.8599007831480087
CCCCOC(=O)c(c1)c(N)ccc1,0.7896020855654302,0.8849305807470819
CC(C)OC(=O)c(c1)ccc(N)c1,0.8590062479674608,0.8469776534322551
Cc(c1)ccc(Br)c1,0.7627518318231021,0.8774725421260077
Cc(c1)cc(Br)cc1,0.8812384542645284,0.9050816252009626
Cc(c1)c(Br)ccc1,0.833783504361783,0.8794424333440528
O=Cc(c1)ccc(C)c1,0.842793987391285,0.8445000093880188
O=Cc(c1)cc(C)cc1,0.806733558642948,0.840675508847337
O=Cc(c1)c(C)ccc1,0.8138795163089142,0.7977017139779985
c(c6)(cc(c(c6)C(C(C1(c(c5)c(O)cc(O)c5)[H])([H])C(c(c32)c(cc(c2C(C(=C(c(c4)c(O)cc(O)c4)O3)CC=C(C)C)=O)O)O)C=C(C)C1)=O)O)O,0.25309665132216086,0.23494148324836192
CC(C)=CCc(c(O)3)c(O1)c(c(O)c3)C(=O)C(CC=C(C)C)=C(c(c2)c(O)cc(O)c2)1,0.2963418766121464,0.5339629884729179
CC(C)=CCc(c(O)3)c(O)cc(c3)c(o1)c([H])c(c2)c(cc(O)c2)1,0.8735577109505779,0.8817823991880294
c(c1)c(cc(o2)c1cc2c(c6)cc(c(c6O)C(C3C(=O)c(c5O)ccc(c5CC=C(C)C)O)C=C(CC(c(c(O)4)ccc(O)c4)3)C)O)O,0.17637675128094682,0.18297061160815817
c(c7)c(C12O)c(cc7O)OC(C(=O)c(c(O)3)c(cc(O)c3C(C4C(=O)c(c6)c(O)cc(c6)O)C=C(C)CC4c(c5O)ccc(O)c5)O2)1CC=C(C)C,0.36440009947709906,0.26804744067121283
CN(C(=O)1)C([H])(CC(C)C)C(=O)OC(C(N(C)C([H])(CC(C)C)C(=O)OC(C(N(C)C([H])(CC(C)C)C(=O)OC1(C(C)C)[H])=O)(C(C)C)[H])=O)(C(C)C)[H],0.8173067206878887,0.9137418486721034
CC1=C(C(=O)C2=C(C1=O)C[C@@H]3CN4[C@H]([C@H]2N3C)CC5=C([C@@H]4CNC(=O)C(=O)C)C(=O)C(=C(C5=O)C)OC)OC,0.3795576279401647,0.49975589575323154
O=C(C(C)=O)NCC(N52)(c(c1=O)c(CC2(C(c34)(N(C)C(C5([H])C#N)([H])Cc3c(c(c(OC)c4=O)C)=O)[H])[H])c(c(c(OC)1)C)=O)[H],0.2878788357085085,0.38129095888805764
[H]C(O)(C(OC)7[H])C([H])(C)OC(C7([H])O)(OC([H])(C([H])(O)1)C(Oc(c25)cccc(c(O)c(c64)C(Oc(c36)ccc(c3C(=O)Oc45)C)=O)2)(OC([H])(C)C1([H])O)[H])[H],0.8454873161264232,0.7094746646448788
CC(O1)C1C(=O)C(O)(C(C)3)C(O)C(C(O)4)(O2)C(C(=O)c(c5)c(c(O)cc5)4)(C(O)3)2,0.26034930602814915,0.2611591283941188
[H]C(C2)(C1)C([H])(CCC2)CC1,0.8933813275275321,0.8960919511130457
[H]C(C2)(C1)C([H])(CCC2)CC1,0.8469435474065375,0.8977869033901851
C1CC[C@H]2CC(=O)CC[C@H]2C1,0.8399170679961644,0.8739991633546343
O=C(C1)C([H])(C2)C([H])(CCC2)CC1,0.7648407303876753,0.876859684527355
[H]C(C2)(C1)C([H])(CCC2)CCC1,0.8170135588155263,0.8648101489304159
[H]C(C2)(C1)C([H])(CCC2)CCC1,0.8823061915572962,0.8535890117186635
CC(=O)OC([H])(C1)CCC([H])(C1)C(C)(C)C,0.8347484191127773,0.7381229768793257
CC(=O)OC([H])(C1)CCC([H])(C1)C(C)(C)C,0.933681523150396,0.9386310773979076
CC(=O)OC([H])(C1)C([H])(CCC1)C(C)(C)C,0.8793340877370188,0.899762811614414
CC(=O)OC([H])(C1)C([H])(CCC1)C(C)(C)C,0.8468769884866736,0.902264420769415
N#CC=C(C)CCC=C(C)C,0.8933432469735773,0.7449113092362711
N#CC=C(C)CCC=C(C)C,0.8799607230005493,0.7223125573410711
O=CC=C(C)CCC=C(C)C,0.8785822804637855,0.8330417953095409
O=CC=C(C)CCC=C(C)C,0.8293463791739893,0.7393472874152297
OCC=C(C)CCC=C(C)C,0.8289802079376468,0.8786946319883452
OCC=C(C)CCC=C(C)C,0.8005996845181024,0.8641313078602753
COC(=O)C([H])(C)NC(=O)C([H])(C(C)C)NC(=O)CNC(C)=O,0.1873900884697211,0.2720774298614267
COC(=O)CNC(=O)C([H])(C(C)C)NC(=O)C([H])(C)NC(C)=O,0.21446013378115514,0.2286629619674753
COC(=O)CNC(=O)C([H])(C(C)C)NC(=O)CNC(C)=O,0.22626430241516876,0.3207708389028683
CC(=O)NCC(=O)NC([H])(CC(C)C)C(=O)NC([H])(C)C(=O)OC,0.3448457591174345,0.40983102514302183
COC(=O)CNC(=O)C([H])(CC(C)C)NC(=O)C([H])(C)NC(C)=O,0.2867745412411252,0.3099298021548365
COC(=O)C([H])(C)NC(=O)C([H])(CC(C)C)NC(=O)C([H])(C)NC(C)=O,0.2620153319018345,0.2578365576763922
CCOC(=O)CNC(=O)C([H])(CCSC)NC(=O)CNC(C)=O,0.30786165961673206,0.5511882677457642
COC(=O)C([H])(C)NC(=O)C([H])(Cc(c1)cccc1)NC(=O)C([H])(C)NC(C)=O,0.2820872952367965,0.28180328622701784
CC(=O)NCC(=O)NC([H])(Cc(c1)cccc1)C(=O)NC([H])(C)C(=O)OC,0.29761658891486503,0.33713848943036884
COC(=O)CNC(=O)C([H])(Cc(c1)cccc1)NC(=O)C([H])(C)NC(C)=O,0.3515006616045147,0.3383495419682072
COC(=O)CNC(=O)C([H])(NC(=O)CNC(C)=O)Cc(c1)cccc1,0.31296825603387324,0.42814189215979864
COC(=O)C([H])(C)NC(=O)C([H])(Cc(c1)cccc1)NC(=O)C([H])(NC(C)=O)C(C)C,0.2531249405412127,0.32535684835430617
COC(=O)C([H])(C)NC(=O)C([H])(CC(C)C)NC(=O)C([H])(NC(C)=O)C(C)C,0.29018512437024774,0.2795532761149844
COC(=O)CNC(=O)C([H])(CC(C)C)NC(=O)C([H])(NC(C)=O)C(C)C,0.26878571792654615,0.29512095916344694
COC(=O)C([H])(C)NC(=O)CNC(=O)C([H])(NC(C)=O)C(C)C,0.3444967892059919,0.4033300903361688
COC(=O)CNC(=O)C([H])(C)NC(=O)C([H])(NC(C)=O)C(C)C,0.4018215427456512,0.39219238732747663
CC(C)C(N1)C(=O)NC(C)C(=O)1,0.41741875411528245,0.6252611774591441
CC(C)CC(N1)C(=O)NCC(=O)1,0.3703555594520373,0.557637952899761
CC(C)C(N1)C(=O)NCC(=O)1,0.33299601434202053,0.48415341759715685
CC(N1)C(=O)NC(C)C(=O)1,0.2818079352000072,0.4458011544079643
O=C(C1)NCC(=O)N1,0.3847055579030103,0.665215654268372
COC(=O)CC([H])(NC(C)=O)C(=O)OC,0.49200824305728585,0.5126917416529695
COC(=O)CCC([H])(NC(C)=O)C(=O)OC,0.4418493674563516,0.5767073903619356
CCOC(=O)CC([H])(NC(C)=O)C(=O)OCC,0.2969130796505156,0.3870178171156156
CCOC(=O)CCC([H])(NC(C)=O)C(=O)OCC,0.4319892708342924,0.5846075195144608
COC(=O)C([H])(NC(C)=O)Cc(c1)cccc1,0.5456053126152017,0.6658769695677081
COC(=O)C([H])(CCSC)NC(C)=O,0.6207908891446187,0.7207287694274589
COC(=O)C([H])(CO)NC(C)=O,0.47596362101302186,0.4428882912546293
COC(=O)C([H])(CC(C)C)NC(C)=O,0.42940508900704993,0.6074260838878683
COC(=O)C([H])(NC(C)=O)C(C)C,0.5177266828185362,0.6206460603405629
CCC([H])(C)C([H])(NC(C)=O)C(=O)OC,0.5533790275987095,0.6796442332266346
COC(=O)C([H])(C)NC(C)=O,0.2293013114693295,0.442032406554396
COC(=O)CNC(C)=O,0.4012533240058552,0.6259555164228857
Cc(c1)ccc(I)c1,0.7346532765753793,0.8559101641592688
Cc(c1)cc(I)cc1,0.7428289815972975,0.8406502265801842
Cc(c1)c(I)ccc1,0.7557392033816347,0.8621655494172932
CCOC(=O)c(c1)ccc(N)c1,0.8490162301636678,0.860094166766533
CCOC(=O)c(c1)c(N)ccc1,0.7897071297633521,0.8704570568139993
COC(=O)c(c1)ccc(N)c1,0.8383545942194839,0.8610056274795775
COC(=O)c(c1)c(N)ccc1,0.8185176774500541,0.8778189906013146
CC(C)CCOC(=O)c(c1)c(O)ccc1,0.87758006507455,0.8943388319468278
CC(C)COC(=O)c(c1)ccc(O)c1,0.8542023470125206,0.7960671795050949
CC(C)COC(=O)c(c1)c(O)ccc1,0.8933238308533105,0.8822875717840335
CCCCOC(=O)c(c1)ccc(O)c1,0.822458255285931,0.7605672643380832
CCCCOC(=O)c(c1)c(O)ccc1,0.877079531861116,0.9033474457295598
CC(C)OC(=O)c(c1)ccc(O)c1,0.782637154465936,0.8371463614390287
CC(C)OC(=O)c(c1)c(O)ccc1,0.8371857367384324,0.8621028414926937
CCCOC(=O)c(c1)ccc(O)c1,0.7870359647532827,0.8079003576163276
CCCOC(=O)c(c1)c(O)ccc1,0.8069358037427653,0.8706468699073442
CCOC(=O)c(c1)ccc(O)c1,0.7183958710782959,0.8324580431488782
CCOC(=O)c(c1)c(O)ccc1,0.7811600056113956,0.8679373722090051
COC(=O)c(c1)ccc(O)c1,0.8273870104364457,0.8532856178215624
COC(=O)c(c1)cc(O)cc1,0.8340256937048601,0.8414461164600607
COC(=O)c(c1)c(O)ccc1,0.8464077796677644,0.8744652963843617
[2H]C([2H])([2H])C([2H])(C([2H])([2H])[2H])OC(=O)c(c1)c(C)ccc1,0.3927230679637664,0.479331299369982
[2H]C([2H])([2H])C(C([2H])([2H])[2H])OC(=O)c(c1)c(C)ccc1,0.5496272453954499,0.5369338047859358
[2H]C(C)(C)OC(=O)c(c1)c(C)ccc1,0.729235836242596,0.8243630167305891
[2H]C([2H])([2H])C(C)OC(=O)c(c1)c(C)ccc1,0.33197506848999925,0.42124271865393115
CC(C)CCOC(=O)c(c1)ccc(C)c1,0.883563399649809,0.8598689968579807
CC(C)CCOC(=O)c(c1)c(C)ccc1,0.8885863333459915,0.8794406335871834
CCCCCOC(=O)c(c1)ccc(C)c1,0.8674324559762188,0.8688006911535626
CCCCCOC(=O)c(c1)c(C)ccc1,0.8901941044770445,0.9028532776882653
CC(C)COC(=O)c(c1)ccc(C)c1,0.7854804727221265,0.8478558787691759
CC(C)COC(=O)c(c1)c(C)ccc1,0.8872571626245164,0.8737888713937783
CCCCOC(=O)c(c1)ccc(C)c1,0.8664278245510759,0.8718739208282719
CCCCOC(=O)c(c1)cc(C)cc1,0.8716764570170074,0.8906294748309375
CCCCOC(=O)c(c1)c(C)ccc1,0.9121592877307971,0.8985635846099204
CC(C)OC(=O)c(c1)ccc(C)c1,0.8062516038422004,0.8180731017198908
CC(C)OC(=O)c(c1)c(C)ccc1,0.9069050400818085,0.912102974487687
CCOC(=O)c(c1)ccc(C)c1,0.848122264316168,0.8581826769585529
CCOC(=O)c(c1)c(C)ccc1,0.8874124514114899,0.9108651746816502
COC(=O)c(c1)ccc(C)c1,0.7854273047378011,0.8049567061931179
COC(=O)c(c1)c(C)ccc1,0.8987204412409312,0.9354900316318923
Cc(c1)ccc(c1)C(O)=O,0.8009065272986223,0.7867829515260326
Cc(c1)cc(cc1)C(O)=O,0.7483260514587105,0.782515505195722
OC(=O)c(c1)c(C)ccc1,0.8569540607643001,0.8857300076728779
CC(C)(C)OC(=O)c(c1)cccc1,0.9064756517183855,0.8746205562163024
CC(C)COC(=O)c(c1)cccc1,0.8751508689255861,0.8686934743415885
CC(C)COC(=O)c(c1)cccc1,0.8928115917671854,0.8946494855137731
CC(C)OC(=O)c(c1)cccc1,0.8593697272172509,0.8428745910538827
CCCOC(=O)c(c1)cccc1,0.7175004509273362,0.758018904264669
CCOC(=O)c(c1)cccc1,0.7736050075956239,0.8140147076358973
COC(=O)c(c1)cccc1,0.8042487886040299,0.8340966333416037
CC(C1)C(O)CCC1,0.7758181767388413,0.8476078726788059
CC(C1)C(=O)CCC1,0.652687005793766,0.8072640942272079
OC(C1)CCCC1,0.6084749243106241,0.7625272850079555
O=C(C1)CCCC1,0.5692275790165331,0.7772078290321536
Clc(c1)ccc(Cl)c1,0.8265959596853275,0.8788077625545809
Clc(c1)cc(Cl)cc1,0.890876984110541,0.9057982151295104
C(C1=4)C(O)CCC(C)1C(C(CC4)3[H])(CCC(C)(C32[H])C(CC2)C(C)CCC(C(C)C)CC)[H],0.8149985859624498,0.6737398529076717
CC(=C(N)1)N(C)N(c(c2)cccc2)C(=O)1,0.5047809567454811,0.5743867790247218
Oc(c1)c(O)ccc1,0.771854337428014,0.825959663674544
Oc(c1)cc(O)cc1,0.7531860190310082,0.8194263465372923
Oc(c1)ccc(Cl)c1,0.8314995531881197,0.8883521932608075
Oc(c1)cc(Cl)cc1,0.7917179171432022,0.8729290061438941
Oc(c1)c(Cl)ccc1,0.7722198828130308,0.8863935086975633
Cc(c1)ccc(O)c1,0.8191427588591078,0.8556845454487535
Cc(c1)cc(O)cc1,0.7589754432688367,0.82809825735106
Cc(c1)c(O)ccc1,0.824321492095087,0.8718628826870747
Cc(c1)cc(C)c(O)c1,0.8119294543136989,0.8695544218330652
Cc(c1)cc(O)cc(C)1,0.797254337548269,0.8554656519348581
Cc(c1)c(C)c(O)cc1,0.8012649686778164,0.8342038257626534
Cc(c1)cc(O)c(C)c1,0.743189560004918,0.8437025299732358
Oc(c1)cc(C)c(C)c1,0.821456589309535,0.8544409896228352
Oc(c1)cc(cc1)[N+1]([O-1])=O,0.7679178181533184,0.820708126917448
Cc(c1)c(O)c(C)cc1,0.8436062340031555,0.8880305110958385
[O-1][N+1](=O)c(c1)c(O)ccc1,0.8362709455366812,0.8693641178234435
Clc(c1)cc(Cl)c(O)c(Cl)1,0.898013661229006,0.9171940270751228
Oc(c1)c(Cl)cc(Cl)c(Cl)1,0.8601011903147602,0.8741574165970688
Oc(c1)cc(Cl)cc(Cl)1,0.7739374880234905,0.824832795801398
Oc(c1)c(Cl)cc(Cl)c1,0.8399879959290348,0.9098564887849142
Oc(c1)c(Cl)c(Cl)cc1,0.761782801766174,0.8504637895972763
Clc(c1)c(O)c(Cl)cc1,0.7916532505694622,0.8637035828402104
Oc(c1)c(Cl)ccc(Cl)1,0.8044799385294541,0.8822521773672906
Oc(c1)cc(Cl)c(Cl)c1,0.8151072194695046,0.8590234549828631
[O-1][N+1](=O)c(c1)cc([N+1]([O-1])=O)c(O)c1,0.8051851187267065,0.8702136685126515
[O-1][N+1](=O)c(c4)c(c1)c(c3c4)c(c2cc3)c(ccc2)c1,0.7289903252649084,0.8204548822213388
