smiles,inchi
CC(C)[C@@H]1C(=O)N2[C@@H](C[C@@]3([C@H]2NC4=CC=CC=C43)C(C)(C)C=C)C(=O)N1,"InChI=1S/C21H27N3O2/c1-6-20(4,5)21-11-15-17(25)23-16(12(2)3)18(26)24(15)19(21)22-14-10-8-7-9-13(14)21/h6-10,12,15-16,19,22H,1,11H2,2-5H3,(H,23,25)/t15-,16+,19-,21+/m0/s1"
C[C@H]1CCC/C=C/C(=O)C2=C(C=C(C=C2CC(=O)O1)O)O,"InChI=1S/C16H18O5/c1-10-5-3-2-4-6-13(18)16-11(8-15(20)21-10)7-12(17)9-14(16)19/h4,6-7,9-10,17,19H,2-3,5,8H2,1H3/b6-4+/t10-/m0/s1"
C[C@H]1CCC(=O)CCC(=O)C2=C(C=C(C=C2CC(=O)O1)O)O,"InChI=1S/C16H18O6/c1-9-2-3-11(17)4-5-13(19)16-10(7-15(21)22-9)6-12(18)8-14(16)20/h6,8-9,18,20H,2-5,7H2,1H3/t9-/m0/s1"
C[C@H]1CCC(=O)[C@H](CC(=O)C2=C(C=C(C=C2CC(=O)O1)O)O)O,"InChI=1S/C16H18O7/c1-8-2-3-11(18)12(19)7-14(21)16-9(5-15(22)23-8)4-10(17)6-13(16)20/h4,6,8,12,17,19-20H,2-3,5,7H2,1H3/t8-,12-/m0/s1"
C[C@H]1CC/C=C/CC(=O)C2=C(C=C(C=C2CC(=O)O1)O)O,"InChI=1S/C16H18O5/c1-10-5-3-2-4-6-13(18)16-11(8-15(20)21-10)7-12(17)9-14(16)19/h2,4,7,9-10,17,19H,3,5-6,8H2,1H3/b4-2+/t10-/m0/s1"
CCC(C)[C@@H]1C(=O)N[C@H](C(=O)N1)CC2=CNC3=CC=CC=C32,"InChI=1S/C17H21N3O2/c1-3-10(2)15-17(22)19-14(16(21)20-15)8-11-9-18-13-7-5-4-6-12(11)13/h4-7,9-10,14-15,18H,3,8H2,1-2H3,(H,19,22)(H,20,21)/t10?,14-,15+/m0/s1"
CC(C)C[C@@H]1C(=O)N[C@H](C(=O)N1)CC2=CNC3=CC=CC=C32,"InChI=1S/C17H21N3O2/c1-10(2)7-14-16(21)20-15(17(22)19-14)8-11-9-18-13-6-4-3-5-12(11)13/h3-6,9-10,14-15,18H,7-8H2,1-2H3,(H,19,22)(H,20,21)/t14-,15+/m1/s1"
C[C@H]1[C@H](OC(=O)C2=C(C(=C(C=C12)O)C)O)C,"InChI=1S/C12H14O4/c1-5-7(3)16-12(15)10-8(5)4-9(13)6(2)11(10)14/h4-5,7,13-14H,1-3H3/t5-,7+/m0/s1"
CC1=CC(=C2C(=C1)C3=C(CC[C@@H]3O)OC2=O)O,"InChI=1S/C13H12O4/c1-6-4-7-11-8(14)2-3-10(11)17-13(16)12(7)9(15)5-6/h4-5,8,14-15H,2-3H2,1H3/t8-/m0/s1"
CC1=CC(=C2C(=C1)C3=C(CC[C@]3(C(=O)OC)O)OC2=O)O,"InChI=1S/C15H14O6/c1-7-5-8-11(9(16)6-7)13(17)21-10-3-4-15(19,12(8)10)14(18)20-2/h5-6,16,19H,3-4H2,1-2H3/t15-/m0/s1"
COc(c3)c(O)cc(c3)C(O1)=C(OC)C(=O)c(c(O)2)c(cc(OC)c(OC)2)1,"InChI=1S/C19H18O8/c1-23-11-6-5-9(7-10(11)20)17-19(26-4)16(22)14-12(27-17)8-13(24-2)18(25-3)15(14)21/h5-8,20-21H,1-4H3"
C(C3(C)4)([H])(CCCC4)C(O)CC(C3([H])2)(C(C1(C)CC2)([H])CCC1([H])C(C)CCC(=O)OC)[H],"InChI=1S/C25H42O3/c1-16(8-11-23(27)28-4)18-9-10-19-17-15-22(26)21-7-5-6-13-24(21,2)20(17)12-14-25(18,19)3/h16-22,26H,5-15H2,1-4H3/t16-,17+,18-,19+,20+,21-,22-,24-,25-/m1/s1"
C(C1(C)4)([H])(C(C)CCC(=O)OC)CCC1(C(C3([H])CC4)([H])CC(C(C3(C)2)([H])CC(O)CC2)O)[H],"InChI=1S/C25H42O4/c1-15(5-8-23(28)29-4)18-6-7-19-17-14-22(27)21-13-16(26)9-11-25(21,3)20(17)10-12-24(18,19)2/h15-22,26-27H,5-14H2,1-4H3/t15-,16+,17+,18-,19+,20+,21-,22-,24-,25-/m1/s1"
C(C3(C)4)([H])(CC(O)CC4)CC(C(C3([H])2)(C(C1(C)C(O)C2)([H])CCC1([H])C(C)CCC(=O)OC)[H])O,"InChI=1S/C25H42O5/c1-14(5-8-22(29)30-4)17-6-7-18-23-19(13-21(28)25(17,18)3)24(2)10-9-16(26)11-15(24)12-20(23)27/h14-21,23,26-28H,5-13H2,1-4H3/t14-,15+,16+,17-,18+,19+,20+,21-,23+,24+,25-/m1/s1"
C(C1(C)4)([H])(C(C)CCC(=O)OC)CCC1(C(C3([H])CC4O)([H])C(O)CC(C3(C)2)([H])CCCC2)[H],"InChI=1S/C25H42O4/c1-15(8-11-22(28)29-4)17-9-10-18-23-19(14-21(27)25(17,18)3)24(2)12-6-5-7-16(24)13-20(23)26/h15-21,23,26-27H,5-14H2,1-4H3/t15-,16+,17-,18+,19+,20+,21-,23+,24+,25-/m1/s1"
C(C1(C)4)([H])(C(C)CCC(=O)OC)CCC1(C(C3([H])CC4)([H])C(O)CC(C3(C)2)([H])CCCC2)[H],"InChI=1S/C25H42O3/c1-16(8-11-22(27)28-4)18-9-10-19-23-20(12-14-25(18,19)3)24(2)13-6-5-7-17(24)15-21(23)26/h16-21,23,26H,5-15H2,1-4H3/t16-,17+,18-,19+,20+,21+,23+,24+,25-/m1/s1"
C(C3(C)4)([H])(CC(O)CC4)CC(C(C3([H])2)(C(C1(C)CC2)([H])CCC1([H])C(C)CCC(=O)OC)[H])O,"InChI=1S/C25H42O4/c1-15(5-8-22(28)29-4)18-6-7-19-23-20(10-12-25(18,19)3)24(2)11-9-17(26)13-16(24)14-21(23)27/h15-21,23,26-27H,5-14H2,1-4H3/t15-,16+,17+,18-,19+,20+,21+,23+,24+,25-/m1/s1"
C(C1(C)4)([H])(C(C)CCC(=O)OC)CCC1(C(C3([H])CC4O)([H])CCC(C3(C)2)([H])CC(O)CC2)[H],"InChI=1S/C25H42O4/c1-15(5-10-23(28)29-4)19-8-9-20-18-7-6-16-13-17(26)11-12-24(16,2)21(18)14-22(27)25(19,20)3/h15-22,26-27H,5-14H2,1-4H3/t15-,16-,17+,18+,19-,20+,21+,22-,24+,25-/m1/s1"
C(C1(C)4)([H])(C(C)CCC(=O)OC)CCC1(C(C3([H])CC4O)([H])CCC(C3(C)2)([H])CCCC2)[H],"InChI=1S/C25H42O3/c1-16(8-13-23(27)28-4)19-11-12-20-18-10-9-17-7-5-6-14-24(17,2)21(18)15-22(26)25(19,20)3/h16-22,26H,5-15H2,1-4H3/t16-,17+,18+,19-,20+,21+,22-,24+,25-/m1/s1"
C(C1(C)4)([H])(C(C)CCC(=O)OC)CCC1(C(C3([H])CC4)([H])CCC(C3(C)2)([H])CC(O)CC2)[H],"InChI=1S/C25H42O3/c1-16(5-10-23(27)28-4)20-8-9-21-19-7-6-17-15-18(26)11-13-24(17,2)22(19)12-14-25(20,21)3/h16-22,26H,5-15H2,1-4H3/t16-,17-,18+,19+,20-,21+,22+,24+,25-/m1/s1"
CCCCCCCCCCC(O1)=CC(OC)=C(C=O)C(=O)1,"InChI=1S/C17H26O4/c1-3-4-5-6-7-8-9-10-11-14-12-16(20-2)15(13-18)17(19)21-14/h12-13H,3-11H2,1-2H3"
COC(=O)C(C(C)1)C(C2OC(=S)n(c3)cnc3)C(CCC2)C(=O)C1,"InChI=1S/C17H22N2O4S/c1-10-8-12(20)11-4-3-5-13(15(11)14(10)16(21)22-2)23-17(24)19-7-6-18-9-19/h6-7,9-11,13-15H,3-5,8H2,1-2H3"
COC(=O)C(C(C)1)C([H])(C(O)2)C([H])(CCC2)C(=O)C1,"InChI=1S/C13H20O4/c1-7-6-10(15)8-4-3-5-9(14)12(8)11(7)13(16)17-2/h7-9,11-12,14H,3-6H2,1-2H3/t7-,8+,9-,11+,12+/m1/s1"
COC(=O)C(C(C)1)C([H])(C2)C([H])(CCC2)C(=O)C1,"InChI=1S/C13H20O3/c1-8-7-11(14)9-5-3-4-6-10(9)12(8)13(15)16-2/h8-10,12H,3-7H2,1-2H3/t8-,9-,10-,12+/m1/s1"
COC(=O)C(C(C)1)C([H])(C2)C([H])(CCC2)C(O)C1,"InChI=1S/C13H22O3/c1-8-7-11(14)9-5-3-4-6-10(9)12(8)13(15)16-2/h8-12,14H,3-7H2,1-2H3/t8-,9-,10-,11+,12+/m1/s1"
OCC([H])(C([H])(C)1)C([H])(C2)C([H])(CCC2)C([H])=C([H])1,"InChI=1S/C12H20O/c1-9-6-7-10-4-2-3-5-11(10)12(9)8-13/h6-7,9-13H,2-5,8H2,1H3/t9-,10+,11-,12-/m1/s1"
c(c3)ccc(c3)C(=O)C(C(=O)2)C(=NO2)c(c1)cccc1,"InChI=1S/C16H11NO3/c18-15(12-9-5-2-6-10-12)13-14(17-20-16(13)19)11-7-3-1-4-8-11/h1-10,13H"
Fc(c3)c(ccc3)C(=O)C(C(=O)2)C(=NO2)c(c1)cccc1,"InChI=1S/C16H10FNO3/c17-12-9-5-4-8-11(12)15(19)13-14(18-21-16(13)20)10-6-2-1-3-7-10/h1-9,13H"
Fc(c3)ccc(c3)C(=O)C(C(=O)2)C(=NO2)c(c1)cccc1,"InChI=1S/C16H10FNO3/c17-12-8-6-11(7-9-12)15(19)13-14(18-21-16(13)20)10-4-2-1-3-5-10/h1-9,13H"
Fc(c3)cc(cc3)C(=O)C(C(=O)2)C(=NO2)c(c1)cccc1,"InChI=1S/C16H10FNO3/c17-12-8-4-7-11(9-12)15(19)13-14(18-21-16(13)20)10-5-2-1-3-6-10/h1-9,13H"
c(c3)ccc(c3)C(=N2)C(C(=O)O2)C(=O)c(c(F)1)c(F)ccc1,"InChI=1S/C16H9F2NO3/c17-10-7-4-8-11(18)12(10)15(20)13-14(19-22-16(13)21)9-5-2-1-3-6-9/h1-8,13H"
c(c3)ccc(c3)C(=N2)C(C(=O)O2)C(=O)c(c1)c(Cl)ccc1,"InChI=1S/C16H10ClNO3/c17-12-9-5-4-8-11(12)15(19)13-14(18-21-16(13)20)10-6-2-1-3-7-10/h1-9,13H"
Clc(c3)cc(cc3)C(=O)C(N=1)C(=O)OC(c(c2)cccc2)1,"InChI=1S/C16H10ClNO3/c17-12-8-4-7-11(9-12)14(19)13-16(20)21-15(18-13)10-5-2-1-3-6-10/h1-9,13H"
Clc(c3)ccc(c3)C(=O)C(N=1)C(=O)OC(c(c2)cccc2)1,"InChI=1S/C16H10ClNO3/c17-12-8-6-10(7-9-12)14(19)13-16(20)21-15(18-13)11-4-2-1-3-5-11/h1-9,13H"
Clc(c3)cc(Cl)c(c3)C(=O)C(C(=O)2)C(=NO2)c(c1)cccc1,"InChI=1S/C16H9Cl2NO3/c17-10-6-7-11(12(18)8-10)15(20)13-14(19-22-16(13)21)9-4-2-1-3-5-9/h1-8,13H"
Fc(c3)cc(F)c(c3)C(=O)C(C(=O)2)C(=NO2)c(c1)cccc1,"InChI=1S/C16H9F2NO3/c17-10-6-7-11(12(18)8-10)15(20)13-14(19-22-16(13)21)9-4-2-1-3-5-9/h1-8,13H"
c(c3)ccc(c3)C(=N2)C(C(=O)O2)C(=O)c(c(F)1)c(F)c(F)c(F)c(F)1,"InChI=1S/C16H6F5NO3/c17-9-7(10(18)12(20)13(21)11(9)19)15(23)8-14(22-25-16(8)24)6-4-2-1-3-5-6/h1-5,8H"
BrC#CCCCOC(C1)OCCC1,"InChI=1S/C10H15BrO2/c11-7-3-1-4-8-12-10-6-2-5-9-13-10/h10H,1-2,4-6,8-9H2"
c(c4)ccc(c4)C=Cc(c3)ccc(c3)C(C(=O)1)C(=O)c(c2)c(ccc2)1,"InChI=1S/C23H16O2/c24-22-19-8-4-5-9-20(19)23(25)21(22)18-14-12-17(13-15-18)11-10-16-6-2-1-3-7-16/h1-15,21H/b11-10+"
C[Si](C)([Si](C)(C)1)[Si](C)(C)[Si](C)(C)[Si](C)(C)[Si](C)(C)1,"InChI=1S/C12H36Si6/c1-13(2)14(3,4)16(7,8)18(11,12)17(9,10)15(13,5)6/h1-12H3"
C[Si](C)(C)[Si](C)(C)[Si](C)(C)[Si](C)(C)[Si](C)(C)[Si](C)(C)C,"InChI=1S/C14H42Si6/c1-15(2,3)17(7,8)19(11,12)20(13,14)18(9,10)16(4,5)6/h1-14H3"
C(C2)Cc(c1)c(C2)ccc1,"InChI=1S/C10H12/c1-2-6-10-8-4-3-7-9(10)5-1/h1-2,5-6H,3-4,7-8H2"
C(C(c(c6)cccc6)(c(c5)cccc5)c(c4)cccc4)(c(c3)cccc3)(c(c2)cccc2)c(c1)cccc1,"InChI=1S/C38H30/c1-7-19-31(20-8-1)37(32-21-9-2-10-22-32,33-23-11-3-12-24-33)38(34-25-13-4-14-26-34,35-27-15-5-16-28-35)36-29-17-6-18-30-36/h1-30H"
c(c1)cc(OCC(O3)C3)cc1OCC(O2)C2,"InChI=1S/C12H14O4/c1-2-9(13-5-11-7-15-11)4-10(3-1)14-6-12-8-16-12/h1-4,11-12H,5-8H2"
c(c5)ccc(c5)C(=C(c(c4)cccc4)2)C(C1)C(C=3)C(C(=O)C3)C12,"InChI=1S/C22H18O/c23-19-12-11-16-17-13-18(22(16)19)21(15-9-5-2-6-10-15)20(17)14-7-3-1-4-8-14/h1-12,16-18,22H,13H2"
CC(=O)CCC(C(C)=C)C[Si](C)(C)C,"InChI=1S/C12H24OSi/c1-10(2)12(8-7-11(3)13)9-14(4,5)6/h12H,1,7-9H2,2-6H3"
CCC(=O)CCC(C(C)=C)C[Si](C)(C)C,"InChI=1S/C13H26OSi/c1-7-13(14)9-8-12(11(2)3)10-15(4,5)6/h12H,2,7-10H2,1,3-6H3"
CC(C)=CCCC(=C)C(CCC(C)=O)C[Si](C)(C)C,"InChI=1S/C17H32OSi/c1-14(2)9-8-10-15(3)17(12-11-16(4)18)13-19(5,6)7/h9,17H,3,8,10-13H2,1-2,4-7H3"
O=C(C1)CC(CC1)C(C(C)=C)C[Si](C)(C)C,"InChI=1S/C14H26OSi/c1-11(2)14(10-16(3,4)5)12-7-6-8-13(15)9-12/h12,14H,1,6-10H2,2-5H3"
C=CC(C[Si](C)(C)C)C(C1)C(C)C(=O)CC(C(C)=C)1,"InChI=1S/C17H30OSi/c1-8-14(11-19(5,6)7)16-9-15(12(2)3)10-17(18)13(16)4/h8,13-16H,1-2,9-11H2,3-7H3"
CC(C)=CCCC(=C)C(C[Si](C)(C)C)C(C1)C(C)C(=O)CC(C(C)=C)1,"InChI=1S/C23H40OSi/c1-16(2)11-10-12-18(5)22(15-25(7,8)9)21-13-20(17(3)4)14-23(24)19(21)6/h11,19-22H,3,5,10,12-15H2,1-2,4,6-9H3"
C=CC(C[Si](C)(C)C)C(C1)CC(=O)CC1,"InChI=1S/C13H24OSi/c1-5-11(10-15(2,3)4)12-7-6-8-13(14)9-12/h5,11-12H,1,6-10H2,2-4H3"
CC(=C)C(C1)CC(C)(CC(=O)1)C(C(C)=C)C[Si](C)(C)C,"InChI=1S/C18H32OSi/c1-13(2)15-9-16(19)11-18(5,10-15)17(14(3)4)12-20(6,7)8/h15,17H,1,3,9-12H2,2,4-8H3"
CCCCC(=O)CC(C)(C=C)C(=O)CCCC,"InChI=1S/C15H26O2/c1-5-8-10-13(16)12-15(4,7-3)14(17)11-9-6-2/h7H,3,5-6,8-12H2,1-2,4H3"
CCCCC(=O)CC(=C)C(C(=O)CCCC)C[Si](C)(C)C,"InChI=1S/C18H34O2Si/c1-7-9-11-16(19)13-15(3)17(14-21(4,5)6)18(20)12-10-8-2/h17H,3,7-14H2,1-2,4-6H3"
CCC(=O)CCC(C=C)C[Si](C)(C)C,"InChI=1S/C12H24OSi/c1-6-11(10-14(3,4)5)8-9-12(13)7-2/h6,11H,1,7-10H2,2-5H3"
CCC(=O)CCC(C(=C)CCC=C(C)C)C[Si](C)(C)C,"InChI=1S/C18H34OSi/c1-8-18(19)13-12-17(14-20(5,6)7)16(4)11-9-10-15(2)3/h10,17H,4,8-9,11-14H2,1-3,5-7H3"
CC(C)=CCCC(=C)C(C[Si](C)(C)C)C(C1)CC(=O)CC1,"InChI=1S/C19H34OSi/c1-15(2)9-7-10-16(3)19(14-21(4,5)6)17-11-8-12-18(20)13-17/h9,17,19H,3,7-8,10-14H2,1-2,4-6H3"
CC(C)(O)C([H])(C1)CC([H])(C(C)(O)2)C(C)(CCC2)C1,"InChI=1S/C15H28O2/c1-13(2,16)11-6-9-14(3)7-5-8-15(4,17)12(14)10-11/h11-12,16-17H,5-10H2,1-4H3/t11-,12+,14-,15+/m1/s1"
COC(=O)C(C)C(C1)CC([H])(C([H])(C)2)C(C)(CCC(=O)2)C1,"InChI=1S/C16H26O3/c1-10(15(18)19-4)12-5-7-16(3)8-6-14(17)11(2)13(16)9-12/h10-13H,5-9H2,1-4H3/t10?,11-,12?,13-,16+/m1/s1"
OCC(C)C([H])(C2)CC([H])(C(C)1C2)C([H])(C)C([H])(O)CC1,"InChI=1S/C15H28O2/c1-10(9-16)12-4-6-15(3)7-5-14(17)11(2)13(15)8-12/h10-14,16-17H,4-9H2,1-3H3/t10?,11-,12-,13-,14-,15+/m1/s1"
CC(=C)C([H])(C1)CC([H])(C(C)=2)C(C)(CCC([H])2)C1,"InChI=1S/C15H24/c1-11(2)13-7-9-15(4)8-5-6-12(3)14(15)10-13/h6,13-14H,1,5,7-10H2,2-4H3/t13-,14-,15-/m1/s1"
CC(C)(O)C([H])(C2)CC([H])(C(C2)1)C([H])(C)C([H])(O)CC([H])(C)1,"InChI=1S/C15H28O2/c1-9-7-14(16)10(2)13-8-11(15(3,4)17)5-6-12(9)13/h9-14,16-17H,5-8H2,1-4H3/t9-,10-,11-,12?,13-,14+/m1/s1"
O=CC([H])(C([H])(C)2)C([H])(C([H])1C([H])=C([H])2)C([H])(CCC1)O[Si](C(C)C)(C(C)C)C(C)C,"InChI=1S/C21H38O2Si/c1-14(2)24(15(3)4,16(5)6)23-20-10-8-9-18-12-11-17(7)19(13-22)21(18)20/h11-21H,8-10H2,1-7H3/t17-,18+,19+,20-,21-/m0/s1"
OCC([H])(C([H])(C)2)C([H])(C([H])1C([H])=C([H])2)C([H])(CCC1)O[Si](C(C)C)(C(C)C)C(C)C,"InChI=1S/C21H40O2Si/c1-14(2)24(15(3)4,16(5)6)23-20-10-8-9-18-12-11-17(7)19(13-22)21(18)20/h11-12,14-22H,8-10,13H2,1-7H3/t17-,18-,19+,20-,21-/m0/s1"
CC(C)C[SiH](C)CC(C)C,"InChI=1S/C9H22Si/c1-8(2)6-10(5)7-9(3)4/h8-10H,6-7H2,1-5H3"
CCCC[Si](C([2H])([2H])[2H])(C([2H])([2H])[2H])C([2H])([2H])[2H],"InChI=1S/C7H18Si/c1-5-6-7-8(2,3)4/h5-7H2,1-4H3/i2D3,3D3,4D3"
CCCC[Si](C)(C)C,"InChI=1S/C7H18Si/c1-5-6-7-8(2,3)4/h5-7H2,1-4H3"
CCCC[SiH](C([2H])([2H])[2H])C([2H])([2H])[2H],"InChI=1S/C6H16Si/c1-4-5-6-7(2)3/h7H,4-6H2,1-3H3/i2D3,3D3"
CCCC[SiH](C)C,"InChI=1S/C6H16Si/c1-4-5-6-7(2)3/h7H,4-6H2,1-3H3"
CCCC[Si]([2H])([2H])C([2H])([2H])[2H],"InChI=1S/C5H14Si/c1-3-4-5-6-2/h3-6H2,1-2H3/i2D3,6D2"
CCCC[SiH2]C([2H])([2H])[2H],"InChI=1S/C5H14Si/c1-3-4-5-6-2/h3-6H2,1-2H3/i2D3"
CCCC[Si]([2H])([2H])C,"InChI=1S/C5H14Si/c1-3-4-5-6-2/h3-6H2,1-2H3/i6D2"
[2H]C([2H])([2H])CI,"InChI=1S/C2H5I/c1-2-3/h2H2,1H3/i1D3"
CCC[Si]([2H])(CCC)[Si]([2H])(C)C,"InChI=1S/C8H22Si2/c1-5-7-10(8-6-2)9(3)4/h9-10H,5-8H2,1-4H3/i9D,10D"
CCC[SiH](CCC)[SiH](C)C,"InChI=1S/C8H22Si2/c1-5-7-10(8-6-2)9(3)4/h9-10H,5-8H2,1-4H3"
CCCC[Si]([2H])(C)[Si]([2H])(C)CCCC,"InChI=1S/C10H26Si2/c1-5-7-9-11(3)12(4)10-8-6-2/h11-12H,5-10H2,1-4H3/i11D,12D"
CCCC[SiH](C)[SiH](C)CCCC,"InChI=1S/C10H26Si2/c1-5-7-9-11(3)12(4)10-8-6-2/h11-12H,5-10H2,1-4H3"
CCCC[Si]([2H])(C)[Si]([2H])(C)C,"InChI=1S/C7H20Si2/c1-5-6-7-9(4)8(2)3/h8-9H,5-7H2,1-4H3/i8D,9D"
CCCC[SiH](C)[SiH](C)C,"InChI=1S/C7H20Si2/c1-5-6-7-9(4)8(2)3/h8-9H,5-7H2,1-4H3"
CCC[Si]([2H])(C)[Si]([2H])(C)CCC,"InChI=1S/C8H22Si2/c1-5-7-9(3)10(4)8-6-2/h9-10H,5-8H2,1-4H3/i9D,10D"
CCC[SiH](C)[SiH](C)CCC,"InChI=1S/C8H22Si2/c1-5-7-9(3)10(4)8-6-2/h9-10H,5-8H2,1-4H3"
CCC[Si]([2H])(C)[Si]([2H])(C)C,"InChI=1S/C6H18Si2/c1-5-6-8(4)7(2)3/h7-8H,5-6H2,1-4H3/i7D,8D"
CCC[SiH](C)[SiH](C)C,"InChI=1S/C6H18Si2/c1-5-6-8(4)7(2)3/h7-8H,5-6H2,1-4H3"
[2H][Si](C)(C)[Si](C)(C)[Si]([2H])(C)C,"InChI=1S/C6H20Si3/c1-7(2)9(5,6)8(3)4/h7-8H,1-6H3/i7D,8D"
C[SiH](C)[Si](C)(C)[SiH](C)C,"InChI=1S/C6H20Si3/c1-7(2)9(5,6)8(3)4/h7-8H,1-6H3"
[2H][Si](C)(C)CCCC[Si]([2H])(C)C,"InChI=1S/C8H22Si2/c1-9(2)7-5-6-8-10(3)4/h9-10H,5-8H2,1-4H3/i9D,10D"
C[SiH](C)CCCC[SiH](C)C,"InChI=1S/C8H22Si2/c1-9(2)7-5-6-8-10(3)4/h9-10H,5-8H2,1-4H3"
[2H]C([2H])(C([2H])([2H])[Si]([2H])(C)C)C([2H])([2H])[Si]([2H])(C)C,"InChI=1S/C7H20Si2/c1-8(2)6-5-7-9(3)4/h8-9H,5-7H2,1-4H3/i5D2,6D2,7D2,8D,9D"
C[SiH](C)C([2H])([2H])C([2H])([2H])C([2H])([2H])[SiH](C)C,"InChI=1S/C7H20Si2/c1-8(2)6-5-7-9(3)4/h8-9H,5-7H2,1-4H3/i5D2,6D2,7D2"
[2H]C([2H])([Si]([2H])(C)C)C([2H])([2H])[Si]([2H])(C)C,"InChI=1S/C6H18Si2/c1-7(2)5-6-8(3)4/h7-8H,5-6H2,1-4H3/i5D2,6D2,7D,8D"
C[Si](C)(C)C([2H])([2H])C([2H])([2H])[Si](C)(C)C,"InChI=1S/C8H22Si2/c1-9(2,3)7-8-10(4,5)6/h7-8H2,1-6H3/i7D2,8D2"
C[Si](C)(C)CC[Si](C)(C)C,"InChI=1S/C8H22Si2/c1-9(2,3)7-8-10(4,5)6/h7-8H2,1-6H3"
CC[Si]([2H])(CC)[Si]([2H])(CC)CC,"InChI=1S/C8H22Si2/c1-5-9(6-2)10(7-3)8-4/h9-10H,5-8H2,1-4H3/i9D,10D"
CC[SiH](CC)[SiH](CC)CC,"InChI=1S/C8H22Si2/c1-5-9(6-2)10(7-3)8-4/h9-10H,5-8H2,1-4H3"
CC[Si]([2H])(CC)[Si]([2H])(C)C,"InChI=1S/C6H18Si2/c1-5-8(6-2)7(3)4/h7-8H,5-6H2,1-4H3/i7D,8D"
CC[SiH](CC)[SiH](C)C,"InChI=1S/C6H18Si2/c1-5-8(6-2)7(3)4/h7-8H,5-6H2,1-4H3"
CC[SiH](C)[SiH](C)CC,"InChI=1S/C6H18Si2/c1-5-7(3)8(4)6-2/h7-8H,5-6H2,1-4H3"
CC[Si]([2H])(C)[Si]([2H])(C)C,"InChI=1S/C5H16Si2/c1-5-7(4)6(2)3/h6-7H,5H2,1-4H3/i6D,7D"
CC[SiH](C)[SiH](C)C,"InChI=1S/C5H16Si2/c1-5-7(4)6(2)3/h6-7H,5H2,1-4H3"
C[SiH2]C([2H])([2H])C([2H])([2H])[SiH2]C,"InChI=1S/C4H14Si2/c1-5-3-4-6-2/h3-6H2,1-2H3/i3D2,4D2"
C[SiH2]CC[SiH2]C,"InChI=1S/C4H14Si2/c1-5-3-4-6-2/h3-6H2,1-2H3"
[2H][Si](C)(C)CCC[Si]([2H])(C)C,"InChI=1S/C7H20Si2/c1-8(2)6-5-7-9(3)4/h8-9H,5-7H2,1-4H3/i8D,9D"
C[SiH](C)CCC[SiH](C)C,"InChI=1S/C7H20Si2/c1-8(2)6-5-7-9(3)4/h8-9H,5-7H2,1-4H3"
[2H][Si](C)(C)C[Si]([2H])(C)C,"InChI=1S/C5H16Si2/c1-6(2)5-7(3)4/h6-7H,5H2,1-4H3/i6D,7D"
C[SiH](C)C[SiH](C)C,"InChI=1S/C5H16Si2/c1-6(2)5-7(3)4/h6-7H,5H2,1-4H3"
c(c2)ccc(c2)C#C[Si](C)(C)c(c1)cccc1,"InChI=1S/C16H16Si/c1-17(2,16-11-7-4-8-12-16)14-13-15-9-5-3-6-10-15/h3-12H,1-2H3"
CCCC[Si](C)(I)CCCC,"InChI=1S/C9H21ISi/c1-4-6-8-11(3,10)9-7-5-2/h4-9H2,1-3H3"
CCCCC(C1)[Si](CC)(CC)c(c2)c(ccc2)[Si](CC)(CC)1,"InChI=1S/C20H36Si2/c1-6-11-14-18-17-21(7-2,8-3)19-15-12-13-16-20(19)22(18,9-4)10-5/h12-13,15-16,18H,6-11,14,17H2,1-5H3"
C([Si](c(c4)cccc4)(c(c3)cccc3)c(c2)cccc2)(=O)c(c1C)c(cc(C)c1)C,"InChI=1S/C28H26OSi/c1-21-19-22(2)27(23(3)20-21)28(29)30(24-13-7-4-8-14-24,25-15-9-5-10-16-25)26-17-11-6-12-18-26/h4-20H,1-3H3"
Cc(c1)ccc(c1)[SiH](CC)[SiH](CC)C(C)C(C)C,"InChI=1S/C16H30Si2/c1-7-17(15(6)13(3)4)18(8-2)16-11-9-14(5)10-12-16/h9-13,15,17-18H,7-8H2,1-6H3"
Cc(c2)ccc(c2)[Si](C)(CC)[Si](C)(CC)c(c1)ccc(C)c1,"InChI=1S/C20H30Si2/c1-7-21(5,19-13-9-17(3)10-14-19)22(6,8-2)20-15-11-18(4)12-16-20/h9-16H,7-8H2,1-6H3"
CCCCCC([Si](CC)(CC)1)[Si](CC)(CC)c(c2)c(ccc2)1,"InChI=1S/C20H36Si2/c1-6-11-12-17-20-21(7-2,8-3)18-15-13-14-16-19(18)22(20,9-4)10-5/h13-16,20H,6-12,17H2,1-5H3"
CC(C)(C)[Si](C)(C)I,"InChI=1S/C6H15ISi/c1-6(2,3)8(4,5)7/h1-5H3"
IC[SiH](c(c2)cccc2)c(c1)cccc1,"InChI=1S/C13H13ISi/c14-11-15(12-7-3-1-4-8-12)13-9-5-2-6-10-13/h1-10,15H,11H2"
I[Si](CC)(CC)CC,"InChI=1S/C6H15ISi/c1-4-8(7,5-2)6-3/h4-6H2,1-3H3"
CC[Si](I)(I)CC,"InChI=1S/C4H10I2Si/c1-3-7(5,6)4-2/h3-4H2,1-2H3"
COC=CC#C[Si](C)(C)C,"InChI=1S/C8H14OSi/c1-9-7-5-6-8-10(2,3)4/h5,7H,1-4H3/b7-5-"
CCO[Si](C)(OCC)c(c1)cccc1,"InChI=1S/C11H18O2Si/c1-4-12-14(3,13-5-2)11-9-7-6-8-10-11/h6-10H,4-5H2,1-3H3"
c(c1)c(ccc([Si](c(c4)cccc4)([Si](c(c3)cccc3)(c(c2)ccc(c2)Br)C)C)1)Br,"InChI=1S/C26H24Br2Si2/c1-29(23-9-5-3-6-10-23,25-17-13-21(27)14-18-25)30(2,24-11-7-4-8-12-24)26-19-15-22(28)16-20-26/h3-20H,1-2H3"
Brc(c2)sc(c(Br)2)c(s1)c(Br)cc(Br)1,InChI=1S/C8H2Br4S2/c9-3-1-5(11)13-7(3)8-4(10)2-6(12)14-8/h1-2H
CCO[Si](C)(C)C,"InChI=1S/C5H14OSi/c1-5-6-7(2,3)4/h5H2,1-4H3"
C[Si](C)(C)C#CC#CC#C[Si](C)(C)C,"InChI=1S/C12H18Si2/c1-13(2,3)11-9-7-8-10-12-14(4,5)6/h1-6H3"
c(c1)ccc(c1)C#C[Si](C)(C)[Si](C)(C)C,"InChI=1S/C13H20Si2/c1-14(2,3)15(4,5)12-11-13-9-7-6-8-10-13/h6-10H,1-5H3"
c(c3)c(ccc3[Si](c(c4)cccc4)(C)Cl)c(c2)ccc(c2)[Si](c(c1)cccc1)(C)Cl,"InChI=1S/C26H24Cl2Si2/c1-29(27,23-9-5-3-6-10-23)25-17-13-21(14-18-25)22-15-19-26(20-16-22)30(2,28)24-11-7-4-8-12-24/h3-20H,1-2H3"
CC[Si](CC)(CC)C#CC#CC#CC#C[Si](CC)(CC)CC,"InChI=1S/C20H30Si2/c1-7-21(8-2,9-3)19-17-15-13-14-16-18-20-22(10-4,11-5)12-6/h7-12H2,1-6H3"
C#CC#C[Si](C)(C)C,"InChI=1S/C7H10Si/c1-5-6-7-8(2,3)4/h1H,2-4H3"
CC[SiH](CC)c(c2)c(ccc2)[Si](CC)(CC)C#Cc(c1)cccc1,"InChI=1S/C22H30Si2/c1-5-23(6-2)21-16-12-13-17-22(21)24(7-3,8-4)19-18-20-14-10-9-11-15-20/h9-17,23H,5-8H2,1-4H3"
c(c5)cc(cc5)[Si](c43)(c(c2)c(c3cccc4)ccc2)C(C=1C)(C(=C(C)C(C)1)C)C,"InChI=1S/C28H28Si/c1-19-20(2)22(4)28(5,21(19)3)29(23-13-7-6-8-14-23)26-17-11-9-15-24(26)25-16-10-12-18-27(25)29/h6-18H,1-5H3"
CC[Si](CC)(C1)c(c2)c(ccc2)[Si](CC)(CC)C1,"InChI=1S/C16H28Si2/c1-5-17(6-2)13-14-18(7-3,8-4)16-12-10-9-11-15(16)17/h9-12H,5-8,13-14H2,1-4H3"
CC[Si](CC)(c21)c(c3)c(ccc3)[Si](CC)(CC)c(cccc2)1,"InChI=1S/C20H28Si2/c1-5-21(6-2)17-13-9-11-15-19(17)22(7-3,8-4)20-16-12-10-14-18(20)21/h9-16H,5-8H2,1-4H3"
CC[SiH](CC)c(c2)c(ccc2)[Si](CC)(CC)C([H])=C([H])c(c1)cccc1,"InChI=1S/C22H32Si2/c1-5-23(6-2)21-16-12-13-17-22(21)24(7-3,8-4)19-18-20-14-10-9-11-15-20/h9-19,23H,5-8H2,1-4H3/b19-18+"
Cc(c1)ccc(c1)[Si](C)(Cl)CC,"InChI=1S/C10H15ClSi/c1-4-12(3,11)10-7-5-9(2)6-8-10/h5-8H,4H2,1-3H3"
Brc(c1)cc(cc1)N([Si](C)(C)C)[Si](C)(C)C,"InChI=1S/C12H22BrNSi2/c1-15(2,3)14(16(4,5)6)12-9-7-8-11(13)10-12/h7-10H,1-6H3"
C[SiH](C)O[Si](C)(C)O[SiH](C)C,"InChI=1S/C6H20O2Si3/c1-9(2)7-11(5,6)8-10(3)4/h9-10H,1-6H3"
c(c1)ccc(c1)C#C[Si](C)(C)Cl,"InChI=1S/C10H11ClSi/c1-12(2,11)9-8-10-6-4-3-5-7-10/h3-7H,1-2H3"
C#CC(C(C#C)=1)=C([Si](C)(C)C)[Si](C)(C)C([Si](C)(C)C)1,"InChI=1S/C16H26Si3/c1-11-13-14(12-2)16(18(6,7)8)19(9,10)15(13)17(3,4)5/h1-2H,3-10H3"
C[Si](C)(C)C#Cc(c1)cc(N)c(c1)C#C[Si](C)(C)C,"InChI=1S/C16H23NSi2/c1-18(2,3)11-9-14-7-8-15(16(17)13-14)10-12-19(4,5)6/h7-8,13H,17H2,1-6H3"
C[SiH](C)C#Cc(c1)cccc1,"InChI=1S/C10H12Si/c1-11(2)9-8-10-6-4-3-5-7-10/h3-7,11H,1-2H3"
OCC(O)Cn(c2)c(C(=O)1)c(n2)N(C)C(=O)N(C)1,"InChI=1S/C10H14N4O4/c1-12-8-7(9(17)13(2)10(12)18)14(5-11-8)3-6(16)4-15/h5-6,15-16H,3-4H2,1-2H3"
CC(O)Cn(c2)c(C(=O)1)c(n2)N(C)C(=O)N(C)1,"InChI=1S/C10H14N4O3/c1-6(15)4-14-5-11-8-7(14)9(16)13(3)10(17)12(8)2/h5-6,15H,4H2,1-3H3"
OCCn(c([H])2)c(C(=O)1)c(n2)N(C)C(=O)N(C)1,"InChI=1S/C9H12N4O3/c1-11-7-6(8(15)12(2)9(11)16)13(3-4-14)5-10-7/h5,14H,3-4H2,1-2H3"
O=C(C1)NC(=O)S1,"InChI=1S/C3H3NO2S/c5-2-1-7-3(6)4-2/h1H2,(H,4,5,6)"
O=C(N1)NC(=O)C(N)C(=O)1,"InChI=1S/C4H5N3O3/c5-1-2(8)6-4(10)7-3(1)9/h1H,5H2,(H2,6,7,8,9,10)"
CC(O)C(O)=O,"InChI=1S/C3H6O3/c1-2(4)3(5)6/h2,4H,1H3,(H,5,6)"
OCCCCCCCCCCCC(O)=O,"InChI=1S/C12H24O3/c13-11-9-7-5-3-1-2-4-6-8-10-12(14)15/h13H,1-11H2,(H,14,15)"
c(c4)ccc(c4)C(=C3)Oc(c1)c(C(=O)3)c(c2)c(ccc2)c1,InChI=1S/C19H12O2/c20-16-12-18(14-7-2-1-3-8-14)21-17-11-10-13-6-4-5-9-15(13)19(16)17/h1-12H
S(S1)SSSSSS1,InChI=1S/S8/c1-2-4-6-8-7-5-3-1
COC(=O)c(c(C)1)c(O)cc(O)c1,"InChI=1S/C9H10O4/c1-5-3-6(10)4-7(11)8(5)9(12)13-2/h3-4,10-11H,1-2H3"
CCOC(=O)CN.Cl,InChI=1S/C4H9NO2.ClH/c1-2-7-4(6)3-5
C1=CC=C2C(=C1)C(=O)NC2=O,"InChI=1S/C8H5NO2/c10-7-5-3-1-2-4-6(5)8(11)9-7/h1-4H,(H,9,10,11)"
COC(=O)c(c(C)1)c(OC)cc(O)c1,"InChI=1S/C10H12O4/c1-6-4-7(11)5-8(13-2)9(6)10(12)14-3/h4-5,11H,1-3H3"
O(C1)C1(C34[H])C(C(C4O)OC(C)=O)(C(C(O3)([H])2)(COC(C)=O)CC(OC(=O)CC(C)C)C(C)=C2)C,"InChI=1S/C24H34O9/c1-12(2)7-18(27)32-16-9-23(10-29-14(4)25)17(8-13(16)3)33-21-19(28)20(31-15(5)26)22(23,6)24(21)11-30-24/h8,12,16-17,19-21,28H,7,9-11H2,1-6H3/t16-,17+,19+,20+,21+,22+,23+,24-/m0/s1"
COc(c4)cc(c3c4)c(ccn3)C(O)C(C1)N(C2)CC(C=C)C([H])(C2)1,"InChI=1S/C20H24N2O2/c1-3-13-12-22-9-7-14(13)10-19(22)20(23)16-6-8-21-18-5-4-15(24-2)11-17(16)18/h3-6,8,11,13-14,19-20,23H,1,7,9-10,12H2,2H3/t13-,14-,19+,20-/m1/s1"
CC(=O)c(c1)c(O)ccc(O)1,"InChI=1S/C8H8O3/c1-5(9)7-4-6(10)2-3-8(7)11/h2-4,10-11H,1H3"
NCC(=O)NCC(O)=O,"InChI=1S/C4H8N2O3/c5-1-3(7)6-2-4(8)9/h1-2,5H2,(H,6,7)(H,8,9)"
OCC(O)=O,"InChI=1S/C2H4O3/c3-1-2(4)5/h3H,1H2,(H,4,5)"
c(c2)ncc(c2)C(=O)C(C)(C)c(c1)cncc1,"InChI=1S/C14H14N2O/c1-14(2,12-6-4-8-16-10-12)13(17)11-5-3-7-15-9-11/h3-10H,1-2H3"
[O-1][N+1](=O)c(c1)cc(C)c(N)c1,"InChI=1S/C7H8N2O2/c1-5-4-6(9(10)11)2-3-7(5)8/h2-4H,8H2,1H3"
O=C(O1)C(CC(C(=O)3)=C(O)c(c4)c(ccc4)O3)=C(O)c(c2)c(ccc2)1,"InChI=1S/C19H12O6/c20-16-10-5-1-3-7-14(10)24-18(22)12(16)9-13-17(21)11-6-2-4-8-15(11)25-19(13)23/h1-8,20-21H,9H2"
OC(=O)C=Cc(c1)c(O)ccc1,"InChI=1S/C9H8O3/c10-8-4-2-1-3-7(8)5-6-9(11)12/h1-6,10H,(H,11,12)/b6-5+"
OC(=O)C=Cc(c1)ccc(O)c1,"InChI=1S/C9H8O3/c10-8-4-1-7(2-5-8)3-6-9(11)12/h1-6,10H,(H,11,12)/b6-3+"
C(C1)COS(=O)(=O)C1,InChI=1S/C4H8O3S/c5-8(6)4-2-1-3-7-8/h1-4H2
C(C2([H])O)C(C3(C)4)(C(C([H])(O)CC3([H])CC([H])(O)CC4)(C(C21C)([H])CCC1([H])C([H])(C)CCC(O)=O)[H])[H],"InChI=1S/C24H40O5/c1-13(4-7-21(28)29)16-5-6-17-22-18(12-20(27)24(16,17)3)23(2)9-8-15(25)10-14(23)11-19(22)26/h13-20,22,25-27H,4-12H2,1-3H3,(H,28,29)/t13-,14+,15-,16-,17+,18+,19-,20+,22+,23+,24-/m1/s1"
[O-1][N+1](=O)c(c1)cc([N+1]([O-1])=O)c(Cl)c1,InChI=1S/C6H3ClN2O4/c7-5-2-1-4(8(10)11)3-6(5)9(12)13/h1-3H
O=C(C1)CC(C)(C)CC(=O)1,"InChI=1S/C8H12O2/c1-8(2)4-6(9)3-7(10)5-8/h3-5H2,1-2H3"
O[B](O)c(c1)ccc(Br)c1,"InChI=1S/C6H6BBrO2/c8-6-3-1-5(2-4-6)7(9)10/h1-4,9-10H"
BrCc(c1)cc(cc1C(F)(F)F)C(F)(F)F,"InChI=1S/C9H5BrF6/c10-4-5-1-6(8(11,12)13)3-7(2-5)9(14,15)16/h1-3H,4H2"
N#Cc(c1)cc(CBr)cc1,"InChI=1S/C8H6BrN/c9-5-7-2-1-3-8(4-7)6-10/h1-4H,5H2"
CC(=O)c(c1)cc(Br)cc1,"InChI=1S/C8H7BrO/c1-6(10)7-3-2-4-8(9)5-7/h2-5H,1H3"
CNc(c2)c(cc(Cl)c2)C(=O)c(c1)c(Cl)ccc1,"InChI=1S/C14H11Cl2NO/c1-17-13-7-6-9(15)8-11(13)14(18)10-4-2-3-5-12(10)16/h2-8,17H,1H3"
NCCCCC(O)=O,"InChI=1S/C5H11NO2/c6-4-2-1-3-5(7)8/h1-4,6H2,(H,7,8)"
NCCCC(O)=O,"InChI=1S/C4H9NO2/c5-3-1-2-4(6)7/h1-3,5H2,(H,6,7)"
CC(=O)NC(CS)C(O)=O,"InChI=1S/C5H9NO3S/c1-3(7)6-4(2-10)5(8)9/h4,10H,2H2,1H3,(H,6,7)(H,8,9)/t4-/m0/s1"
CC(=C(N)1)N(C)N(c(c2)cccc2)C(=O)1,"InChI=1S/C11H13N3O/c1-8-10(12)11(15)14(13(8)2)9-6-4-3-5-7-9/h3-7H,12H2,1-2H3"
NC(=N1)SCC1,"InChI=1S/C3H6N2S/c4-3-5-1-2-6-3/h1-2H2,(H2,4,5)"
OC(=NC1=NC=CS1)C,"InChI=1S/C5H6N2OS/c1-4(8)7-5-6-2-3-9-5/h2-3H,1H3,(H,6,7,8)"
OC(=O)CNC(=O)c(c1)ccc(N)c1,"InChI=1S/C9H10N2O3/c10-7-3-1-6(2-4-7)9(14)11-5-8(12)13/h1-4H,5,10H2,(H,11,14)(H,12,13)"
Nc(c1)ccnc1,"InChI=1S/C5H6N2/c6-5-1-3-7-4-2-5/h1-4H,(H2,6,7)"
NNc(c1)ccc(c1)[N+1]([O-1])=O,"InChI=1S/C6H7N3O2/c7-8-5-1-3-6(4-2-5)9(10)11/h1-4,8H,7H2"
OC(=O)Cn(c(=O)1)c(=O)c(c2)c(ccc2)1,"InChI=1S/C10H7NO4/c12-8(13)5-11-9(14)6-3-1-2-4-7(6)10(11)15/h1-4H,5H2,(H,12,13)"
NCc(c1)ccc(OC)c1,"InChI=1S/C8H11NO/c1-10-8-4-2-7(6-9)3-5-8/h2-5H,6,9H2,1H3"
CN(C)c(c5)ccc(c5)c(c4)c(c1)c(c3c4)c(c2cc3)c(ccc2)c1,"InChI=1S/C24H19N/c1-25(2)20-12-8-16(9-13-20)21-14-10-19-7-6-17-4-3-5-18-11-15-22(21)24(19)23(17)18/h3-15H,1-2H3"
CN(C)c(c4)ccc(c4)C(c21)c(c3)c(ccc3)c(cccc2)1,"InChI=1S/C21H19N/c1-22(2)16-13-11-15(12-14-16)21-19-9-5-3-7-17(19)18-8-4-6-10-20(18)21/h3-14,21H,1-2H3"
CN(C)c(c4)ccc(c4)c(c21)c(c3)c(ccc3)cc(cccc2)1,"InChI=1S/C22H19N/c1-23(2)19-13-11-16(12-14-19)22-20-9-5-3-7-17(20)15-18-8-4-6-10-21(18)22/h3-15H,1-2H3"
CN(C)c(c3)ccc(c3)c(c1)c(c2)c(ccc2)cc1,"InChI=1S/C18H17N/c1-19(2)16-12-10-15(11-13-16)18-9-5-7-14-6-3-4-8-17(14)18/h3-13H,1-2H3"
CN(C)c(c4)cc(C)c(c(C)4)c(c1)c(c3)c(ccc3)c(c2)c(ccc2)1,"InChI=1S/C24H23N/c1-16-13-19(25(3)4)14-17(2)24(16)23-15-18-9-5-6-10-20(18)21-11-7-8-12-22(21)23/h5-15H,1-4H3"
O=C(C1)CC(C2)C(CCC2)1,"InChI=1S/C9H14O/c10-9-5-7-3-1-2-4-8(7)6-9/h7-8H,1-6H2"
O=C(C1)C(C2)C(CCC2)C1,"InChI=1S/C9H14O/c10-9-6-5-7-3-1-2-4-8(7)9/h7-8H,1-6H2"
OC(C1)C([2H])C(C2)C(CCC2)1,"InChI=1S/C9H16O/c10-9-5-7-3-1-2-4-8(7)6-9/h7-10H,1-6H2/i5D"
[2H]C(O)(C1)C(C2)C(CCC2)C1,"InChI=1S/C9H16O/c10-9-6-5-7-3-1-2-4-8(7)9/h7-10H,1-6H2/i9D"
OC(C1)CC(C2)C(CCC2)1,"InChI=1S/C9H16O/c10-9-5-7-3-1-2-4-8(7)6-9/h7-10H,1-6H2"
OC(C1)C(C2)C(CCC2)C1,"InChI=1S/C9H16O/c10-9-6-5-7-3-1-2-4-8(7)9/h7-10H,1-6H2"
C(C13[H])(=O)N(c(c5)cccc5)C(C1([H])CN(C3([H])c(c4)cccc4)C(=O)c(c2)cccc2)=O,"InChI=1S/C25H20N2O3/c28-23(18-12-6-2-7-13-18)26-16-20-21(22(26)17-10-4-1-5-11-17)25(30)27(24(20)29)19-14-8-3-9-15-19/h1-15,20-22H,16H2/t20-,21-,22-/m1/s1"
c(c4)ccc(c4)N(C(=O)1)C(=O)C([H])(C([H])([Si](C)(C)C)2)C([H])1C(c(c3)cccc3)=N2,"InChI=1S/C21H22N2O2Si/c1-26(2,3)19-17-16(18(22-19)14-10-6-4-7-11-14)20(24)23(21(17)25)15-12-8-5-9-13-15/h4-13,16-17,19H,1-3H3/t16-,17+,19+/m1/s1"
c(c5)(cccc5)C(N(C3([H])c(c4)cccc4)C(C(C3([H])1)(C(N(c(c2)cccc2)C1=O)=O)[H])([Si](C)(C)C)[H])=O,"InChI=1S/C28H28N2O3Si/c1-34(2,3)28-23-22(26(32)29(27(23)33)21-17-11-6-12-18-21)24(19-13-7-4-8-14-19)30(28)25(31)20-15-9-5-10-16-20/h4-18,22-24,28H,1-3H3/t22-,23+,24-,28+/m1/s1"
c(c4)ccc(c4)C(=N3)C([H])(C(=O)1)C([H])(C3)C(=O)N(c(c2)cccc2)1,"InChI=1S/C18H14N2O2/c21-17-14-11-19-16(12-7-3-1-4-8-12)15(14)18(22)20(17)13-9-5-2-6-10-13/h1-10,14-15H,11H2/t14-,15-/m1/s1"
c(c4)ccc(c4)N(C(=O)1)C(=O)C([H])(C([H])([Si](C)(C)C)2)C([H])1C(c(c3)cccc3)N2,"InChI=1S/C21H24N2O2Si/c1-26(2,3)19-17-16(18(22-19)14-10-6-4-7-11-14)20(24)23(21(17)25)15-12-8-5-9-13-15/h4-13,16-19,22H,1-3H3/t16-,17-,18?,19+/m1/s1"
COC(=O)c(n1)c(=Cc(c([H])2)n(C(=O)OC)c([H])c([H])2)c(=O)n(C)1,"InChI=1S/C13H13N3O5/c1-15-11(17)9(10(14-15)12(18)20-2)7-8-5-4-6-16(8)13(19)21-3/h4-7H,1-3H3/b9-7+"
c(c5)ccc(c5)N(N31)C(c(c4)n(cc4)C(=O)3)c(c2)c(ccc2)1,"InChI=1S/C18H13N3O/c22-18-19-12-6-11-16(19)17-14-9-4-5-10-15(14)21(18)20(17)13-7-2-1-3-8-13/h1-12,17H"
C(C56[Si](C)(C)C)(C(C(c(c7)cccc7)(N6C)C(C53)C(=O)N(c(c4)cccc4)C3=O)1)C(N(c(c2)cccc2)C(=O)1)=O,"InChI=1S/C32H31N3O4Si/c1-33-31(20-14-8-5-9-15-20)23-25(29(38)34(27(23)36)21-16-10-6-11-17-21)32(33,40(2,3)4)26-24(31)28(37)35(30(26)39)22-18-12-7-13-19-22/h5-19,23-26H,1-4H3"
COC(=O)c(c1)c(C(=O)OC)nn(C)c(=O)n(c2)c(cc2)1,"InChI=1S/C13H13N3O5/c1-15-13(19)16-6-4-5-8(16)7-9(11(17)20-2)10(14-15)12(18)21-3/h4-7H,1-3H3/b9-7+,14-10+"
COC(=O)c(c1)c(C(=O)OC)nn(C(C)(C)C)c(=O)n(c2)c(cc2)1,"InChI=1S/C16H19N3O5/c1-16(2,3)19-15(22)18-8-6-7-10(18)9-11(13(20)23-4)12(17-19)14(21)24-5/h6-9H,1-5H3/b11-9+,17-12+"
c(c1)ccc(c1)C=NC([Si](C)(C)C)[Si](C)(C)C,"InChI=1S/C14H25NSi2/c1-16(2,3)14(17(4,5)6)15-12-13-10-8-7-9-11-13/h7-12,14H,1-6H3/b15-12-"
C=CCOc(c1)c(ccc1)C=NC([Si](C)(C)C)[Si](C)(C)C,"InChI=1S/C17H29NOSi2/c1-8-13-19-16-12-10-9-11-15(16)14-18-17(20(2,3)4)21(5,6)7/h8-12,14,17H,1,13H2,2-7H3/b18-14+"
COC(=O)C1=C(NC(=C1C(=O)OC)[Si](C)(C)C)C2=CC=CC=C2,"InChI=1S/C17H21NO4Si/c1-21-16(19)12-13(17(20)22-2)15(23(3,4)5)18-14(12)11-9-7-6-8-10-11/h6-10,18H,1-5H3"
COC(=O)c(c(c(c2)cccc2)1)c(C(=O)OC)c([Si](C)(C)C)n(C)1,"InChI=1S/C18H23NO4Si/c1-19-15(12-10-8-7-9-11-12)13(17(20)22-2)14(18(21)23-3)16(19)24(4,5)6/h7-11H,1-6H3"
COC(=O)c(c([H])1)c(c(c2)cccc2)n(C)c([Si](C)(C)C)1,"InChI=1S/C16H21NO2Si/c1-17-14(20(3,4)5)11-13(16(18)19-2)15(17)12-9-7-6-8-10-12/h6-11H,1-5H3"
c(c1)ccc(c1)C(=O)N(C)C([Si](C)(C)C)[Si](C)(C)C,"InChI=1S/C15H27NOSi2/c1-16(14(17)13-11-9-8-10-12-13)15(18(2,3)4)19(5,6)7/h8-12,15H,1-7H3"
c(c1)ccc(c1)C(=O)NC([Si](C)(C)C)[Si](C)(C)C,"InChI=1S/C14H25NOSi2/c1-17(2,3)14(18(4,5)6)15-13(16)12-10-8-7-9-11-12/h7-11,14H,1-6H3,(H,15,16)"
CC(C)(C)NC(=O)NC(C)(C)c(c1)cccc1,"InChI=1S/C14H22N2O/c1-13(2,3)15-12(17)16-14(4,5)11-9-7-6-8-10-11/h6-10H,1-5H3,(H2,15,16,17)"
O=C(N1)n(c2)c(cc2)C=N1,"InChI=1S/C6H5N3O/c10-6-8-7-4-5-2-1-3-9(5)6/h1-4H,(H,8,10)"
c(c3)ccc(c3)CN(N=1)C(=O)n(c2)c(cc2)C1,"InChI=1S/C13H11N3O/c17-13-15-8-4-7-12(15)9-14-16(13)10-11-5-2-1-3-6-11/h1-9H,10H2"
CN(N=1)C(=O)n(c2)c(cc2)C1,"InChI=1S/C7H7N3O/c1-9-7(11)10-4-2-3-6(10)5-8-9/h2-5H,1H3"
[H]c(c([H])1)c([H])n(C(=O)2)c1C(=O)NN(C(C)(C)C)2,"InChI=1S/C10H13N3O2/c1-10(2,3)13-9(15)12-6-4-5-7(12)8(14)11-13/h4-6H,1-3H3,(H,11,14)"
CC(C)(C)N(N=1)C(=O)n(c2)c(cc2)C1,"InChI=1S/C10H13N3O/c1-10(2,3)13-9(14)12-6-4-5-8(12)7-11-13/h4-7H,1-3H3"
SC(=N1)n(c2)c(cc2)C=N1,"InChI=1S/C6H5N3S/c10-6-8-7-4-5-2-1-3-9(5)6/h1-4H,(H,8,10)"
COC(=O)C=C(C(=O)OC)N(C)Cc(c1)cccc1,"InChI=1S/C14H17NO4/c1-15(10-11-7-5-4-6-8-11)12(14(17)19-3)9-13(16)18-2/h4-9H,10H2,1-3H3/b12-9-"
O=C(OC)C1=NN(C(=O)C1=CC2=CC=CN2C(=O)OC)C=3C=CC=CC3,"InChI=1S/C18H15N3O5/c1-25-17(23)15-14(11-13-9-6-10-20(13)18(24)26-2)16(22)21(19-15)12-7-4-3-5-8-12/h3-11H,1-2H3/b14-11-"
COC(=O)C(C(c(c3)cccc3)1)=C(C(=O)OC)C(c(c2)cccc2)N(C)1,"InChI=1S/C21H21NO4/c1-22-18(14-10-6-4-7-11-14)16(20(23)25-2)17(21(24)26-3)19(22)15-12-8-5-9-13-15/h4-13,18-19H,1-3H3"
COC(=O)C(C1)=C(C(=O)OC)C(c(c3)cccc3)N(Cc(c2)cccc2)1,"InChI=1S/C21H21NO4/c1-25-20(23)17-14-22(13-15-9-5-3-6-10-15)19(18(17)21(24)26-2)16-11-7-4-8-12-16/h3-12,19H,13-14H2,1-2H3"
COC(=O)C1=CNC(=C1C(=O)OC)C2=CC=CC=C2,"InChI=1S/C14H13NO4/c1-18-13(16)10-8-15-12(11(10)14(17)19-2)9-6-4-3-5-7-9/h3-8,15H,1-2H3"
[2H]C([2H])([2H])Oc(c1)c(ccc1)C(C)=O,"InChI=1S/C9H10O2/c1-7(10)8-5-3-4-6-9(8)11-2/h3-6H,1-2H3/i2D3"
[2H]C([2H])([2H])Oc(c1)cc(cc1)C(C)=O,"InChI=1S/C9H10O2/c1-7(10)8-4-3-5-9(6-8)11-2/h3-6H,1-2H3/i2D3"
[2H]C([2H])([2H])Oc(c1)ccc(c1)C(C)=O,"InChI=1S/C9H10O2/c1-7(10)8-3-5-9(11-2)6-4-8/h3-6H,1-2H3/i2D3"
Cc(c1)oc(c2)c(ccc2)1,"InChI=1S/C9H8O/c1-7-6-8-4-2-3-5-9(8)10-7/h2-6H,1H3"
c(c2)cc(c1)c(c2)oc1,InChI=1S/C8H6O/c1-2-4-8-7(3-1)5-6-9-8/h1-6H
Fc(c1)cc(C)c(F)c1,"InChI=1S/C7H6F2/c1-5-4-6(8)2-3-7(5)9/h2-4H,1H3"
Cc(c1)cc(F)c(F)c1,"InChI=1S/C7H6F2/c1-5-2-3-6(8)7(9)4-5/h2-4H,1H3"
c(c42)(c71)c(c3)ccc1ccc(c67)ccc(c56)ccc(c45)ccc2c3,InChI=1S/C24H12/c1-2-14-5-6-16-9-11-18-12-10-17-8-7-15-4-3-13(1)19-20(14)22(16)24(18)23(17)21(15)19/h1-12H
CC(=O)c(c1)c(O)ccc1,"InChI=1S/C8H8O2/c1-6(9)7-4-2-3-5-8(7)10/h2-5,10H,1H3"
Fc(c1)cc(F)c(C)c1,"InChI=1S/C7H6F2/c1-5-2-3-6(8)4-7(5)9/h2-4H,1H3"
Fc(c(F)1)c(F)c(c(F)c(F)1)C(F)(F)F,"InChI=1S/C7F8/c8-2-1(7(13,14)15)3(9)5(11)6(12)4(2)10"
CO[B](OC)OC,InChI=1S/C3H9BO3/c1-5-4(6-2)7-3/h1-3H3
OC(=O)c(c1)c(O)ccc1,"InChI=1S/C7H6O3/c8-6-4-2-1-3-5(6)7(9)10/h1-4,8H,(H,9,10)"
O=Cc(c1)c(F)ccc1,InChI=1S/C7H5FO/c8-7-4-2-1-3-6(7)5-9/h1-5H
COc(c1)ccc(O)c1,"InChI=1S/C7H8O2/c1-9-7-4-2-6(8)3-5-7/h2-5,8H,1H3"
COc(c1)cc(O)cc1,"InChI=1S/C7H8O2/c1-9-7-4-2-3-6(8)5-7/h2-5,8H,1H3"
COc(c1)c(O)ccc1,"InChI=1S/C7H8O2/c1-9-7-5-3-2-4-6(7)8/h2-5,8H,1H3"
C[Si](C)(C)Cl,"InChI=1S/C3H9ClSi/c1-5(2,3)4/h1-3H3"
COC(=O)c(c1)ccc(OC(C)=O)c1,"InChI=1S/C10H10O4/c1-7(11)14-9-5-3-8(4-6-9)10(12)13-2/h3-6H,1-2H3"
CC(=O)c(c1)c(Br)ccc1,"InChI=1S/C8H7BrO/c1-6(10)7-4-2-3-5-8(7)9/h2-5H,1H3"
Oc(c1)ccc(c1)C(F)(F)F,"InChI=1S/C7H5F3O/c8-7(9,10)5-1-3-6(11)4-2-5/h1-4,11H"
COc(c1)ccc(Br)c1,"InChI=1S/C7H7BrO/c1-9-7-4-2-6(8)3-5-7/h2-5H,1H3"
COc(c1)cc(Br)cc1,"InChI=1S/C7H7BrO/c1-9-7-4-2-3-6(8)5-7/h2-5H,1H3"
COc(c1)c(Br)ccc1,"InChI=1S/C7H7BrO/c1-9-7-5-3-2-4-6(7)8/h2-5H,1H3"
OCc(c1)ccc(c1)C(F)(F)F,"InChI=1S/C8H7F3O/c9-8(10,11)7-3-1-6(5-12)2-4-7/h1-4,12H,5H2"
Oc(c1)cc(F)cc1,"InChI=1S/C6H5FO/c7-5-2-1-3-6(8)4-5/h1-4,8H"
BrCc(c1)cccc1,"InChI=1S/C7H7Br/c8-6-7-4-2-1-3-5-7/h1-5H,6H2"
Oc(c1)ccc(F)c1,"InChI=1S/C6H5FO/c7-5-1-3-6(8)4-2-5/h1-4,8H"
Fc(c1)cc(F)cc1,InChI=1S/C6H4F2/c7-5-2-1-3-6(8)4-5/h1-4H
Fc(c1)c(F)ccc1,InChI=1S/C6H4F2/c7-5-3-1-2-4-6(5)8/h1-4H
Oc(c1)ccc(O)c1,"InChI=1S/C6H6O2/c7-5-1-2-6(8)4-3-5/h1-4,7-8H"
Oc(c1)cc(O)cc1,"InChI=1S/C6H6O2/c7-5-2-1-3-6(8)4-5/h1-4,7-8H"
CCCOC(OCCC)(OCCC)OCCC,"InChI=1S/C13H28O4/c1-5-9-14-13(15-10-6-2,16-11-7-3)17-12-8-4/h5-12H2,1-4H3"
COc(c1)cc(cc1)C(C)=O,"InChI=1S/C9H10O2/c1-7(10)8-4-3-5-9(6-8)11-2/h3-6H,1-2H3"
COc(c1)c(ccc1)C(C)=O,"InChI=1S/C9H10O2/c1-7(10)8-5-3-4-6-9(8)11-2/h3-6H,1-2H3"
Oc(c1)c(O)ccc1,"InChI=1S/C6H6O2/c7-5-3-1-2-4-6(5)8/h1-4,7-8H"
Oc(c1)c(F)ccc1,"InChI=1S/C6H5FO/c7-5-3-1-2-4-6(5)8/h1-4,8H"
Oc(c1)c(ccc1)C(F)(F)F,"InChI=1S/C7H5F3O/c8-7(9,10)5-3-1-2-4-6(5)11/h1-4,11H"
CC(=O)C(F)(F)F,"InChI=1S/C3H3F3O/c1-2(7)3(4,5)6/h1H3"
[Si](C)([Si](C)(C)C)(c(c3)c(c4)c(ccc4)cc3)c(c1)c(c2)c(ccc2)cc1,"InChI=1S/C24H26Si2/c1-25(2,3)26(4,23-17-9-13-19-11-5-7-15-21(19)23)24-18-10-14-20-12-6-8-16-22(20)24/h5-18H,1-4H3"
c(c4)ccc(c4)[SiH](C)c(c2)c(c3)c(ccc3)c(c2)[SiH](C)c(c1)cccc1,"InChI=1S/C24H24Si2/c1-25(19-11-5-3-6-12-19)23-17-18-24(22-16-10-9-15-21(22)23)26(2)20-13-7-4-8-14-20/h3-18,25-26H,1-2H3"
[Si](C)([Si](C)(C)C)(c(c3)cc(c4)c(ccc4)c3)c(c1)cc(c2)c(ccc2)c1,"InChI=1S/C24H26Si2/c1-25(2,3)26(4,23-15-13-19-9-5-7-11-21(19)17-23)24-16-14-20-10-6-8-12-22(20)18-24/h5-18H,1-4H3"
c(c4)cc(c3)c(c4)c(cc3)[SiH](C)c(c2)c(c1cc2)c(ccc1)[Si](C)(C)C,"InChI=1S/C24H26Si2/c1-25(21-15-7-11-18-10-5-6-14-20(18)21)22-16-8-12-19-13-9-17-23(24(19)22)26(2,3)4/h5-17,25H,1-4H3"
Cc(c1)c(ccc1)[SiH](C)Cl,"InChI=1S/C8H11ClSi/c1-7-5-3-4-6-8(7)10(2)9/h3-6,10H,1-2H3"
c(c4)ccc(c4)[SiH](C)c(c1)cc(c2)c(ccc2[SiH](C)c(c3)cccc3)c1,"InChI=1S/C24H24Si2/c1-25(21-9-5-3-6-10-21)23-15-13-19-14-16-24(18-20(19)17-23)26(2)22-11-7-4-8-12-22/h3-18,25-26H,1-2H3"
c(c4)ccc(c4)[SiH](C)c(c3)cc(c2)c(c3)cc(c2)[SiH](C)c(c1)cccc1,"InChI=1S/C24H24Si2/c1-25(21-9-5-3-6-10-21)23-15-13-20-18-24(16-14-19(20)17-23)26(2)22-11-7-4-8-12-22/h3-18,25-26H,1-2H3"
C[Si](C)(C)[Si](C)(C)c(c2)ccc(c2)c(c1)ccc(c1)[Si](C)(C)[Si](C)(C)C,"InChI=1S/C22H38Si4/c1-23(2,3)25(7,8)21-15-11-19(12-16-21)20-13-17-22(18-14-20)26(9,10)24(4,5)6/h11-18H,1-10H3"
c(c4)ccc(c4)[SiH](C)c(c3)c(c2)c(cc3)c(cc2)[SiH](C)c(c1)cccc1,"InChI=1S/C24H24Si2/c1-25(19-11-5-3-6-12-19)23-17-9-16-22-21(23)15-10-18-24(22)26(2)20-13-7-4-8-14-20/h3-18,25-26H,1-2H3"
c(c4)ccc(c4)[Si](C)(c(s3)c([H])c([H])c(Br)3)[Si](C)(c(c2)cccc2)c(s1)c([H])c([H])c(Br)1,"InChI=1S/C22H20Br2S2Si2/c1-27(17-9-5-3-6-10-17,21-15-13-19(23)25-21)28(2,18-11-7-4-8-12-18)22-16-14-20(24)26-22/h3-16H,1-2H3"
C[Si](C)(Cl)c(c2)c(c1)c(cc2)c(cc1)[Si](C)(C)Cl,"InChI=1S/C14H18Cl2Si2/c1-17(2,15)13-9-5-8-12-11(13)7-6-10-14(12)18(3,4)16/h5-10H,1-4H3"
c(c4)ccc(c4)[Si](C)(Cl)c(c1)cc(c2)c(ccc2[Si](C)(Cl)c(c3)cccc3)c1,"InChI=1S/C24H22Cl2Si2/c1-27(25,21-9-5-3-6-10-21)23-15-13-19-14-16-24(18-20(19)17-23)28(2,26)22-11-7-4-8-12-22/h3-18H,1-2H3"
c(c4)cc(c3)c(c4)cc(c3)[Si](C)(C)[Si](C)(C)c(c1)cc(c2)c(ccc2)c1,"InChI=1S/C24H26Si2/c1-25(2,23-15-13-19-9-5-7-11-21(19)17-23)26(3,4)24-16-14-20-10-6-8-12-22(20)18-24/h5-18H,1-4H3"
CCCCCC[SiH](C)c(c1)sc(c1)[SiH](C)CCCCCC,"InChI=1S/C18H36SSi2/c1-5-7-9-11-15-20(3)17-13-14-18(19-17)21(4)16-12-10-8-6-2/h13-14,20-21H,5-12,15-16H2,1-4H3"
C#C[Si](C#C)(C#C)c(c1)cccc1,"InChI=1S/C12H8Si/c1-4-13(5-2,6-3)12-10-8-7-9-11-12/h1-3,7-11H"
C[Si](C)(Cl)c(c1)cc(cc1[Si](C)(C)Cl)[Si](C)(C)Cl,"InChI=1S/C12H21Cl3Si3/c1-16(2,13)10-7-11(17(3,4)14)9-12(8-10)18(5,6)15/h7-9H,1-6H3"
C[Si](C)(C)[Si](C1)([Si](C)(C)C)[Si](CC1)([Si](C)(C)C)[Si](C)(C)C,"InChI=1S/C15H42Si6/c1-16(2,3)20(17(4,5)6)14-13-15-21(20,18(7,8)9)19(10,11)12/h13-15H2,1-12H3"
c(s2)cc(c2)[Si](C)(C)c(c1)csc1,"InChI=1S/C10H12S2Si/c1-13(2,9-3-5-11-7-9)10-4-6-12-8-10/h3-8H,1-2H3"
C[Si](C)(Cl)c(c1)scc1,"InChI=1S/C6H9ClSSi/c1-9(2,7)6-4-3-5-8-6/h3-5H,1-2H3"
c(c2)ccc(c2)[SiH](C)c(c1)cccc1,"InChI=1S/C13H14Si/c1-14(12-8-4-2-5-9-12)13-10-6-3-7-11-13/h2-11,14H,1H3"
c(c2)ccc(c2)[Si](C)(C)[Si](C)(C)c(c1)cccc1,"InChI=1S/C16H22Si2/c1-17(2,15-11-7-5-8-12-15)18(3,4)16-13-9-6-10-14-16/h5-14H,1-4H3"
c(c3)ccc(c3)[Si]([Si](C)(C)C)(c21)C(=Cc(cccc2)1)[Si](C)(C)C,"InChI=1S/C20H28Si3/c1-21(2,3)20-16-17-12-10-11-15-19(17)23(20,22(4,5)6)18-13-8-7-9-14-18/h7-16H,1-6H3"
Cc(c2)ccc(c2)[SiH](C)CC[Si](C)(Cl)c(c1)ccc(C)c1,"InChI=1S/C18H25ClSi2/c1-15-5-9-17(10-6-15)20(3)13-14-21(4,19)18-11-7-16(2)8-12-18/h5-12,20H,13-14H2,1-4H3"
c(c1)ccc(c1)[SiH](Cl)Cl,"InChI=1S/C6H6Cl2Si/c7-9(8)6-4-2-1-3-5-6/h1-5,9H"
Cc(c2)ccc(c2)[Si](Cl)(Cl)c(c1)ccc(C)c1,"InChI=1S/C14H14Cl2Si/c1-11-3-7-13(8-4-11)17(15,16)14-9-5-12(2)6-10-14/h3-10H,1-2H3"
CC(C)=C(C)C[Si](C)(c(c2)cccc2)c(c1)cccc1,"InChI=1S/C19H24Si/c1-16(2)17(3)15-20(4,18-11-7-5-8-12-18)19-13-9-6-10-14-19/h5-14H,15H2,1-4H3"
Cc(c3)ccc(c3)[Si](C2)(CC(C)=C(C)2)c(c1)ccc(C)c1,"InChI=1S/C20H24Si/c1-15-5-9-19(10-6-15)21(13-17(3)18(4)14-21)20-11-7-16(2)8-12-20/h5-12H,13-14H2,1-4H3"
C[Si](C)(C)C#C[Si](c(c2)cccc2)(c(c1)cccc1)[Si](C)(C)C,"InChI=1S/C20H28Si3/c1-21(2,3)17-18-23(22(4,5)6,19-13-9-7-10-14-19)20-15-11-8-12-16-20/h7-16H,1-6H3"
C[Si](C)(C)c(c1)ccc(c1)[Si](C)(C)[Si](C)(C)C,"InChI=1S/C14H28Si3/c1-15(2,3)13-9-11-14(12-10-13)17(7,8)16(4,5)6/h9-12H,1-8H3"
[Si](C)(c(c4)cccc4)(c(c3)cccc3)CC(C)=C(C[Si](C)(c(c2)cccc2)c(c1)cccc1)C,"InChI=1S/C32H36Si2/c1-27(25-33(3,29-17-9-5-10-18-29)30-19-11-6-12-20-30)28(2)26-34(4,31-21-13-7-14-22-31)32-23-15-8-16-24-32/h5-24H,25-26H2,1-4H3/b28-27-"
c(c4)ccc(c4)[Si](c(c3)cccc3)(c(c2)csc2)c(c1)csc1,"InChI=1S/C20H16S2Si/c1-3-7-17(8-4-1)23(19-11-13-21-15-19,20-12-14-22-16-20)18-9-5-2-6-10-18/h1-16H"
c(c4)c(ccc4)[Si](C)([Si](C)(c(c3)cccc3)c(c2)cccc2)c(c1)cccc1,"InChI=1S/C26H26Si2/c1-27(23-15-7-3-8-16-23,24-17-9-4-10-18-24)28(2,25-19-11-5-12-20-25)26-21-13-6-14-22-26/h3-22H,1-2H3"
Brc(c2)sc(c2)[Si](C)(C)c(c1)sc(Br)c1,"InChI=1S/C10H10Br2S2Si/c1-15(2,9-5-3-7(11)13-9)10-6-4-8(12)14-10/h3-6H,1-2H3"
c(c3)ccc(c3)[Si](C)(Cl)c(c2)oc(c2)[Si](C)(Cl)c(c1)cccc1,"InChI=1S/C18H18Cl2OSi2/c1-22(19,15-9-5-3-6-10-15)17-13-14-18(21-17)23(2,20)16-11-7-4-8-12-16/h3-14H,1-2H3"
c(c1)cccc1[Si](C#C[2H])(c(c4)cccc4)[Si](C#C[2H])(c(c3)cccc3)c(c2)cccc2,"InChI=1S/C28H22Si2/c1-3-29(25-17-9-5-10-18-25,26-19-11-6-12-20-26)30(4-2,27-21-13-7-14-22-27)28-23-15-8-16-24-28/h1-2,5-24H/i1D,2D"
c(c1)cccc1[Si]([Si](c(c4)cccc4)(c(c3)cccc3)C#C)(c(c2)cccc2)C#C,"InChI=1S/C28H22Si2/c1-3-29(25-17-9-5-10-18-25,26-19-11-6-12-20-26)30(4-2,27-21-13-7-14-22-27)28-23-15-8-16-24-28/h1-2,5-24H"
CC[Si](C)(C#1)[Si](C)(CC)C#C[Si](C)(CC)[Si](C)(CC)C1,"InChI=1S/C16H32Si4/c1-9-17(5)13-14-19(7,11-3)20(8,12-4)16-15-18(17,6)10-2/h9-12H2,1-8H3"
Brc(c3)ccc(c3)[Si](C)(c(c2)cccc2)c(c1)ccc(Br)c1,"InChI=1S/C19H16Br2Si/c1-22(17-5-3-2-4-6-17,18-11-7-15(20)8-12-18)19-13-9-16(21)10-14-19/h2-14H,1H3"
c([Si](c(c4)cccc4)(C)[SiH](c(c3C)c(cc(C)c3)C)c(c2)cccc2)(c1)cccc1,"InChI=1S/C28H30Si2/c1-22-20-23(2)28(24(3)21-22)29(25-14-8-5-9-15-25)30(4,26-16-10-6-11-17-26)27-18-12-7-13-19-27/h5-21,29H,1-4H3"
C[Si](C)(C)c(c1)ccc(c1)[Si](C)(C)C,"InChI=1S/C12H22Si2/c1-13(2,3)11-7-9-12(10-8-11)14(4,5)6/h7-10H,1-6H3"
Cc(c2)ccc(c2)[Si](C#Cc(c1)cccc1)([Si](C)(C)C)[Si](C)(C)C,"InChI=1S/C21H30Si3/c1-19-13-15-21(16-14-19)24(22(2,3)4,23(5,6)7)18-17-20-11-9-8-10-12-20/h8-16H,1-7H3"
C[Si](C)(C)c(c([Si](CC(C)C)(C)c(c4)ccc(c43)cccc3)2)c(c1)c(cc2)ccc1,"InChI=1S/C28H34Si2/c1-21(2)20-30(6,25-17-15-22-11-7-8-13-24(22)19-25)27-18-16-23-12-9-10-14-26(23)28(27)29(3,4)5/h7-19,21H,20H2,1-6H3"
c(c1)ccc(c1)[Si](C)(C#CC=C[Si](C)(C)[Si](C)(C)C)[Si](C)(C)C,"InChI=1S/C19H34Si4/c1-20(2,3)22(7,8)17-13-14-18-23(9,21(4,5)6)19-15-11-10-12-16-19/h10-13,15-17H,1-9H3/b17-13+"
c(c2)cc(c1)c(c2)cc(c1)[Si](C)(C)Cl,"InChI=1S/C12H13ClSi/c1-14(2,13)12-8-7-10-5-3-4-6-11(10)9-12/h3-9H,1-2H3"
ClC[SiH](c(c3)cccc3)c(c2)ccc(c2)[SiH](CCl)c(c1)cccc1,"InChI=1S/C20H20Cl2Si2/c21-15-23(17-7-3-1-4-8-17)19-11-13-20(14-12-19)24(16-22)18-9-5-2-6-10-18/h1-14,23-24H,15-16H2"
c(c1[Si](C)([Si](C)(CCCCCC)c(c2)cccc2)CCCCCC)cccc1,"InChI=1S/C26H42Si2/c1-5-7-9-17-23-27(3,25-19-13-11-14-20-25)28(4,24-18-10-8-6-2)26-21-15-12-16-22-26/h11-16,19-22H,5-10,17-18,23-24H2,1-4H3"
c(c2)ccc(c2)[Si](C)(Cl)C#C[Si](C)(Cl)c(c1)cccc1,"InChI=1S/C16H16Cl2Si2/c1-19(17,15-9-5-3-6-10-15)13-14-20(2,18)16-11-7-4-8-12-16/h3-12H,1-2H3"
CC[Si](C)(Cl)[Si](C)(Cl)CC,"InChI=1S/C6H16Cl2Si2/c1-5-9(3,7)10(4,8)6-2/h5-6H2,1-4H3"
CC[Si](CC)(C#1)[Si](CC)(CC)C#C[Si](CC)(CC)[Si](CC)(CC)C1,"InChI=1S/C20H40Si4/c1-9-21(10-2)17-18-23(13-5,14-6)24(15-7,16-8)20-19-22(21,11-3)12-4/h9-16H2,1-8H3"
C=C[Si](C)(Cl)c(c1)cccc1,"InChI=1S/C9H11ClSi/c1-3-11(2,10)9-7-5-4-6-8-9/h3-8H,1H2,2H3"
Cc(c3)cc(cc3)[Si]([Si](C)(C)C)(c21)C([Si](C)(C)C)=C([H])c(cccc2)1,"InChI=1S/C21H30Si3/c1-17-11-10-13-19(15-17)24(23(5,6)7)20-14-9-8-12-18(20)16-21(24)22(2,3)4/h8-16H,1-7H3"
[SiH3]c(c1)cccc1,"InChI=1S/C6H8Si/c7-6-4-2-1-3-5-6/h1-5H,7H3"
c(c1)ccc(c1)[SiH](C)[Si](C)(C)C,"InChI=1S/C10H18Si2/c1-11(12(2,3)4)10-8-6-5-7-9-10/h5-9,11H,1-4H3"
c(c1C)cc(cc1C([Si]3([Si](C)(C)C)[Si](C)(C)C)(CC(=C(C3)C)C)c(c2)cccc2)C,"InChI=1S/C27H42Si3/c1-21-16-17-22(2)26(18-21)27(25-14-12-11-13-15-25)19-23(3)24(4)20-30(27,28(5,6)7)29(8,9)10/h11-18H,19-20H2,1-10H3"
CC[Si](Cl)(CC)[Si](Cl)(CC)CC,"InChI=1S/C8H20Cl2Si2/c1-5-11(9,6-2)12(10,7-3)8-4/h5-8H2,1-4H3"
[SiH](c(c(C)3)c(C)cc(C)c3)([Si](C)(C)c(c2)cccc2)[Si](C)(C)c(c1)cccc1,"InChI=1S/C25H34Si3/c1-20-18-21(2)25(22(3)19-20)26(27(4,5)23-14-10-8-11-15-23)28(6,7)24-16-12-9-13-17-24/h8-19,26H,1-7H3"
c(c3)ccc(c3)[Si](C)(c(c2)sc(Br)c2)c(c1)sc(Br)c1,"InChI=1S/C15H12Br2S2Si/c1-20(11-5-3-2-4-6-11,14-9-7-12(16)18-14)15-10-8-13(17)19-15/h2-10H,1H3"
CC(=C(C)2)C[Si](C)(C2)c(c1)cccc1,"InChI=1S/C13H18Si/c1-11-9-14(3,10-12(11)2)13-7-5-4-6-8-13/h4-8H,9-10H2,1-3H3"
C[Si](C)(O)C(=C1)C([Si](C)(C)C)C([2H])c(c2)c(ccc2[Si](C)(C)[Si](C)(C)C)1,"InChI=1S/C20H38OSi4/c1-22(2,3)19-15-17-13-18(25(9,10)23(4,5)6)12-11-16(17)14-20(19)24(7,8)21/h11-14,19,21H,15H2,1-10H3/i15D"
c(c4)ccc(c4)[Si](C)(Cl)c(c2)c(c3)c(ccc3)c(c2)[Si](C)(Cl)c(c1)cccc1,"InChI=1S/C24H22Cl2Si2/c1-27(25,19-11-5-3-6-12-19)23-17-18-24(22-16-10-9-15-21(22)23)28(2,26)20-13-7-4-8-14-20/h3-18H,1-2H3"
C[Si](C)(C)c(c1)scc1,"InChI=1S/C7H12SSi/c1-9(2,3)7-5-4-6-8-7/h4-6H,1-3H3"
c(c4)cc(c3)c(c4)c(cc3)[Si](C)(C)[Si](C)(C)c(c1)c(c2)c(ccc2)cc1,"InChI=1S/C24H26Si2/c1-25(2,23-17-9-13-19-11-5-7-15-21(19)23)26(3,4)24-18-10-14-20-12-6-8-16-22(20)24/h5-18H,1-4H3"
c(c2)ccc(c2)C(C)[Si](c(c1)cccc1)([Si](C)(C)C)[Si](C)(C)C,"InChI=1S/C20H32Si3/c1-18(19-14-10-8-11-15-19)23(21(2,3)4,22(5,6)7)20-16-12-9-13-17-20/h8-18H,1-7H3"
c(c3)ccc(c3)C(C([H])=1)[Si](C)(C)C(c(c2)cccc2)C([H])1,"InChI=1S/C18H20Si/c1-19(2)17(15-9-5-3-6-10-15)13-14-18(19)16-11-7-4-8-12-16/h3-14,17-18H,1-2H3"
c(c1)ccc(c1)[Si](C)([Si](C)(C)[Si](C)(C)C)[Si](C)(C)[Si](C)(C)C,"InChI=1S/C17H38Si5/c1-18(2,3)20(7,8)22(11,17-15-13-12-14-16-17)21(9,10)19(4,5)6/h12-16H,1-11H3"
c(C([Si]5(C)C)([Si](c(c43)cccc3cccc45)(C)C)1)(c2)c(ccc2)C=CC1,"InChI=1S/C24H26Si2/c1-25(2)21-15-7-11-19-12-8-16-22(23(19)21)26(3,4)24(25)17-9-13-18-10-5-6-14-20(18)24/h5-16H,17H2,1-4H3"
c(c4)cc(c3)c(c4)c(cc3)[Si](C)(C)c(c1)c(c2)c(ccc2)cc1,"InChI=1S/C22H20Si/c1-23(2,21-15-7-11-17-9-3-5-13-19(17)21)22-16-8-12-18-10-4-6-14-20(18)22/h3-16H,1-2H3"
c(c2)ccc(c2)[Si](C)(c(c1)cccc1)[Si](C)(C)C,"InChI=1S/C16H22Si2/c1-17(2,3)18(4,15-11-7-5-8-12-15)16-13-9-6-10-14-16/h5-14H,1-4H3"
CC(C[Si](C)(C)C)=C(C)C[Si](C)(C)C,"InChI=1S/C12H28Si2/c1-11(9-13(3,4)5)12(2)10-14(6,7)8/h9-10H2,1-8H3/b12-11-"
c(c1C)cccc1C([Si]3([Si](C)(C)C)[Si](C)(C)C)(CC(=C(C3)C)C)c(c2)cccc2,"InChI=1S/C26H40Si3/c1-21-15-13-14-18-25(21)26(24-16-11-10-12-17-24)19-22(2)23(3)20-29(26,27(4,5)6)28(7,8)9/h10-18H,19-20H2,1-9H3"
CCCC[Si](Cl)(CCCC)[Si](Cl)(CCCC)CCCC,"InChI=1S/C16H36Cl2Si2/c1-5-9-13-19(17,14-10-6-2)20(18,15-11-7-3)16-12-8-4/h5-16H2,1-4H3"
C[Si](C)(C)[Si](C)(C)c(c3)cc(c(c3)2)C(C(C)(C)1)C(C=C2)([Si](C)(C)C)[Si](C)(C)O1,"InChI=1S/C23H42OSi4/c1-22(2)21-20-17-19(27(9,10)26(6,7)8)14-13-18(20)15-16-23(21,25(3,4)5)28(11,12)24-22/h13-17,21H,1-12H3"
C[SiH2]c(c1)cccc1,"InChI=1S/C7H10Si/c1-8-7-5-3-2-4-6-7/h2-6H,8H2,1H3"
CC(C)(C)[Si](C)(C)Cl,"InChI=1S/C6H15ClSi/c1-6(2,3)8(4,5)7/h1-5H3"
C[Si](C)(C1)O[Si](C)(C)C1,"InChI=1S/C6H16OSi2/c1-8(2)5-6-9(3,4)7-8/h5-6H2,1-4H3"
c(c4)ccc(c4)N(N=3)C(=O)C(C(C)3)C(C(C)=1)C(=O)N(c(c2)cccc2)N1,"InChI=1S/C20H18N4O2/c1-13-17(19(25)23(21-13)15-9-5-3-6-10-15)18-14(2)22-24(20(18)26)16-11-7-4-8-12-16/h3-12,17-18H,1-2H3"
c(c4)cc(c3)c(c41)c(c2c3)c(ccc2)cc1,InChI=1S/C16H10/c1-3-11-7-9-13-5-2-6-14-10-8-12(4-1)15(11)16(13)14/h1-10H
ONC(=O)C=CC(C)=CC(C)C(=O)c(c1)ccc(N(C)C)c1,"InChI=1S/C17H22N2O3/c1-12(5-10-16(20)18-22)11-13(2)17(21)14-6-8-15(9-7-14)19(3)4/h5-11,13,22H,1-4H3,(H,18,20)/b10-5+,12-11+"
OC(=O)CCC(O)=O,"InChI=1S/C4H6O4/c5-3(6)1-2-4(7)8/h1-2H2,(H,5,6)(H,7,8)"
[O-1][N+1](=O)c(c1)ccc(c1)CBr,"InChI=1S/C7H6BrNO2/c8-5-6-1-3-7(4-2-6)9(10)11/h1-4H,5H2"
[O-1][n+1](c1)cc[n+1]([O-1])c1,InChI=1S/C4H4N2O2/c7-5-1-2-6(8)4-3-5/h1-4H
Oc(c1)cc(c2)c(ccc2)c(O)1,"InChI=1S/C10H8O2/c11-8-5-7-3-1-2-4-9(7)10(12)6-8/h1-6,11-12H"
CCCC[B](O)O,"InChI=1S/C4H11BO2/c1-2-3-4-5(6)7/h6-7H,2-4H2,1H3"
FC(F)(F)C(F)(F)C(F)(F)C(F)(F)N(C(F)(F)C(F)(F)C(F)(F)C(F)(F)F)C(F)(F)C(F)(F)C(F)(F)C(F)(F)F,"InChI=1S/C12F27N/c13-1(14,7(25,26)27)4(19,20)10(34,35)40(11(36,37)5(21,22)2(15,16)8(28,29)30)12(38,39)6(23,24)3(17,18)9(31,32)33"
C(C31[H])CC(C4(C(C=CC([H])(C(C)C)CC)([H])C)[H])(C(CC4)(C1([H])CC=C(C3(C)2)CC([H])(CC2)OC(C)=O)[H])C,"InChI=1S/C31H50O2/c1-8-23(20(2)3)10-9-21(4)27-13-14-28-26-12-11-24-19-25(33-22(5)32)15-17-30(24,6)29(26)16-18-31(27,28)7/h9-11,20-21,23,25-29H,8,12-19H2,1-7H3/b10-9+/t21-,23-,25+,26+,27-,28+,29+,30+,31-/m1/s1"
[H]C(O)(C4)CC(=C([H])3)C(C)(C4)C([H])(C2)C([H])(C3)C([H])(C1)C(C)(C2)C(O)(C(C)=O)C1,"InChI=1S/C21H32O3/c1-13(22)21(24)11-8-18-16-5-4-14-12-15(23)6-9-19(14,2)17(16)7-10-20(18,21)3/h4,15-18,23-24H,5-12H2,1-3H3/t15-,16+,17-,18-,19-,20-,21-/m0/s1"
C[C@]12CCC(=O)C=C1CC[C@@H]3[C@@H]2[C@H](C[C@]4([C@H]3CC[C@@]4(C(=O)CO)O)C)O,"InChI=1S/C21H30O5/c1-19-7-5-13(23)9-12(19)3-4-14-15-6-8-21(26,17(25)11-22)20(15,2)10-16(24)18(14)19/h9,14-16,18,22,24,26H,3-8,10-11H2,1-2H3/t14-,15-,16-,18+,19-,20-,21-/m0/s1"
O=C(C4)C=C(C3)C(C)(C4)C([H])(C2)C([H])(C3)C([H])(C1)C(C)(C2)C(O)(C#C)C1,"InChI=1S/C21H28O2/c1-4-21(23)12-9-18-16-6-5-14-13-15(22)7-10-19(14,2)17(16)8-11-20(18,21)3/h1,13,16-18,23H,5-12H2,2-3H3/t16-,17+,18+,19+,20+,21+/m1/s1"
O=C(C4)C=C(C3)C(C)(C4)C([H])(C2)C([H])(C3)C([H])(C1)C(C)(C2)C(C(C)=O)C1,"InChI=1S/C21H30O2/c1-13(22)17-6-7-18-16-5-4-14-12-15(23)8-10-20(14,2)19(16)9-11-21(17,18)3/h12,16-19H,4-11H2,1-3H3/t16-,17+,18-,19-,20-,21+/m0/s1"
C1=NC2=C(N1)C(=O)N=C(N2)N,"InChI=1S/C5H5N5O/c6-5-9-3-2(4(11)10-5)7-1-8-3/h1H,(H4,6,7,8,9,10,11)"
Nc(c3)c(c(=O)1)c(c(N)c3)c(=O)c(c2)c(ccc2)1,"InChI=1S/C14H10N2O2/c15-9-5-6-10(16)12-11(9)13(17)7-3-1-2-4-8(7)14(12)18/h1-6H,15-16H2"
Nc(c3)c(c(=O)1)c(c(O)c3)c(=O)c(c2)c(ccc2)1,"InChI=1S/C14H9NO3/c15-9-5-6-10(16)12-11(9)13(17)7-3-1-2-4-8(7)14(12)18/h1-6,16H,15H2"
COc(c2)cc(O1)c(c2)N=C(CBr)C(=O)1,"InChI=1S/C10H8BrNO3/c1-14-6-2-3-7-9(4-6)15-10(13)8(5-11)12-7/h2-4H,5H2,1H3"
Oc(c1)c(=O)cc(O)c(=O)1,"InChI=1S/C6H4O4/c7-3-1-4(8)6(10)2-5(3)9/h1-2,7,10H"
[O-1][N+1](=O)c(c2)cc(cc2)N=[N+1]([O-1])c(c1)cc(cc1)[N+1]([O-1])=O,InChI=1S/C12H8N4O5/c17-14(10-4-2-6-12(8-10)16(20)21)13-9-3-1-5-11(7-9)15(18)19/h1-8H/b14-13+
C1=CC(=C(C=C1N)N)O,"InChI=1S/C6H8N2O/c7-4-1-2-6(9)5(8)3-4/h1-3,9H,7-8H2"
NC(N)=O,"InChI=1S/CH4N2O/c2-1(3)4/h(H4,2,3,4)"
Nc(c3)cc(c(=O)1)c(c3)c(=O)c(c2)c(ccc(N)2)1,"InChI=1S/C14H10N2O2/c15-7-1-3-9-11(5-7)14(18)10-4-2-8(16)6-12(10)13(9)17/h1-6H,15-16H2"
Nc(c3)c(c(=O)1)c(cc3)c(=O)c(c(N)2)c(ccc2)1,"InChI=1S/C14H10N2O2/c15-9-5-1-3-7-11(9)14(18)8-4-2-6-10(16)12(8)13(7)17/h1-6H,15-16H2"
Oc(c3)c(c(=O)1)c(cc3)c(=O)c(c(O)2)c(ccc2)1,"InChI=1S/C14H8O4/c15-9-5-1-3-7-11(9)14(18)8-4-2-6-10(16)12(8)13(7)17/h1-6,15-16H"
OCC([H])(O)C([H])(O)C([H])(O)CN(c21)C(=N3)C(C(=O)NC(=O)3)=Nc(cc(C)c(C)c2)1,"InChI=1S/C17H20N4O6/c1-7-3-9-10(4-8(7)2)21(5-11(23)14(25)12(24)6-22)15-13(18-9)16(26)20-17(27)19-15/h3-4,11-12,14,22-25H,5-6H2,1-2H3,(H,20,26,27)/t11-,12+,14-/m0/s1"
CC(=O)c(c1)c(O)cc(O)c1,"InChI=1S/C8H8O3/c1-5(9)7-3-2-6(10)4-8(7)11/h2-4,10-11H,1H3"
OC(=O)C(c(c2)cccc2)c(c1)cccc1,"InChI=1S/C14H12O2/c15-14(16)13(11-7-3-1-4-8-11)12-9-5-2-6-10-12/h1-10,13H,(H,15,16)"
O=C(OCc(c1)cccc1)CCC([H])(N)C(O)=O,"InChI=1S/C12H15NO4/c13-10(12(15)16)6-7-11(14)17-8-9-4-2-1-3-5-9/h1-5,10H,6-8,13H2,(H,15,16)/t10-/m1/s1"
OC(=O)c(c2)c(ccc2)Oc(c1)cccc1,"InChI=1S/C13H10O3/c14-13(15)11-8-4-5-9-12(11)16-10-6-2-1-3-7-10/h1-9H,(H,14,15)"
Clc(c2)ccc(c2)C(C1)=CCNC1,"InChI=1S/C11H12ClN/c12-11-3-1-9(2-4-11)10-5-7-13-8-6-10/h1-5,13H,6-8H2"
CCC(CC)(C(=O)1)C(=O)NC(=O)N1,"InChI=1S/C8H12N2O3/c1-3-8(4-2)5(11)9-7(13)10-6(8)12/h3-4H2,1-2H3,(H2,9,10,11,12,13)"
c(c1=O)(c6)c(ccc6)c(c(c2)c(c(Nc(c5)c(c4=O)c(cc5)c(=O)c(c43)cccc3)cc2)1)=O,"InChI=1S/C28H15NO4/c30-25-15-7-1-3-9-17(15)27(32)23-19(25)11-5-13-21(23)29-22-14-6-12-20-24(22)28(33)18-10-4-2-8-16(18)26(20)31/h1-14,29H"
OC(=O)CCc(c1)ccc(O)c1,"InChI=1S/C9H10O3/c10-8-4-1-7(2-5-8)3-6-9(11)12/h1-2,4-5,10H,3,6H2,(H,11,12)"
OC(=O)CCc(c1)cc(O)cc1,"InChI=1S/C9H10O3/c10-8-3-1-2-7(6-8)4-5-9(11)12/h1-3,6,10H,4-5H2,(H,11,12)"
Clc(c(Cl)1)c(Cl)c(Cl)c(Cl)c(Cl)1,InChI=1S/C6Cl6/c7-1-2(8)4(10)6(12)5(11)3(1)9
OC(=O)c(c1)ccc(c1)C(O)=O,"InChI=1S/C8H6O4/c9-7(10)5-1-2-6(4-3-5)8(11)12/h1-4H,(H,9,10)(H,11,12)"
CC(=O)Oc(c1)ccc(c1)[N+1]([O-1])=O,"InChI=1S/C8H7NO4/c1-6(10)13-8-4-2-7(3-5-8)9(11)12/h2-5H,1H3"
Clc(c2)ccc(c2)C(O)(C1)CCNC1,"InChI=1S/C11H14ClNO/c12-10-3-1-9(2-4-10)11(14)5-7-13-8-6-11/h1-4,13-14H,5-8H2"
Nc(c3)ccc(c3)S(=O)(=O)Nc(c1)nc(c2)c(ccc2)n1,"InChI=1S/C14H12N4O2S/c15-10-5-7-11(8-6-10)21(19,20)18-14-9-16-12-3-1-2-4-13(12)17-14/h1-9H,15H2,(H,17,18)"
OC(=O)c(c1)cc(nc1)C(O)=O,"InChI=1S/C7H5NO4/c9-6(10)4-1-2-8-5(3-4)7(11)12/h1-3H,(H,9,10)(H,11,12)"
OC(=O)c(c1)cnc(c1)C(O)=O,"InChI=1S/C7H5NO4/c9-6(10)4-1-2-5(7(11)12)8-3-4/h1-3H,(H,9,10)(H,11,12)"
OC(=O)c(c1)c(ncc1)C(O)=O,"InChI=1S/C7H5NO4/c9-6(10)4-2-1-3-8-5(4)7(11)12/h1-3H,(H,9,10)(H,11,12)"
OC(=O)c(c1)nc(cc1)C(O)=O,"InChI=1S/C7H5NO4/c9-6(10)4-2-1-3-5(8-4)7(11)12/h1-3H,(H,9,10)(H,11,12)"
OC(C(F)(F)F)C(F)(F)F,"InChI=1S/C3H2F6O/c4-2(5,6)1(10)3(7,8)9/h1,10H"
COC(C)(C)OC,"InChI=1S/C5H12O2/c1-5(2,6-3)7-4/h1-4H3"
C[SiH](C)c(c1)cccc1,"InChI=1S/C8H12Si/c1-9(2)8-6-4-3-5-7-8/h3-7,9H,1-2H3"
c(c1)ccc(c1)[Si]([2H])(C)C,"InChI=1S/C8H12Si/c1-9(2)8-6-4-3-5-7-8/h3-7,9H,1-2H3/i9D"
C[SiH](C)Cc(c1)cccc1,"InChI=1S/C9H14Si/c1-10(2)8-9-6-4-3-5-7-9/h3-7,10H,8H2,1-2H3"
CC(C)Cc(c1)cccc1,"InChI=1S/C10H14/c1-9(2)8-10-6-4-3-5-7-10/h3-7,9H,8H2,1-2H3"
C(C2)C[Si](C2)(C1)CC1,InChI=1S/C7H14Si/c1-2-5-8(4-1)6-3-7-8/h1-7H2
C(C2)C[Si](C2)(C1)CCC1,InChI=1S/C8H16Si/c1-2-6-9(5-1)7-3-4-8-9/h1-8H2
C(C1)[SiH2]CC(C2)(CC2)C1,"InChI=1S/C8H16Si/c1-3-8(4-1)5-2-6-9-7-8/h1-7,9H2"
C(C2)CC[Si](C2)(C1)CCC1,InChI=1S/C9H18Si/c1-2-6-10(7-3-1)8-4-5-9-10/h1-9H2
C(C2)CC[Si](C2)(C1)CCCC1,InChI=1S/C10H20Si/c1-3-7-11(8-4-1)9-5-2-6-10-11/h1-10H2
[2H]C([2H])(C1)[Si](C)(C)C([2H])([2H])CC1,"InChI=1S/C7H16Si/c1-8(2)6-4-3-5-7-8/h3-7H2,1-2H3/i6D2,7D2"
[2H]C([2H])(C1)[SiH2]C([2H])([2H])CC1,"InChI=1S/C5H12Si/c1-2-4-6-5-3-1/h1-6H2/i4D2,5D2"
C[Si](C)(C1)CC[Si](C)(C)C1,"InChI=1S/C8H20Si2/c1-9(2)5-7-10(3,4)8-6-9/h5-8H2,1-4H3"
C[Si](C)(C1)C[Si](C)(C)CC1,"InChI=1S/C8H20Si2/c1-9(2)6-5-7-10(3,4)8-9/h5-8H2,1-4H3"
C(C1)C[Si](C)(C)[Si](C)(C)C1,"InChI=1S/C8H20Si2/c1-9(2)7-5-6-8-10(9,3)4/h5-8H2,1-4H3"
CC([Si](C)(C)1)[Si](C)(C)CC1,"InChI=1S/C8H20Si2/c1-8-9(2,3)6-7-10(8,4)5/h8H,6-7H2,1-5H3"
[2H]C([2H])([2H])[Si](C1)(CC1)C([2H])([2H])[2H],"InChI=1S/C5H12Si/c1-6(2)4-3-5-6/h3-5H2,1-2H3/i1D3,2D3"
C[Si](C)(C1)CC1,"InChI=1S/C5H12Si/c1-6(2)4-3-5-6/h3-5H2,1-2H3"
[2H][Si](C)(C1)CC1,"InChI=1S/C4H10Si/c1-5-3-2-4-5/h5H,2-4H2,1H3/i5D"
C[SiH](C1)CC1,"InChI=1S/C4H10Si/c1-5-3-2-4-5/h5H,2-4H2,1H3"
[2H][Si]([2H])(C1)CC1,InChI=1S/C3H8Si/c1-2-4-3-1/h1-4H2/i4D2
C(C1)C[SiH2]1,InChI=1S/C3H8Si/c1-2-4-3-1/h1-4H2
[2H]C([2H])(C1)[Si](C)(C)C([2H])([2H])C1,"InChI=1S/C6H14Si/c1-7(2)5-3-4-6-7/h3-6H2,1-2H3/i5D2,6D2"
C[Si](C)(C1)CCC1,"InChI=1S/C6H14Si/c1-7(2)5-3-4-6-7/h3-6H2,1-2H3"
[2H]C([2H])(C1)[SiH](C)C([2H])([2H])C1,"InChI=1S/C5H12Si/c1-6-4-2-3-5-6/h6H,2-5H2,1H3/i4D2,5D2"
[2H][Si](C)(C1)CCC1,"InChI=1S/C5H12Si/c1-6-4-2-3-5-6/h6H,2-5H2,1H3/i6D"
C[SiH](C1)CCC1,"InChI=1S/C5H12Si/c1-6-4-2-3-5-6/h6H,2-5H2,1H3"
[2H]C([2H])(C1)[SiH2]C([2H])([2H])C1,"InChI=1S/C4H10Si/c1-2-4-5-3-1/h1-5H2/i3D2,4D2"
[2H][Si]([2H])(C1)CCC1,InChI=1S/C4H10Si/c1-2-4-5-3-1/h1-5H2/i5D2
C1CC[SiH2]C1,InChI=1S/C4H10Si/c1-2-4-5-3-1/h1-5H2
CC(=O)OCc(c1)cccc1,"InChI=1S/C9H10O2/c1-8(10)11-7-9-5-3-2-4-6-9/h2-6H,7H2,1H3"
Cc(c2)c(ccc2)C(=O)OCc(c1)cccc1,"InChI=1S/C15H14O2/c1-12-7-5-6-10-14(12)15(16)17-11-13-8-3-2-4-9-13/h2-10H,11H2,1H3"
c(c2)ccc(c2)C(C1)O1,"InChI=1S/C8H8O/c1-2-4-7(5-3-1)8-6-9-8/h1-5,8H,6H2"
Cc(c2)ccc(c2)C(C1)O1,"InChI=1S/C9H10O/c1-7-2-4-8(5-3-7)9-6-10-9/h2-5,9H,6H2,1H3"
c(c2)ccc(c2)CC(C1)O1,"InChI=1S/C9H10O/c1-2-4-8(5-3-1)6-9-7-10-9/h1-5,9H,6-7H2"
[H]C(C2)(O1)C([H])(CCC2)1,"InChI=1S/C6H10O/c1-2-4-6-5(3-1)7-6/h5-6H,1-4H2/t5-,6+"
COCC([H])(O1)C([H])(OC)C([H])(OC)C([H])(OC)C([H])1OC([H])(O2)C([H])(OC)C([H])(OC)C([H])(OC)C([H])(COC)2,"InChI=1S/C20H38O11/c1-21-9-11-13(23-3)15(25-5)17(27-7)19(29-11)31-20-18(28-8)16(26-6)14(24-4)12(30-20)10-22-2/h11-20H,9-10H2,1-8H3"
CC(=O)OCC([H])(O1)C([H])(OC(C)=O)C([H])(OC(C)=O)C([H])(OC(C)=O)C([H])(OC(C)=O)1,"InChI=1S/C16H22O11/c1-7(17)22-6-12-13(23-8(2)18)14(24-9(3)19)15(25-10(4)20)16(27-12)26-11(5)21/h12-16H,6H2,1-5H3"
CC(=O)OCC(O1)C(OC(C)=O)C(OC(C)=O)C(OC(C)=O)C(OC(C)=O)1,"InChI=1S/C16H22O11/c1-7(17)22-6-12-13(23-8(2)18)14(24-9(3)19)15(25-10(4)20)16(27-12)26-11(5)21/h12-16H,6H2,1-5H3/t12-,13-,14+,15-,16-/m1/s1"
COc(c(C)3)c(C)cc(c3)c(c2)ccc(c2)c(c1)cc(C)c(OC)c(C)1,"InChI=1S/C24H26O2/c1-15-11-21(12-16(2)23(15)25-5)19-7-9-20(10-8-19)22-13-17(3)24(26-6)18(4)14-22/h7-14H,1-6H3"
COc(c2)ccc(c2)c(c1)ccc(OC)c1,"InChI=1S/C14H14O2/c1-15-13-7-3-11(4-8-13)12-5-9-14(16-2)10-6-12/h3-10H,1-2H3"
CCOC(=O)c(c1)nc(cc(Cl)1)C(=O)OCC,"InChI=1S/C11H12ClNO4/c1-3-16-10(14)8-5-7(12)6-9(13-8)11(15)17-4-2/h5-6H,3-4H2,1-2H3"
COc(c(C)2)c(C)cc(c2)c(c1)cc(C)c(OC)c(C)1,"InChI=1S/C18H22O2/c1-11-7-15(8-12(2)17(11)19-5)16-9-13(3)18(20-6)14(4)10-16/h7-10H,1-6H3"
CCC1=C(NC=C1C)C(=O)OCC2=CC=CC=C2,"InChI=1S/C15H17NO2/c1-3-13-11(2)9-16-14(13)15(17)18-10-12-7-5-4-6-8-12/h4-9,16H,3,10H2,1-2H3"
CCC1=C(NC(=C1C)C(=O)OCC2=CC=CC=C2)COCC,"InChI=1S/C18H23NO3/c1-4-15-13(3)17(19-16(15)12-21-5-2)18(20)22-11-14-9-7-6-8-10-14/h6-10,19H,4-5,11-12H2,1-3H3"
CCOC(=O)C1=C(C=C(N1)C)C,"InChI=1S/C9H13NO2/c1-4-12-9(11)8-6(2)5-7(3)10-8/h5,10H,4H2,1-3H3"
CCC1=C(NC=C1C)C(=O)OCC,"InChI=1S/C10H15NO2/c1-4-8-7(3)6-11-9(8)10(12)13-5-2/h6,11H,4-5H2,1-3H3"
CCOC(=O)Cc(c1)ccc(c1)[N+1]([O-1])=O,"InChI=1S/C10H11NO4/c1-2-15-10(12)7-8-3-5-9(6-4-8)11(13)14/h3-6H,2,7H2,1H3"
CCOC(=O)Cc(c3)cc(C1)c(c3)c(c2)c(ccc2)1,"InChI=1S/C17H16O2/c1-2-19-17(18)10-12-7-8-16-14(9-12)11-13-5-3-4-6-15(13)16/h3-9H,2,10-11H2,1H3"
OCc(c1)ccc(Cl)c1,"InChI=1S/C7H7ClO/c8-7-3-1-6(5-9)2-4-7/h1-4,9H,5H2"
OCc(c1)ccc(c1)[N+1]([O-1])=O,"InChI=1S/C7H7NO3/c9-5-6-1-3-7(4-2-6)8(10)11/h1-4,9H,5H2"
OCc(c2)cc(cc2)c(c1)cccc1,"InChI=1S/C13H12O/c14-10-11-5-4-8-13(9-11)12-6-2-1-3-7-12/h1-9,14H,10H2"
OCc(c1)c(Br)ccc1,"InChI=1S/C7H7BrO/c8-7-4-2-1-3-6(7)5-9/h1-4,9H,5H2"
OCc(c2)ccc(c2)Oc(c1)cccc1,"InChI=1S/C13H12O2/c14-10-11-6-8-13(9-7-11)15-12-4-2-1-3-5-12/h1-9,14H,10H2"
OCc(c2)ccc(c2)c(c1)cccc1,"InChI=1S/C13H12O/c14-10-11-6-8-13(9-7-11)12-4-2-1-3-5-12/h1-9,14H,10H2"
OCc(c3)cc(C1)c(c3)c(c2)c(ccc2)1,"InChI=1S/C14H12O/c15-9-10-5-6-14-12(7-10)8-11-3-1-2-4-13(11)14/h1-7,15H,8-9H2"
Cc(c3)c(ccc3)C(=O)OCc(n1)c(c2)c(ccc2)cc1,"InChI=1S/C18H15NO2/c1-13-6-2-4-8-15(13)18(20)21-12-17-16-9-5-3-7-14(16)10-11-19-17/h2-11H,12H2,1H3"
Cc(c3)c(ccc3)C(=O)OCc(c1)c(n2)c(ccc2)cc1,"InChI=1S/C18H15NO2/c1-13-6-2-3-10-16(13)18(20)21-12-15-8-4-7-14-9-5-11-19-17(14)15/h2-11H,12H2,1H3"
Cc(c3)c(ccc3)C(=O)OCc(c1)cc(n2)c(ccc2)c1,"InChI=1S/C18H15NO2/c1-13-5-2-3-7-16(13)18(20)21-12-14-8-9-15-6-4-10-19-17(15)11-14/h2-11H,12H2,1H3"
Cc(c3)c(ccc3)C(=O)OCc(c1)cc(c2)c(ncc2)c1,"InChI=1S/C18H15NO2/c1-13-5-2-3-7-16(13)18(20)21-12-14-8-9-17-15(11-14)6-4-10-19-17/h2-11H,12H2,1H3"
Cc(c3)c(ccc3)C(=O)OCc(c1)c(c2)c(ncc2)cc1,"InChI=1S/C18H15NO2/c1-13-6-2-3-8-15(13)18(20)21-12-14-7-4-10-17-16(14)9-5-11-19-17/h2-11H,12H2,1H3"
Cc(c3)c(ccc3)C(=O)OCc(c1)c(c2)c(ccc2)nc1,"InChI=1S/C18H15NO2/c1-13-6-2-3-7-15(13)18(20)21-12-14-10-11-19-17-9-5-4-8-16(14)17/h2-11H,12H2,1H3"
Cc(c3)c(ccc3)C(=O)OCc(c1)cc(c2)c(ccc2)n1,"InChI=1S/C18H15NO2/c1-13-6-2-4-8-16(13)18(20)21-12-14-10-15-7-3-5-9-17(15)19-11-14/h2-11H,12H2,1H3"
Cc(c2)c(ccc2)C(=O)OCc(c1)cncc1,"InChI=1S/C14H13NO2/c1-11-5-2-3-7-13(11)14(16)17-10-12-6-4-8-15-9-12/h2-9H,10H2,1H3"
Cc(c2)c(ccc2)C(=O)OCc(c1)nccc1,"InChI=1S/C14H13NO2/c1-11-6-2-3-8-13(11)14(16)17-10-12-7-4-5-9-15-12/h2-9H,10H2,1H3"
[O-1][N+1](=O)c(c1)ccc(COC(=O)c(c2)c(C)ccc2)c1,"InChI=1S/C15H13NO4/c1-11-4-2-3-5-14(11)15(17)20-10-12-6-8-13(9-7-12)16(18)19/h2-9H,10H2,1H3"
[O-1][N+1](=O)c(c2)cc(cc2)COC(=O)c(c1)c(C)ccc1,"InChI=1S/C15H13NO4/c1-11-5-2-3-8-14(11)15(17)20-10-12-6-4-7-13(9-12)16(18)19/h2-9H,10H2,1H3"
Clc(c2)cc(cc2)COC(=O)c(c1)c(C)ccc1,"InChI=1S/C15H13ClO2/c1-11-5-2-3-8-14(11)15(17)18-10-12-6-4-7-13(16)9-12/h2-9H,10H2,1H3"
Clc(c2)ccc(c2)COC(=O)c(c1)c(C)ccc1,"InChI=1S/C15H13ClO2/c1-11-4-2-3-5-14(11)15(17)18-10-12-6-8-13(16)9-7-12/h2-9H,10H2,1H3"
CCCCCCCCC(C1)O1,"InChI=1S/C10H20O/c1-2-3-4-5-6-7-8-10-9-11-10/h10H,2-9H2,1H3"
[2H]C([2H])([2H])OCC([H])(O1)C([H])(OC([2H])([2H])[2H])C([H])(OC([2H])([2H])[2H])C([H])(OC([2H])([2H])[2H])C([H])(OC)1,"InChI=1S/C11H22O6/c1-12-6-7-8(13-2)9(14-3)10(15-4)11(16-5)17-7/h7-11H,6H2,1-5H3/t7?,8-,9-,10?,11+/m1/s1/i1D3,2D3,3D3,4D3"
[3H]C([3H])([3H])OC([H])(O1)C([H])(O)C([H])(O)C([H])(O)C([H])(CO)1,"InChI=1S/C7H14O6/c1-12-7-6(11)5(10)4(9)3(2-8)13-7/h3-11H,2H2,1H3/i1T3"
[2H]C([2H])([2H])OCC([H])(O1)C([H])(OC([2H])([2H])[2H])C([H])(OC([2H])([2H])[2H])C([H])(OC([2H])([2H])[2H])C([H])1OC([H])(O2)C([H])(OC([2H])([2H])[2H])C([H])(OC([2H])([2H])[2H])C([H])(OC([2H])([2H])[2H])C([H])(COC([2H])([2H])[2H])2,"InChI=1S/C20H38O11/c1-21-9-11-13(23-3)15(25-5)17(27-7)19(29-11)31-20-18(28-8)16(26-6)14(24-4)12(30-20)10-22-2/h11-20H,9-10H2,1-8H3/i1D3,2D3,3D3,4D3,5D3,6D3,7D3,8D3"
Cc(c1)c(OCC(C4)C4)c(C)cc1c(c2)cc(C)c(OCC(C3)C3)c(C)2,"InChI=1S/C24H30O2/c1-15-9-21(10-16(2)23(15)25-13-19-5-6-19)22-11-17(3)24(18(4)12-22)26-14-20-7-8-20/h9-12,19-20H,5-8,13-14H2,1-4H3"
CCCCC(O1)CC(C=C)(CCC=C(C)C)C(CCCC)1,"InChI=1S/C20H36O/c1-6-9-13-18-16-20(8-3,15-11-12-17(4)5)19(21-18)14-10-7-2/h8,12,18-19H,3,6-7,9-11,13-16H2,1-2,4-5H3"
CC(C)=CCCC(C=C)(C1)C(C(C)C)OC(C(C)C)1,"InChI=1S/C18H32O/c1-8-18(11-9-10-13(2)3)12-16(14(4)5)19-17(18)15(6)7/h8,10,14-17H,1,9,11-12H2,2-7H3"
CC(C)=CCCC(C=C)(C1)C(CC(C)C)OC(CC(C)C)1,"InChI=1S/C20H36O/c1-8-20(11-9-10-15(2)3)14-18(12-16(4)5)21-19(20)13-17(6)7/h8,10,16-19H,1,9,11-14H2,2-7H3"
CC(C)CC(O)C(C=C)C[Si](C)(C)C,"InChI=1S/C12H26OSi/c1-7-11(9-14(4,5)6)12(13)8-10(2)3/h7,10-13H,1,8-9H2,2-6H3"
C=CC(C[Si](C)(C)C)C(=O)C(C)(C)C,"InChI=1S/C12H24OSi/c1-8-10(9-14(5,6)7)11(13)12(2,3)4/h8,10H,1,9H2,2-7H3"
CC(C)CC(C1)OC(CC(C)C)C(C=C)1,"InChI=1S/C14H26O/c1-6-12-9-13(7-10(2)3)15-14(12)8-11(4)5/h6,10-14H,1,7-9H2,2-5H3"
C=CC(C[Si](C)(C)C)C(O)c(c1)cccc1,"InChI=1S/C14H22OSi/c1-5-12(11-16(2,3)4)14(15)13-9-7-6-8-10-13/h5-10,12,14-15H,1,11H2,2-4H3"
CCCC(C1)OC(CCC)C(C=C)1,"InChI=1S/C12H22O/c1-4-7-11-9-10(6-3)12(13-11)8-5-2/h6,10-12H,3-5,7-9H2,1-2H3"
C=CC(C(=O)C(C)C)C[Si](C)(C)C,"InChI=1S/C11H22OSi/c1-7-10(8-13(4,5)6)11(12)9(2)3/h7,9-10H,1,8H2,2-6H3"
CCCCCCCC(OC)C(C[Si](C)(C)C)C(=C)CCC=C(C)C,"InChI=1S/C22H44OSi/c1-9-10-11-12-13-17-22(23-5)21(18-24(6,7)8)20(4)16-14-15-19(2)3/h15,21-22H,4,9-14,16-18H2,1-3,5-8H3"
CCCC(OC)C(C(=C)CCC=C(C)C)C[Si](C)(C)C,"InChI=1S/C18H36OSi/c1-9-11-18(19-5)17(14-20(6,7)8)16(4)13-10-12-15(2)3/h12,17-18H,4,9-11,13-14H2,1-3,5-8H3"
CCCCC(OC)C(C(=C)CCC=C(C)C)C[Si](C)(C)C,"InChI=1S/C19H38OSi/c1-9-10-14-19(20-5)18(15-21(6,7)8)17(4)13-11-12-16(2)3/h12,18-19H,4,9-11,13-15H2,1-3,5-8H3"
CC(C)=CCCC(=C)CC[Si](C)(C)C,"InChI=1S/C13H26Si/c1-12(2)8-7-9-13(3)10-11-14(4,5)6/h8H,3,7,9-11H2,1-2,4-6H3"
CCCC(=O)C(C=C)C[Si](C)(C)C,"InChI=1S/C11H22OSi/c1-6-8-11(12)10(7-2)9-13(3,4)5/h7,10H,2,6,8-9H2,1,3-5H3"
CC(C)CC(=O)C(C=C)C[Si](C)(C)C,"InChI=1S/C12H24OSi/c1-7-11(9-14(4,5)6)12(13)8-10(2)3/h7,10-11H,1,8-9H2,2-6H3"
CCCCC(=O)C(C=C)C[Si](C)(C)C,"InChI=1S/C12H24OSi/c1-6-8-9-12(13)11(7-2)10-14(3,4)5/h7,11H,2,6,8-10H2,1,3-5H3"
CCCC(OC)CC(=C)C[Si](C)(C)C,"InChI=1S/C12H26OSi/c1-7-8-12(13-3)9-11(2)10-14(4,5)6/h12H,2,7-10H2,1,3-6H3"
CCCCC(OC)C(C=C)C[Si](C)(C)C,"InChI=1S/C13H28OSi/c1-7-9-10-13(14-3)12(8-2)11-15(4,5)6/h8,12-13H,2,7,9-11H2,1,3-6H3"
CC(C)=CCCC(=C)C(C[Si](C)(C)C)C(OC)CC(C)C,"InChI=1S/C19H38OSi/c1-15(2)11-10-12-17(5)18(14-21(7,8)9)19(20-6)13-16(3)4/h11,16,18-19H,5,10,12-14H2,1-4,6-9H3"
C(=CC([H])(C)C(C)C)C(C(C4)([H])C(C3(C4)[H])(CCC(C=23)(C(C1)(C)C(=CC2)CC(O)C1)[H])C)([H])C,"InChI=1S/C28H44O/c1-18(2)19(3)7-8-20(4)24-11-12-25-23-10-9-21-17-22(29)13-15-27(21,5)26(23)14-16-28(24,25)6/h7-10,18-20,22,24-26,29H,11-17H2,1-6H3/b8-7+/t19-,20-,22+,24-,25+,26+,27+,28-/m1/s1"
COC(CC(C)C)C(C=C)C[Si](C)(C)C,"InChI=1S/C13H28OSi/c1-8-12(10-15(5,6)7)13(14-4)9-11(2)3/h8,11-13H,1,9-10H2,2-7H3"
CCCCCCCC(OC)C(C=C)C[Si](C)(C)C,"InChI=1S/C16H34OSi/c1-7-9-10-11-12-13-16(17-3)15(8-2)14-18(4,5)6/h8,15-16H,2,7,9-14H2,1,3-6H3"
CCCCCCCC(C1)OC(CCCCCCC)C(C=C)1,"InChI=1S/C20H38O/c1-4-7-9-11-13-15-19-17-18(6-3)20(21-19)16-14-12-10-8-5-2/h6,18-20H,3-5,7-17H2,1-2H3"
CCCCCCCCCCCCCCCCCC(O)=O,"InChI=1S/C18H36O2/c1-2-3-4-5-6-7-8-9-10-11-12-13-14-15-16-17-18(19)20/h2-17H2,1H3,(H,19,20)"
COC(=O)C(C2)N(CC2)C(=O)OCc(c1)cccc1,"InChI=1S/C14H17NO4/c1-18-13(16)12-8-5-9-15(12)14(17)19-10-11-6-3-2-4-7-11/h2-4,6-7,12H,5,8-10H2,1H3/t12-/m0/s1"
OC(=O)C(C2)N(CC2)C(=O)OCc(c1)cccc1,"InChI=1S/C13H15NO4/c15-12(16)11-7-4-8-14(11)13(17)18-9-10-5-2-1-3-6-10/h1-3,5-6,11H,4,7-9H2,(H,15,16)/t11-/m0/s1"
C(C=CC[Sn](CCCC)(CCCC)CCCC)[Sn](CCCC)(CCCC)CCCC,InChI=1S/6C4H9.C4H6.2Sn/c7*1-3-4-2
C[Sn](C)(C)CC=CC[Sn](C)(C)C,InChI=1S/C4H6.6CH3.2Sn/c1-3-4-2
CC(=CC[Si](C)(C)C)C[Si](C)(C)C,"InChI=1S/C11H26Si2/c1-11(10-13(5,6)7)8-9-12(2,3)4/h8H,9-10H2,1-7H3/b11-8+"
CC(=CC[Sn](C)(C)C)C[Sn](C)(C)C,InChI=1S/C5H8.6CH3.2Sn/c1-4-5(2)3
CC(C)C(C2)C(C(=C)1)C(CCC2)OC(=O)1,"InChI=1S/C13H20O2/c1-8(2)10-6-4-5-7-11-12(10)9(3)13(14)15-11/h8,10-12H,3-7H2,1-2H3"
CCOC(=O)C(C(=O)1)C(C2)C(CCC(C(C)C)C2)O1,"InChI=1S/C15H24O4/c1-4-18-14(16)13-11-7-5-10(9(2)3)6-8-12(11)19-15(13)17/h9-13H,4-8H2,1-3H3"
CCOC(=O)C(C(=O)2)C(C1)C(O2)C(=O)CC(C(C)C)C1,"InChI=1S/C15H22O5/c1-4-19-14(17)12-10-6-5-9(8(2)3)7-11(16)13(10)20-15(12)18/h8-10,12-13H,4-7H2,1-3H3"
COC(=O)C(C(=O)1)C(C2)C(CCC(C(C)C)C2)O1,"InChI=1S/C14H22O4/c1-8(2)9-4-6-10-11(7-5-9)18-14(16)12(10)13(15)17-3/h8-12H,4-7H2,1-3H3"
[2H]C([2H])(C1)[SiH](C)C([2H])([2H])CC1,"InChI=1S/C6H14Si/c1-7-5-3-2-4-6-7/h7H,2-6H2,1H3/i5D2,6D2"
[2H][SiH](C1)CCCC1,InChI=1S/C5H12Si/c1-2-4-6-5-3-1/h1-6H2/i6D
[2H]C([2H])([2H])[Si](C)(C1)CCCC1,"InChI=1S/C7H16Si/c1-8(2)6-4-3-5-7-8/h3-7H2,1-2H3/i1D3"
[2H]C([2H])([2H])[SiH](C1)CCCC1,"InChI=1S/C6H14Si/c1-7-5-3-2-4-6-7/h7H,2-6H2,1H3/i1D3"
[H][Si]1(C)CCCCC1,"InChI=1S/C6H14Si/c1-7-5-3-2-4-6-7/h7H,2-6H2,1H3/i7D"
[2H]C([2H])([2H])[Si](C1)(CCCC1)C([2H])([2H])[2H],"InChI=1S/C7H16Si/c1-8(2)6-4-3-5-7-8/h3-7H2,1-2H3/i1D3,2D3"
[2H][Si]([2H])(C1)CCCC1,InChI=1S/C5H12Si/c1-2-4-6-5-3-1/h1-6H2/i6D2
C(C1)CC[Si](C)(C)C1,"InChI=1S/C7H16Si/c1-8(2)6-4-3-5-7-8/h3-7H2,1-2H3"
C[SiH](C1)CCCC1,"InChI=1S/C6H14Si/c1-7-5-3-2-4-6-7/h7H,2-6H2,1H3"
C(C1)CC[SiH2]C1,InChI=1S/C5H12Si/c1-2-4-6-5-3-1/h1-6H2
C[SiH](C)[Si](C)(C)C,"InChI=1S/C5H16Si2/c1-6(2)7(3,4)5/h6H,1-5H3"
C[Si](C)(C)[SiH3],"InChI=1S/C3H12Si2/c1-5(2,3)4/h1-4H3"
C[Si](C)(C)[Si](C)(C)C,"InChI=1S/C6H18Si2/c1-7(2,3)8(4,5)6/h1-6H3"
CCC(C)(C)C,"InChI=1S/C6H14/c1-5-6(2,3)4/h5H2,1-4H3"
[2H][Si]([2H])(C)[Si](C)(C)C,"InChI=1S/C4H14Si2/c1-5-6(2,3)4/h5H2,1-4H3/i5D2"
C[SiH2][Si](C)(C)C,"InChI=1S/C4H14Si2/c1-5-6(2,3)4/h5H2,1-4H3"
CC(C)[Si]([2H])(C)C,"InChI=1S/C5H14Si/c1-5(2)6(3)4/h5-6H,1-4H3/i6D"
CC(C)[SiH](C)C,"InChI=1S/C5H14Si/c1-5(2)6(3)4/h5-6H,1-4H3"
[2H][Si](C)(C)[Si]([2H])(C)C,"InChI=1S/C4H14Si2/c1-5(2)6(3)4/h5-6H,1-4H3/i5D,6D"
C[SiH](C)[SiH](C)C,"InChI=1S/C4H14Si2/c1-5(2)6(3)4/h5-6H,1-4H3"
O=C(C2)CC(O)(C1)C(C)(C2)C(=O)C1,"InChI=1S/C10H14O3/c1-9-4-2-7(11)6-10(9,13)5-3-8(9)12/h13H,2-6H2,1H3"
OC(C2)CC(O)(C1)C(C)(C2)C(O)C1,"InChI=1S/C10H18O3/c1-9-4-2-7(11)6-10(9,13)5-3-8(9)12/h7-8,11-13H,2-6H2,1H3"
[2H]C([2H])(N1)C(=O)NC([2H])([2H])C(=O)1,"InChI=1S/C4H6N2O2/c7-3-1-5-4(8)2-6-3/h1-2H2,(H,5,8)(H,6,7)/i1D2,2D2"
O=C(C(C)(C)1)C(C)(C)CC1,"InChI=1S/C9H16O/c1-8(2)5-6-9(3,4)7(8)10/h5-6H2,1-4H3"
CC(C1)C(=O)C(C)(C)C1,"InChI=1S/C8H14O/c1-6-4-5-8(2,3)7(6)9/h6H,4-5H2,1-3H3"
[2H]C([2H])([2H])C(C1)(C([2H])([2H])[2H])C(=O)CC1,"InChI=1S/C7H12O/c1-7(2)5-3-4-6(7)8/h3-5H2,1-2H3/i1D3,2D3"
O=C(C1)C(C)(C)CC1,"InChI=1S/C7H12O/c1-7(2)5-3-4-6(7)8/h3-5H2,1-2H3"
[2H]C([H])([H])C(C1)C(=O)C(C1)C([2H])([H])[H],"InChI=1S/C7H12O/c1-5-3-4-6(2)7(5)8/h5-6H,3-4H2,1-2H3/i1D,2D"
[2H]C([2H])([2H])C(C1)C(=O)CC1,"InChI=1S/C6H10O/c1-5-3-2-4-6(5)7/h5H,2-4H2,1H3/i1D3"
CC(C1)C(=O)CC1,"InChI=1S/C6H10O/c1-5-3-2-4-6(5)7/h5H,2-4H2,1H3"
CCCCCCCCCCCC(O)=O,"InChI=1S/C12H24O2/c1-2-3-4-5-6-7-8-9-10-11-12(13)14/h2-11H2,1H3,(H,13,14)"
O=c(c1)oc(=O)c1,InChI=1S/C4H2O3/c5-3-1-2-4(6)7-3/h1-2H
OC(=O)C(O)c(c1)cccc1,"InChI=1S/C8H8O3/c9-7(8(10)11)6-4-2-1-3-5-6/h1-5,7,9H,(H,10,11)"
CC(=O)NCC(O)=O,"InChI=1S/C4H7NO3/c1-3(6)5-2-4(7)8/h2H2,1H3,(H,5,6)(H,7,8)"
CCOC(=O)C(NC(C)=O)C(=O)OCC,"InChI=1S/C9H15NO5/c1-4-14-8(12)7(10-6(3)11)9(13)15-5-2/h7H,4-5H2,1-3H3,(H,10,11)"
C1=C(NC=N1)CC(C(=O)O)N.O.Cl,InChI=1S/C6H9N3O2.ClH.H2O/c7-5(6(10)11)1-4-2-8-3-9-4
CC(=O)OC(C(O)=O)C(OC(C)=O)C(O)=O,"InChI=1S/C8H10O8/c1-3(9)15-5(7(11)12)6(8(13)14)16-4(2)10/h5-6H,1-2H3,(H,11,12)(H,13,14)"
OC(=O)C(S)c(c1)c(Cl)ccc(Cl)1,"InChI=1S/C8H6Cl2O2S/c9-4-1-2-6(10)5(3-4)7(13)8(11)12/h1-3,7,13H,(H,11,12)"
O=C(C1)C(C)(C2)C(C)(C)C([H])(C2)1,"InChI=1S/C10H16O/c1-9(2)7-4-5-10(9,3)8(11)6-7/h7H,4-6H2,1-3H3/t7-,10+/m0/s1"
C=CCCCCCCCCC(O)=O,"InChI=1S/C11H20O2/c1-2-3-4-5-6-7-8-9-10-11(12)13/h2H,1,3-10H2,(H,12,13)"
CCOC(=O)C(C(=O)OCC)c(c1)cccc1,"InChI=1S/C13H16O4/c1-3-16-12(14)11(13(15)17-4-2)10-8-6-5-7-9-10/h5-9,11H,3-4H2,1-2H3"
CCOC(C)(OCC)OCC,"InChI=1S/C8H18O3/c1-5-9-8(4,10-6-2)11-7-3/h5-7H2,1-4H3"
CN(C)C(=O)N(C)C,InChI=1S/C5H12N2O/c1-6(2)5(8)7(3)4/h1-4H3
Nc(c1)c(n2)c(ccc2)cc1,"InChI=1S/C9H8N2/c10-8-5-1-3-7-4-2-6-11-9(7)8/h1-6H,10H2"
Nc(c1)cc(c2)c(ccc2)n1,"InChI=1S/C9H8N2/c10-8-5-7-3-1-2-4-9(7)11-6-8/h1-6H,10H2"
CC(=O)CC(C)=O,"InChI=1S/C5H8O2/c1-4(6)3-5(2)7/h3H2,1-2H3"
CC(O)c(c1)cccc1,"InChI=1S/C8H10O/c1-7(9)8-5-3-2-4-6-8/h2-7,9H,1H3"
CCN(C(C)C)C(C)C,"InChI=1S/C8H19N/c1-6-9(7(2)3)8(4)5/h7-8H,6H2,1-5H3"
Cc(c1)c(C)c(C)cc1,"InChI=1S/C9H12/c1-7-5-4-6-8(2)9(7)3/h4-6H,1-3H3"
CC(C)N(C)C,"InChI=1S/C5H13N/c1-5(2)6(3)4/h5H,1-4H3"
CCCCCCCCOc(c1)c(ccc1)[N+1]([O-1])=O,"InChI=1S/C14H21NO3/c1-2-3-4-5-6-9-12-18-14-11-8-7-10-13(14)15(16)17/h7-8,10-11H,2-6,9,12H2,1H3"
CC(O)c(c1)ccc(Cl)c1,"InChI=1S/C8H9ClO/c1-6(10)7-2-4-8(9)5-3-7/h2-6,10H,1H3"
CCCCNCCCC,"InChI=1S/C8H19N/c1-3-5-7-9-8-6-4-2/h9H,3-8H2,1-2H3"
CCOC(=O)C(C)Br,"InChI=1S/C5H9BrO2/c1-3-8-5(7)4(2)6/h4H,3H2,1-2H3"
CCOCC(O)COCC,"InChI=1S/C7H16O3/c1-3-9-5-7(8)6-10-4-2/h7-8H,3-6H2,1-2H3"
CC(=O)CC(=O)N(C)C,"InChI=1S/C6H11NO2/c1-5(8)4-6(9)7(2)3/h4H2,1-3H3"
COc(c1)c(O)ccc(C=CC(O)=O)1,"InChI=1S/C10H10O4/c1-14-9-6-7(2-4-8(9)11)3-5-10(12)13/h2-6,11H,1H3,(H,12,13)/b5-3+"
OC(=O)CCC(=O)c(c1)ccc(F)c1,"InChI=1S/C10H9FO3/c11-8-3-1-7(2-4-8)9(12)5-6-10(13)14/h1-4H,5-6H2,(H,13,14)"
OC(=O)c(c1)c(O)c(c2)c(ccc2)c1,"InChI=1S/C11H8O3/c12-10-8-4-2-1-3-7(8)5-6-9(10)11(13)14/h1-6,12H,(H,13,14)"
NCCc(c1)cc(OC)c(OC)c1,"InChI=1S/C10H15NO2/c1-12-9-4-3-8(5-6-11)7-10(9)13-2/h3-4,7H,5-6,11H2,1-2H3"
C=COCC(C)C,"InChI=1S/C6H12O/c1-4-7-5-6(2)3/h4,6H,1,5H2,2-3H3"
Nc(c1)ccc(c1)[N+1]([O-1])=O,"InChI=1S/C6H6N2O2/c7-5-1-3-6(4-2-5)8(9)10/h1-4H,7H2"
CCOC(=O)C(C)=O,"InChI=1S/C5H8O3/c1-3-8-5(7)4(2)6/h3H2,1-2H3"
Cc(c1)cc(cc1)C(=O)Cl,"InChI=1S/C8H7ClO/c1-6-3-2-4-7(5-6)8(9)10/h2-5H,1H3"
Cc(c2)cc(cc2)C(=O)c(c1)cccc1,"InChI=1S/C14H12O/c1-11-6-5-9-13(10-11)14(15)12-7-3-2-4-8-12/h2-10H,1H3"
CNCC([H])(O)C([H])(O)C([H])(O)C([H])(O)CO,"InChI=1S/C7H17NO5/c1-8-2-4(10)6(12)7(13)5(11)3-9/h4-13H,2-3H2,1H3/t4-,5+,6+,7+/m0/s1"
NC(=S)c(c1)cccc1,"InChI=1S/C7H7NS/c8-7(9)6-4-2-1-3-5-6/h1-5H,(H2,8,9)"
C1=CC=C2C(=C1)C(=CN2)C[C@@H](C(=O)O)N,"InChI=1S/C11H12N2O2/c12-9(11(14)15)5-7-6-13-10-4-2-1-3-8(7)10/h1-4,6,9,13H,5,12H2,(H,14,15)/t9-/m0/s1"
CN1C2=C(C(=O)N(C1=O)C)NC=N2,"InChI=1S/C7H8N4O2/c1-10-5-4(8-3-9-5)6(12)11(2)7(10)13/h3H,1-2H3,(H,8,9)"
CCOC(=O)C(C1)C(CCC1)C(=O)OCC,"InChI=1S/C12H20O4/c1-3-15-11(13)9-7-5-6-8-10(9)12(14)16-4-2/h9-10H,3-8H2,1-2H3/t9-,10-/m1/s1"
CCOC(=O)C([H])(C1)C([H])(CCC1)C(=O)OCC,"InChI=1S/C12H20O4/c1-3-15-11(13)9-7-5-6-8-10(9)12(14)16-4-2/h9-10H,3-8H2,1-2H3/t9-,10+"
COC(=O)OC,InChI=1S/C3H6O3/c1-5-3(4)6-2/h1-2H3
CCCO[Si](OCCC)(OCCC)OCCC,"InChI=1S/C12H28O4Si/c1-5-9-13-17(14-10-6-2,15-11-7-3)16-12-8-4/h5-12H2,1-4H3"
O=C(C(F)(F)F)C(F)(F)F,"InChI=1S/C3F6O/c4-2(5,6)1(10)3(7,8)9"
Nc(c2)ccc(c2)Sc(c1)ccc(N)c1,"InChI=1S/C12H12N2S/c13-9-1-5-11(6-2-9)15-12-7-3-10(14)4-8-12/h1-8H,13-14H2"
[O-1][N+1](=O)c(c2)ccc(c2)NC(=O)c(c1)cccc1,"InChI=1S/C13H10N2O3/c16-13(10-4-2-1-3-5-10)14-11-6-8-12(9-7-11)15(17)18/h1-9H,(H,14,16)"
BrC(Br)(Br)Br,"InChI=1S/CBr4/c2-1(3,4)5"
[O-1][N+1](=O)c(c1)c(Cl)ccc1,InChI=1S/C6H4ClNO2/c7-5-3-1-2-4-6(5)8(9)10/h1-4H
[O-1][N+1](=O)c(c1)cc(Cl)cc1,InChI=1S/C6H4ClNO2/c7-5-2-1-3-6(4-5)8(9)10/h1-4H
CC(=O)CC(=O)Nc(c1)ccc(Cl)c1,"InChI=1S/C10H10ClNO2/c1-7(13)6-10(14)12-9-4-2-8(11)3-5-9/h2-5H,6H2,1H3,(H,12,14)"
c(c4)cc(c(c4)1)c(c3)c(ccc3)c(c2)c(ccc2)1,InChI=1S/C18H12/c1-2-8-14-13(7-1)15-9-3-4-11-17(15)18-12-6-5-10-16(14)18/h1-12H
c(c4)cc(c1)c(c4)cc(c2)c(cc(c3)c(ccc3)2)1,InChI=1S/C18H12/c1-2-6-14-10-18-12-16-8-4-3-7-15(16)11-17(18)9-13(14)5-1/h1-12H
c(c5)cc(c21)c(c54)c(ccc4)c(c3)c(c(cc3)ccc2)1,InChI=1S/C20H12/c1-5-13-6-2-11-17-18-12-4-8-14-7-3-10-16(20(14)18)15(9-1)19(13)17/h1-12H
CO[Si](C)(C)OC,"InChI=1S/C4H12O2Si/c1-5-7(3,4)6-2/h1-4H3"
c(c4)cc(c(c4)1)c(c3)c(c2cc3)c(ccc2)1,InChI=1S/C16H10/c1-2-8-13-12(7-1)14-9-3-5-11-6-4-10-15(13)16(11)14/h1-10H
[O-1][N+1](=O)c(c1)cc(Br)cc1,InChI=1S/C6H4BrNO2/c7-5-2-1-3-6(4-5)8(9)10/h1-4H
[O-1][N+1](=O)c(c1)c(Br)ccc1,InChI=1S/C6H4BrNO2/c7-5-3-1-2-4-6(5)8(9)10/h1-4H
O=C(Oc(c1)cccc1)C(F)(F)F,"InChI=1S/C8H5F3O2/c9-8(10,11)7(12)13-6-4-2-1-3-5-6/h1-5H"
O=Cc(c1)ccc(c1)C(O)=O,"InChI=1S/C8H6O3/c9-5-6-1-3-7(4-2-6)8(10)11/h1-5H,(H,10,11)"
CCOC(OCC)(OCC)OCC,"InChI=1S/C9H20O4/c1-5-10-9(11-6-2,12-7-3)13-8-4/h5-8H2,1-4H3"
FC(F)(F)Oc(c1)cccc1,"InChI=1S/C7H5F3O/c8-7(9,10)11-6-4-2-1-3-5-6/h1-5H"
[O-1][N+1](=O)c(c1)c(I)ccc1,InChI=1S/C6H4INO2/c7-5-3-1-2-4-6(5)8(9)10/h1-4H
COc(c1)ccc(c1)C(O)=O,"InChI=1S/C8H8O3/c1-11-7-4-2-6(3-5-7)8(9)10/h2-5H,1H3,(H,9,10)"
CN(C)CC(C)O,"InChI=1S/C5H13NO/c1-5(7)4-6(2)3/h5,7H,4H2,1-3H3"
Nc(c1)ccc(O)c1,"InChI=1S/C6H7NO/c7-5-1-3-6(8)4-2-5/h1-4,8H,7H2"
Nc(c1)cc(O)cc1,"InChI=1S/C6H7NO/c7-5-2-1-3-6(8)4-5/h1-4,8H,7H2"
CCC1=C(NC(=C1C)C(=O)OCC2=CC=CC=C2)C(=O)OCC,"InChI=1S/C18H21NO4/c1-4-14-12(3)15(19-16(14)18(21)22-5-2)17(20)23-11-13-9-7-6-8-10-13/h6-10,19H,4-5,11H2,1-3H3"
c(c4)ccc(c4)CN(C(=O)1)C(=O)N(C([H])=3)C(=NC(=O)C([H])3)N(Cc(c2)cccc2)1,"InChI=1S/C20H16N4O3/c25-17-11-12-22-18(21-17)23(13-15-7-3-1-4-8-15)20(27)24(19(22)26)14-16-9-5-2-6-10-16/h1-12H,13-14H2"
O=C(C=2)N=C(N1)N(C2)C(=O)NC(=O)1,"InChI=1S/C6H4N4O3/c11-3-1-2-10-4(7-3)8-5(12)9-6(10)13/h1-2H,(H2,7,8,9,11,12,13)"
O=C(C=1)NC(=NC1)SC,"InChI=1S/C5H6N2OS/c1-9-5-6-3-2-4(8)7-5/h2-3H,1H3,(H,6,7,8)"
c(c5)ccc(c5)CN(C(=O)1)C(=O)N(c43)C(=CC(=O)c(cccc4)3)N(Cc(c2)cccc2)1,"InChI=1S/C25H19N3O3/c29-22-15-23-26(16-18-9-3-1-4-10-18)24(30)27(17-19-11-5-2-6-12-19)25(31)28(23)21-14-8-7-13-20(21)22/h1-15H,16-17H2"
O=C(C=1)N(C)C(=O)NC1,"InChI=1S/C5H6N2O2/c1-7-4(8)2-3-6-5(7)9/h2-3H,1H3,(H,6,9)"
c(c3)ccc(c3)n(c(=O)1)c(=O)n(c(c2)cccc2)1,InChI=1S/C14H10N2O2/c17-13-15(11-7-3-1-4-8-11)14(18)16(13)12-9-5-2-6-10-12/h1-10H
c(c4)ccc(c4)N(C(=O)1)C(=O)N(c(c3)cccc3)C(=O)N(c(c2)cccc2)1,InChI=1S/C21H15N3O3/c25-19-22(16-10-4-1-5-11-16)20(26)24(18-14-8-3-9-15-18)21(27)23(19)17-12-6-2-7-13-17/h1-15H
O=C(Nc(c2)cccc2)Nc(c1)cccc1,"InChI=1S/C13H12N2O/c16-13(14-11-7-3-1-4-8-11)15-12-9-5-2-6-10-12/h1-10H,(H2,14,15,16)"
O=C(N1)c(c3)c(ccc3)N(C(=O)2)C1N(C)C(=O)N(C)2,"InChI=1S/C12H12N4O3/c1-14-10-13-9(17)7-5-3-4-6-8(7)16(10)12(19)15(2)11(14)18/h3-6,10H,1-2H3,(H,13,17)"
O=C(N=1)c(c2)c(ccc2)NC1,"InChI=1S/C8H6N2O/c11-8-6-3-1-2-4-7(6)9-5-10-8/h1-5H,(H,9,10,11)"
[H]C(C(=O)2)=C([H])N(C(=O)1)C(=N2)N(C)C(=O)N(C)1,"InChI=1S/C8H8N4O3/c1-10-6-9-5(13)3-4-12(6)8(15)11(2)7(10)14/h3-4H,1-2H3"
c(c2)ccc(c2)C(C)(O)c(c1)cccc1,"InChI=1S/C14H14O/c1-14(15,12-8-4-2-5-9-12)13-10-6-3-7-11-13/h2-11,15H,1H3"
c(c2)ccc(c2)C(=O)c(c1)c(ccc1)C(F)(F)F,"InChI=1S/C14H9F3O/c15-14(16,17)12-9-5-4-8-11(12)13(18)10-6-2-1-3-7-10/h1-9H"
Cc(c2)c(ccc2)C(=O)c(c1)cccc1,"InChI=1S/C14H12O/c1-11-7-5-6-10-13(11)14(15)12-8-3-2-4-9-12/h2-10H,1H3"
CN=Cc(c1)c(c2)c(ccc2)cc1,"InChI=1S/C12H11N/c1-13-9-11-7-4-6-10-5-2-3-8-12(10)11/h2-9H,1H3/b13-9+"
CCN=Cc(c1)cccc1,"InChI=1S/C9H11N/c1-2-10-8-9-6-4-3-5-7-9/h3-8H,2H2,1H3/b10-8+"
CN=Cc(c1)c(O)ccc1,"InChI=1S/C8H9NO/c1-9-6-7-4-2-3-5-8(7)10/h2-6,10H,1H3/b9-6+"
CN=Cc(c1)cc(cc1)C(F)(F)F,"InChI=1S/C9H8F3N/c1-13-6-7-3-2-4-8(5-7)9(10,11)12/h2-6H,1H3/b13-6+"
CN=Cc(c1)ccc(Cl)c1,"InChI=1S/C8H8ClN/c1-10-6-7-2-4-8(9)5-3-7/h2-6H,1H3/b10-6+"
CN=Cc(c1)cccc1,"InChI=1S/C8H9N/c1-9-7-8-5-3-2-4-6-8/h2-7H,1H3/b9-7+"
c(c3)ccc(c3)CC(O)(c(c2)cccc2)c(c1)cccc1,"InChI=1S/C20H18O/c21-20(18-12-6-2-7-13-18,19-14-8-3-9-15-19)16-17-10-4-1-5-11-17/h1-15,21H,16H2"
CC(C)(O)c(c1)cccc1,"InChI=1S/C9H12O/c1-9(2,10)8-6-4-3-5-7-8/h3-7,10H,1-2H3"
c(c3)ccc(c3)C(O)(c(c2)cccc2)c(c1)c(C)ccc1,"InChI=1S/C20H18O/c1-16-10-8-9-15-19(16)20(21,17-11-4-2-5-12-17)18-13-6-3-7-14-18/h2-15,21H,1H3"
Cc(c3)ccc(c3)C(O)(c(c2)cccc2)c(c1)cccc1,"InChI=1S/C20H18O/c1-16-12-14-19(15-13-16)20(21,17-8-4-2-5-9-17)18-10-6-3-7-11-18/h2-15,21H,1H3"
c(c3)ccc(c3)C(O)(c(c2)cccc2)c(c1)cccc1,"InChI=1S/C19H16O/c20-19(16-10-4-1-5-11-16,17-12-6-2-7-13-17)18-14-8-3-9-15-18/h1-15,20H"
Cc(c2)cc(C)c(c(C)2)C(=O)c(c1)cccc1,"InChI=1S/C16H16O/c1-11-9-12(2)15(13(3)10-11)16(17)14-7-5-4-6-8-14/h4-10H,1-3H3"
Cc(c2)cc(C)c(c2)C(=O)c(c1)cccc1,"InChI=1S/C15H14O/c1-11-8-9-14(12(2)10-11)15(16)13-6-4-3-5-7-13/h3-10H,1-2H3"
c(c2)ccc(c2)C(=O)c(c1)c(Cl)ccc1,InChI=1S/C13H9ClO/c14-12-9-5-4-8-11(12)13(15)10-6-2-1-3-7-10/h1-9H
COc(c2)c(ccc2)C(=O)c(c1)cccc1,"InChI=1S/C14H12O2/c1-16-13-10-6-5-9-12(13)14(15)11-7-3-2-4-8-11/h2-10H,1H3"
[O-1][N+1](=O)c(c2)cc(cc2)C(=O)c(c1)cccc1,InChI=1S/C13H9NO3/c15-13(10-5-2-1-3-6-10)11-7-4-8-12(9-11)14(16)17/h1-9H
c(c2)ccc(c2)C(=O)c(c1)cc(cc1)C(F)(F)F,"InChI=1S/C14H9F3O/c15-14(16,17)12-8-4-7-11(9-12)13(18)10-5-2-1-3-6-10/h1-9H"
Clc(c2)cc(cc2)C(=O)c(c1)cccc1,InChI=1S/C13H9ClO/c14-12-8-4-7-11(9-12)13(15)10-5-2-1-3-6-10/h1-9H
Fc(c2)ccc(c2)C(=O)c(c1)cccc1,InChI=1S/C13H9FO/c14-12-8-6-11(7-9-12)13(15)10-4-2-1-3-5-10/h1-9H
COc(c2)ccc(c2)C(=O)c(c1)cccc1,"InChI=1S/C14H12O2/c1-16-13-9-7-12(8-10-13)14(15)11-5-3-2-4-6-11/h2-10H,1H3"
Cc(c2)ccc(c2)C(=O)c(c1)cccc1,"InChI=1S/C14H12O/c1-11-7-9-13(10-8-11)14(15)12-5-3-2-4-6-12/h2-10H,1H3"
[H]C(C(=O)2)=C([H])N(C(=O)1)C(N2)N(C)C(=O)N(C)1,"InChI=1S/C8H10N4O3/c1-10-6-9-5(13)3-4-12(6)8(15)11(2)7(10)14/h3-4,6H,1-2H3,(H,9,13)"
O=C(C=1)NC=NC1,"InChI=1S/C4H4N2O/c7-4-1-2-5-3-6-4/h1-3H,(H,5,6,7)"
c(c4)ccc(c4)CN(C(=O)1)C(=O)N(c32)C(CC(=O)c(cccc3)2)N(C)1,"InChI=1S/C19H17N3O3/c1-20-17-11-16(23)14-9-5-6-10-15(14)22(17)19(25)21(18(20)24)12-13-7-3-2-4-8-13/h2-10,17H,11-12H2,1H3"
c(c5)ccc(c5)CN(C(=O)1)C(=O)N(c43)C(CC(=O)c(cccc4)3)N(Cc(c2)cccc2)1,"InChI=1S/C25H21N3O3/c29-22-15-23-26(16-18-9-3-1-4-10-18)24(30)27(17-19-11-5-2-6-12-19)25(31)28(23)21-14-8-7-13-20(21)22/h1-14,23H,15-17H2"
CCCCN(C(=O)1)C(=O)N(c32)C(CC(=O)c(cccc3)2)N(CCCC)1,"InChI=1S/C19H25N3O3/c1-3-5-11-20-17-13-16(23)14-9-7-8-10-15(14)22(17)19(25)21(18(20)24)12-6-4-2/h7-10,17H,3-6,11-13H2,1-2H3"
CC(C)N(C(=O)1)C(=O)N(c32)C(CC(=O)c(cccc3)2)N(C(C)C)1,"InChI=1S/C17H21N3O3/c1-10(2)18-15-9-14(21)12-7-5-6-8-13(12)20(15)17(23)19(11(3)4)16(18)22/h5-8,10-11,15H,9H2,1-4H3"
CCN(C(=O)1)C(=O)N(c32)C(CC(=O)c(cccc3)2)N(CC)1,"InChI=1S/C15H17N3O3/c1-3-16-13-9-12(19)10-7-5-6-8-11(10)18(13)15(21)17(4-2)14(16)20/h5-8,13H,3-4,9H2,1-2H3"
O=C(C=1)c(c3)c(ccc3)N(C(=O)2)C1N(C)C(=O)N(C)2,"InChI=1S/C13H11N3O3/c1-14-11-7-10(17)8-5-3-4-6-9(8)16(11)13(19)15(2)12(14)18/h3-7H,1-2H3"
O=C(C1)c(c3)c(ccc3)N(C(=O)2)C1N(C)C(=O)N(C)2,"InChI=1S/C13H13N3O3/c1-14-11-7-10(17)8-5-3-4-6-9(8)16(11)13(19)15(2)12(14)18/h3-6,11H,7H2,1-2H3"
O=C(C=1)c(c2)c(ccc2)NC1,"InChI=1S/C9H7NO/c11-9-5-6-10-8-4-2-1-3-7(8)9/h1-6H,(H,10,11)"
O=C(C1)C=CN=C1,"InChI=1S/C5H5NO/c7-5-1-3-6-4-2-5/h1,3-4H,2H2"
[O-1][N+1](=O)c(c2)c(ccc2)COC(=O)c(c1)cccc1,"InChI=1S/C14H11NO4/c16-14(11-6-2-1-3-7-11)19-10-12-8-4-5-9-13(12)15(17)18/h1-9H,10H2"
OCC(O1)C(O)C(O)C(OC)1,"InChI=1S/C6H12O5/c1-10-6-5(9)4(8)3(2-7)11-6/h3-9H,2H2,1H3/t3-,4-,5-,6-/m1/s1"
OCC([H])(O1)C([H])(O)C([H])(O)C([H])(O)C([H])(OC)1,"InChI=1S/C7H14O6/c1-12-7-6(11)5(10)4(9)3(2-8)13-7/h3-11H,2H2,1H3/t3-,4?,5-,6+,7?/m1/s1"
COc(c2)c(ccc2)COC(=O)c(c1)cccc1,"InChI=1S/C15H14O3/c1-17-14-10-6-5-9-13(14)11-18-15(16)12-7-3-2-4-8-12/h2-10H,11H2,1H3"
O=C(OCc(c2)ccc(c2)C(C)(C)C)c(c1)cccc1,"InChI=1S/C18H20O2/c1-18(2,3)16-11-9-14(10-12-16)13-20-17(19)15-7-5-4-6-8-15/h4-12H,13H2,1-3H3"
N#Cc(c2)ccc(c2)COC(=O)c(c1)cccc1,"InChI=1S/C15H11NO2/c16-10-12-6-8-13(9-7-12)11-18-15(17)14-4-2-1-3-5-14/h1-9H,11H2"
CS(=O)c(c1)ccc(COC(=O)c(c2)cccc2)c1,"InChI=1S/C15H14O3S/c1-19(17)14-9-7-12(8-10-14)11-18-15(16)13-5-3-2-4-6-13/h2-10H,11H2,1H3"
O=C(OCc(c2)ccc(c2)S(C)(=O)=O)c(c1)cccc1,"InChI=1S/C15H14O4S/c1-20(17,18)14-9-7-12(8-10-14)11-19-15(16)13-5-3-2-4-6-13/h2-10H,11H2,1H3"
[O-1][N+1](=O)c(c1)ccc(COC(=O)c(c2)cccc2)c1,"InChI=1S/C14H11NO4/c16-14(12-4-2-1-3-5-12)19-10-11-6-8-13(9-7-11)15(17)18/h1-9H,10H2"
N#Cc(c2)cc(cc2)COC(=O)c(c1)cccc1,"InChI=1S/C15H11NO2/c16-10-12-5-4-6-13(9-12)11-18-15(17)14-7-2-1-3-8-14/h1-9H,11H2"
O=C(OCc(c2)cc(cc2)S(C)(=O)=O)c(c1)cccc1,"InChI=1S/C15H14O4S/c1-20(17,18)14-9-5-6-12(10-14)11-19-15(16)13-7-3-2-4-8-13/h2-10H,11H2,1H3"
[O-1][N+1](=O)c(c2)cc(cc2)COC(=O)c(c1)cccc1,"InChI=1S/C14H11NO4/c16-14(12-6-2-1-3-7-12)19-10-11-5-4-8-13(9-11)15(17)18/h1-9H,10H2"
O=C(OCc(c2)c(Br)ccc2)c(c1)cccc1,"InChI=1S/C14H11BrO2/c15-13-9-5-4-8-12(13)10-17-14(16)11-6-2-1-3-7-11/h1-9H,10H2"
[O-1][N+1](=O)c(c(C)1)c(C)cc(COC(=O)c(c2)cccc2)c1,"InChI=1S/C16H15NO4/c1-11-8-13(9-12(2)15(11)17(19)20)10-21-16(18)14-6-4-3-5-7-14/h3-9H,10H2,1-2H3"
O=C(OCc(c3)ccc(c3)c(c2)cccc2)c(c1)cccc1,"InChI=1S/C20H16O2/c21-20(19-9-5-2-6-10-19)22-15-16-11-13-18(14-12-16)17-7-3-1-4-8-17/h1-14H,15H2"
O=C(OCc(c3)cc(cc3)c(c2)cccc2)c(c1)cccc1,"InChI=1S/C20H16O2/c21-20(18-11-5-2-6-12-18)22-15-16-8-7-13-19(14-16)17-9-3-1-4-10-17/h1-14H,15H2"
O=C(OCc(c4)cc(C2)c(c4)c(c3)c(ccc3)2)c(c1)cccc1,"InChI=1S/C21H16O2/c22-21(16-6-2-1-3-7-16)23-14-15-10-11-20-18(12-15)13-17-8-4-5-9-19(17)20/h1-12H,13-14H2"
O=C(OCc(c2)c(c3)c(ccc3)cc2)c(c1)cccc1,"InChI=1S/C18H14O2/c19-18(15-8-2-1-3-9-15)20-13-16-11-6-10-14-7-4-5-12-17(14)16/h1-12H,13H2"
O=C(OCc(c2)cc(c3)c(ccc3)c2)c(c1)cccc1,"InChI=1S/C18H14O2/c19-18(16-7-2-1-3-8-16)20-13-14-10-11-15-6-4-5-9-17(15)12-14/h1-12H,13H2"
CCOc(c2)c(ccc2)COC(=O)c(c1)cccc1,"InChI=1S/C16H16O3/c1-2-18-15-11-7-6-10-14(15)12-19-16(17)13-8-4-3-5-9-13/h3-11H,2,12H2,1H3"
O=C(OCc(c2)c(Cl)ccc2)c(c1)cccc1,"InChI=1S/C14H11ClO2/c15-13-9-5-4-8-12(13)10-17-14(16)11-6-2-1-3-7-11/h1-9H,10H2"
O=C(OCc(c4)cc(c2)c(c4)c(c3)c(ccc3)c2)c(c1)cccc1,"InChI=1S/C22H16O2/c23-22(18-7-2-1-3-8-18)24-15-16-10-13-21-19(14-16)12-11-17-6-4-5-9-20(17)21/h1-14H,15H2"
O=C(OCc(c4)cc(c(c4)2)c(c3)c(ccc3)cc2)c(c1)cccc1,"InChI=1S/C22H16O2/c23-22(19-7-2-1-3-8-19)24-15-16-10-11-18-13-12-17-6-4-5-9-20(17)21(18)14-16/h1-14H,15H2"
c(c4)ccc(c4)C(=O)OCc(c1)c(c3)c(ccc3)c(c2)c(ccc2)1,"InChI=1S/C22H16O2/c23-22(16-8-2-1-3-9-16)24-15-18-14-17-10-4-5-11-19(17)21-13-7-6-12-20(18)21/h1-14H,15H2"
c(c4)ccc(c4)C(=O)OCc(c3)c(c1)c(cc3)cc(c2)c(ccc2)1,"InChI=1S/C22H16O2/c23-22(16-7-2-1-3-8-16)24-15-20-12-6-11-19-13-17-9-4-5-10-18(17)14-21(19)20/h1-14H,15H2"
O=C(OCc(c4)cc(c2)c(c4)cc(c3)c(ccc3)2)c(c1)cccc1,"InChI=1S/C22H16O2/c23-22(17-6-2-1-3-7-17)24-15-16-10-11-20-13-18-8-4-5-9-19(18)14-21(20)12-16/h1-14H,15H2"
O=C(OCc(c2)cccc2)c(c1)cccc1,"InChI=1S/C14H12O2/c15-14(13-9-5-2-6-10-13)16-11-12-7-3-1-4-8-12/h1-10H,11H2"
CCc(c2)ccc(c2)COC(=O)c(c1)cccc1,"InChI=1S/C16H16O2/c1-2-13-8-10-14(11-9-13)12-18-16(17)15-6-4-3-5-7-15/h3-11H,2,12H2,1H3"
CC(C)c(c2)ccc(c2)COC(=O)c(c1)cccc1,"InChI=1S/C17H18O2/c1-13(2)15-10-8-14(9-11-15)12-19-17(18)16-6-4-3-5-7-16/h3-11,13H,12H2,1-2H3"
COc(c2)ccc(c2)COC(=O)c(c1)cccc1,"InChI=1S/C15H14O3/c1-17-14-9-7-12(8-10-14)11-18-15(16)13-5-3-2-4-6-13/h2-10H,11H2,1H3"
O=C(OCc(c3)ccc(c3)Oc(c2)cccc2)c(c1)cccc1,"InChI=1S/C20H16O3/c21-20(17-7-3-1-4-8-17)22-15-16-11-13-19(14-12-16)23-18-9-5-2-6-10-18/h1-14H,15H2"
O=C(OCc(c2)cc(Br)cc2)c(c1)cccc1,"InChI=1S/C14H11BrO2/c15-13-8-4-5-11(9-13)10-17-14(16)12-6-2-1-3-7-12/h1-9H,10H2"
CN=Cc(c1)cc(c2)c(ccc2)c1,"InChI=1S/C12H11N/c1-13-9-10-6-7-11-4-2-3-5-12(11)8-10/h2-9H,1H3/b13-9+"
O=C(C1)NCC(=O)N1,"InChI=1S/C4H6N2O2/c7-3-1-5-4(8)2-6-3/h1-2H2,(H,5,8)(H,6,7)"
Clc(c2)ccc(c2)C(=O)c(c1)ccc(Cl)c1,InChI=1S/C13H8Cl2O/c14-11-5-1-9(2-6-11)13(16)10-3-7-12(15)8-4-10/h1-8H
CC(C)NC(=S)NC(C)C,"InChI=1S/C7H16N2S/c1-5(2)8-7(10)9-6(3)4/h5-6H,1-4H3,(H2,8,9,10)"
CC(=O)c(c1)cc(Cl)c(Cl)c1,"InChI=1S/C8H6Cl2O/c1-5(11)6-2-3-7(9)8(10)4-6/h2-4H,1H3"
Nc(c1)cc(Cl)c(c1)[N+1]([O-1])=O,"InChI=1S/C6H5ClN2O2/c7-5-3-4(8)1-2-6(5)9(10)11/h1-3H,8H2"
OC(=O)c(c1)c(F)cc(F)c1,"InChI=1S/C7H4F2O2/c8-4-1-2-5(7(10)11)6(9)3-4/h1-3H,(H,10,11)"
[O-1][n+1](c1)cc(C)c([N+1]([O-1])=O)c(C)1,"InChI=1S/C7H8N2O3/c1-5-3-8(10)4-6(2)7(5)9(11)12/h3-4H,1-2H3"
OC(=O)c(c1)cc(Cl)cc(Cl)1,"InChI=1S/C7H4Cl2O2/c8-5-1-4(7(10)11)2-6(9)3-5/h1-3H,(H,10,11)"
Nc(c2)ccc(c2)SSc(c1)ccc(N)c1,"InChI=1S/C12H12N2S2/c13-9-1-5-11(6-2-9)15-16-12-7-3-10(14)4-8-12/h1-8H,13-14H2"
Nc(c1)c(N)cnc1,"InChI=1S/C5H7N3/c6-4-1-2-8-3-5(4)7/h1-3H,7H2,(H2,6,8)"
[O-1][N+1](=O)c(c2)c(c1)c(cc2)c(cc1)[N+1]([O-1])=O,InChI=1S/C10H6N2O4/c13-11(14)9-5-1-3-7-8(9)4-2-6-10(7)12(15)16/h1-6H
[O-1][N+1](=O)c(c1)ccc(c1)[N+1]([O-1])=O,InChI=1S/C6H4N2O4/c9-7(10)5-1-2-6(4-3-5)8(11)12/h1-4H
c(c3)cc(C1)c(c3)Cc(c2)c(ccc2)1,"InChI=1S/C14H12/c1-2-6-12-10-14-8-4-3-7-13(14)9-11(12)5-1/h1-8H,9-10H2"
N#CCc(c1)cc(OC)c(OC)c1,"InChI=1S/C10H11NO2/c1-12-9-4-3-8(5-6-11)7-10(9)13-2/h3-4,7H,5H2,1-2H3"
NC(=O)c(c1)cccc1,"InChI=1S/C7H7NO/c8-7(9)6-4-2-1-3-5-6/h1-5H,(H2,8,9)"
Cc(c2)ccc(c2)NC(=S)Nc(c1)ccc(C)c1,"InChI=1S/C15H16N2S/c1-11-3-7-13(8-4-11)16-15(18)17-14-9-5-12(2)6-10-14/h3-10H,1-2H3,(H2,16,17,18)"
O=C(CC(=O)c(c2)cccc2)c(c1)cccc1,"InChI=1S/C15H12O2/c16-14(12-7-3-1-4-8-12)11-15(17)13-9-5-2-6-10-13/h1-10H,11H2"
O=CC=1C(Cl)=CC=CC1Cl,InChI=1S/C7H4Cl2O/c8-6-2-1-3-7(9)5(6)4-10/h1-4H
Oc(c1)cc(Cl)c(Cl)c1,"InChI=1S/C6H4Cl2O/c7-5-2-1-4(9)3-6(5)8/h1-3,9H"
OCc(c1)c(Cl)ccc(Cl)1,"InChI=1S/C7H6Cl2O/c8-6-1-2-7(9)5(3-6)4-10/h1-3,10H,4H2"
C(C4)(C([H])(C(C(C)3C4)(CCC3(C(CCC([H])(C(C)C)CC)([H])C)[H])[H])2)([H])C(C([H])1CC2)(C)CCC(OC(C)=O)([H])C1,"InChI=1S/C31H54O2/c1-8-23(20(2)3)10-9-21(4)27-13-14-28-26-12-11-24-19-25(33-22(5)32)15-17-30(24,6)29(26)16-18-31(27,28)7/h20-21,23-29H,8-19H2,1-7H3/t21-,23-,24+,25+,26+,27-,28+,29+,30+,31-/m1/s1"
O(C15[H])C(C6)(OCC(C6)C)C(C(C(C2([H])C5)(C)CCC(C3(C)4)(C(CCC3(C(C(C(O[Si](C)(C)C)C4)O[Si](C)(C)C)O[Si](C)(C)C)[H])2[H])[H])1[H])C,"InChI=1S/C36H68O5Si3/c1-23-16-19-36(37-22-23)24(2)31-29(38-36)20-28-25-14-15-27-32(40-43(8,9)10)33(41-44(11,12)13)30(39-42(5,6)7)21-35(27,4)26(25)17-18-34(28,31)3/h23-33H,14-22H2,1-13H3/t23-,24+,25-,26+,27-,28+,29+,30+,31+,32-,33-,34+,35-,36-/m1/s1"
[H]C(C(C)C)(CC)C=CC([H])(C)C(C1)([H])C(C)(C4)C(C(=C2[H])C([H])(C4)C(C)(C3)C([H])(CC(OC(C)=O)(C3)[H])C2)([H])C1,"InChI=1S/C31H50O2/c1-8-23(20(2)3)10-9-21(4)27-13-14-28-26-12-11-24-19-25(33-22(5)32)15-17-30(24,6)29(26)16-18-31(27,28)7/h9-10,12,20-21,23-25,27-29H,8,11,13-19H2,1-7H3/b10-9+/t21-,23-,24+,25+,27-,28+,29+,30+,31-/m1/s1"
COC(=O)C(C)Cc(c1)ccc(c1)C(C)C(=O)OC,"InChI=1S/C15H20O4/c1-10(14(16)18-3)9-12-5-7-13(8-6-12)11(2)15(17)19-4/h5-8,10-11H,9H2,1-4H3"
[H]C(C1)(O5)C(C(C)C5(C6)OCC(C6)C)([H])C(C4)(C1(C([H])(C3)C(C4)([H])C(C)(C2)C(C3)([H])C(OC(C)=O)C(C2OC(C)=O)OC(C)=O)[H])C,"InChI=1S/C33H50O8/c1-17-10-13-33(37-16-17)18(2)28-26(41-33)14-25-22-8-9-24-29(39-20(4)35)30(40-21(5)36)27(38-19(3)34)15-32(24,7)23(22)11-12-31(25,28)6/h17-18,22-30H,8-16H2,1-7H3/t17-,18+,22-,23+,24-,25+,26+,27+,28+,29-,30-,31+,32-,33-/m1/s1"
COC(=O)c(c1)cc(OC)c(OC)c1,"InChI=1S/C10H12O4/c1-12-8-5-4-7(10(11)14-3)6-9(8)13-2/h4-6H,1-3H3"
Clc(c3)c(c(=O)1)c(cc3)c(=O)c(c2)c(ccc2)1,InChI=1S/C14H7ClO2/c15-11-7-3-6-10-12(11)14(17)9-5-2-1-4-8(9)13(10)16/h1-7H
ON=C(C)C(C)=O,"InChI=1S/C4H7NO2/c1-3(5-7)4(2)6/h7H,1-2H3/b5-3-"
Oc(c1)cc(Cl)c(O)c1,"InChI=1S/C6H5ClO2/c7-5-3-4(8)1-2-6(5)9/h1-3,8-9H"
O=c(c(=O)1)c(Cl)c(Cl)c(Cl)c(Cl)1,InChI=1S/C6Cl4O2/c7-1-2(8)4(10)6(12)5(11)3(1)9
N#Cc(c1)ccc(Cl)c1,InChI=1S/C7H4ClN/c8-7-3-1-6(5-9)2-4-7/h1-4H
Cc(c2)ccc(c2)C(=O)c(c1)ccc(C)c1,"InChI=1S/C15H14O/c1-11-3-7-13(8-4-11)15(16)14-9-5-12(2)6-10-14/h3-10H,1-2H3"
OC(=O)C=C(C)C(O)=O,"InChI=1S/C5H6O4/c1-3(5(8)9)2-4(6)7/h2H,1H3,(H,6,7)(H,8,9)/b3-2-"
C1=CC=C2C(=C1)C3=CC=CC=C3N2,"InChI=1S/C12H9N/c1-3-7-11-9(5-1)10-6-2-4-8-12(10)13-11/h1-8,13H"
CC(=O)c(c1)ccc(C(C)=O)c1,"InChI=1S/C10H10O2/c1-7(11)9-3-5-10(6-4-9)8(2)12/h3-6H,1-2H3"
CCc(c1)ccc(O)c1,"InChI=1S/C8H10O/c1-2-7-3-5-8(9)6-4-7/h3-6,9H,2H2,1H3"
c(c3)cc(n1)c(c3)c(c2)c(ccc2)n1,InChI=1S/C12H8N2/c1-3-7-11-9(5-1)10-6-2-4-8-12(10)14-13-11/h1-8H
C1=CC2=NNN=C2C=C1,"InChI=1S/C6H5N3/c1-2-4-6-5(3-1)7-9-8-6/h1-4H,(H,7,8,9)"
CC(C)C(C3)=CC(=C2)C([H])(C3)C(C)(C1)C([H])(C2)C(C)(C(O)=O)CC1,"InChI=1S/C20H30O2/c1-13(2)14-6-8-16-15(12-14)7-9-17-19(16,3)10-5-11-20(17,4)18(21)22/h7,12-13,16-17H,5-6,8-11H2,1-4H3,(H,21,22)/t16-,17+,19+,20+/m0/s1"
c(c4)cc(c3)c(c4)cc(c13)c(c2)c(ccc2)cc1,InChI=1S/C18H12/c1-2-7-15-12-18-16(11-14(15)6-1)10-9-13-5-3-4-8-17(13)18/h1-12H
CC(=O)c(c1)ccc(Br)c1,"InChI=1S/C8H7BrO/c1-6(10)7-2-4-8(9)5-3-7/h2-5H,1H3"
c(c4)cc(c3)c(c4)cc(c3)c(c1)cc(c2)c(ccc2)c1,InChI=1S/C20H14/c1-3-7-17-13-19(11-9-15(17)5-1)20-12-10-16-6-2-4-8-18(16)14-20/h1-14H
[O-1][N+1](=O)c(c1)cnc(Cl)c1,InChI=1S/C5H3ClN2O2/c6-5-2-1-4(3-7-5)8(9)10/h1-3H
N#Cc(c1)ccc(Br)c1,InChI=1S/C7H4BrN/c8-7-3-1-6(5-9)2-4-7/h1-4H
Nc(n1)scc1,"InChI=1S/C3H4N2S/c4-3-5-1-2-6-3/h1-2H,(H2,4,5)"
c(c2)ccc(c2)C(O)c(c1)cccc1,"InChI=1S/C13H12O/c14-13(11-7-3-1-4-8-11)12-9-5-2-6-10-12/h1-10,13-14H"
CC(C)(C)N,"InChI=1S/C4H11N/c1-4(2,3)5/h5H2,1-3H3"
c(c1)ccc(c1)C(Cl)(Cl)Cl,"InChI=1S/C7H5Cl3/c8-7(9,10)6-4-2-1-3-5-6/h1-5H"
BrCC(C)c(c1)cccc1,"InChI=1S/C9H11Br/c1-8(7-10)9-5-3-2-4-6-9/h2-6,8H,7H2,1H3"
C=CC=O,"InChI=1S/C3H4O/c1-2-3-4/h2-3H,1H2"
CC(C)CC(OC)C(C(C)=C)C[Si](C)(C)C,"InChI=1S/C14H30OSi/c1-11(2)9-14(15-5)13(12(3)4)10-16(6,7)8/h11,13-14H,3,9-10H2,1-2,4-8H3"
CCCCCCCC(OC)C(C(C)=C)C[Si](C)(C)C,"InChI=1S/C17H36OSi/c1-8-9-10-11-12-13-17(18-4)16(15(2)3)14-19(5,6)7/h16-17H,2,8-14H2,1,3-7H3"
COCC(C(C)=C)(C[Si](C)(C)C)c(c1)cccc1,"InChI=1S/C16H26OSi/c1-14(2)16(12-17-3,13-18(4,5)6)15-10-8-7-9-11-15/h7-11H,1,12-13H2,2-6H3"
CCCCC(OC)C(C(C)=C)C[Si](C)(C)C,"InChI=1S/C14H30OSi/c1-8-9-10-14(15-4)13(12(2)3)11-16(5,6)7/h13-14H,2,8-11H2,1,3-7H3"
CC(C)=CCCC(C[Si](C)(C)C)=C([H])CCC([H])=C(CCC=C(C)C)C[Si](C)(C)C,"InChI=1S/C26H50Si2/c1-23(2)15-13-19-25(21-27(5,6)7)17-11-12-18-26(22-28(8,9)10)20-14-16-24(3)4/h15-18H,11-14,19-22H2,1-10H3/b25-17-,26-18+"
[H]C(C[Si](C)(C)C)=C([H])C[Si](C)(C)C,"InChI=1S/C10H24Si2/c1-11(2,3)9-7-8-10-12(4,5)6/h7-8H,9-10H2,1-6H3/b8-7-"
CC(C)=CCCC(C[Si](C)(C)C)=C([H])C[Si](C)(C)C,"InChI=1S/C16H34Si2/c1-15(2)10-9-11-16(14-18(6,7)8)12-13-17(3,4)5/h10,12H,9,11,13-14H2,1-8H3/b16-12+"
COC(=O)C=CC(=O)OC,"InChI=1S/C6H8O4/c1-9-5(7)3-4-6(8)10-2/h3-4H,1-2H3/b4-3+"
CC(C4([H])C(CCC([H])(CC)C(C)C)([H])C)(C([H])3CC4)CCC(C([H])23)([H])C(C)(C1=CC2)CCC(C1)O,"InChI=1S/C29H50O/c1-7-21(19(2)3)9-8-20(4)25-12-13-26-24-11-10-22-18-23(30)14-16-28(22,5)27(24)15-17-29(25,26)6/h10,19-21,23-27,30H,7-9,11-18H2,1-6H3/t20-,21-,23+,24+,25-,26+,27+,28+,29-/m1/s1"
O=CC(C)CCBr,"InChI=1S/C5H9BrO/c1-5(4-7)2-3-6/h4-5H,2-3H2,1H3"
ClCC(C)=CCOC(C)=O,"InChI=1S/C7H11ClO2/c1-6(5-8)3-4-10-7(2)9/h3H,4-5H2,1-2H3/b6-3+"
CC(=O)OCC(Cl)C(C)=C,"InChI=1S/C7H11ClO2/c1-5(2)7(8)4-10-6(3)9/h7H,1,4H2,2-3H3"
C=Cc(c1)ccc(c1)C(C)(C)C,"InChI=1S/C12H16/c1-5-10-6-8-11(9-7-10)12(2,3)4/h5-9H,1H2,2-4H3"
C(C2)CCC(C2)c(c1)cccc1,"InChI=1S/C12H16/c1-3-7-11(8-4-1)12-9-5-2-6-10-12/h1,3-4,7-8,12H,2,5-6,9-10H2"
OCCCCCCC(C)CO,"InChI=1S/C9H20O2/c1-9(8-11)6-4-2-3-5-7-10/h9-11H,2-8H2,1H3"
OCCCCCCCCCO,"InChI=1S/C9H20O2/c10-8-6-4-2-1-3-5-7-9-11/h10-11H,1-9H2"
CCOCC=C(C)C=CCl,"InChI=1S/C8H13ClO/c1-3-10-7-5-8(2)4-6-9/h4-6H,3,7H2,1-2H3/b6-4+,8-5+"
CCN(CC)CCOC(C)=O,"InChI=1S/C8H17NO2/c1-4-9(5-2)6-7-11-8(3)10/h4-7H2,1-3H3"
OCC=CCCCCCC=O,"InChI=1S/C9H16O2/c10-8-6-4-2-1-3-5-7-9-11/h4,6,9-10H,1-3,5,7-8H2/b6-4+"
OCC(C(C)=C)C(C)(O)C=C,"InChI=1S/C9H16O2/c1-5-9(4,11)8(6-10)7(2)3/h5,8,10-11H,1-2,6H2,3-4H3"
O=C(C1)CC(C)(C)NC(C)(C)1,"InChI=1S/C9H17NO/c1-8(2)5-7(11)6-9(3,4)10-8/h10H,5-6H2,1-4H3"
CC(C)=CCOCC=C(C)C,"InChI=1S/C10H18O/c1-9(2)5-7-11-8-6-10(3)4/h5-6H,7-8H2,1-4H3"
CC(C)=CCC(C)(CC)C=O,"InChI=1S/C10H18O/c1-5-10(4,8-11)7-6-9(2)3/h6,8H,5,7H2,1-4H3"
O=CC=CCC(C)CC(C)C,"InChI=1S/C10H18O/c1-9(2)8-10(3)6-4-5-7-11/h4-5,7,9-10H,6,8H2,1-3H3/b5-4+"
CCCCC(OC)=CC(C)=C,"InChI=1S/C10H18O/c1-5-6-7-10(11-4)8-9(2)3/h8H,2,5-7H2,1,3-4H3/b10-8-"
OCC(C1)=CCC(C(C)=C)C1,"InChI=1S/C10H16O/c1-8(2)10-5-3-9(7-11)4-6-10/h3,10-11H,1,4-7H2,2H3"
O=CCC(C1)C(C)(C)C(C)=C1,"InChI=1S/C10H16O/c1-8-4-5-9(6-7-11)10(8,2)3/h4,7,9H,5-6H2,1-3H3"
OC(C1)C(C2)C(=C)C(C)(C)C12,"InChI=1S/C10H16O/c1-6-8-4-7(5-9(8)11)10(6,2)3/h7-9,11H,1,4-5H2,2-3H3"
OCc(c1)cc(O2)c(OC2)c1,"InChI=1S/C8H8O3/c9-4-6-1-2-7-8(3-6)11-5-10-7/h1-3,9H,4-5H2"
c(c2)ccc(c2)OCC(C1)O1,"InChI=1S/C9H10O2/c1-2-4-8(5-3-1)10-6-9-7-11-9/h1-5,9H,6-7H2"
O=Cc(c1)cc(O2)c(OC2)c1,"InChI=1S/C8H6O3/c9-4-6-1-2-7-8(3-6)11-5-10-7/h1-4H,5H2"
C1=CC=C2C(=C1)NC(=S)N2,"InChI=1S/C7H6N2S/c10-7-8-5-3-1-2-4-6(5)9-7/h1-4H,(H2,8,9,10)"
N#CCCS(=O)(=O)OC,"InChI=1S/C4H7NO3S/c1-8-9(6,7)4-2-3-5/h2,4H2,1H3"
COC(=O)C(C)(OC)OC,"InChI=1S/C6H12O4/c1-6(9-3,10-4)5(7)8-2/h1-4H3"
COC(=O)C(Cl)C(C)=C,"InChI=1S/C6H9ClO2/c1-4(2)5(7)6(8)9-3/h5H,1H2,2-3H3"
CC(=C)CCBr,"InChI=1S/C5H9Br/c1-5(2)3-4-6/h1,3-4H2,2H3"
CCCC=CCOC(=O)Cc(c1)cccc1,"InChI=1S/C14H18O2/c1-2-3-4-8-11-16-14(15)12-13-9-6-5-7-10-13/h4-10H,2-3,11-12H2,1H3/b8-4+"
CCCCCCCCCCC(=O)OCC,"InChI=1S/C13H26O2/c1-3-5-6-7-8-9-10-11-12-13(14)15-4-2/h3-12H2,1-2H3"
CC(C)CCCOC(=O)c(c1)cccc1,"InChI=1S/C13H18O2/c1-11(2)7-6-10-15-13(14)12-8-4-3-5-9-12/h3-5,8-9,11H,6-7,10H2,1-2H3"
[H]C(C)=C([H])C(=O)OC(C)(C)Cc(c1)cccc1,"InChI=1S/C14H18O2/c1-4-8-13(15)16-14(2,3)11-12-9-6-5-7-10-12/h4-10H,11H2,1-3H3/b8-4+"
CC(C)CCOC(=O)CC(C)CC(C)(C)C,"InChI=1S/C14H28O2/c1-11(2)7-8-16-13(15)9-12(3)10-14(4,5)6/h11-12H,7-10H2,1-6H3"
COc(c1)ccc(COC(=O)CC(C)C)c1,"InChI=1S/C13H18O3/c1-10(2)8-13(14)16-9-11-4-6-12(15-3)7-5-11/h4-7,10H,8-9H2,1-3H3"
CCCCCCCOC(=O)C(C)CC,"InChI=1S/C12H24O2/c1-4-6-7-8-9-10-14-12(13)11(3)5-2/h11H,4-10H2,1-3H3"
CC(=O)Oc(c2)c(ccc2)c(c1)cccc1,"InChI=1S/C14H12O2/c1-11(15)16-14-10-6-5-9-13(14)12-7-3-2-4-8-12/h2-10H,1H3"
Oc(c2)c(ccc2)c(c1)cccc1,"InChI=1S/C12H10O/c13-12-9-5-4-8-11(12)10-6-2-1-3-7-10/h1-9,13H"
O=C(OCCc(c2)cccc2)CCC(=O)OCCc(c1)cccc1,"InChI=1S/C20H22O4/c21-19(23-15-13-17-7-3-1-4-8-17)11-12-20(22)24-16-14-18-9-5-2-6-10-18/h1-10H,11-16H2"
CCC=CCCOC(=O)C(CC)CC,"InChI=1S/C12H22O2/c1-4-7-8-9-10-14-12(13)11(5-2)6-3/h7-8,11H,4-6,9-10H2,1-3H3/b8-7-"
O=C(OCCCC)C(CC)CC,"InChI=1S/C10H20O2/c1-4-7-8-12-10(11)9(5-2)6-3/h9H,4-8H2,1-3H3"
CCCCCCCOC(=O)C(CC)CC,"InChI=1S/C13H26O2/c1-4-7-8-9-10-11-15-13(14)12(5-2)6-3/h12H,4-11H2,1-3H3"
CCCC=CCOC(=O)C(CC)CC,"InChI=1S/C12H22O2/c1-4-7-8-9-10-14-12(13)11(5-2)6-3/h8-9,11H,4-7,10H2,1-3H3/b9-8+"
CCC(CC)C(=O)OC,"InChI=1S/C7H14O2/c1-4-6(5-2)7(8)9-3/h6H,4-5H2,1-3H3"
C=CCOC(=O)C(C)CC,"InChI=1S/C8H14O2/c1-4-6-10-8(9)7(3)5-2/h4,7H,1,5-6H2,2-3H3"
CCCCCC(CC)OC(=O)CC(C)C,"InChI=1S/C13H26O2/c1-5-7-8-9-12(6-2)15-13(14)10-11(3)4/h11-12H,5-10H2,1-4H3"
CCCCCC(CC)OC(=O)C(C)CC,"InChI=1S/C13H26O2/c1-5-8-9-10-12(7-3)15-13(14)11(4)6-2/h11-12H,5-10H2,1-4H3"
CCCC=CCOC(=O)C(C)CC,"InChI=1S/C11H20O2/c1-4-6-7-8-9-13-11(12)10(3)5-2/h7-8,10H,4-6,9H2,1-3H3/b8-7+"
CCCCCCCCCC(=O)OCC=CCCC,"InChI=1S/C16H30O2/c1-3-5-7-9-10-11-12-14-16(17)18-15-13-8-6-4-2/h8,13H,3-7,9-12,14-15H2,1-2H3/b13-8+"
CCCCCCCCCOC(=O)CCCCCCC,"InChI=1S/C17H34O2/c1-3-5-7-9-10-12-14-16-19-17(18)15-13-11-8-6-4-2/h3-16H2,1-2H3"
CC(C)CCCOC(=O)CCC(C)C,"InChI=1S/C12H24O2/c1-10(2)6-5-9-14-12(13)8-7-11(3)4/h10-11H,5-9H2,1-4H3"
CCCCCCCCCCOC(=O)CC(C)C,"InChI=1S/C15H30O2/c1-4-5-6-7-8-9-10-11-12-17-15(16)13-14(2)3/h14H,4-13H2,1-3H3"
CCCCCCC(=O)OCC=CCCC,"InChI=1S/C13H24O2/c1-3-5-7-9-11-13(14)15-12-10-8-6-4-2/h8,10H,3-7,9,11-12H2,1-2H3/b10-8+"
CCCCCC(=O)OC(CC)CCCC,"InChI=1S/C13H26O2/c1-4-7-9-11-13(14)15-12(6-3)10-8-5-2/h12H,4-11H2,1-3H3"
CCC(C)CC(=O)OCCC(C)C,"InChI=1S/C11H22O2/c1-5-10(4)8-11(12)13-7-6-9(2)3/h9-10H,5-8H2,1-4H3"
CCCCC(CC)OC(=O)CC(C)C,"InChI=1S/C12H24O2/c1-5-7-8-11(6-2)14-12(13)9-10(3)4/h10-11H,5-9H2,1-4H3"
COC(=O)CC(C)CC(C)(C)C,"InChI=1S/C10H20O2/c1-8(6-9(11)12-5)7-10(2,3)4/h8H,6-7H2,1-5H3"
CCCCCCOC(=O)C(C)(C)C,"InChI=1S/C11H22O2/c1-5-6-7-8-9-13-10(12)11(2,3)4/h5-9H2,1-4H3"
O=C(C1)OCCOC(=O)CCCCCCC1,InChI=1S/C12H20O4/c13-11-7-5-3-1-2-4-6-8-12(14)16-10-9-15-11/h1-10H2
CCCCOC(=O)c(c1)ccc(O)c1,"InChI=1S/C11H14O3/c1-2-3-8-14-11(13)9-4-6-10(12)7-5-9/h4-7,12H,2-3,8H2,1H3"
CCCCCCC(O)CC=CCCCCCCCC(=O)OCC,"InChI=1S/C20H38O3/c1-3-5-6-13-16-19(21)17-14-11-9-7-8-10-12-15-18-20(22)23-4-2/h11,14,19,21H,3-10,12-13,15-18H2,1-2H3/b14-11-/t19-/m1/s1"
CCCCCCC(O)CC=CCCCCCCCC(=O)OC,"InChI=1S/C19H36O3/c1-3-4-5-12-15-18(20)16-13-10-8-6-7-9-11-14-17-19(21)22-2/h10,13,18,20H,3-9,11-12,14-17H2,1-2H3/b13-10-/t18-/m1/s1"
c(c2)ccc(c2)CCCOC(=O)c(c1)c(O)ccc1,"InChI=1S/C16H16O3/c17-15-11-5-4-10-14(15)16(18)19-12-6-9-13-7-2-1-3-8-13/h1-5,7-8,10-11,17H,6,9,12H2"
Cc(c2)ccc(c2)COC(=O)c(c1)c(O)ccc1,"InChI=1S/C15H14O3/c1-11-6-8-12(9-7-11)10-18-15(17)13-4-2-3-5-14(13)16/h2-9,16H,10H2,1H3"
CCCCCCCCOC(=O)CCCCC(=O)OCCCCCCCC,"InChI=1S/C22H42O4/c1-3-5-7-9-11-15-19-25-21(23)17-13-14-18-22(24)26-20-16-12-10-8-6-4-2/h3-20H2,1-2H3"
O=C(OCCCc(c2)cccc2)c(c1)cccc1,"InChI=1S/C16H16O2/c17-16(15-11-5-2-6-12-15)18-13-7-10-14-8-3-1-4-9-14/h1-6,8-9,11-12H,7,10,13H2"
CCCCCC(CC)OC(=O)CCCCC,"InChI=1S/C14H28O2/c1-4-7-9-11-13(6-3)16-14(15)12-10-8-5-2/h13H,4-12H2,1-3H3"
CCCCCCCC(CCCCCC)C(=O)OCC,"InChI=1S/C17H34O2/c1-4-7-9-11-13-15-16(17(18)19-6-3)14-12-10-8-5-2/h16H,4-15H2,1-3H3"
COC(=O)C(C)(C)C,"InChI=1S/C6H12O2/c1-6(2,3)5(7)8-4/h1-4H3"
CCOC(=O)C(C)(C)C,"InChI=1S/C7H14O2/c1-5-9-6(8)7(2,3)4/h5H2,1-4H3"
CCCCCCCC(=O)OCCc(c1)cccc1,"InChI=1S/C16H24O2/c1-2-3-4-5-9-12-16(17)18-14-13-15-10-7-6-8-11-15/h6-8,10-11H,2-5,9,12-14H2,1H3"
CCCCCC(=O)Oc(c1)ccc(C)c1,"InChI=1S/C13H18O2/c1-3-4-5-6-13(14)15-12-9-7-11(2)8-10-12/h7-10H,3-6H2,1-2H3"
C=CCCCCCCCCC(=O)OCCCCCC,"InChI=1S/C17H32O2/c1-3-5-7-9-10-11-12-13-15-17(18)19-16-14-8-6-4-2/h3H,1,4-16H2,2H3"
CCC(C)COC(=O)c(c1)c(O)ccc1,"InChI=1S/C12H16O3/c1-3-9(2)8-15-12(14)10-6-4-5-7-11(10)13/h4-7,9,13H,3,8H2,1-2H3"
CCCOC(=O)CC(C)CC(C)(C)C,"InChI=1S/C12H24O2/c1-6-7-14-11(13)8-10(2)9-12(3,4)5/h10H,6-9H2,1-5H3"
CC(=O)c(c1)ccc(Cl)c1,"InChI=1S/C8H7ClO/c1-6(10)7-2-4-8(9)5-3-7/h2-5H,1H3"
CC(O)COC(=O)Cc(c1)cccc1,"InChI=1S/C11H14O3/c1-9(12)8-14-11(13)7-10-5-3-2-4-6-10/h2-6,9,12H,7-8H2,1H3"
CCOC(=O)CC(O)C(=O)OCC,"InChI=1S/C8H14O5/c1-3-12-7(10)5-6(9)8(11)13-4-2/h6,9H,3-5H2,1-2H3"
CCCCCCC(=O)CCc(c1)cccc1,"InChI=1S/C15H22O/c1-2-3-4-8-11-15(16)13-12-14-9-6-5-7-10-14/h5-7,9-10H,2-4,8,11-13H2,1H3"
CCCCCCCCCCCCCCCCCCCC(O)=O,"InChI=1S/C20H40O2/c1-2-3-4-5-6-7-8-9-10-11-12-13-14-15-16-17-18-19-20(21)22/h2-19H2,1H3,(H,21,22)"
CCCCC(CC)C(=O)N(CC)CC,"InChI=1S/C12H25NO/c1-5-9-10-11(6-2)12(14)13(7-3)8-4/h11H,5-10H2,1-4H3"
CCCCC(=O)OCCc(c1)cccc1,"InChI=1S/C13H18O2/c1-2-3-9-13(14)15-11-10-12-7-5-4-6-8-12/h4-8H,2-3,9-11H2,1H3"
CCOC(=O)c(c1)ccc(O)c1,"InChI=1S/C9H10O3/c1-2-12-9(11)7-3-5-8(10)6-4-7/h3-6,10H,2H2,1H3"
CC(C1)CCC(=O)C1,"InChI=1S/C7H12O/c1-6-2-4-7(8)5-3-6/h6H,2-5H2,1H3"
CCCCC(C1)C(=O)CC1,"InChI=1S/C9H16O/c1-2-3-5-8-6-4-7-9(8)10/h8H,2-7H2,1H3"
CCCCCCC(C1)C(=O)CC1,"InChI=1S/C11H20O/c1-2-3-4-5-7-10-8-6-9-11(10)12/h10H,2-9H2,1H3"
CCCCCCCCCC(C1)C(=O)CC1,"InChI=1S/C14H26O/c1-2-3-4-5-6-7-8-10-13-11-9-12-14(13)15/h13H,2-12H2,1H3"
CCCCC(C1)C(=O)CCC1,"InChI=1S/C10H18O/c1-2-3-6-9-7-4-5-8-10(9)11/h9H,2-8H2,1H3"
O=C(C1)CC(=O)CC1,InChI=1S/C6H8O2/c7-5-2-1-3-6(8)4-5/h1-4H2
Cc(c1)ccc(c1)C(C)O,"InChI=1S/C9H12O/c1-7-3-5-9(6-4-7)8(2)10/h3-6,8,10H,1-2H3"
CCC(C)C(C1)C(=O)CCC1,"InChI=1S/C10H18O/c1-3-8(2)9-6-4-5-7-10(9)11/h8-9H,3-7H2,1-2H3"
O=CCC(C)c(c1)cccc1,"InChI=1S/C10H12O/c1-9(7-8-11)10-5-3-2-4-6-10/h2-6,8-9H,7H2,1H3"
CC(C1)C(=O)C(C)CC1,"InChI=1S/C8H14O/c1-6-4-3-5-7(2)8(6)9/h6-7H,3-5H2,1-2H3"
CCc(c1)ccc(C=O)c1,"InChI=1S/C9H10O/c1-2-8-3-5-9(7-10)6-4-8/h3-7H,2H2,1H3"
O=C(C1)CCCCCC1,InChI=1S/C8H14O/c9-8-6-4-2-1-3-5-7-8/h1-7H2
CC(C1)=CCCC(C)=CCC(C)(C)C=CCC(C)=CC1,"InChI=1S/C20H32/c1-17-9-6-11-18(2)13-8-15-20(4,5)16-14-19(3)12-7-10-17/h8,10-11,14-15H,6-7,9,12-13,16H2,1-5H3/b15-8-,17-10+,18-11+,19-14-"
CC(C2)=C([H])CCC(C)=C([H])C([H])(O1)C([H])(CC(=O)C(C)=C([H])C2)C(=C)C(=O)1,"InChI=1S/C20H26O3/c1-13-7-5-9-14(2)11-19-17(16(4)20(22)23-19)12-18(21)15(3)10-6-8-13/h7,10-11,17,19H,4-6,8-9,12H2,1-3H3/b13-7+,14-11+,15-10+/t17-,19-/m0/s1"
CC(C)C(C2)=C([H])C([H])=C(C)CCC([H])(O)C(C)(C1)OC(=O)C(C2)=C([H])C1,"InChI=1S/C20H30O3/c1-14(2)16-9-7-15(3)8-12-18(21)20(4)13-5-6-17(11-10-16)19(22)23-20/h6-7,9,14,18,21H,5,8,10-13H2,1-4H3/b15-7+,16-9+/t18-,20+/m1/s1"
COC(=O)C(=C2)CCC(=O)C(C)(C1)OC(=O)C(CCC(C(C)C)=C2)=CC1,"InChI=1S/C21H28O5/c1-14(2)15-7-9-16-6-5-13-21(3,26-20(16)24)18(22)12-11-17(10-8-15)19(23)25-4/h6,8,10,14H,5,7,9,11-13H2,1-4H3/b15-8-,17-10+"
CC(=O)OC([H])(C1)C([H])=C(C)CCC([H])(C(C)C)C([H])=C([H])C(C)=C([H])CC([H])=C(C)1,"InChI=1S/C22H34O2/c1-16(2)21-12-10-17(3)8-7-9-18(4)14-22(24-20(6)23)15-19(5)11-13-21/h8-10,12,15-16,21-22H,7,11,13-14H2,1-6H3/b12-10+,17-8+,18-9+,19-15+/t21-,22+/m0/s1"
[H]C(C1)=C(C)CC(=O)C([H])=C(C)CCC([H])(C(C)C)C([H])=C([H])C(C)=C([H])1,"InChI=1S/C20H30O/c1-15(2)19-11-9-16(3)7-6-8-17(4)13-20(21)14-18(5)10-12-19/h7-9,11,14-15,19H,6,10,12-13H2,1-5H3/b11-9+,16-7+,17-8+,18-14+/t19-/m0/s1"
[H]C(C1)=C(C)CCC([H])=C(C)CC(=O)C([H])(C(C)=C)CC([H])=C(C)C1,"InChI=1S/C20H30O/c1-15(2)19-13-12-17(4)10-6-8-16(3)9-7-11-18(5)14-20(19)21/h8,11-12,19H,1,6-7,9-10,13-14H2,2-5H3/b16-8+,17-12+,18-11+/t19-/m1/s1"
CC(C)OC(=O)CC(=O)OC(C)C,"InChI=1S/C9H16O4/c1-6(2)12-8(10)5-9(11)13-7(3)4/h6-7H,5H2,1-4H3"
CCC(=O)NC([H])(COC(C2)OCCC2)c(c1)cccc1,"InChI=1S/C16H23NO3/c1-2-15(18)17-14(13-8-4-3-5-9-13)12-20-16-10-6-7-11-19-16/h3-5,8-9,14,16H,2,6-7,10-12H2,1H3,(H,17,18)/t14-,16?/m0/s1"
COc(c1)cc(CBr)c(OC)c(CBr)1,"InChI=1S/C10H12Br2O2/c1-13-9-3-7(5-11)10(14-2)8(4-9)6-12/h3-4H,5-6H2,1-2H3"
CC(=O)CC(=O)Nc(c1)cccc1,"InChI=1S/C10H11NO2/c1-8(12)7-10(13)11-9-5-3-2-4-6-9/h2-6H,7H2,1H3,(H,11,13)"
c(c2)cc(c1)c(c2)ncc1,InChI=1S/C9H7N/c1-2-6-9-8(4-1)5-3-7-10-9/h1-7H
Nc(c1)c(c2)c(ncc2)cc1,"InChI=1S/C9H8N2/c10-8-4-1-5-9-7(8)3-2-6-11-9/h1-6H,10H2"
CN(C2)C([H])(CCC2)c(c1)cncc1,"InChI=1S/C11H16N2/c1-13-8-3-2-6-11(13)10-5-4-7-12-9-10/h4-5,7,9,11H,2-3,6,8H2,1H3/t11-/m0/s1"
CN(C2)C([H])(CC2)c(c1)cncc1,"InChI=1S/C10H14N2/c1-12-7-3-5-10(12)9-4-2-6-11-8-9/h2,4,6,8,10H,3,5,7H2,1H3/t10-/m0/s1"
Oc(c1)ccc(c1)C(O)=O,"InChI=1S/C7H6O3/c8-6-3-1-5(2-4-6)7(9)10/h1-4,8H,(H,9,10)"
Oc(c1)c(O)cc(c1)C(C)(C)C,"InChI=1S/C10H14O2/c1-10(2,3)7-4-5-8(11)9(12)6-7/h4-6,11-12H,1-3H3"
OC(=O)c(c1)c(ccc1)[N+1]([O-1])=O,"InChI=1S/C7H5NO4/c9-7(10)5-3-1-2-4-6(5)8(11)12/h1-4H,(H,9,10)"
Oc(c(Br)1)c(Br)cc(Br)c1,"InChI=1S/C6H3Br3O/c7-3-1-4(8)6(10)5(9)2-3/h1-2,10H"
Oc(c2)ccc(c2)c(c1)cccc1,"InChI=1S/C12H10O/c13-12-8-6-11(7-9-12)10-4-2-1-3-5-10/h1-9,13H"
Cc(c1)ccc(c1)S(N)(=O)=O,"InChI=1S/C7H9NO2S/c1-6-2-4-7(5-3-6)11(8,9)10/h2-5H,1H3,(H2,8,9,10)"
COc(c1)c(ccc1)NC(C)=O,"InChI=1S/C9H11NO2/c1-7(11)10-8-5-3-4-6-9(8)12-2/h3-6H,1-2H3,(H,10,11)"
OC(=O)c(c1)c(Cl)ccc1,"InChI=1S/C7H5ClO2/c8-6-4-2-1-3-5(6)7(9)10/h1-4H,(H,9,10)"
OC(=NC1=CC=CC(=C1)C)C,"InChI=1S/C9H11NO/c1-7-4-3-5-9(6-7)10-8(2)11/h3-6H,1-2H3,(H,10,11)"
Nc(c1)ccc(Cl)c1,"InChI=1S/C6H6ClN/c7-5-1-3-6(8)4-2-5/h1-4H,8H2"
CC(=O)c(c1)cc(c2)c(ccc2)c1,"InChI=1S/C12H10O/c1-9(13)11-7-6-10-4-2-3-5-12(10)8-11/h2-8H,1H3"
c(c3)cc(c1)c(c3)c(c2)c(ccc2)c1,InChI=1S/C14H10/c1-3-7-13-11(5-1)9-10-12-6-2-4-8-14(12)13/h1-10H
NC(=O)c(c1)cncc1,"InChI=1S/C6H6N2O/c7-6(9)5-2-1-3-8-4-5/h1-4H,(H2,7,9)"
Nc(c1)cc(cc1)[N+1]([O-1])=O,"InChI=1S/C6H6N2O2/c7-5-2-1-3-6(4-5)8(9)10/h1-4H,7H2"
OC(=O)Cc(c1)c(c2)c(ccc2)cc1,"InChI=1S/C12H10O2/c13-12(14)8-10-6-3-5-9-4-1-2-7-11(9)10/h1-7H,8H2,(H,13,14)"
OC(=O)Cc(c1)cc(c2)c(ccc2)c1,"InChI=1S/C12H10O2/c13-12(14)8-9-5-6-10-3-1-2-4-11(10)7-9/h1-7H,8H2,(H,13,14)"
CC(=O)NC(N)=S,"InChI=1S/C3H6N2OS/c1-2(6)5-3(4)7/h1H3,(H3,4,5,6,7)"
Nc(c1)nccc1,"InChI=1S/C5H6N2/c6-5-3-1-2-4-7-5/h1-4H,(H2,6,7)"
CC(=O)NNc(c1)cccc1,"InChI=1S/C8H10N2O/c1-7(11)9-10-8-5-3-2-4-6-8/h2-6,10H,1H3,(H,9,11)"
Oc(c2)ccc(c2)C(C)(C)c(c1)ccc(O)c1,"InChI=1S/C15H16O2/c1-15(2,11-3-7-13(16)8-4-11)12-5-9-14(17)10-6-12/h3-10,16-17H,1-2H3"
Cc(c1)cc(O)c(C)c1,"InChI=1S/C8H10O/c1-6-3-4-7(2)8(9)5-6/h3-5,9H,1-2H3"
Cc(c1)c(O)c(C)c(C)c(O)1,"InChI=1S/C9H12O2/c1-5-4-8(10)6(2)7(3)9(5)11/h4,10-11H,1-3H3"
c(c3)ccc(c3)Nc(c1)c(c2)c(ccc2)cc1,"InChI=1S/C16H13N/c1-2-9-14(10-3-1)17-16-12-6-8-13-7-4-5-11-15(13)16/h1-12,17H"
OC(=O)c(c1)c(S)ccc1,"InChI=1S/C7H6O2S/c8-7(9)5-3-1-2-4-6(5)10/h1-4,10H,(H,8,9)"
CC(N)=S,"InChI=1S/C2H5NS/c1-2(3)4/h1H3,(H2,3,4)"
Cc(c1)c(ccc1)S(N)(=O)=O,"InChI=1S/C7H9NO2S/c1-6-4-2-3-5-7(6)11(8,9)10/h2-5H,1H3,(H2,8,9,10)"
Oc(c1)ccc(c1)[N+1]([O-1])=O,"InChI=1S/C6H5NO3/c8-6-3-1-5(2-4-6)7(9)10/h1-4,8H"
CC(C)c(c1)c(O)cc(C)c1,"InChI=1S/C10H14O/c1-7(2)9-5-4-8(3)6-10(9)11/h4-7,11H,1-3H3"
Nc(c1)c(N)ccc1,"InChI=1S/C6H8N2/c7-5-3-1-2-4-6(5)8/h1-4H,7-8H2"
c(c3)cc(o1)c(c3)c(c2)c(ccc2)1,InChI=1S/C12H8O/c1-3-7-11-9(5-1)10-6-2-4-8-12(10)13-11/h1-8H
CCOc(c1)ccc(O)c1,"InChI=1S/C8H10O2/c1-2-10-8-5-3-7(9)4-6-8/h3-6,9H,2H2,1H3"
Nc(c1)cc(C)c(C)c1,"InChI=1S/C8H11N/c1-6-3-4-8(9)5-7(6)2/h3-5H,9H2,1-2H3"
ON=Cc(c1)c(O)ccc1,"InChI=1S/C7H7NO2/c9-7-4-2-1-3-6(7)5-8-10/h1-5,9-10H/b8-5+"
Nc(c1)c(Cl)cc(Cl)c1,"InChI=1S/C6H5Cl2N/c7-4-1-2-6(9)5(8)3-4/h1-3H,9H2"
CCC(N)=O,"InChI=1S/C3H7NO/c1-2-3(4)5/h2H2,1H3,(H2,4,5)"
Oc(c1)cc(C(O)=O)c(O)c1,"InChI=1S/C7H6O4/c8-4-1-2-6(9)5(3-4)7(10)11/h1-3,8-9H,(H,10,11)"
Oc(c1)c(cc(c1)C(C)(C)C)C(C)(C)C,"InChI=1S/C14H22O/c1-13(2,3)10-7-8-12(15)11(9-10)14(4,5)6/h7-9,15H,1-6H3"
Cc(c1)cc(O)cc(C)1,"InChI=1S/C8H10O/c1-6-3-7(2)5-8(9)4-6/h3-5,9H,1-2H3"
O(C2)CCN(C2)c(c1)cccc1,"InChI=1S/C10H13NO/c1-2-4-10(5-3-1)11-6-8-12-9-7-11/h1-5H,6-9H2"
O=C(O1)c(c2)c(ccc2)C1,"InChI=1S/C8H6O2/c9-8-7-4-2-1-3-6(7)5-10-8/h1-4H,5H2"
CN(C)c(c1)ccc(CCCc(c2)cc(c3)c(ccc3)c2)c1,"InChI=1S/C21H23N/c1-22(2)21-14-11-17(12-15-21)6-5-7-18-10-13-19-8-3-4-9-20(19)16-18/h3-4,8-16H,5-7H2,1-2H3"
CN(C)c(c3)ccc(c3)c(c(C)1)c(c2)c(ccc2)cc1,"InChI=1S/C19H19N/c1-14-8-9-15-6-4-5-7-18(15)19(14)16-10-12-17(13-11-16)20(2)3/h4-13H,1-3H3"
OC(C1)C(C(=O)2)C(C)(CC2)C(=O)C1,"InChI=1S/C10H14O3/c1-10-5-4-7(12)9(10)6(11)2-3-8(10)13/h6,9,11H,2-5H2,1H3"
CCCCCCCCCCCC(=O)OC,"InChI=1S/C13H26O2/c1-3-4-5-6-7-8-9-10-11-12-13(14)15-2/h3-12H2,1-2H3"
CCCCCCCCCCCC(=O)OCC,"InChI=1S/C14H28O2/c1-3-5-6-7-8-9-10-11-12-13-14(15)16-4-2/h3-13H2,1-2H3"
CCCCCCCCCCCC(=O)OCCCC,"InChI=1S/C16H32O2/c1-3-5-7-8-9-10-11-12-13-14-16(17)18-15-6-4-2/h3-15H2,1-2H3"
CCCCCCCCCCCC(=O)OCC(C)C,"InChI=1S/C16H32O2/c1-4-5-6-7-8-9-10-11-12-13-16(17)18-14-15(2)3/h15H,4-14H2,1-3H3"
CCCCCCCCCCCC(=O)OCCCCC,"InChI=1S/C17H34O2/c1-3-5-7-8-9-10-11-12-13-15-17(18)19-16-14-6-4-2/h3-16H2,1-2H3"
CCCCCCCCCCCC(=O)OCCC(C)C,"InChI=1S/C17H34O2/c1-4-5-6-7-8-9-10-11-12-13-17(18)19-15-14-16(2)3/h16H,4-15H2,1-3H3"
CCCCCCCCCCCC(=O)OCc(c1)cccc1,"InChI=1S/C19H30O2/c1-2-3-4-5-6-7-8-9-13-16-19(20)21-17-18-14-11-10-12-15-18/h10-12,14-15H,2-9,13,16-17H2,1H3"
CCC(C)C,"InChI=1S/C5H12/c1-4-5(2)3/h5H,4H2,1-3H3"
CC(C1)CCCC1,"InChI=1S/C7H14/c1-7-5-3-2-4-6-7/h7H,2-6H2,1H3"
Cc(c1)c(c2)c(ccc2)cc1,"InChI=1S/C11H10/c1-9-5-4-7-10-6-2-3-8-11(9)10/h2-8H,1H3"
CCOC(=O)C(O)c(c1)cccc1,"InChI=1S/C10H12O3/c1-2-13-10(12)9(11)8-6-4-3-5-7-8/h3-7,9,11H,2H2,1H3"
Cc(c1)ccc(c1)N(C)C,"InChI=1S/C9H13N/c1-8-4-6-9(7-5-8)10(2)3/h4-7H,1-3H3"
CC#CC#CC([H])=C(O1)C([H])=C([H])C(C2)(OCCC2)1,"InChI=1S/C14H14O2/c1-2-3-4-5-8-13-9-11-14(16-13)10-6-7-12-15-14/h8-9,11H,6-7,10,12H2,1H3/b13-8-"
CC#CC#CC([H])=C(O1)C(O)C(O)C(C2)(OCCC2)1,"InChI=1S/C14H16O4/c1-2-3-4-5-8-11-12(15)13(16)14(18-11)9-6-7-10-17-14/h8,12-13,15-16H,6-7,9-10H2,1H3/b11-8-"
CCCCCCC(O1)C(OC(C)=O)C(OC(C)=O)C(C2)(OCCC2)1,"InChI=1S/C18H30O6/c1-4-5-6-7-10-15-16(22-13(2)19)17(23-14(3)20)18(24-15)11-8-9-12-21-18/h15-17H,4-12H2,1-3H3"
O=C(OC1C(OC2(OCCCC2)C1O)=CC#CC#CC)C,"InChI=1S/C16H18O5/c1-3-4-5-6-9-13-14(20-12(2)17)15(18)16(21-13)10-7-8-11-19-16/h9,14-15,18H,7-8,10-11H2,1-2H3/b13-9-"
CC#CC#CC([H])=C(O1)C(OC(=O)CC(C)C)C(O)C(C2)(OCCC2)1,"InChI=1S/C19H24O5/c1-4-5-6-7-10-15-17(23-16(20)13-14(2)3)18(21)19(24-15)11-8-9-12-22-19/h10,14,17-18,21H,8-9,11-13H2,1-3H3/b15-10-"
CC#CC#CC([H])=C(O1)C(OC(C)=O)C(OC(C)=O)C(C2)(OCCC2)1,"InChI=1S/C18H20O6/c1-4-5-6-7-10-15-16(22-13(2)19)17(23-14(3)20)18(24-15)11-8-9-12-21-18/h10,16-17H,8-9,11-12H2,1-3H3/b15-10-"
CC#CC#CC([H])=C(O1)C([H])=C([H])C(C2)(OCC2)1,"InChI=1S/C13H12O2/c1-2-3-4-5-7-12-8-10-13(15-12)9-6-11-14-13/h7-8,10H,6,9,11H2,1H3/b12-7+"
CC(=O)OC([H])(C([H])(C)1)C([H])(OC(C)=O)C([H])(OC(C)=O)C([H])(OC)O1,"InChI=1S/C13H20O8/c1-6-10(19-7(2)14)11(20-8(3)15)12(21-9(4)16)13(17-5)18-6/h6,10-13H,1-5H3/t6-,10?,11-,12+,13?/m0/s1"
C=CC(C)(C1)OC(C)(C)C(=O)C1,"InChI=1S/C10H16O2/c1-5-10(4)7-6-8(11)9(2,3)12-10/h5H,1,6-7H2,2-4H3/t10-/m0/s1"
C=CC(C)(C1)OC(C)(C)C([H])(OC(C)=O)C1,"InChI=1S/C12H20O3/c1-6-12(5)8-7-10(14-9(2)13)11(3,4)15-12/h6,10H,1,7-8H2,2-5H3/t10-,12+/m1/s1"
C=CC(C)(C1)OC(C)(C)C([H])(O)C1,"InChI=1S/C10H18O2/c1-5-10(4)7-6-8(11)9(2,3)12-10/h5,8,11H,1,6-7H2,2-4H3/t8-,10+/m1/s1"
ClC(C1)C(C2)C(=C)C(C)(C)C12,"InChI=1S/C10H15Cl/c1-6-8-4-7(5-9(8)11)10(6,2)3/h7-9H,1,4-5H2,2-3H3/t7-,8-,9+/m0/s1"
CC(C2)=C([H])C([H])(C([H])(C(C)C)1)C([H])(C2)C(C)=C([H])C1,"InChI=1S/C15H24/c1-10(2)13-8-6-12(4)14-7-5-11(3)9-15(13)14/h6,9-10,13-15H,5,7-8H2,1-4H3/t13-,14+,15-/m1/s1"
CC(=C)C([H])(C1)CC(=C(C)2)C(C)(CCC(=O)2)C1,"InChI=1S/C15H22O/c1-10(2)12-5-7-15(4)8-6-14(16)11(3)13(15)9-12/h12H,1,5-9H2,2-4H3/t12-,15?/m1/s1"
CC(C)(C2)C(C31)C(CC3)C(C)(CC2)C(=C)1,"InChI=1S/C15H24/c1-10-11-6-7-12-13(11)14(2,3)8-5-9-15(10,12)4/h11-13H,1,5-9H2,2-4H3/t11?,12?,13-,15+/m0/s1"
Cc(c2)cc(c(c2)1)C([H])(C(C)C)CCC([H])(C)1,"InChI=1S/C15H22/c1-10(2)13-8-6-12(4)14-7-5-11(3)9-15(13)14/h5,7,9-10,12-13H,6,8H2,1-4H3/t12-,13-/m0/s1"
C=CC(C)(C1)C([H])(C(C)=C)CC([H])(C(C)=C)C1,"InChI=1S/C15H24/c1-7-15(6)9-8-13(11(2)3)10-14(15)12(4)5/h7,13-14H,1-2,4,8-10H2,3,5-6H3/t13-,14+,15-/m1/s1"
CC(C2)C([H])(C3)C(C(C)C3)(C1)OC(C)(C)C(C2)1,"InChI=1S/C15H26O/c1-10-5-7-12-9-15(16-14(12,3)4)11(2)6-8-13(10)15/h10-13H,5-9H2,1-4H3/t10-,11+,12+,13+,15-/m0/s1"
C=C(C2)C([H])(O)CCC(=C)C([H])(C1)C([H])(C2)C(C)(C)1,"InChI=1S/C15H24O/c1-10-6-8-14(16)11(2)5-7-13-12(10)9-15(13,3)4/h12-14,16H,1-2,5-9H2,3-4H3/t12-,13+,14+/m1/s1"
[H]C(C2)=C(C)CCC([H])(C(C)(C)1)C([H])(C(=C)C2)C1,"InChI=1S/C15H24/c1-11-6-5-7-12(2)13-10-15(3,4)14(13)9-8-11/h6,13-14H,2,5,7-10H2,1,3-4H3/b11-6-/t13-,14-/m1/s1"
CC(C2)=CC([H])(C([H])(C(C)C)1)C([H])(C2)C(C)(O)CC1,"InChI=1S/C15H26O/c1-10(2)12-7-8-15(4,16)14-6-5-11(3)9-13(12)14/h9-10,12-14,16H,5-8H2,1-4H3/t12-,13-,14-,15-/m0/s1"
CC(=C2)CC(=O)C(=C(C)C)CC([H])(O1)C(C)(CC2)1,"InChI=1S/C15H22O2/c1-10(2)12-9-14-15(4,17-14)7-5-6-11(3)8-13(12)16/h6,14H,5,7-9H2,1-4H3/b11-6-/t14-,15-/m1/s1"
CC(C1)=CCC(=C(C)C)C(=O)CC(C)=CC1,"InChI=1S/C15H22O/c1-11(2)14-9-8-12(3)6-5-7-13(4)10-15(14)16/h7-8H,5-6,9-10H2,1-4H3/b12-8-,13-7-"
CC(=C1)CCC(C=CC(=C)CC1)C(C)C,"InChI=1S/C15H24/c1-12(2)15-10-8-13(3)6-5-7-14(4)9-11-15/h7-8,10,12,15H,3,5-6,9,11H2,1-2,4H3/b10-8-,14-7-/t15-/m0/s1"
CC(=C1)CCC(CC=C(C)CC1)=C(C)C,"InChI=1S/C15H24/c1-12(2)15-10-8-13(3)6-5-7-14(4)9-11-15/h6,9H,5,7-8,10-11H2,1-4H3/b13-6+,14-9-"
CC(=C)C([H])(C1)CC([H])(C(C)(O)2)C(C)(CCC2)C1,"InChI=1S/C15H26O/c1-11(2)12-6-9-14(3)7-5-8-15(4,16)13(14)10-12/h12-13,16H,1,5-10H2,2-4H3/t12-,13-,14-,15-/m1/s1"
C=CC(=C)CCC([H])=C(C)CCC=C(C)C,"InChI=1S/C15H24/c1-6-14(4)10-8-12-15(5)11-7-9-13(2)3/h6,9,12H,1,4,7-8,10-11H2,2-3,5H3/b15-12+"
CC(=C)C([H])(C1)CC([H])(C(=C)2)C(C)(CCC2)C1,"InChI=1S/C15H24/c1-11(2)13-7-9-15(4)8-5-6-12(3)14(15)10-13/h13-14H,1,3,5-10H2,2,4H3/t13-,14+,15-/m1/s1"
C=CC(C)(OC)CCC([H])(C(C)=2)C(C)(C1)C([H])(CC([H])2)C(C)(C)CC1,"InChI=1S/C21H36O/c1-8-20(5,22-7)15-12-17-16(2)10-11-18-19(3,4)13-9-14-21(17,18)6/h8,10,17-18H,1,9,11-15H2,2-7H3/t17-,18+,20-,21-/m1/s1"
CC(=O)OC([H])(C2)C(C)(O)CC([H])(O1)C([H])(C(C)=3)C([H])(C([H])(C(C)C)CC([H])3)C([H])(C(C)(O)C2)1,"InChI=1S/C22H36O5/c1-12(2)15-8-7-13(3)18-16-11-22(6,25)17(26-14(4)23)9-10-21(5,24)20(27-16)19(15)18/h7,12,15-20,24-25H,8-11H2,1-6H3/t15-,16-,17+,18+,19-,20-,21-,22+/m1/s1"
CC(C)C([H])(C3)C([H])(C([H])21)C([H])(C(C)=C([H])3)C([H])(CC(C)(O)C([H])(O)CCC(C)(O)2)O1,"InChI=1S/C20H34O4/c1-11(2)13-7-6-12(3)16-14-10-20(5,23)15(21)8-9-19(4,22)18(24-14)17(13)16/h6,11,13-18,21-23H,7-10H2,1-5H3/t13-,14-,15+,16+,17-,18-,19-,20+/m1/s1"
CC(C2)=C([H])CCC(C)(O1)C([H])(CC([H])(C3)C(=C)C(=O)OC(C)(C3)C(=O)C2)1,"InChI=1S/C20H28O4/c1-13-6-5-10-20(4)17(23-20)12-15-9-11-19(3,16(21)8-7-13)24-18(22)14(15)2/h6,15,17H,2,5,7-12H2,1,3-4H3/b13-6+/t15-,17+,19-,20+/m1/s1"
CC(C2)=C([H])CCC(C)(O1)C([H])(CC([H])(C3)C(=C)C(=O)OC(C)(C3)C([H])(O)C2)1,"InChI=1S/C20H30O4/c1-13-6-5-10-20(4)17(23-20)12-15-9-11-19(3,16(21)8-7-13)24-18(22)14(15)2/h6,15-17,21H,2,5,7-12H2,1,3-4H3/b13-6-/t15-,16+,17-,19-,20+/m1/s1"
CC(=C2)CCC([H])(O1)C(C)(CCC([H])(C(C)3)CC([H])(OC(=O)3)C(C)(O)CC2)1,"InChI=1S/C20H32O4/c1-13-6-5-10-19(3,22)17-12-15(14(2)18(21)23-17)9-11-20(4)16(24-20)8-7-13/h6,14-17,22H,5,7-12H2,1-4H3/b13-6+/t14-,15+,16-,17+,19-,20-/m0/s1"
CC(=C2)CCC([H])(O1)C(C)(CCC([H])(C(=C)3)CC([H])(OC(=O)3)C(C)(O)CC2)1,"InChI=1S/C20H30O4/c1-13-6-5-10-19(3,22)17-12-15(14(2)18(21)23-17)9-11-20(4)16(24-20)8-7-13/h6,15-17,22H,2,5,7-12H2,1,3-4H3/b13-6+/t15-,16+,17-,19+,20+/m1/s1"
OCC(=C)C([H])(C1)C([H])(O)C([H])=C(C)CCC([H])(OC(C)=O)C(C)(C2)OOC([H])(C2)C(C)=C([H])1,"InChI=1S/C22H34O6/c1-14-6-9-21(26-17(4)24)22(5)11-10-20(27-28-22)15(2)7-8-18(16(3)13-23)19(25)12-14/h7,12,18-21,23,25H,3,6,8-11,13H2,1-2,4-5H3/b14-12+,15-7-/t18-,19-,20?,21-,22+/m0/s1"
CC(=O)OC([H])(C2)C(C)(C1)OC(C(C)=C([H])CC([H])(C(=C)3)C([H])(OC(=O)3)C([H])=C(C)C2)=C([H])1,"InChI=1S/C22H28O5/c1-13-6-9-20(25-16(4)23)22(5)11-10-18(27-22)14(2)7-8-17-15(3)21(24)26-19(17)12-13/h7,10,12,17,19-20H,3,6,8-9,11H2,1-2,4-5H3/b13-12+,14-7-/t17-,19-,20-,22?/m0/s1"
CC(=O)OC([H])(C1)C(C)(O)CCC([H])(O)C(C)=C([H])CC([H])(C(=C)2)C([H])(OC(=O)2)C([H])=C(C)C1,"InChI=1S/C22H32O6/c1-13-6-9-20(27-16(4)23)22(5,26)11-10-18(24)14(2)7-8-17-15(3)21(25)28-19(17)12-13/h7,12,17-20,24,26H,3,6,8-11H2,1-2,4-5H3/b13-12+,14-7-/t17-,18-,19-,20-,22+/m0/s1"
CC(C2)=C([H])CCC(C)=C([H])C([H])(O1)C([H])(CC([H])(OC(C)=O)C(C)=C([H])C2)C(=C)C(=O)1,"InChI=1S/C22H30O4/c1-14-8-6-10-15(2)12-21-19(17(4)22(24)26-21)13-20(25-18(5)23)16(3)11-7-9-14/h8,11-12,19-21H,4,6-7,9-10,13H2,1-3,5H3/b14-8+,15-12+,16-11+/t19-,20-,21-/m0/s1"
CC(=O)OC(C2)C(C)(O1)C(CCC(C)=C([H])CCC(C)=C([H])C(O3)C(C(=C)C(=O)3)2)1,"InChI=1S/C22H30O5/c1-13-7-6-8-14(2)11-18-17(15(3)21(24)26-18)12-20(25-16(4)23)22(5)19(27-22)10-9-13/h7,11,17-20H,3,6,8-10,12H2,1-2,4-5H3/b13-7-,14-11-"
[H]C(C2)=C(C)CCC(O1)C(C)(C(=O)CC(C(=C)3)C(OC(=O)3)C([H])=C(C)C2)1,"InChI=1S/C20H26O4/c1-12-6-5-7-13(2)10-16-15(14(3)19(22)23-16)11-17(21)20(4)18(24-20)9-8-12/h6,10,15-16,18H,3,5,7-9,11H2,1-2,4H3/b12-6-,13-10-"
[H]C(C1)=C(C)CCC(C(C)=O)C(O)CC(C(=C)2)C(OC(=O)2)C([H])=C(C)C1,"InChI=1S/C20H28O4/c1-12-6-5-7-13(2)10-19-17(14(3)20(23)24-19)11-18(22)16(9-8-12)15(4)21/h6,10,16-19,22H,3,5,7-9,11H2,1-2,4H3/b12-6+,13-10+"
[H]C(C1)=C(C)CCC(C(C)=O)=C([H])CC(C(=C)2)C(OC(=O)2)C([H])=C(C)C1,"InChI=1S/C20H26O3/c1-13-6-5-7-14(2)12-19-18(15(3)20(22)23-19)11-10-17(9-8-13)16(4)21/h6,10,12,18-19H,3,5,7-9,11H2,1-2,4H3/b13-6+,14-12+,17-10+"
CC(=O)OC([H])(C2)C(C)(C1)OC(=O)C(CCC(C(C)C)=C([H])C([H])=C(C)C2)=C([H])C1,"InChI=1S/C22H32O4/c1-15(2)18-10-8-16(3)9-13-20(25-17(4)23)22(5)14-6-7-19(12-11-18)21(24)26-22/h7-8,10,15,20H,6,9,11-14H2,1-5H3/b16-8+,18-10+/t20-,22?/m1/s1"
CC(C)C(C2)=C([H])C([H])=C(C)CCC(=O)C(C)(C1)OC(=O)C(C2)=C([H])C1,"InChI=1S/C20H28O3/c1-14(2)16-9-7-15(3)8-12-18(21)20(4)13-5-6-17(11-10-16)19(22)23-20/h6-7,9,14H,5,8,10-13H2,1-4H3/b15-7-,16-9+"
COC([H])(C1)C([H])=C(C)CCC([H])(C(C)C)C([H])=C([H])C(C)=C([H])CC([H])=C(C)1,"InChI=1S/C21H34O/c1-16(2)20-12-10-17(3)8-7-9-18(4)14-21(22-6)15-19(5)11-13-20/h8-10,12,15-16,20-21H,7,11,13-14H2,1-6H3/b12-10+,17-8-,18-9+,19-15+/t20-,21+/m0/s1"
[H]C(C1)=C(C)CC([H])(O)C([H])=C(C)CCC([H])(C(C)C)C([H])=C([H])C(C)=C([H])1,"InChI=1S/C20H32O/c1-15(2)19-11-9-16(3)7-6-8-17(4)13-20(21)14-18(5)10-12-19/h7-9,11,14-15,19-21H,6,10,12-13H2,1-5H3/b11-9+,16-7+,17-8+,18-14+/t19-,20+/m0/s1"
CC(=O)OCC(=C)C([H])(C1)C([H])(OC(C)=O)C([H])=C(C)CCC([H])=C(C)CCC([H])=C(C)C1,"InChI=1S/C24H36O4/c1-17-9-7-11-18(2)13-14-23(20(4)16-27-21(5)25)24(28-22(6)26)15-19(3)12-8-10-17/h10-11,15,23-24H,4,7-9,12-14,16H2,1-3,5-6H3/b17-10+,18-11+,19-15+/t23-,24-/m0/s1"
OCC(=C)C([H])(C1)C([H])(O)C([H])=C(C)CCC([H])=C(C)CCC([H])=C(C)C1,"InChI=1S/C20H32O2/c1-15-7-5-9-16(2)11-12-19(18(4)14-21)20(22)13-17(3)10-6-8-15/h8-9,13,19-22H,4-7,10-12,14H2,1-3H3/b15-8+,16-9-,17-13+/t19-,20-/m0/s1"
COC(=O)C(C3)=CCCC(C)=CC([H])(O1)C([H])(CCC(C)=CC3)C(C2)(N=NC2)C(=O)1,"InChI=1S/C22H30N2O4/c1-15-6-4-8-17(20(25)27-3)9-5-7-16(2)14-19-18(11-10-15)22(21(26)28-19)12-13-23-24-22/h6,9,14,18-19H,4-5,7-8,10-13H2,1-3H3/b15-6+,16-14+,17-9+/t18-,19+,22?/m1/s1"
OC(=O)C(C2)=C([H])CCC(C)=C([H])C([H])(O1)C([H])(CCC(C)=C([H])C2)C(=C)C(=O)1,"InChI=1S/C20H26O4/c1-13-6-4-8-16(19(21)22)9-5-7-14(2)12-18-17(11-10-13)15(3)20(23)24-18/h6,9,12,17-18H,3-5,7-8,10-11H2,1-2H3,(H,21,22)/b13-6-,14-12+,16-9+/t17-,18-/m0/s1"
OCC(C1)=C([H])CCC(C)=C([H])C([H])(O)C([H])(CCC(C)=C([H])C1)C(C)=CO,"InChI=1S/C20H32O3/c1-15-6-4-8-18(14-22)9-5-7-16(2)12-20(23)19(11-10-15)17(3)13-21/h6,9,12-13,19-23H,4-5,7-8,10-11,14H2,1-3H3/b15-6+,16-12+,17-13+,18-9+/t19-,20+/m0/s1"
OC(=O)C(C2)=CCCC(C)=CC([H])(O1)C([H])(CCC(C)=CC2)C(=C)C(=O)1,"InChI=1S/C20H26O4/c1-13-6-4-8-16(19(21)22)9-5-7-14(2)12-18-17(11-10-13)15(3)20(23)24-18/h6,9,12,17-18H,3-5,7-8,10-11H2,1-2H3,(H,21,22)/b13-6+,14-12+,16-9+/t17-,18-/m0/s1"
[H]C(C1)=C(C)CCC([H])=C(C)CC(O)C([H])(C(C)=C)CC([H])=C(C)C1,"InChI=1S/C20H32O/c1-15(2)19-13-12-17(4)10-6-8-16(3)9-7-11-18(5)14-20(19)21/h8,11-12,19-21H,1,6-7,9-10,13-14H2,2-5H3/b16-8+,17-12+,18-11+/t19-,20?/m1/s1"
[H]C(C1)=C(C)CCC([H])(C(C)=C)C([H])=C([H])C(C)=C([H])CC([H])=C(C)C1,"InChI=1S/C20H30/c1-16(2)20-14-12-18(4)10-6-8-17(3)9-7-11-19(5)13-15-20/h8,10-12,14,20H,1,6-7,9,13,15H2,2-5H3/b14-12+,17-8+,18-10-,19-11+/t20-/m1/s1"
[H]C(C1)=C(C)CCC([H])(C(C)C)C([H])=C([H])C(C)=C([H])CC([H])=C(C)C1,"InChI=1S/C20H32/c1-16(2)20-14-12-18(4)10-6-8-17(3)9-7-11-19(5)13-15-20/h8,10-12,14,16,20H,6-7,9,13,15H2,1-5H3/b14-12+,17-8+,18-10-,19-11+/t20-/m1/s1"
CC(C1)=C([H])CCC(C)=C([H])CC([H])(CCC(C)=C([H])C1)C(C)C,"InChI=1S/C20H34/c1-16(2)20-14-12-18(4)10-6-8-17(3)9-7-11-19(5)13-15-20/h8,11-12,16,20H,6-7,9-10,13-15H2,1-5H3/b17-8+,18-12+,19-11+/t20-/m1/s1"
CC(C1)=C([H])CCC(C)=C([H])CC([H])(CCC(C)=C([H])C1)C(C)=C,"InChI=1S/C20H32/c1-16(2)20-14-12-18(4)10-6-8-17(3)9-7-11-19(5)13-15-20/h8,11-12,20H,1,6-7,9-10,13-15H2,2-5H3/b17-8+,18-12+,19-11+/t20-/m0/s1"
CC(C1)=C([H])CCC(C)=C([H])C([H])(O)C([H])(CCC(C)=C([H])C1)C(C)C,"InChI=1S/C20H34O/c1-15(2)19-13-12-17(4)10-6-8-16(3)9-7-11-18(5)14-20(19)21/h9-10,14-15,19-21H,6-8,11-13H2,1-5H3/b16-9+,17-10+,18-14+/t19-,20+/m0/s1"
CC(C1)=C([H])CCC(C)(O)C([H])=C([H])C([H])(CCC(C)=C([H])C1)C(C)C,"InChI=1S/C20H34O/c1-16(2)19-12-11-18(4)9-6-8-17(3)10-7-14-20(5,21)15-13-19/h9-10,13,15-16,19,21H,6-8,11-12,14H2,1-5H3/b15-13+,17-10+,18-9+/t19-,20-/m1/s1"
CC(=O)OC(C([H])=1)C(CCC(C)=C([H])CCC(C)=C([H])CCC(C)1)C(C)=C,"InChI=1S/C22H34O2/c1-16(2)21-14-13-18(4)11-7-9-17(3)10-8-12-19(5)15-22(21)24-20(6)23/h10-11,15,21-22H,1,7-9,12-14H2,2-6H3/b17-10+,18-11+,19-15+"
CC(C1)=C([H])CCC(C)=C([H])C([H])(O)C([H])(CCC(C)=C([H])C1)C(C)=C,"InChI=1S/C20H32O/c1-15(2)19-13-12-17(4)10-6-8-16(3)9-7-11-18(5)14-20(19)21/h9-10,14,19-21H,1,6-8,11-13H2,2-5H3/b16-9+,17-10+,18-14+/t19-,20-/m1/s1"
CCC[Si](C)(C)C,"InChI=1S/C6H16Si/c1-5-6-7(2,3)4/h5-6H2,1-4H3"
[2H]CCC[SiH](C)C,"InChI=1S/C5H14Si/c1-4-5-6(2)3/h6H,4-5H2,1-3H3/i1D"
CCC[SiH](C)C,"InChI=1S/C5H14Si/c1-4-5-6(2)3/h6H,4-5H2,1-3H3"
CCCC([2H])([2H])C[SiH2]C,"InChI=1S/C6H16Si/c1-3-4-5-6-7-2/h3-7H2,1-2H3/i5D2"
[2H]C([2H])([2H])CCCC[Si]([H])([H])C,"InChI=1S/C6H16Si/c1-3-4-5-6-7-2/h3-7H2,1-2H3/i1D3"
CCCCC[SiH2]C,"InChI=1S/C6H16Si/c1-3-4-5-6-7-2/h3-7H2,1-2H3"
CCOC(=O)CCC(C)=O,"InChI=1S/C7H12O3/c1-3-10-7(9)5-4-6(2)8/h3-5H2,1-2H3"
COC(=O)CCC(C)=O,"InChI=1S/C6H10O3/c1-5(7)3-4-6(8)9-2/h3-4H2,1-2H3"
CC(=O)CCC(O)=O,"InChI=1S/C5H8O3/c1-4(6)2-3-5(7)8/h2-3H2,1H3,(H,7,8)"
CCOC(=O)CC(=O)OCC,"InChI=1S/C7H12O4/c1-3-10-6(8)5-7(9)11-4-2/h3-5H2,1-2H3"
COC(=O)CC(=O)OC,"InChI=1S/C5H8O4/c1-8-4(6)3-5(7)9-2/h3H2,1-2H3"
CCCCOC(=O)C=CC(=O)OCCCC,"InChI=1S/C12H20O4/c1-3-5-9-15-11(13)7-8-12(14)16-10-6-4-2/h7-8H,3-6,9-10H2,1-2H3/b8-7-"
C=CCOC(=O)C=CC(=O)OCC=C,"InChI=1S/C10H12O4/c1-3-7-13-9(11)5-6-10(12)14-8-4-2/h3-6H,1-2,7-8H2/b6-5-"
CCOC(=O)C=CC(=O)OCC,"InChI=1S/C8H12O4/c1-3-11-7(9)5-6-8(10)12-4-2/h5-6H,3-4H2,1-2H3/b6-5-"
CCCCOC(=O)C(C)O,"InChI=1S/C7H14O3/c1-3-4-5-10-7(9)6(2)8/h6,8H,3-5H2,1-2H3"
CCCOC(=O)C(C)O,"InChI=1S/C6H12O3/c1-3-4-9-6(8)5(2)7/h5,7H,3-4H2,1-2H3"
CCOC(=O)C(C)O,"InChI=1S/C5H10O3/c1-3-8-5(7)4(2)6/h4,6H,3H2,1-2H3"
COC(=O)C(C)O,"InChI=1S/C4H8O3/c1-3(5)4(6)7-2/h3,5H,1-2H3"
CC(=O)Nc(c1)c(C)c(C)c(C)c(C)1,"InChI=1S/C12H17NO/c1-7-6-12(13-11(5)14)10(4)9(3)8(7)2/h6H,1-5H3,(H,13,14)"
CC(=O)Nc(c(C)1)c(C)c(C)cc(C)1,"InChI=1S/C12H17NO/c1-7-6-8(2)10(4)12(9(7)3)13-11(5)14/h6H,1-5H3,(H,13,14)"
Nc(n1)cc(o1)C(C)(C)C,"InChI=1S/C7H12N2O/c1-7(2,3)5-4-6(8)9-10-5/h4H,1-3H3,(H2,8,9)"
CCCCCc(o1)cc(N)n1,"InChI=1S/C8H14N2O/c1-2-3-4-5-7-6-8(9)10-11-7/h6H,2-5H2,1H3,(H2,9,10)"
CCCCCc(n1)cc(N)o1,"InChI=1S/C8H14N2O/c1-2-3-4-5-7-6-8(9)11-10-7/h6H,2-5,9H2,1H3"
OCc(c1)c(O)ccc(Cl)1,"InChI=1S/C7H7ClO2/c8-6-1-2-7(10)5(3-6)4-9/h1-3,9-10H,4H2"
CSC1=C(NC2=CC=CC=C21)CO,"InChI=1S/C10H11NOS/c1-13-10-7-4-2-3-5-8(7)11-9(10)6-12/h2-5,11-12H,6H2,1H3"
[O-1][N+1](=O)c(c1)c(Cl)no1,InChI=1S/C3HClN2O3/c4-3-2(6(7)8)1-9-5-3/h1H
N#CCC(O)c(c1)ccc(c1)[N+1]([O-1])=O,"InChI=1S/C9H8N2O3/c10-6-5-9(12)7-1-3-8(4-2-7)11(13)14/h1-4,9,12H,5H2"
N#CCC(O)c(c1)ccc(OC)c1,"InChI=1S/C10H11NO2/c1-13-9-4-2-8(3-5-9)10(12)6-7-11/h2-5,10,12H,6H2,1H3"
N#CCC(O)c(c1)ccc(C)c1,"InChI=1S/C10H11NO/c1-8-2-4-9(5-3-8)10(12)6-7-11/h2-5,10,12H,6H2,1H3"
COCC(C2)(C([H])71)C(CC(OC)C(C([H])63)(C(C([H])(C7OC)C(C64[H])(OC(C)=O)C(O)C(C(O)(C(OC(=O)c(c5)cccc5)4)C3)OC)N(C)2)1)O,"InChI=1S/C33H45NO11/c1-16(35)45-33-21-18(13-31(39,28(43-6)26(33)37)27(21)44-29(38)17-10-8-7-9-11-17)32-20(41-4)12-19(36)30(15-40-3)14-34(2)25(32)22(33)23(42-5)24(30)32/h7-11,18-28,36-37,39H,12-15H2,1-6H3/t18-,19-,20+,21-,22+,23+,24-,25-,26+,27-,28+,30+,31-,32+,33-/m1/s1"
Cc(c1)c(C)c(C)c(C)c(N)1,"InChI=1S/C10H15N/c1-6-5-10(11)9(4)8(3)7(6)2/h5H,11H2,1-4H3"
Cc(c1)c(C)c(N)c(C)c(C)1,"InChI=1S/C10H15N/c1-6-5-7(2)9(4)10(11)8(6)3/h5H,11H2,1-4H3"
Cc(n1)oc(c2)c1cc(C)c(C)2,"InChI=1S/C10H11NO/c1-6-4-9-10(5-7(6)2)12-8(3)11-9/h4-5H,1-3H3"
COc(c1)cc(OC)c(C=CC(O)=O)c1,"InChI=1S/C11H12O4/c1-14-9-5-3-8(4-6-11(12)13)10(7-9)15-2/h3-7H,1-2H3,(H,12,13)/b6-4+"
CN(C)c(c1)ccc(c1)C(O)=O,"InChI=1S/C9H11NO2/c1-10(2)8-5-3-7(4-6-8)9(11)12/h3-6H,1-2H3,(H,11,12)"
CN(C)c(c1)cc(cc1)C(O)=O,"InChI=1S/C9H11NO2/c1-10(2)8-5-3-4-7(6-8)9(11)12/h3-6H,1-2H3,(H,11,12)"
CC1=CC(=NN1)C,"InChI=1S/C5H8N2/c1-4-3-5(2)7-6-4/h3H,1-2H3,(H,6,7)"
Cc(c1)cc(C)c(n1)[N+1]([O-1])=O,"InChI=1S/C7H8N2O2/c1-5-3-6(2)7(8-4-5)9(10)11/h3-4H,1-2H3"
CCOC(=O)c(c1)c(O)c(C)cc1,"InChI=1S/C10H12O3/c1-3-13-10(12)8-6-4-5-7(2)9(8)11/h4-6,11H,3H2,1-2H3"
COc(c1)cc(N)c(N)c1,"InChI=1S/C7H10N2O/c1-10-5-2-3-6(8)7(9)4-5/h2-4H,8-9H2,1H3"
O=C(NC(C2)CCCC2)NC(C1)CCCC1,"InChI=1S/C13H24N2O/c16-13(14-11-7-3-1-4-8-11)15-12-9-5-2-6-10-12/h11-12H,1-10H2,(H2,14,15,16)"
COC(=O)c(c(C)1)c(O)c(C)c(O)c1,"InChI=1S/C10H12O4/c1-5-4-7(11)6(2)9(12)8(5)10(13)14-3/h4,11-12H,1-3H3"
N#Cc(c1)cc(C(C)(C)C)c(O)c1C(C)(C)C,"InChI=1S/C15H21NO/c1-14(2,3)11-7-10(9-16)8-12(13(11)17)15(4,5)6/h7-8,17H,1-6H3"
O=Cc(c1)cc(C(C)(C)C)c(O)c1C(C)(C)C,"InChI=1S/C15H22O2/c1-14(2,3)11-7-10(9-16)8-12(13(11)17)15(4,5)6/h7-9,17H,1-6H3"
CCNC(N1)=NC(NCC)=NC(=O)1,"InChI=1S/C7H13N5O/c1-3-8-5-10-6(9-4-2)12-7(13)11-5/h3-4H2,1-2H3,(H3,8,9,10,11,12,13)"
CCCCN(CC)c(c([N+1]([O-1])=O)1)c([N+1]([O-1])=O)cc(c1)C(F)(F)F,"InChI=1S/C13H16F3N3O4/c1-3-5-6-17(4-2)12-10(18(20)21)7-9(13(14,15)16)8-11(12)19(22)23/h7-8H,3-6H2,1-2H3"
CCOP(=S)(OCC)SCN(C(=O)1)c(c2)c(cc(Cl)c2)O1,"InChI=1S/C12H15ClNO4PS2/c1-3-16-19(20,17-4-2)21-8-14-10-6-5-9(13)7-11(10)18-12(14)15/h5-7H,3-4,8H2,1-2H3"
COc(c1)c(OC)c(OC)cc(Cc(c2)c(N)nc(N)n2)1,"InChI=1S/C14H18N4O3/c1-19-10-5-8(6-11(20-2)12(10)21-3)4-9-7-17-14(16)18-13(9)15/h5-7H,4H2,1-3H3,(H4,15,16,17,18)"
O=C(N1)SC=C1,"InChI=1S/C3H3NOS/c5-3-4-1-2-6-3/h1-2H,(H,4,5)"
COC(=O)C(=O)C(Br)Br,"InChI=1S/C4H4Br2O3/c1-9-4(8)2(7)3(5)6/h3H,1H3"
CNC(=O)Oc(c1)c(c2)c(ccc2)cc1,"InChI=1S/C12H11NO2/c1-13-12(14)15-11-8-4-6-9-5-2-3-7-10(9)11/h2-8H,1H3,(H,13,14)"
NC(=O)Nc(n1)cc(o1)C(C)(C)C,"InChI=1S/C8H13N3O2/c1-8(2,3)5-4-6(11-13-5)10-7(9)12/h4H,1-3H3,(H3,9,10,11,12)"
Oc(n2)c(ncc2)c(c1)cccc1,"InChI=1S/C10H8N2O/c13-10-9(11-6-7-12-10)8-4-2-1-3-5-8/h1-7H,(H,12,13)"
Cc(c(C)1)c(=O)c(C)c(C)c(=O)1,InChI=1S/C10H12O2/c1-5-6(2)10(12)8(4)7(3)9(5)11/h1-4H3
C=C(C1)CCCC1,InChI=1S/C7H12/c1-7-5-3-2-4-6-7/h1-6H2
CC(=O)c(c1)cc(cc1)[N+1]([O-1])=O,"InChI=1S/C8H7NO3/c1-6(10)7-3-2-4-8(5-7)9(11)12/h2-5H,1H3"
CCCCCCCCCCCCCCCC(=O)CC,"InChI=1S/C18H36O/c1-3-5-6-7-8-9-10-11-12-13-14-15-16-17-18(19)4-2/h3-17H2,1-2H3"
COC(=O)c(c1)cc(cc1)C(=O)OC,"InChI=1S/C10H10O4/c1-13-9(11)7-4-3-5-8(6-7)10(12)14-2/h3-6H,1-2H3"
COc(c1)cc(OC)c(C(C)=O)c1,"InChI=1S/C10H12O3/c1-7(11)9-5-4-8(12-2)6-10(9)13-3/h4-6H,1-3H3"
CC1=CC2=C(N1)C=CC(=C2)OC,"InChI=1S/C10H11NO/c1-7-5-8-6-9(12-2)3-4-10(8)11-7/h3-6,11H,1-2H3"
CC1=C(NC2=CC=CC=C12)C,"InChI=1S/C10H11N/c1-7-8(2)11-10-6-4-3-5-9(7)10/h3-6,11H,1-2H3"
C1=CC=C2C(=C1)C(=CN2)C=O,"InChI=1S/C9H7NO/c11-6-7-5-10-9-4-2-1-3-8(7)9/h1-6,10H"
COC(=O)c(c(C)1)c(O)c(C)c(O)c(C)1,"InChI=1S/C11H14O4/c1-5-6(2)9(12)7(3)10(13)8(5)11(14)15-4/h12-13H,1-4H3"
COc(c1)cc(OC)c(c1)[N+1]([O-1])=O,"InChI=1S/C8H9NO4/c1-12-6-3-4-7(9(10)11)8(5-6)13-2/h3-5H,1-2H3"
COc(c1)c(OC)cc(c1)[N+1]([O-1])=O,"InChI=1S/C8H9NO4/c1-12-7-4-3-6(9(10)11)5-8(7)13-2/h3-5H,1-2H3"
Cc(c1)cc(O)cc(O)1,"InChI=1S/C7H8O2/c1-5-2-6(8)4-7(9)3-5/h2-4,8-9H,1H3"
c(c2)ccc(c2)CCc(c1)cccc1,"InChI=1S/C14H14/c1-3-7-13(8-4-1)11-12-14-9-5-2-6-10-14/h1-10H,11-12H2"
Nc(c1)cccc1,"InChI=1S/C6H7N/c7-6-4-2-1-3-5-6/h1-5H,7H2"
NNC(=O)c(c1)c(O)ccc(O)1,"InChI=1S/C7H8N2O3/c8-9-7(12)5-3-4(10)1-2-6(5)11/h1-3,10-11H,8H2,(H,9,12)"
Cc(n1)oc(c2)c(ccc2)1,"InChI=1S/C8H7NO/c1-6-9-7-4-2-3-5-8(7)10-6/h2-5H,1H3"
[H]c(c([H])1)c(C)n(C)c(C)1,"InChI=1S/C7H11N/c1-6-4-5-7(2)8(6)3/h4-5H,1-3H3"
Cc(c1)cc(O)c(c1)C(C)(C)C,"InChI=1S/C11H16O/c1-8-5-6-9(10(12)7-8)11(2,3)4/h5-7,12H,1-4H3"
[O-1][N+1](=O)c(c1)cc(c2)c(ncc2)c1,InChI=1S/C9H6N2O2/c12-11(13)8-3-4-9-7(6-8)2-1-5-10-9/h1-6H
CCOc(c2)ccc(c2)N=[N+1]([O-1])c(c1)ccc(OCC)c1,"InChI=1S/C16H18N2O3/c1-3-20-15-9-5-13(6-10-15)17-18(19)14-7-11-16(12-8-14)21-4-2/h5-12H,3-4H2,1-2H3/b18-17+"
Oc(c3)cc(c(=O)1)c(c3)c(=O)c(c2)c(ccc(O)2)1,"InChI=1S/C14H8O4/c15-7-1-3-9-11(5-7)14(18)10-4-2-8(16)6-12(10)13(9)17/h1-6,15-16H"
OC(=O)c(c2)ccc(c2)N=[N+1]([O-1])c(c1)ccc(C(O)=O)c1,"InChI=1S/C14H10N2O5/c17-13(18)9-1-5-11(6-2-9)15-16(21)12-7-3-10(4-8-12)14(19)20/h1-8H,(H,17,18)(H,19,20)/b16-15+"
c(c2)ccc(c2)C(=O)C(=O)c(c1)cccc1,InChI=1S/C14H10O2/c15-13(11-7-3-1-4-8-11)14(16)12-9-5-2-6-10-12/h1-10H
c(c3)cc(c1)c(c3)nc(c2)c(ccc2)1,InChI=1S/C13H9N/c1-3-7-12-10(5-1)9-11-6-2-4-8-13(11)14-12/h1-9H
N#Cc(c1)ccc(N)c1,"InChI=1S/C7H6N2/c8-5-6-1-3-7(9)4-2-6/h1-4H,9H2"
N#Cc(c1)ccc(c1)C(C)=O,"InChI=1S/C9H7NO/c1-7(11)9-4-2-8(6-10)3-5-9/h2-5H,1H3"
c(c2)cnc(c2)SSc(c1)nccc1,InChI=1S/C10H8N2S2/c1-3-7-11-9(5-1)13-14-10-6-2-4-8-12-10/h1-8H
O=c(c21)c(c3)c(ccc3)c(=O)c(cccc2)1,InChI=1S/C14H8O2/c15-13-9-5-1-2-6-10(9)14(16)12-8-4-3-7-11(12)13/h1-8H
CC(=O)Nc(c1)cccc1,"InChI=1S/C8H9NO/c1-7(10)9-8-5-3-2-4-6-8/h2-6H,1H3,(H,9,10)"
ClCCBr,InChI=1S/C2H4BrCl/c3-1-2-4/h1-2H2
CN(C)C(=O)Nc(n1)cc(o1)C(C)(C)C,"InChI=1S/C10H17N3O2/c1-10(2,3)7-6-8(12-15-7)11-9(14)13(4)5/h6H,1-5H3,(H,11,12,14)"
COC(=O)c(c(C)1)c(OC)c(C)c(O)c(C)1,"InChI=1S/C12H16O4/c1-6-7(2)10(13)8(3)11(15-4)9(6)12(14)16-5/h13H,1-5H3"
c(c3)cc(C1)c(c3)Oc(c2)c(ccc2)1,"InChI=1S/C13H10O/c1-3-7-12-10(5-1)9-11-6-2-4-8-13(11)14-12/h1-8H,9H2"
CCCC(C)Br,"InChI=1S/C5H11Br/c1-3-4-5(2)6/h5H,3-4H2,1-2H3"
[O-1][n+1](o1)c(c2)c(ccc2)n1,InChI=1S/C6H4N2O2/c9-8-6-4-2-1-3-5(6)7-10-8/h1-4H
COc(c2)ccc(c2)N=[N+1]([O-1])c(c1)ccc(OC)c1,"InChI=1S/C14H14N2O3/c1-18-13-7-3-11(4-8-13)15-16(17)12-5-9-14(19-2)10-6-12/h3-10H,1-2H3/b16-15+"
[O-1][N+1](=Nc(c2)cccc2)c(c1)cccc1,InChI=1S/C12H10N2O/c15-14(12-9-5-2-6-10-12)13-11-7-3-1-4-8-11/h1-10H/b14-13+
c(c2)ccc(c2)N=Nc(c1)cccc1,InChI=1S/C12H10N2/c1-3-7-11(8-4-1)13-14-12-9-5-2-6-10-12/h1-10H/b14-13+
OCC(O)C(O)C(O)C(O)CO,"InChI=1S/C6H14O6/c7-1-3(9)5(11)6(12)4(10)2-8/h3-12H,1-2H2/t3-,4-,5-,6-/m1/s1"
C=CC(C)c(c1)c(O)ccc1,"InChI=1S/C10H12O/c1-3-8(2)9-6-4-5-7-10(9)11/h3-8,11H,1H2,2H3"
CCC(=O)NC([H])(CO)c(c1)cccc1,"InChI=1S/C11H15NO2/c1-2-11(14)12-10(8-13)9-6-4-3-5-7-9/h3-7,10,13H,2,8H2,1H3,(H,12,14)/t10-/m0/s1"
CCCCN(CC=CC)C(=O)CO,"InChI=1S/C10H19NO2/c1-3-5-7-11(8-6-4-2)10(13)9-12/h3,5,12H,4,6-9H2,1-2H3/b5-3+"
c(c2)ccc(c2)CNC(=O)C(C)(C)COC(=O)C(C1)CCCC1,"InChI=1S/C19H27NO3/c1-19(2,14-23-17(21)16-11-7-4-8-12-16)18(22)20-13-15-9-5-3-6-10-15/h3,5-6,9-10,16H,4,7-8,11-14H2,1-2H3,(H,20,22)"
CC(=O)OCC(C)(C)C(=O)NC([H])(C)c(c1)cccc1,"InChI=1S/C15H21NO3/c1-11(13-8-6-5-7-9-13)16-14(18)15(3,4)10-19-12(2)17/h5-9,11H,10H2,1-4H3,(H,16,18)/t11-/m0/s1"
OCC(C)(C)C(=O)NC([H])(C)c(c1)cccc1,"InChI=1S/C13H19NO2/c1-10(11-7-5-4-6-8-11)14-12(16)13(2,3)9-15/h4-8,10,15H,9H2,1-3H3,(H,14,16)/t10-/m0/s1"
CCCCN(C(=O)C(C)C(C)C=C)C(=O)C(C)(C)COC(C)=O,"InChI=1S/C18H31NO4/c1-8-10-11-19(16(21)14(4)13(3)9-2)17(22)18(6,7)12-23-15(5)20/h9,13-14H,2,8,10-12H2,1,3-7H3"
CCC(=O)NC(CC)c(c1)cccc1,"InChI=1S/C12H17NO/c1-3-11(13-12(14)4-2)10-8-6-5-7-9-10/h5-9,11H,3-4H2,1-2H3,(H,13,14)"
CC=CCN(C(=O)CC)C(CC)c(c1)cccc1,"InChI=1S/C16H23NO/c1-4-7-13-17(16(18)6-3)15(5-2)14-11-9-8-10-12-14/h4,7-12,15H,5-6,13H2,1-3H3/b7-4+"
CC(C)C(O)c(c1)cccc1,"InChI=1S/C10H14O/c1-8(2)10(11)9-6-4-3-5-7-9/h3-8,10-11H,1-2H3"
CCC(=O)NC(C(C)C)c(c1)cccc1,"InChI=1S/C13H19NO/c1-4-12(15)14-13(10(2)3)11-8-6-5-7-9-11/h5-10,13H,4H2,1-3H3,(H,14,15)"
CC=CCN(C(=O)CC)C(C(C)C)c(c1)cccc1,"InChI=1S/C17H25NO/c1-5-7-13-18(16(19)6-2)17(14(3)4)15-11-9-8-10-12-15/h5,7-12,14,17H,6,13H2,1-4H3/b7-5+"
CCC(=O)NC(C1)c(c2)c(ccc2)C1,"InChI=1S/C12H15NO/c1-2-12(14)13-11-8-7-9-5-3-4-6-10(9)11/h3-6,11H,2,7-8H2,1H3,(H,13,14)"
CC=CCN(C(=O)CC)C(C1)c(c2)c(ccc2)C1,"InChI=1S/C16H21NO/c1-3-5-12-17(16(18)4-2)15-11-10-13-8-6-7-9-14(13)15/h3,5-9,15H,4,10-12H2,1-2H3/b5-3+"
COc(c1)c(ccc1)C(C)O,"InChI=1S/C9H12O2/c1-7(10)8-5-3-4-6-9(8)11-2/h3-7,10H,1-2H3"
Oc(c1)cc(C)c(C)c1,"InChI=1S/C8H10O/c1-6-3-4-8(9)5-7(6)2/h3-5,9H,1-2H3"
Cc(c1)c(C)c(O)cc1,"InChI=1S/C8H10O/c1-6-4-3-5-8(9)7(6)2/h3-5,9H,1-2H3"
Cc(c1)c(O)c(C)cc1,"InChI=1S/C8H10O/c1-6-4-3-5-7(2)8(6)9/h3-5,9H,1-2H3"
Cc(c1)cc(C)c(O)c1,"InChI=1S/C8H10O/c1-6-3-4-8(9)7(2)5-6/h3-5,9H,1-2H3"
CC(C)(C)CC(C)(C)N,"InChI=1S/C8H19N/c1-7(2,3)6-8(4,5)9/h6,9H2,1-5H3"
COc(c1)ccc(OC)c1,"InChI=1S/C8H10O2/c1-9-7-3-5-8(10-2)6-4-7/h3-6H,1-2H3"
COc(c1)cc(OC)cc1,"InChI=1S/C8H10O2/c1-9-7-4-3-5-8(6-7)10-2/h3-6H,1-2H3"
CN(C)Cc(c1)cccc1,"InChI=1S/C9H13N/c1-10(2)8-9-6-4-3-5-7-9/h3-7H,8H2,1-2H3"
COCOC,"InChI=1S/C3H8O2/c1-4-3-5-2/h3H2,1-2H3"
CCN(C)C,"InChI=1S/C4H11N/c1-4-5(2)3/h4H2,1-3H3"
COc(c1)c(OC)ccc1,"InChI=1S/C8H10O2/c1-9-7-5-3-4-6-8(7)10-2/h3-6H,1-2H3"
c(c2)ccc(c2)COCc(c1)cccc1,"InChI=1S/C14H14O/c1-3-7-13(8-4-1)11-15-12-14-9-5-2-6-10-14/h1-10H,11-12H2"
CCCOC(=O)CC(C)=O,"InChI=1S/C7H12O3/c1-3-4-10-7(9)5-6(2)8/h3-5H2,1-2H3"
OCCNCc(c1)cccc1,"InChI=1S/C9H13NO/c11-7-6-10-8-9-4-2-1-3-5-9/h1-5,10-11H,6-8H2"
N#Cc(c1)cccc1,InChI=1S/C7H5N/c8-6-7-4-2-1-3-5-7/h1-5H
OC(=O)C=CC(O)=O,"InChI=1S/C4H4O4/c5-3(6)1-2-4(7)8/h1-2H,(H,5,6)(H,7,8)/b2-1-"
OCCCCCCO,"InChI=1S/C6H14O2/c7-5-3-1-2-4-6-8/h7-8H,1-6H2"
c(c3)ccc(c3)c(c2)c(ccc2)c(c1)cccc1,InChI=1S/C18H14/c1-3-9-15(10-4-1)17-13-7-8-14-18(17)16-11-5-2-6-12-16/h1-14H
Nc(c1)c(ccc1)S(O)(=O)=O,"InChI=1S/C6H7NO3S/c7-5-3-1-2-4-6(5)11(8,9)10/h1-4H,7H2,(H,8,9,10)"
[O-1][N+1](=O)c(c1)cc(cc([N+1]([O-1])=O)1)C(=O)Cl,InChI=1S/C7H3ClN2O5/c8-7(11)4-1-5(9(12)13)3-6(2-4)10(14)15/h1-3H
COC(OC)(OC)OC,"InChI=1S/C5H12O4/c1-6-5(7-2,8-3)9-4/h1-4H3"
O=C(c21)c(c3)c(ccc3)Cc(cccc2)1,"InChI=1S/C14H10O/c15-14-12-7-3-1-5-10(12)9-11-6-2-4-8-13(11)14/h1-8H,9H2"
Nc(c1)c(O)ccc1,"InChI=1S/C6H7NO/c7-5-3-1-2-4-6(5)8/h1-4,8H,7H2"
O=c(o1)c(c2)c(ccc2)c(=O)1,InChI=1S/C8H4O3/c9-7-5-3-1-2-4-6(5)8(10)11-7/h1-4H
OC(=O)c(c1)cc(cc1)C(O)=O,"InChI=1S/C8H6O4/c9-7(10)5-2-1-3-6(4-5)8(11)12/h1-4H,(H,9,10)(H,11,12)"
OC(=O)c(c1)c(ccc1)C(O)=O,"InChI=1S/C8H6O4/c9-7(10)5-3-1-2-4-6(5)8(11)12/h1-4H,(H,9,10)(H,11,12)"
[2H]c(c([2H])1)c([2H])c(c([2H])2)c(c([2H])c([2H])c([2H])2)c([2H])1,"InChI=1S/C10H8/c1-2-6-10-8-4-3-7-9(10)5-1/h1-8H/i1D,2D,3D,4D,5D,6D,7D,8D"
OC(C1)C=CCC1,"InChI=1S/C6H10O/c7-6-4-2-1-3-5-6/h2,4,6-7H,1,3,5H2"
COC(=O)C(C1)CC=CC1,"InChI=1S/C8H12O2/c1-10-8(9)7-5-3-2-4-6-7/h2-3,7H,4-6H2,1H3"
COc(c1)ccc(c1)C(=O)F,"InChI=1S/C8H7FO2/c1-11-7-4-2-6(3-5-7)8(9)10/h2-5H,1H3"
COc(c1)ccc(F)c1,"InChI=1S/C7H7FO/c1-9-7-4-2-6(8)3-5-7/h2-5H,1H3"
COc(c1)cc(F)cc1,"InChI=1S/C7H7FO/c1-9-7-4-2-3-6(8)5-7/h2-5H,1H3"
COc(c1)c(F)ccc1,"InChI=1S/C7H7FO/c1-9-7-5-3-2-4-6(7)8/h2-5H,1H3"
COc(c1)ccc(c1)C(=O)Cl,"InChI=1S/C8H7ClO2/c1-11-7-4-2-6(3-5-7)8(9)10/h2-5H,1H3"
c(c3)cc(c1)c(c3)cc(c2)c(ccc2)1,InChI=1S/C14H10/c1-2-6-12-10-14-8-4-3-7-13(14)9-11(12)5-1/h1-10H
OC(=O)c(c2)ccc(c2)c(c1)cccc1,"InChI=1S/C13H10O2/c14-13(15)12-8-6-11(7-9-12)10-4-2-1-3-5-10/h1-9H,(H,14,15)"
Clc(c1)cccc1,InChI=1S/C6H5Cl/c7-6-4-2-1-3-5-6/h1-5H
O=C(C1)N(Br)C(=O)C1,InChI=1S/C4H4BrNO2/c5-6-3(7)1-2-4(6)8/h1-2H2
COc(c1)c(ccc1)C=CC(O)=O,"InChI=1S/C10H10O3/c1-13-9-5-3-2-4-8(9)6-7-10(11)12/h2-7H,1H3,(H,11,12)/b7-6-"
O=CC=CC1=CC=C(C=C1)N(C)C,"InChI=1S/C11H13NO/c1-12(2)11-7-5-10(6-8-11)4-3-9-13/h3-9H,1-2H3/b4-3+"
NNc(c1)c([N+1]([O-1])=O)cc(c1)[N+1]([O-1])=O,"InChI=1S/C6H6N4O4/c7-8-5-2-1-4(9(11)12)3-6(5)10(13)14/h1-3,8H,7H2"
COC(=O)CI,"InChI=1S/C3H5IO2/c1-6-3(5)2-4/h2H2,1H3"
COC(=O)C(Cl)(Cl)Cl,"InChI=1S/C3H3Cl3O2/c1-8-2(7)3(4,5)6/h1H3"
COC(=O)C(Cl)Cl,"InChI=1S/C3H4Cl2O2/c1-7-3(6)2(4)5/h2H,1H3"
CC(=O)CCC(C)=O,"InChI=1S/C6H10O2/c1-5(7)3-4-6(2)8/h3-4H2,1-2H3"
O=CC(Cl)(Cl)Cl,"InChI=1S/C2HCl3O/c3-2(4,5)1-6/h1H"
CC(C)NC(=O)N(C2)C(=O)N(C(=O)2)c(c1)cc(Cl)cc(Cl)1,"InChI=1S/C13H13Cl2N3O3/c1-7(2)16-12(20)17-6-11(19)18(13(17)21)10-4-8(14)3-9(15)5-10/h3-5,7H,6H2,1-2H3,(H,16,20)"
[O-1][S+1](O3)OCC(C(C3)1)C(Cl)(C(Cl)=2)C(Cl)(Cl)C(Cl)(C(Cl)2)1,"InChI=1S/C9H6Cl6O3S/c10-5-6(11)8(13)4-2-18-19(16)17-1-3(4)7(5,12)9(8,14)15/h3-4H,1-2H2"
CCOP(=S)(OCC)Oc(n2)cc(o2)c(c1)cccc1,"InChI=1S/C13H16NO4PS/c1-3-15-19(20,16-4-2)18-13-10-12(17-14-13)11-8-6-5-7-9-11/h5-10H,3-4H2,1-2H3"
CC(C)OC(=O)C(C(=O)OC(C)C)=C(S1)SCC1,"InChI=1S/C12H18O4S2/c1-7(2)15-10(13)9(11(14)16-8(3)4)12-17-5-6-18-12/h7-8H,5-6H2,1-4H3"
CCOC(=O)C(c(c1)cccc1)SP(=S)(OC)OC,"InChI=1S/C12H17O4PS2/c1-4-16-12(13)11(10-8-6-5-7-9-10)19-17(18,14-2)15-3/h5-9,11H,4H2,1-3H3"
CCC(CC)Nc(c([N+1]([O-1])=O)1)c([N+1]([O-1])=O)c(C)c(C)c1,"InChI=1S/C13H19N3O4/c1-5-10(6-2)14-12-11(15(17)18)7-8(3)9(4)13(12)16(19)20/h7,10,14H,5-6H2,1-4H3"
CCOP(=S)(OCC)Oc(n1)c(Cl)cc(Cl)c(Cl)1,"InChI=1S/C9H11Cl3NO3PS/c1-3-14-17(18,15-4-2)16-9-7(11)5-6(10)8(12)13-9/h5H,3-4H2,1-2H3"
CCSCCSP(=S)(OCC)OCC,"InChI=1S/C8H19O2PS3/c1-4-9-11(12,10-5-2)14-8-7-13-6-3/h4-8H2,1-3H3"
CCOP(=S)(OCC)Oc(c1)nc(C(C)C)nc(C)1,"InChI=1S/C12H21N2O3PS/c1-6-15-18(19,16-7-2)17-11-8-10(5)13-12(14-11)9(3)4/h8-9H,6-7H2,1-5H3"
C#CC(C)(C)NC(=O)c(c1)cc(Cl)cc(Cl)1,"InChI=1S/C12H11Cl2NO/c1-4-12(2,3)15-11(16)8-5-9(13)7-10(14)6-8/h1,5-7H,2-3H3,(H,15,16)"
CCNc(n1)nc(Cl)nc(NCC)1,"InChI=1S/C7H12ClN5/c1-3-9-6-11-5(8)12-7(13-6)10-4-2/h3-4H2,1-2H3,(H2,9,10,11,12,13)"
CNC(=O)C([H])=C(C)OP(=O)(OC)OC,"InChI=1S/C7H14NO5P/c1-6(5-7(9)8-2)13-14(10,11-3)12-4/h5H,1-4H3,(H,8,9)/b6-5+"
CC(C)N1C(=O)C2=CC=CC=C2NS1(=O)=O,"InChI=1S/C10H12N2O3S/c1-7(2)12-10(13)8-5-3-4-6-9(8)11-16(12,14)15/h3-7,11H,1-2H3"
CCOc(s1)nc(n1)C(Cl)(Cl)Cl,"InChI=1S/C5H5Cl3N2OS/c1-2-11-4-9-3(10-12-4)5(6,7)8/h2H2,1H3"
COP(=O)(OC)OC=C(Cl)Cl,"InChI=1S/C4H7Cl2O4P/c1-8-11(7,9-2)10-3-4(5)6/h3H,1-2H3"
CC(=O)c(c(C)1)c(C)c([N+1]([O-1])=O)c(C(C)(C)C)c([N+1]([O-1])=O)1,"InChI=1S/C14H18N2O5/c1-7-10(9(3)17)8(2)13(16(20)21)11(14(4,5)6)12(7)15(18)19/h1-6H3"
Cc(c1)cc(Cl)c(c(Cl)1)OP(=S)(OC)OC,"InChI=1S/C9H11Cl2O3PS/c1-6-4-7(10)9(8(11)5-6)14-15(16,12-2)13-3/h4-5H,1-3H3"
N#Cc(c(Cl)1)c(Cl)c(Cl)c(Cl)c(C#N)1,InChI=1S/C8Cl4N2/c9-5-3(1-13)6(10)8(12)7(11)4(5)2-14
CCNc(n1)nc(NC(C)C)nc(Cl)1,"InChI=1S/C8H14ClN5/c1-4-10-7-12-6(9)13-8(14-7)11-5(2)3/h5H,4H2,1-3H3,(H2,10,11,12,13,14)"
CCCN(CCC)c(c([N+1]([O-1])=O)1)c([N+1]([O-1])=O)cc(c1)C(F)(F)F,"InChI=1S/C13H16F3N3O4/c1-3-5-17(6-4-2)12-10(18(20)21)7-9(13(14,15)16)8-11(12)19(22)23/h7-8H,3-6H2,1-2H3"
CNC(=O)Oc(c1)c(ccc1)OC(C)C,"InChI=1S/C11H15NO3/c1-8(2)14-9-6-4-5-7-10(9)15-11(13)12-3/h4-8H,1-3H3,(H,12,13)"
COc(c1)c(Cl)cc(OC)c(Cl)1,"InChI=1S/C8H8Cl2O2/c1-11-7-3-6(10)8(12-2)4-5(7)9/h3-4H,1-2H3"
c(c2)cc(c1)c(c2)ccc1,InChI=1S/C10H8/c1-2-6-10-8-4-3-7-9(10)5-1/h1-8H
OC(CCc(c2)cccc2)CC(=O)C=Cc(c1)cccc1,"InChI=1S/C19H20O2/c20-18(13-11-16-7-3-1-4-8-16)15-19(21)14-12-17-9-5-2-6-10-17/h1-11,13,19,21H,12,14-15H2/b13-11+"
CC(=O)OC(C=5)C(OC(C)=O)C([H])(c21)C([H])(C45)N(CC4)Cc(cc(O3)c(OC3)c2)1,"InChI=1S/C20H21NO6/c1-10(22)26-17-5-12-3-4-21-8-13-6-15-16(25-9-24-15)7-14(13)18(19(12)21)20(17)27-11(2)23/h5-7,17-20H,3-4,8-9H2,1-2H3/t17-,18-,19+,20+/m0/s1"
[H]C(C([H])(O)1)=C(C5)C([H])(N(C5)2)C([H])(c(c3)c(cc(O4)c(OC4)3)C2)C([H])(O)1,"InChI=1S/C16H17NO4/c18-11-3-8-1-2-17-6-9-4-12-13(21-7-20-12)5-10(9)14(15(8)17)16(11)19/h3-5,11,14-16,18-19H,1-2,6-7H2/t11-,14-,15+,16+/m0/s1"
CC(=C)C(C[Si](C)(C)C)C(O)c(c1)cccc1,"InChI=1S/C15H24OSi/c1-12(2)14(11-17(3,4)5)15(16)13-9-7-6-8-10-13/h6-10,14-16H,1,11H2,2-5H3"
CCOC(C)CC(C)(C=C)C(C)OCC,"InChI=1S/C13H26O2/c1-7-13(6,12(5)15-9-3)10-11(4)14-8-2/h7,11-12H,1,8-10H2,2-6H3"
CC(=C)C(C[Si](C)(C)C)C(C1)=CCCC1,"InChI=1S/C14H26Si/c1-12(2)14(11-15(3,4)5)13-9-7-6-8-10-13/h9,14H,1,6-8,10-11H2,2-5H3"
C=CC(C)CC(C1)=CCCC1,"InChI=1S/C11H18/c1-3-10(2)9-11-7-5-4-6-8-11/h3,7,10H,1,4-6,8-9H2,2H3"
[H]C(C1)=C(CCC1)CC(C)=C([H])C[Si](C)(C)C,"InChI=1S/C14H26Si/c1-13(10-11-15(2,3)4)12-14-8-6-5-7-9-14/h8,10H,5-7,9,11-12H2,1-4H3/b13-10-"
CC(=C)CC[Si](C)(C)C,"InChI=1S/C8H18Si/c1-8(2)6-7-9(3,4)5/h1,6-7H2,2-5H3"
CCC(=O)CC(=C)C(C(=O)CC)C[Si](C)(C)C,"InChI=1S/C14H26O2Si/c1-7-12(15)9-11(3)13(14(16)8-2)10-17(4,5)6/h13H,3,7-10H2,1-2,4-6H3"
CC(CC(=O)c(c1)cccc1)=C([H])C[Si](C)(C)C,"InChI=1S/C15H22OSi/c1-13(10-11-17(2,3)4)12-15(16)14-8-6-5-7-9-14/h5-10H,11-12H2,1-4H3/b13-10-"
CCCCCCCC(O)C(C(C)=C)C[Si](C)(C)C,"InChI=1S/C16H34OSi/c1-7-8-9-10-11-12-16(17)15(14(2)3)13-18(4,5)6/h15-17H,2,7-13H2,1,3-6H3"
COC(C)(C)CC(C)=C([H])C[Si](C)(C)C,"InChI=1S/C12H26OSi/c1-11(8-9-14(5,6)7)10-12(2,3)13-4/h8H,9-10H2,1-7H3/b11-8-"
CCOC(C)C(C(C)=C)C[Si](C)(C)C,"InChI=1S/C12H26OSi/c1-8-13-11(4)12(10(2)3)9-14(5,6)7/h11-12H,2,8-9H2,1,3-7H3"
COC(=O)C(C(C)2)(C31)C(CC3)C(C(=O)C2)C1,"InChI=1S/C13H18O3/c1-7-5-11(14)9-6-8-3-4-10(9)13(7,8)12(15)16-2/h7-10H,3-6H2,1-2H3"
CC(=O)CCCC(=O)C(C1)=CCC(O2)(OCC2)C1,"InChI=1S/C14H20O4/c1-11(15)3-2-4-13(16)12-5-7-14(8-6-12)17-9-10-18-14/h5H,2-4,6-10H2,1H3"
COC(=O)C(C1)([Si](C)(C)C)C(C2)C(CCC2)C(=O)C1,"InChI=1S/C15H26O3Si/c1-18-14(17)15(19(2,3)4)10-9-13(16)11-7-5-6-8-12(11)15/h11-12H,5-10H2,1-4H3"
CCOC(=O)C=CCCCC=CC(=O)OCC,"InChI=1S/C13H20O4/c1-3-16-12(14)10-8-6-5-7-9-11-13(15)17-4-2/h8-11H,3-7H2,1-2H3/b10-8+,11-9+"
CCOC(=O)C=CCCCC(C1)C(C(=O)OCC)C(C2)C(CCC(O3)(OCC3)2)C(=O)1,"InChI=1S/C23H34O7/c1-3-27-20(25)9-7-5-6-8-16-14-19(24)17-10-11-23(29-12-13-30-23)15-18(17)21(16)22(26)28-4-2/h7,9,16-18,21H,3-6,8,10-15H2,1-2H3/b9-7+"
O=C(NNc(c2)cccc2)NNc(c1)cccc1,"InChI=1S/C13H14N4O/c18-13(16-14-11-7-3-1-4-8-11)17-15-12-9-5-2-6-10-12/h1-10,14-15H,(H2,16,17,18)"
[O-1][N+1](=O)c(c1)cc([N+1]([O-1])=O)c(N)c1,"InChI=1S/C6H5N3O4/c7-5-2-1-4(8(10)11)3-6(5)9(12)13/h1-3H,7H2"
Oc(c1)cc(c2)c(ccc2)c1,"InChI=1S/C10H8O/c11-10-6-5-8-3-1-2-4-9(8)7-10/h1-7,11H"
CCO[Si](C)(OCC)OCC,"InChI=1S/C7H18O3Si/c1-5-8-11(4,9-6-2)10-7-3/h5-7H2,1-4H3"
CO[Si](OC)(OC)OC,"InChI=1S/C4H12O4Si/c1-5-9(6-2,7-3)8-4/h1-4H3"
CCO[Si](OCC)(OCC)OCC,"InChI=1S/C8H20O4Si/c1-5-9-13(10-6-2,11-7-3)12-8-4/h5-8H2,1-4H3"
COc(c2)ccc(c2)NC(=O)c(c1)cccc1,"InChI=1S/C14H13NO2/c1-17-13-9-7-12(8-10-13)15-14(16)11-5-3-2-4-6-11/h2-10H,1H3,(H,15,16)"
Oc(c1)c(n2)c(ccc2)cc1,"InChI=1S/C9H7NO/c11-8-5-1-3-7-4-2-6-10-9(7)8/h1-6,11H"
COc(c1)cc(cc1)C(O)=O,"InChI=1S/C8H8O3/c1-11-7-4-2-3-6(5-7)8(9)10/h2-5H,1H3,(H,9,10)"
OC(=O)c(c1)c(Br)ccc1,"InChI=1S/C7H5BrO2/c8-6-4-2-1-3-5(6)7(9)10/h1-4H,(H,9,10)"
OC(=O)c(c1)c(I)ccc1,"InChI=1S/C7H5IO2/c8-6-4-2-1-3-5(6)7(9)10/h1-4H,(H,9,10)"
OC(=O)c(c1)cc(I)cc1,"InChI=1S/C7H5IO2/c8-6-3-1-2-5(4-6)7(9)10/h1-4H,(H,9,10)"
OC(=O)c(c1)cc(Br)cc1,"InChI=1S/C7H5BrO2/c8-6-3-1-2-5(4-6)7(9)10/h1-4H,(H,9,10)"
NCCCCO,"InChI=1S/C4H11NO/c5-3-1-2-4-6/h6H,1-5H2"
OC(=O)c(c1)cc(O)cc1,"InChI=1S/C7H6O3/c8-6-3-1-2-5(4-6)7(9)10/h1-4,8H,(H,9,10)"
Nc(c1)ccc(c1)C(O)=O,"InChI=1S/C7H7NO2/c8-6-3-1-5(2-4-6)7(9)10/h1-4H,8H2,(H,9,10)"
CCI,"InChI=1S/C2H5I/c1-2-3/h2H2,1H3"
ICI,InChI=1S/CH2I2/c2-1-3/h1H2
COC(C)(OC)OC,"InChI=1S/C5H12O3/c1-5(6-2,7-3)8-4/h1-4H3"
c(c2)ccc(c2)Nc(c1)cccc1,"InChI=1S/C12H11N/c1-3-7-11(8-4-1)13-12-9-5-2-6-10-12/h1-10,13H"
OC(=O)C(C1)CCCC1,"InChI=1S/C7H12O2/c8-7(9)6-4-2-1-3-5-6/h6H,1-5H2,(H,8,9)"
COC(=O)C(C1)C(CCC1)C(=O)OC,"InChI=1S/C10H16O4/c1-13-9(11)7-5-3-4-6-8(7)10(12)14-2/h7-8H,3-6H2,1-2H3/t7-,8-/m1/s1"
COC(OC)c(c1)cccc1,"InChI=1S/C9H12O2/c1-10-9(11-2)8-6-4-3-5-7-8/h3-7,9H,1-2H3"
c(c1)ccc(c1)C(Cl)Cl,"InChI=1S/C7H6Cl2/c8-7(9)6-4-2-1-3-5-6/h1-5,7H"
NCCCOCC,"InChI=1S/C5H13NO/c1-2-7-5-3-4-6/h2-6H2,1H3"
COC(=O)C([H])(C1)C([H])(CCC1)C(=O)OC,"InChI=1S/C10H16O4/c1-13-9(11)7-5-3-4-6-8(7)10(12)14-2/h7-8H,3-6H2,1-2H3/t7-,8+"
CCCN,"InChI=1S/C3H9N/c1-2-3-4/h2-4H2,1H3"
OCC(C1)C1,"InChI=1S/C4H8O/c5-3-4-1-2-4/h4-5H,1-3H2"
C[SiH](C)N[SiH](C)C,"InChI=1S/C4H15NSi2/c1-6(2)5-7(3)4/h5-7H,1-4H3"
OC(=O)C(C1)C(CCC1)C(O)=O,"InChI=1S/C8H12O4/c9-7(10)5-3-1-2-4-6(5)8(11)12/h5-6H,1-4H2,(H,9,10)(H,11,12)/t5-,6-/m1/s1"
OC(=O)C([H])(C1)C([H])(CCC1)C(O)=O,"InChI=1S/C8H12O4/c9-7(10)5-3-1-2-4-6(5)8(11)12/h5-6H,1-4H2,(H,9,10)(H,11,12)/t5-,6+"
C=CCCO,"InChI=1S/C4H8O/c1-2-3-4-5/h2,5H,1,3-4H2"
C=CC(C)O,"InChI=1S/C4H8O/c1-3-4(2)5/h3-5H,1H2,2H3"
COc(c1)c(ccc1)C(O)=O,"InChI=1S/C8H8O3/c1-11-7-5-3-2-4-6(7)8(9)10/h2-5H,1H3,(H,9,10)"
COc(c1)cc(c2)c(ccc2)c1,"InChI=1S/C11H10O/c1-12-11-7-6-9-4-2-3-5-10(9)8-11/h2-8H,1H3"
CCCCCCCCCCCCOC(C)=O,"InChI=1S/C14H28O2/c1-3-4-5-6-7-8-9-10-11-12-13-16-14(2)15/h3-13H2,1-2H3"
c(c1)ccc(c1)P(O)(O)=O,"InChI=1S/C6H7O3P/c7-10(8,9)6-4-2-1-3-5-6/h1-5H,(H2,7,8,9)"
CC(N)C(O)=O,"InChI=1S/C3H7NO2/c1-2(4)3(5)6/h2H,4H2,1H3,(H,5,6)"
O=C(c21)c(c3)c(ccc3)c(cccc2)1,InChI=1S/C13H8O/c14-13-11-7-3-1-5-9(11)10-6-2-4-8-12(10)13/h1-8H
Nc(c1)cc(cc1)C(O)=O,"InChI=1S/C7H7NO2/c8-6-3-1-2-5(4-6)7(9)10/h1-4H,8H2,(H,9,10)"
N#Cc(c1)cc(cc1)[N+1]([O-1])=O,InChI=1S/C7H4N2O2/c8-5-6-2-1-3-7(4-6)9(10)11/h1-4H
CC(C)CCOC(=O)c(c1)ccc(O)c1,"InChI=1S/C12H16O3/c1-9(2)7-8-15-12(14)10-3-5-11(13)6-4-10/h3-6,9,13H,7-8H2,1-2H3"
O=Cc(c1)cc(O)c(OC)c1,"InChI=1S/C8H8O3/c1-11-8-3-2-6(5-9)4-7(8)10/h2-5,10H,1H3"
CCOC(=O)CC(C)CCC=C(C)CCC=C(C)C,"InChI=1S/C17H30O2/c1-6-19-17(18)13-16(5)12-8-11-15(4)10-7-9-14(2)3/h9,11,16H,6-8,10,12-13H2,1-5H3/b15-11+"
Oc(c1)cc(OCSc(c2)cccc2)c(Cl)c1,"InChI=1S/C13H11ClO2S/c14-12-7-6-10(15)8-13(12)16-9-17-11-4-2-1-3-5-11/h1-8,15H,9H2"
CCOC(=O)C=C(C)CCC=C(C)CCC=C(C)C,"InChI=1S/C17H28O2/c1-6-19-17(18)13-16(5)12-8-11-15(4)10-7-9-14(2)3/h9,11,13H,6-8,10,12H2,1-5H3/b15-11+,16-13+"
O=C(OCC)C=C(C)CCC=C(C)CCC=C(C)C,"InChI=1S/C17H28O2/c1-6-19-17(18)13-16(5)12-8-11-15(4)10-7-9-14(2)3/h9,11,13H,6-8,10,12H2,1-5H3/b15-11+,16-13+"
OCCC(C)(C2)Oc(c(C)1)c(C2)c(C)c(OC)c(C)1,"InChI=1S/C16H24O3/c1-10-11(2)15-13(12(3)14(10)18-5)6-7-16(4,19-15)8-9-17/h17H,6-9H2,1-5H3"
CC(=O)OCC=C(C)C=CC(=C(C)1)C(C)(C)CCC1,"InChI=1S/C17H26O2/c1-13(10-12-19-15(3)18)8-9-16-14(2)7-6-11-17(16,4)5/h8-10H,6-7,11-12H2,1-5H3/b9-8+,13-10+"
CCCCCCc(c1)c(O)cc(O2)c(CCC(C)(C)2)1,"InChI=1S/C17H26O2/c1-4-5-6-7-8-13-11-14-9-10-17(2,3)19-16(14)12-15(13)18/h11-12,18H,4-10H2,1-3H3"
CC(=O)Nc(c1)c(Cl)cc(Cl)c(OC(C)=O)1,"InChI=1S/C10H9Cl2NO3/c1-5(14)13-9-4-10(16-6(2)15)8(12)3-7(9)11/h3-4H,1-2H3,(H,13,14)"
Clc(c1)cc(cc1)SC(Cl)(Cl)Cl,"InChI=1S/C7H4Cl4S/c8-5-2-1-3-6(4-5)12-7(9,10)11/h1-4H"
N#CCCC(C)(C2)Oc(c(C)1)c(C2)c(C)c(O)c(C)1,"InChI=1S/C16H21NO2/c1-10-11(2)15-13(12(3)14(10)18)6-8-16(4,19-15)7-5-9-17/h18H,5-8H2,1-4H3"
COC(=O)C(C)CCCC(=O)N(C1)CCN(C1)C([2H])([2H])[2H],"InChI=1S/C13H24N2O3/c1-11(13(17)18-3)5-4-6-12(16)15-9-7-14(2)8-10-15/h11H,4-10H2,1-3H3/i2D3"
O1CC=2C=C3C(=CC2C(C)C1)C(C)(C)CC3(C)CC,"InChI=1S/C18H26O/c1-6-18(5)11-17(3,4)15-8-14-12(2)9-19-10-13(14)7-16(15)18/h7-8,12H,6,9-11H2,1-5H3"
O=CCC(C)c(c2)cc(C(C)(C)1)c(c2)C(C)(CC)C1,"InChI=1S/C18H26O/c1-6-18(5)12-17(3,4)16-11-14(7-8-15(16)18)13(2)9-10-19/h7-8,10-11,13H,6,9,12H2,1-5H3"
c(c2)ccc(c2)COc(c(C)1)c(C)c(C)c(S)c1,"InChI=1S/C16H18OS/c1-11-9-15(18)12(2)13(3)16(11)17-10-14-7-5-4-6-8-14/h4-9,18H,10H2,1-3H3"
SCCCCCCCCCCOC(=O)C(C)=C,"InChI=1S/C14H26O2S/c1-13(2)14(15)16-11-9-7-5-3-4-6-8-10-12-17/h17H,1,3-12H2,2H3"
COC(OC)(c(c2)cccc2)C(=O)c(c1)cccc1,"InChI=1S/C16H16O3/c1-18-16(19-2,14-11-7-4-8-12-14)15(17)13-9-5-3-6-10-13/h3-12H,1-2H3"
COC(=O)C(C)CCCC(=O)N(C1)CCN(C)C1,"InChI=1S/C13H24N2O3/c1-11(13(17)18-3)5-4-6-12(16)15-9-7-14(2)8-10-15/h11H,4-10H2,1-3H3"
COC(=O)CC(C(=O)OC)Sc(c1)cccc1,"InChI=1S/C12H14O4S/c1-15-11(13)8-10(12(14)16-2)17-9-6-4-3-5-7-9/h3-7,10H,8H2,1-2H3"
C=Cn(c(=O)1)c(=O)c(c2)c(ccc2)1,"InChI=1S/C10H7NO2/c1-2-11-9(12)7-5-3-4-6-8(7)10(11)13/h2-6H,1H2"
CCCCC(C)(O)CCC([H])=C(C)CCC=C(C)C,"InChI=1S/C17H32O/c1-6-7-13-17(5,18)14-9-12-16(4)11-8-10-15(2)3/h10,12,18H,6-9,11,13-14H2,1-5H3/b16-12-"
CC(C)=CC(=O)OC(C(C)=1)CC(CC1)C(C)(C)O,"InChI=1S/C15H24O3/c1-10(2)8-14(16)18-13-9-12(15(4,5)17)7-6-11(13)3/h6,8,12-13,17H,7,9H2,1-5H3"
C=CC(C)C(O)c(c1)cc(OC)c(OC)c(OC)1,"InChI=1S/C14H20O4/c1-6-9(2)13(15)10-7-11(16-3)14(18-5)12(8-10)17-4/h6-9,13,15H,1H2,2-5H3"
OC(=O)C=CC(=O)c(c(C)1)c(O)c(C)c(C)c(O)1,"InChI=1S/C13H14O5/c1-6-7(2)13(18)11(8(3)12(6)17)9(14)4-5-10(15)16/h4-5,17-18H,1-3H3,(H,15,16)/b5-4-"
CC(C)=CCCC(C)=CCN(C1)C(=O)CCCC1,"InChI=1S/C16H27NO/c1-14(2)8-7-9-15(3)11-13-17-12-6-4-5-10-16(17)18/h8,11H,4-7,9-10,12-13H2,1-3H3/b15-11+"
CC(=O)Oc(c1)cc(C)c(c1)N(C(C)=O)C(C)=O,"InChI=1S/C13H15NO4/c1-8-7-12(18-11(4)17)5-6-13(8)14(9(2)15)10(3)16/h5-7H,1-4H3"
CC(C)=CCC(C)(C(OC)OC)c(c1)cccc1,"InChI=1S/C16H24O2/c1-13(2)11-12-16(3,15(17-4)18-5)14-9-7-6-8-10-14/h6-11,15H,12H2,1-5H3"
OCC(C)c(c2)cc(c(c2)1)C(C)(C)C(C)C(C)(C)1,"InChI=1S/C17H26O/c1-11(10-18)13-7-8-14-15(9-13)17(5,6)12(2)16(14,3)4/h7-9,11-12,18H,10H2,1-6H3"
CC#COc(c1)c(C#N)cc(Cl)c(OC#CC)1,"InChI=1S/C13H8ClNO2/c1-3-5-16-12-8-13(17-6-4-2)11(14)7-10(12)9-15/h7-8H,1-2H3"
CC(C)CCCC(C)CCC(C(C)C)C(C)O,"InChI=1S/C16H34O/c1-12(2)8-7-9-14(5)10-11-16(13(3)4)15(6)17/h12-17H,7-11H2,1-6H3"
CC(C)CCCC(C)CCCC(C)(O)C(O1)C1,"InChI=1S/C15H30O2/c1-12(2)7-5-8-13(3)9-6-10-15(4,16)14-11-17-14/h12-14,16H,5-11H2,1-4H3"
OCCCCCCCCCCOC(=O)C(C)=C,"InChI=1S/C14H26O3/c1-13(2)14(16)17-12-10-8-6-4-3-5-7-9-11-15/h15H,1,3-12H2,2H3"
CC(=C)C(=O)OCCOCCOC(=O)C(C)=C,"InChI=1S/C12H18O5/c1-9(2)11(13)16-7-5-15-6-8-17-12(14)10(3)4/h1,3,5-8H2,2,4H3"
CC(C)CCCC(C)CCC(C(C)C)C(C)=O,"InChI=1S/C16H32O/c1-12(2)8-7-9-14(5)10-11-16(13(3)4)15(6)17/h12-14,16H,7-11H2,1-6H3"
CC(C)=CCCC(C)(O)CCCC(C)(O)C=C,"InChI=1S/C15H28O2/c1-6-14(4,16)11-8-12-15(5,17)10-7-9-13(2)3/h6,9,16-17H,1,7-8,10-12H2,2-5H3"
CC(=C)CCOC(=O)CC(=O)OCCC(C)=C,"InChI=1S/C13H20O4/c1-10(2)5-7-16-12(14)9-13(15)17-8-6-11(3)4/h1,3,5-9H2,2,4H3"
OC(=O)CC(C)(C2)Oc(c1)c(C2)cc(Cl)c1,"InChI=1S/C12H13ClO3/c1-12(7-11(14)15)5-4-8-6-9(13)2-3-10(8)16-12/h2-3,6H,4-5,7H2,1H3,(H,14,15)"
CCCCCCCC=C(C=O)CCCCCC,"InChI=1S/C16H30O/c1-3-5-7-9-10-12-14-16(15-17)13-11-8-6-4-2/h14-15H,3-13H2,1-2H3/b16-14-"
CC(C)=CCCC(C)=C([H])CCC(C)(O)C(O1)C1,"InChI=1S/C15H26O2/c1-12(2)7-5-8-13(3)9-6-10-15(4,16)14-11-17-14/h7,9,14,16H,5-6,8,10-11H2,1-4H3/b13-9+"
COC(=O)CP(=O)(OC(C)C)OC(C)C,"InChI=1S/C9H19O5P/c1-7(2)13-15(11,14-8(3)4)6-9(10)12-5/h7-8H,6H2,1-5H3"
OCCN(C2)Cc(c(C)1)c(O2)c(C)c(C)c(O)1,"InChI=1S/C13H19NO3/c1-8-9(2)13-11(10(3)12(8)16)6-14(4-5-15)7-17-13/h15-16H,4-7H2,1-3H3"
ClCc(c2)cc(c(c2)1)C(C)(C)C(C)C(C)(C)1,"InChI=1S/C15H21Cl/c1-10-14(2,3)12-7-6-11(9-16)8-13(12)15(10,4)5/h6-8,10H,9H2,1-5H3"
CNCC=C(C)CCC=C(C)CCC=C(C)C,"InChI=1S/C16H29N/c1-14(2)8-6-9-15(3)10-7-11-16(4)12-13-17-5/h8,10,12,17H,6-7,9,11,13H2,1-5H3/b15-10+,16-12+"
CCCC(CO)(CC=C(C)C)c(c1)cccc1,"InChI=1S/C16H24O/c1-4-11-16(13-17,12-10-14(2)3)15-8-6-5-7-9-15/h5-10,17H,4,11-13H2,1-3H3"
C=CC(C)(C2)Oc(c(C)1)c(C2)c(C)c(O)c(C)1,"InChI=1S/C15H20O2/c1-6-15(5)8-7-12-11(4)13(16)9(2)10(3)14(12)17-15/h6,16H,1,7-8H2,2-5H3"
c(c2)ccc(c2)SCSc(c1)cccc1,"InChI=1S/C13H12S2/c1-3-7-12(8-4-1)14-11-15-13-9-5-2-6-10-13/h1-10H,11H2"
CC(=O)OCC=C(C)CCC(Cl)C(C)=C,"InChI=1S/C12H19ClO2/c1-9(2)12(13)6-5-10(3)7-8-15-11(4)14/h7,12H,1,5-6,8H2,2-4H3/b10-7+"
O=CCC(C1)C(C)(C)C(CBr)=C([H])1,"InChI=1S/C10H15BrO/c1-10(2)8(5-6-12)3-4-9(10)7-11/h4,6,8H,3,5,7H2,1-2H3"
COc(c2)cc(O)c(c2)C(=O)c(c1)cccc1,"InChI=1S/C14H12O3/c1-17-11-7-8-12(13(15)9-11)14(16)10-5-3-2-4-6-10/h2-9,15H,1H3"
CC(C1)CCOC(=O)CCCC(=O)COC1,"InChI=1S/C12H20O4/c1-10-5-7-15-9-11(13)3-2-4-12(14)16-8-6-10/h10H,2-9H2,1H3"
CC(C)(c(c2)ccc(c2)OCC(COC(=O)C(C)=C)O)c(c1)ccc(c1)OCC(COC(C(C)=C)=O)OC(C(C)=C)=O,"InChI=1S/C33H40O9/c1-21(2)30(35)40-18-26(34)17-38-27-13-9-24(10-14-27)33(7,8)25-11-15-28(16-12-25)39-19-29(42-32(37)23(5)6)20-41-31(36)22(3)4/h9-16,26,29,34H,1,3,5,17-20H2,2,4,6-8H3"
C(C)(CO[Si](C)(C)C)CCC(CC=C(C)CCC=C(C)C)C(=CCCC(=O)N(C1)CCN(C([2H])([2H])[2H])C1)C,"InChI=1S/C30H56N2O2Si/c1-25(2)12-10-13-26(3)16-18-29(19-17-27(4)24-34-35(7,8)9)28(5)14-11-15-30(33)32-22-20-31(6)21-23-32/h12,14,16,27,29H,10-11,13,15,17-24H2,1-9H3/b26-16-,28-14-/i6D3"
CC(C)(O1)C1CCC(O2)(C)C2CCC(C(CCC(C(CCC(O5)C5(C)CCC(O6)C(C)(C)6)(C)4)O4)3)(C)O3,"InChI=1S/C30H50O6/c1-25(2)19(31-25)11-15-29(7)23(35-29)13-17-27(5)21(33-27)9-10-22-28(6,34-22)18-14-24-30(8,36-24)16-12-20-26(3,4)32-20/h19-24H,9-18H2,1-8H3"
C(COC(C)=O)C(O1)(CCc(c3)c1c(c2c(CCCCCC)3)CCC(CCOC(C)=O)(O2)C)C,"InChI=1S/C28H42O6/c1-6-7-8-9-10-22-19-23-11-13-27(4,15-17-31-20(2)29)34-26(23)24-12-14-28(5,33-25(22)24)16-18-32-21(3)30/h19H,6-18H2,1-5H3"
c(c21)(c(C)c(c(C)c1CCC(C)(O2)CCCC(C)CCCC(C)CCCC(C)C)OC(C)=O)C,"InChI=1S/C31H52O3/c1-21(2)13-10-14-22(3)15-11-16-23(4)17-12-19-31(9)20-18-28-26(7)29(33-27(8)32)24(5)25(6)30(28)34-31/h21-23H,10-20H2,1-9H3"
C(C1)C(Oc(c2C)c1c(c(C(=O)Oc(c3)cncc3)c2C)C)(C)CCOCC(O)CNC(C)C,"InChI=1S/C27H38N2O5/c1-17(2)29-14-21(30)16-32-13-11-27(6)10-9-23-20(5)24(18(3)19(4)25(23)34-27)26(31)33-22-8-7-12-28-15-22/h7-8,12,15,17,21,29-30H,9-11,13-14,16H2,1-6H3"
C(C(C)(CCCC(C)CCCC(C)CCCC(C)C)OC(C)=O)(COC(C)=O)OC(C)=O,"InChI=1S/C26H48O6/c1-19(2)12-9-13-20(3)14-10-15-21(4)16-11-17-26(8,32-24(7)29)25(31-23(6)28)18-30-22(5)27/h19-21,25H,9-18H2,1-8H3"
C(C)(O)(CCC=C(C)CCC=C(C)C)CCCCC(C)(O)CCC=C(C)CCC=C(C)C,"InChI=1S/C30H54O2/c1-25(2)15-11-17-27(5)19-13-23-29(7,31)21-9-10-22-30(8,32)24-14-20-28(6)18-12-16-26(3)4/h15-16,19-20,31-32H,9-14,17-18,21-24H2,1-8H3/b27-19-,28-20+"
OCC(C)CCC(CC=C(C)CCC=C(C)C)C(C)=CCCC(=O)N(C1)CCN(C1)C([2H])([2H])[2H],"InChI=1S/C27H48N2O2/c1-22(2)9-7-10-23(3)13-15-26(16-14-24(4)21-30)25(5)11-8-12-27(31)29-19-17-28(6)18-20-29/h9,11,13,24,26,30H,7-8,10,12,14-21H2,1-6H3/b23-13-,25-11-/i6D3"
OCC(C)CCC(CC=C(C)CCC=C(C)C)C(C)=CCCC(=O)N(C1)CCN(C)C1,"InChI=1S/C27H48N2O2/c1-22(2)9-7-10-23(3)13-15-26(16-14-24(4)21-30)25(5)11-8-12-27(31)29-19-17-28(6)18-20-29/h9,11,13,24,26,30H,7-8,10,12,14-21H2,1-6H3/b23-13+,25-11-"
C(C3)C(Oc(c31)c(C2)c(OC(C2)(C)CCO)c(c1)CCCCCC)(C)CCOC(C)=O,"InChI=1S/C26H40O5/c1-5-6-7-8-9-20-18-21-10-12-26(4,15-17-29-19(2)28)31-24(21)22-11-13-25(3,14-16-27)30-23(20)22/h18,27H,5-17H2,1-4H3"
O=C(N(C3)CCC3)Oc(c1)c(Cl)cc(Cl)c(OCS(=O)(=O)c(c2)cccc2)1,"InChI=1S/C18H17Cl2NO5S/c19-14-10-15(20)17(26-18(22)21-8-4-5-9-21)11-16(14)25-12-27(23,24)13-6-2-1-3-7-13/h1-3,6-7,10-11H,4-5,8-9,12H2"
C(C(C)CCCC(C)C)CCC(C)(O)C=CC(C)(O)CCCC(C)CCCC(C)C,"InChI=1S/C28H56O2/c1-23(2)13-9-15-25(5)17-11-19-27(7,29)21-22-28(8,30)20-12-18-26(6)16-10-14-24(3)4/h21-26,29-30H,9-20H2,1-8H3/b22-21+"
CCCCCCCCCCCCCC(=O)OC(C)C(CCC(C)C)CCC(C)C,"InChI=1S/C27H54O2/c1-7-8-9-10-11-12-13-14-15-16-17-18-27(28)29-25(6)26(21-19-23(2)3)22-20-24(4)5/h23-26H,7-22H2,1-6H3"
C(C3)C(Oc(c4C)c3c(c(c4C)O)C)(C)CCN(C2)CCN(C2)Cc(c1)cccc1,"InChI=1S/C26H36N2O2/c1-19-20(2)25-23(21(3)24(19)29)10-11-26(4,30-25)12-13-27-14-16-28(17-15-27)18-22-8-6-5-7-9-22/h5-9,29H,10-18H2,1-4H3"
COc(c(C)1)c(C)c(C2)c(OC(C)(CC(=O)Nc(c3)c(ccc3)C(O)=O)C2)c(C)1,"InChI=1S/C23H27NO5/c1-13-14(2)21-16(15(3)20(13)28-5)10-11-23(4,29-21)12-19(25)24-18-9-7-6-8-17(18)22(26)27/h6-9H,10-12H2,1-5H3,(H,24,25)(H,26,27)"
CC(CCC=C(C)CCC(=O)OC(C)(C)C)=CCCC(=O)N(C1)CCN(C)C1,"InChI=1S/C23H40N2O3/c1-19(11-8-12-21(26)25-17-15-24(6)16-18-25)9-7-10-20(2)13-14-22(27)28-23(3,4)5/h10-11H,7-9,12-18H2,1-6H3/b19-11-,20-10-"
c(c34)cc(cc3C(C)(C)C(C)C4(C)C)Cc(c2)ccc(c21)C(C)(C)C(C)C1(C)C,"InChI=1S/C29H40/c1-18-26(3,4)22-13-11-20(16-24(22)28(18,7)8)15-21-12-14-23-25(17-21)29(9,10)19(2)27(23,5)6/h11-14,16-19H,15H2,1-10H3"
C(C1([H])3)(C)(C4)C(=CC(=O)C4)C(O)CC1(C(C(C)(CC3)2)([H])CCC2C([H])(C)CCC(O)=O)[H],"InChI=1S/C24H36O4/c1-14(4-7-22(27)28)17-5-6-18-16-13-21(26)20-12-15(25)8-10-24(20,3)19(16)9-11-23(17,18)2/h12,14,16-19,21,26H,4-11,13H2,1-3H3,(H,27,28)/t14-,16+,17?,18+,19+,21?,23-,24-/m1/s1"
CC(C)=CCCC(C)=CCCC(C)=CCCC(C)=CCN(C1)C(=O)CCCC1,"InChI=1S/C26H43NO/c1-22(2)12-9-13-23(3)14-10-15-24(4)16-11-17-25(5)19-21-27-20-8-6-7-18-26(27)28/h12,14,16,19H,6-11,13,15,17-18,20-21H2,1-5H3/b23-14+,24-16+,25-19+"
CC(=O)Oc(c(C)1)c(C)c(C2)c(OC(C)(CCSc(c3)cccc3)C2)c(C)1,"InChI=1S/C23H28O3S/c1-15-16(2)22-20(17(3)21(15)25-18(4)24)11-12-23(5,26-22)13-14-27-19-9-7-6-8-10-19/h6-10H,11-14H2,1-5H3"
CCOCCC(C)(C3)Oc(c(C)1)c(C3)c(C)c(OC(=O)c(c2)cccc2)c(C)1,"InChI=1S/C24H30O4/c1-6-26-15-14-24(5)13-12-20-18(4)21(16(2)17(3)22(20)28-24)27-23(25)19-10-8-7-9-11-19/h7-11H,6,12-15H2,1-5H3"
CC1=C(C(=C2CCC(OC2=C1C)(C)CCSC3=NC4=CC=CC=C4N3)C)O,"InChI=1S/C22H26N2O2S/c1-13-14(2)20-16(15(3)19(13)25)9-10-22(4,26-20)11-12-27-21-23-17-7-5-6-8-18(17)24-21/h5-8,25H,9-12H2,1-4H3,(H,23,24)"
CC(CCC=C(C)C(C)O[Si](C)(C)C)=CCCC(=O)N(C1)CCN(C)C1,"InChI=1S/C21H40N2O2Si/c1-18(10-8-12-19(2)20(3)25-26(5,6)7)11-9-13-21(24)23-16-14-22(4)15-17-23/h11-12,20H,8-10,13-17H2,1-7H3/b18-11+,19-12+"
CCCCCCc(c1)c(OC(C)=O)cc(O2)c(CCC(C)(CCOC(C)=O)2)1,"InChI=1S/C22H32O5/c1-5-6-7-8-9-18-14-19-10-11-22(4,12-13-25-16(2)23)27-21(19)15-20(18)26-17(3)24/h14-15H,5-13H2,1-4H3"
CC(C)CCCC(C)CCCC(C)CCCC(C)(O)C(O)CO[N+1]([O-1])=O,"InChI=1S/C20H41NO5/c1-16(2)9-6-10-17(3)11-7-12-18(4)13-8-14-20(5,23)19(22)15-26-21(24)25/h16-19,22-23H,6-15H2,1-5H3"
OC(=O)C(C)C([H])(C4)C(C)(C(O)3)C([H])(C4)C([H])(C(O)1)C([H])(C3)C(C)(C=2)C(=CC(=O)C2)C1,"InChI=1S/C22H30O5/c1-11(20(26)27)14-4-5-15-19-16(10-18(25)22(14,15)3)21(2)7-6-13(23)8-12(21)9-17(19)24/h6-8,11,14-19,24-25H,4-5,9-10H2,1-3H3,(H,26,27)/t11?,14-,15+,16+,17?,18?,19+,21+,22-/m1/s1"
CC(C)=CCCC(C)=CCCC(C)=CCCC(C)=CCN(C1)CCN(C)C1,"InChI=1S/C25H44N2/c1-22(2)10-7-11-23(3)12-8-13-24(4)14-9-15-25(5)16-17-27-20-18-26(6)19-21-27/h10,12,14,16H,7-9,11,13,15,17-21H2,1-6H3/b23-12+,24-14-,25-16+"
CC(C)=CCCC(C)=CCCC(C)=CCCC(C)=CCN(C1)C(=O)CCC1,"InChI=1S/C25H41NO/c1-21(2)11-8-12-22(3)13-9-14-23(4)15-10-16-24(5)18-20-26-19-7-6-17-25(26)27/h11,13,15,18H,6-10,12,14,16-17,19-20H2,1-5H3/b22-13+,23-15-,24-18+"
CCCCC(CC)C(=O)OC(C)C(CCC(C)CCCC(C)C)C(C)C,"InChI=1S/C24H48O2/c1-9-11-15-22(10-2)24(25)26-21(8)23(19(5)6)17-16-20(7)14-12-13-18(3)4/h18-23H,9-17H2,1-8H3"
CC(C)NCC(O)COCCC(C)(C2)Oc(c(C)1)c(C2)c(C)c(O)c(C)1,"InChI=1S/C21H35NO4/c1-13(2)22-11-17(23)12-25-10-9-21(6)8-7-18-16(5)19(24)14(3)15(4)20(18)26-21/h13,17,22-24H,7-12H2,1-6H3"
CC(C)=CCCC(C)=CCCC(C)=CCCC(C)=CCO[Si](C)(C)C,"InChI=1S/C23H42OSi/c1-20(2)12-9-13-21(3)14-10-15-22(4)16-11-17-23(5)18-19-24-25(6,7)8/h12,14,16,18H,9-11,13,15,17,19H2,1-8H3/b21-14+,22-16+,23-18+"
OC(=O)C(C)C(C4)C(C)(C3)C([H])(C4)C([H])(C1)C([H])(C(O)3)C(C)(C2)C(CC(=O)C2)C1,"InChI=1S/C22H34O4/c1-12(20(25)26)16-6-7-17-15-5-4-13-10-14(23)8-9-21(13,2)19(15)18(24)11-22(16,17)3/h12-13,15-19,24H,4-11H2,1-3H3,(H,25,26)/t12?,13?,15-,16+,17-,18?,19+,21-,22+/m0/s1"
CCCCCCCCCCCCCCCC=CC=CC(=O)N(C1)CCC1,"InChI=1S/C24H43NO/c1-2-3-4-5-6-7-8-9-10-11-12-13-14-15-16-17-18-21-24(26)25-22-19-20-23-25/h16-18,21H,2-15,19-20,22-23H2,1H3/b17-16+,21-18+"
c(c3)ccc(c3)C(=O)Oc(c1)c(C)c(C)c(OC(=O)c(c2)cccc2)c(C)1,"InChI=1S/C23H20O4/c1-15-14-20(26-22(24)18-10-6-4-7-11-18)16(2)17(3)21(15)27-23(25)19-12-8-5-9-13-19/h4-14H,1-3H3"
OCC(=O)C(O)(C4)C(C)(C3)C([H])(C4)C([H])(C2)C([H])(C([H])(O)3)C(C)(C([H])=1)C(C2)=C([H])C(=O)C([H])1,"InChI=1S/C21H28O5/c1-19-7-5-13(23)9-12(19)3-4-14-15-6-8-21(26,17(25)11-22)20(15,2)10-16(24)18(14)19/h5,7,9,14-16,18,22,24,26H,3-4,6,8,10-11H2,1-2H3/t14-,15-,16-,18+,19-,20-,21-/m0/s1"
CCOC(=O)C=CCC(C)(C2)Oc(c(C)1)c(C2)c(C)c(OC(C)=O)c(C)1,"InChI=1S/C21H28O5/c1-7-24-18(23)9-8-11-21(6)12-10-17-15(4)19(25-16(5)22)13(2)14(3)20(17)26-21/h8-9H,7,10-12H2,1-6H3/b9-8+"
c(c4)ccc(c4)CC(N)(c(c3)cncc3)Cn(c(=O)1)c(=O)c(c2)c(ccc2)1,"InChI=1S/C22H19N3O2/c23-22(17-9-6-12-24-14-17,13-16-7-2-1-3-8-16)15-25-20(26)18-10-4-5-11-19(18)21(25)27/h1-12,14H,13,15,23H2"
c(c3)ccc(c3)SCC(Sc(c2)cccc2)Sc(c1)cccc1,"InChI=1S/C20H18S3/c1-4-10-17(11-5-1)21-16-20(22-18-12-6-2-7-13-18)23-19-14-8-3-9-15-19/h1-15,20H,16H2"
COC(=O)CCC(C)=CCCC(C)=CCCC(=O)N(C1)CCN(C1)C([2H])([2H])[2H],"InChI=1S/C20H34N2O3/c1-17(7-5-8-18(2)11-12-20(24)25-4)9-6-10-19(23)22-15-13-21(3)14-16-22/h8-9H,5-7,10-16H2,1-4H3/b17-9+,18-8-/i3D3"
C=CC(=O)OCC(COC(=O)C=C)(COC(=O)C=C)COC(=O)C=C,"InChI=1S/C17H20O8/c1-5-13(18)22-9-17(10-23-14(19)6-2,11-24-15(20)7-3)12-25-16(21)8-4/h5-8H,1-4,9-12H2"
COC(=O)CCC(C)=CCCC(C)=CCCC(=O)N(C1)CCN(C)C1,"InChI=1S/C20H34N2O3/c1-17(7-5-8-18(2)11-12-20(24)25-4)9-6-10-19(23)22-15-13-21(3)14-16-22/h8-9H,5-7,10-16H2,1-4H3/b17-9-,18-8-"
CC(C)=CCCC(C)=CCCC(C)=CCS(=O)(=O)c(c1)cccc1,"InChI=1S/C21H30O2S/c1-18(2)10-8-11-19(3)12-9-13-20(4)16-17-24(22,23)21-14-6-5-7-15-21/h5-7,10,12,14-16H,8-9,11,13,17H2,1-4H3/b19-12+,20-16+"
O=CC(C)C([H])(C4)C(C)(C3)C([H])(C4)C([H])(C(O)1)C([H])(C3)C(C)(C2)C(=CC(=O)C2)C1,"InChI=1S/C22H32O3/c1-13(12-23)16-4-5-17-20-18(7-9-22(16,17)3)21(2)8-6-15(24)10-14(21)11-19(20)25/h10,12-13,16-20,25H,4-9,11H2,1-3H3/t13?,16-,17+,18+,19?,20+,21+,22-/m1/s1"
O=CC(C)C([H])(C4)C(C)(C3)C([H])(C4)C([H])(C(O)1)C([H])(C3)C(C)(C=2)C(=CC(=O)C2)C1,"InChI=1S/C22H30O3/c1-13(12-23)16-4-5-17-20-18(7-9-22(16,17)3)21(2)8-6-15(24)10-14(21)11-19(20)25/h6,8,10,12-13,16-20,25H,4-5,7,9,11H2,1-3H3/t13?,16-,17+,18+,19?,20+,21+,22-/m1/s1"
CC(CCOC(C2)OCCC2)CCC(C)CCOC(C1)OCCC1,"InChI=1S/C20H38O4/c1-17(11-15-23-19-7-3-5-13-21-19)9-10-18(2)12-16-24-20-8-4-6-14-22-20/h17-20H,3-16H2,1-2H3"
COC(=O)c(c1)c(Cl)cc(NCP(=O)(OC)OC)c(Cl)1,"InChI=1S/C11H14Cl2NO5P/c1-17-11(15)7-4-9(13)10(5-8(7)12)14-6-20(16,18-2)19-3/h4-5,14H,6H2,1-3H3"
c(c3)ccc(c3)COC(=O)C(C)(C2)Oc(c(C)1)c(C2)c(C)c(O)c(C)1,"InChI=1S/C21H24O4/c1-13-14(2)19-17(15(3)18(13)22)10-11-21(4,25-19)20(23)24-12-16-8-6-5-7-9-16/h5-9,22H,10-12H2,1-4H3"
CC(C)=CCCC(C)(O)CC(O)C(=O)CC(C)(O)CCC=C(C)C,"InChI=1S/C20H36O4/c1-15(2)9-7-11-19(5,23)13-17(21)18(22)14-20(6,24)12-8-10-16(3)4/h9-10,17,21,23-24H,7-8,11-14H2,1-6H3"
O=C(OCc(c3)cc(O4)c(OC4)c3)C(C)=Cc(c1)cc(O2)c(OC2)c1,"InChI=1S/C19H16O6/c1-12(6-13-2-4-15-17(7-13)24-10-22-15)19(20)21-9-14-3-5-16-18(8-14)25-11-23-16/h2-8H,9-11H2,1H3/b12-6+"
O=CCCCCCCCCCc(c(C)1)c(=O)c(OC)c(OC)c(=O)1,"InChI=1S/C19H28O5/c1-14-15(12-10-8-6-4-5-7-9-11-13-20)17(22)19(24-3)18(23-2)16(14)21/h13H,4-12H2,1-3H3"
CCCCCCc(c1)c(O)cc(O2)c(CCC(C)(CCOC(C)=O)2)1,"InChI=1S/C20H30O4/c1-4-5-6-7-8-16-13-17-9-10-20(3,11-12-23-15(2)21)24-19(17)14-18(16)22/h13-14,22H,4-12H2,1-3H3"
CC(C)=CCCC(C)=CCCC(C)=CCCC(C)=CCCC(O)=O,"InChI=1S/C22H36O2/c1-18(2)10-6-11-19(3)12-7-13-20(4)14-8-15-21(5)16-9-17-22(23)24/h10,12,14,16H,6-9,11,13,15,17H2,1-5H3,(H,23,24)/b19-12+,20-14+,21-16+"
CCOC(=O)C=C(C)CCC=C(C)CCC=C(C)CCC=C(C)C,"InChI=1S/C22H36O2/c1-7-24-22(23)17-21(6)16-10-15-20(5)14-9-13-19(4)12-8-11-18(2)3/h11,13,15,17H,7-10,12,14,16H2,1-6H3/b19-13+,20-15+,21-17+"
CC(C)CCCC(C)CCCC(C)CCCC(C)(O)C(O)CO,"InChI=1S/C20H42O3/c1-16(2)9-6-10-17(3)11-7-12-18(4)13-8-14-20(5,23)19(22)15-21/h16-19,21-23H,6-15H2,1-5H3"
OCC(C1)C(C)(O)CCO1,"InChI=1S/C7H14O3/c1-7(9)2-3-10-5-6(7)4-8/h6,8-9H,2-5H2,1H3"
ClCc(c(C)1)c(C)on1,"InChI=1S/C6H8ClNO/c1-4-6(3-7)5(2)9-8-4/h3H2,1-2H3"
OCCC(C)CC(=O)NC,"InChI=1S/C7H15NO2/c1-6(3-4-9)5-7(10)8-2/h6,9H,3-5H2,1-2H3,(H,8,10)"
CC(=O)CCCC(C)(C)O,"InChI=1S/C8H16O2/c1-7(9)5-4-6-8(2,3)10/h10H,4-6H2,1-3H3"
O=CC(C)=CC(OC)OC,"InChI=1S/C7H12O3/c1-6(5-8)4-7(9-2)10-3/h4-5,7H,1-3H3/b6-4+"
COc(c1)nc(Cl)cc1,"InChI=1S/C6H6ClNO/c1-9-6-4-2-3-5(7)8-6/h2-4H,1H3"
CC(C)=CCCC(C)(C)O,"InChI=1S/C9H18O/c1-8(2)6-5-7-9(3,4)10/h6,10H,5,7H2,1-4H3"
CC(=C)C(C1)OC(C)(C)O1,"InChI=1S/C8H14O2/c1-6(2)7-5-9-8(3,4)10-7/h7H,1,5H2,2-4H3"
CN(C1)CCN(C1)C(C)=O,"InChI=1S/C7H14N2O/c1-7(10)9-5-3-8(2)4-6-9/h3-6H2,1-2H3"
O=CC(C)=CCOC(C)=O,"InChI=1S/C7H10O3/c1-6(5-8)3-4-10-7(2)9/h3,5H,4H2,1-2H3/b6-3-"
CC(C)=CCNC(C)(C)C,"InChI=1S/C9H19N/c1-8(2)6-7-10-9(3,4)5/h6,10H,7H2,1-5H3"
OCCOc(c1)cccc1,"InChI=1S/C8H10O2/c9-6-7-10-8-4-2-1-3-5-8/h1-5,9H,6-7H2"
c(c2)cc(C1)c(c2)CS1,"InChI=1S/C8H8S/c1-2-4-8-6-9-5-7(8)3-1/h1-4H,5-6H2"
OCCC(C)(O)CCO,"InChI=1S/C6H14O3/c1-6(9,2-4-7)3-5-8/h7-9H,2-5H2,1H3"
CC(Cl)(C1)CCOC1,"InChI=1S/C6H11ClO/c1-6(7)2-4-8-5-3-6/h2-5H2,1H3"
O=CC(C)c(c1)cccc1,"InChI=1S/C9H10O/c1-8(7-10)9-5-3-2-4-6-9/h2-8H,1H3"
CCOCCC(=O)OC,"InChI=1S/C6H12O3/c1-3-9-5-4-6(7)8-2/h3-5H2,1-2H3"
CCOC(=O)C=C(C)C,"InChI=1S/C7H12O2/c1-4-9-7(8)5-6(2)3/h5H,4H2,1-3H3"
CC(=C)CCOC(C)=O,"InChI=1S/C7H12O2/c1-6(2)4-5-9-7(3)8/h1,4-5H2,2-3H3"
CC(C1)CC(=O)N(C)C1,"InChI=1S/C7H13NO/c1-6-3-4-8(2)7(9)5-6/h6H,3-5H2,1-2H3"
C=CCCCC=CCO,"InChI=1S/C8H14O/c1-2-3-4-5-6-7-8-9/h2,6-7,9H,1,3-5,8H2/b7-6+"
CCOCC=C(C)C=C,"InChI=1S/C8H14O/c1-4-8(3)6-7-9-5-2/h4,6H,1,5,7H2,2-3H3/b8-6+"
C=CC(C)(C1)OC(=O)C1,"InChI=1S/C7H10O2/c1-3-7(2)5-4-6(8)9-7/h3H,1,4-5H2,2H3"
O=S(=O)(C1)CCC1,InChI=1S/C4H8O2S/c5-7(6)3-1-2-4-7/h1-4H2
OCCN(C)CCO,"InChI=1S/C5H13NO2/c1-6(2-4-7)3-5-8/h7-8H,2-5H2,1H3"
OCC(CO)C(C)C,"InChI=1S/C6H14O2/c1-5(2)6(3-7)4-8/h5-8H,3-4H2,1-2H3"
OCCC(C)CCO,"InChI=1S/C6H14O2/c1-6(2-4-7)3-5-8/h6-8H,2-5H2,1H3"
OCCN(CC)CC,"InChI=1S/C6H15NO/c1-3-7(4-2)5-6-8/h8H,3-6H2,1-2H3"
NCCC(C)CCN,"InChI=1S/C6H16N2/c1-6(2-4-7)3-5-8/h6H,2-5,7-8H2,1H3"
CC(O)(C1)CCOC1,"InChI=1S/C6H12O2/c1-6(7)2-4-8-5-3-6/h7H,2-5H2,1H3"
CCOC(C)(C)C=C,"InChI=1S/C7H14O/c1-5-7(3,4)8-6-2/h5H,1,6H2,2-4H3"
CCOCC=C(C)C,"InChI=1S/C7H14O/c1-4-8-6-5-7(2)3/h5H,4,6H2,1-3H3"
CC(C1)CC(=O)OC1,"InChI=1S/C6H10O2/c1-5-2-3-8-6(7)4-5/h5H,2-4H2,1H3"
CC(C1)CC(=O)NC1,"InChI=1S/C6H11NO/c1-5-2-3-7-6(8)4-5/h5H,2-4H2,1H3,(H,7,8)"
CC(C1)=CC(=O)OC1,"InChI=1S/C6H8O2/c1-5-2-3-8-6(7)4-5/h4H,2-3H2,1H3"
C=CN(C1)C(=O)CC1,"InChI=1S/C6H9NO/c1-2-7-5-3-4-6(7)8/h2H,1,3-5H2"
OCC=C(C)Cl,"InChI=1S/C4H7ClO/c1-4(5)2-3-6/h2,6H,3H2,1H3/b4-2-"
OCC(C)C(C)O,"InChI=1S/C5H12O2/c1-4(3-6)5(2)7/h4-7H,3H2,1-2H3"
CC(=O)C=CCl,"InChI=1S/C4H5ClO/c1-4(6)2-3-5/h2-3H,1H3/b3-2+"
OCCC(C)CC,"InChI=1S/C6H14O/c1-3-6(2)4-5-7/h6-7H,3-5H2,1-2H3"
OCC(C)C(C)C,"InChI=1S/C6H14O/c1-5(2)6(3)4-7/h5-7H,4H2,1-3H3"
OCCC(C)C=C,"InChI=1S/C6H12O/c1-3-6(2)4-5-7/h3,6-7H,1,4-5H2,2H3"
CC(C1)CCOC1,"InChI=1S/C6H12O/c1-6-2-4-7-5-3-6/h6H,2-5H2,1H3"
CN(C1)CCNC1,"InChI=1S/C5H12N2/c1-7-4-2-6-3-5-7/h6H,2-5H2,1H3"
O=CCCCC=O,"InChI=1S/C5H8O2/c6-4-2-1-3-5-7/h4-5H,1-3H2"
C=CC(=O)C(C)C,"InChI=1S/C6H10O/c1-4-6(7)5(2)3/h4-5H,1H2,2-3H3"
OCC=C(C)C=C,"InChI=1S/C6H10O/c1-3-6(2)4-5-7/h3-4,7H,1,5H2,2H3/b6-4+"
CC(C1)=CCOC1,"InChI=1S/C6H10O/c1-6-2-4-7-5-3-6/h2H,3-5H2,1H3"
Cc(n1)cc(C)o1,"InChI=1S/C5H7NO/c1-4-3-5(2)7-6-4/h3H,1-2H3"
CC(=C1)C=COC1,"InChI=1S/C6H8O/c1-6-2-4-7-5-3-6/h2-4H,5H2,1H3"
OCC=C(C)C#C,"InChI=1S/C6H8O/c1-3-6(2)4-5-7/h1,4,7H,5H2,2H3/b6-4+"
C=CC(C)(O)C#C,"InChI=1S/C6H8O/c1-4-6(3,7)5-2/h1,5,7H,2H2,3H3"
COCC(C)O,"InChI=1S/C4H10O2/c1-4(5)3-6-2/h4-5H,3H2,1-2H3"
OCC(C)CO,"InChI=1S/C4H10O2/c1-4(2-5)3-6/h4-6H,2-3H2,1H3"
C=CCCCl,"InChI=1S/C4H7Cl/c1-2-3-4-5/h2H,1,3-4H2"
NNC(=O)NN,"InChI=1S/CH6N4O/c2-4-1(6)5-3/h2-3H2,(H2,4,5,6)"
COCC(C)=O,"InChI=1S/C4H8O2/c1-4(5)3-6-2/h3H2,1-2H3"
CC(C1)COC1,"InChI=1S/C5H10O/c1-5-2-3-6-4-5/h5H,2-4H2,1H3"
CC(C1)=COC1,"InChI=1S/C5H8O/c1-5-2-3-6-4-5/h4H,2-3H2,1H3"
CC(=C)C(C1)O1,"InChI=1S/C5H8O/c1-4(2)5-3-6-5/h5H,1,3H2,2H3"
CC#CCO,"InChI=1S/C4H6O/c1-2-3-4-5/h5H,4H2,1H3"
CN(C)c(c1)cc(N=Nc(n2)sc(c3)c(ccc3)2)c(C(O)=O)c1,"InChI=1S/C16H14N4O2S/c1-20(2)10-7-8-11(15(21)22)13(9-10)18-19-16-17-12-5-3-4-6-14(12)23-16/h3-9H,1-2H3,(H,21,22)/b19-18+"
COC(=O)C(C)CCCC(C)=CCCC(=O)N(C1)CCN(C)C1,"InChI=1S/C18H32N2O3/c1-15(7-5-9-16(2)18(22)23-4)8-6-10-17(21)20-13-11-19(3)12-14-20/h8,16H,5-7,9-14H2,1-4H3/b15-8+"
CC(=O)SCc(c(C)1)c(OC(C)=O)c(C)c(C)c(OC(C)=O)1,"InChI=1S/C16H20O5S/c1-8-9(2)16(21-12(5)18)14(7-22-13(6)19)10(3)15(8)20-11(4)17/h7H2,1-6H3"
COC(=O)C(C)=CCCC(C)=CCCC(=O)N(C1)CCN(C)C1,"InChI=1S/C18H30N2O3/c1-15(7-5-9-16(2)18(22)23-4)8-6-10-17(21)20-13-11-19(3)12-14-20/h8-9H,5-7,10-14H2,1-4H3/b15-8+,16-9+"
CC(C)OC(=O)CCC(C)(C2)Oc(c(C)1)c(C2)c(C)c(O)c(C)1,"InChI=1S/C19H28O4/c1-11(2)22-16(20)8-10-19(6)9-7-15-14(5)17(21)12(3)13(4)18(15)23-19/h11,21H,7-10H2,1-6H3"
OCCOc(c1)c(Cl)cc(Cl)c(OC(=O)N(C2)CCC2)1,"InChI=1S/C13H15Cl2NO4/c14-9-7-10(15)12(8-11(9)19-6-5-17)20-13(18)16-3-1-2-4-16/h7-8,17H,1-6H2"
ClCCN(CCCl)c(c1)ccc(c1)CC(N)C(=O)OC,"InChI=1S/C14H20Cl2N2O2/c1-20-14(19)13(17)10-11-2-4-12(5-3-11)18(8-6-15)9-7-16/h2-5,13H,6-10,17H2,1H3"
CN(C)C(=O)Nc(c1)ccc(OCSc(c2)cc(C)cc2)c1,"InChI=1S/C17H20N2O2S/c1-13-5-4-6-16(11-13)22-12-21-15-9-7-14(8-10-15)18-17(20)19(2)3/h4-11H,12H2,1-3H3,(H,18,20)"
CC(C)CCCC(C)CCCC(C)CCCC(C)(O)C(C1)O1,"InChI=1S/C20H40O2/c1-16(2)9-6-10-17(3)11-7-12-18(4)13-8-14-20(5,21)19-15-22-19/h16-19,21H,6-15H2,1-5H3"
CC(=C)C(=O)OCCCCCCCCCCOC(=O)C(C)=C,"InChI=1S/C18H30O4/c1-15(2)17(19)21-13-11-9-7-5-6-8-10-12-14-22-18(20)16(3)4/h1,3,5-14H2,2,4H3"
OC(=O)C(C)=CCCC(C)=CCCC(=O)N(C1)CCN(C)C1,"InChI=1S/C17H28N2O3/c1-14(6-4-8-15(2)17(21)22)7-5-9-16(20)19-12-10-18(3)11-13-19/h7-8H,4-6,9-13H2,1-3H3,(H,21,22)/b14-7+,15-8-"
CC(=O)C(C)CCCC(C)=C([H])CCC(=O)N(C1)CCN(C)C1,"InChI=1S/C18H32N2O2/c1-15(7-5-9-16(2)17(3)21)8-6-10-18(22)20-13-11-19(4)12-14-20/h8,16H,5-7,9-14H2,1-4H3/b15-8+"
SCCC(C)(C2)Oc(c(C)1)c(C2)c(C)c(OC(C)=O)c(C)1,"InChI=1S/C17H24O3S/c1-10-11(2)16-14(12(3)15(10)19-13(4)18)6-7-17(5,20-16)8-9-21/h21H,6-9H2,1-5H3"
CCCCn(c(C)1)c(c(C)2)c(c(C)c(O)c(C)2)c(C(=O)OC)1,"InChI=1S/C18H25NO3/c1-7-8-9-19-13(5)15(18(21)22-6)14-12(4)17(20)11(3)10(2)16(14)19/h20H,7-9H2,1-6H3"
CC(C)=CCCC(C)=CCCC(C)=CCN(C1)C(=O)CCC1,"InChI=1S/C20H33NO/c1-17(2)9-7-10-18(3)11-8-12-19(4)14-16-21-15-6-5-13-20(21)22/h9,11,14H,5-8,10,12-13,15-16H2,1-4H3/b18-11+,19-14+"
CCCCCC(C)(CC(C)OC(=O)C(C)=C)c(c1)cccc1,"InChI=1S/C20H30O2/c1-6-7-11-14-20(5,18-12-9-8-10-13-18)15-17(4)22-19(21)16(2)3/h8-10,12-13,17H,2,6-7,11,14-15H2,1,3-5H3"
O=C(C4)C=C(C3)C(C)(C4)C([H])(C2)C([H])(C(O)3)C([H])(C1)C(C)(C2)C(=O)C1,"InChI=1S/C19H26O3/c1-18-7-5-12(20)9-11(18)10-15(21)17-13-3-4-16(22)19(13,2)8-6-14(17)18/h9,13-15,17,21H,3-8,10H2,1-2H3/t13-,14-,15?,17-,18-,19-/m0/s1"
O=C(C4)C=C(C(O)3)C(C)(C4)C([H])(C2)C([H])(C3)C([H])(C1)C(C)(C2)C(=O)C1,"InChI=1S/C19H26O3/c1-18-7-5-11(20)9-15(18)16(21)10-12-13-3-4-17(22)19(13,2)8-6-14(12)18/h9,12-14,16,21H,3-8,10H2,1-2H3/t12-,13-,14-,16?,18+,19-/m0/s1"
c(n3)cn(c3)CCC(C)(C2)Oc(c(C)1)c(C2)c(C)c(O)c(C)1,"InChI=1S/C18H24N2O2/c1-12-13(2)17-15(14(3)16(12)21)5-6-18(4,22-17)7-9-20-10-8-19-11-20/h8,10-11,21H,5-7,9H2,1-4H3"
CC(C)c(c3)cc(C2)c(c3)C(C)(C1)C(C2)C(C)(C(O)=O)CC1,"InChI=1S/C20H28O2/c1-13(2)14-6-8-16-15(12-14)7-9-17-19(16,3)10-5-11-20(17,4)18(21)22/h6,8,12-13,17H,5,7,9-11H2,1-4H3,(H,21,22)"
O=C(OCc(c3)cc(O4)c(OC4)c3)c(c1)cc(O2)c(OC2)c1,"InChI=1S/C16H12O6/c17-16(11-2-4-13-15(6-11)22-9-20-13)18-7-10-1-3-12-14(5-10)21-8-19-12/h1-6H,7-9H2"
CC(C)CCCC(C)CCCC(C)CCCC(C)(O)C=C,"InChI=1S/C20H40O/c1-7-20(6,21)16-10-15-19(5)14-9-13-18(4)12-8-11-17(2)3/h7,17-19,21H,1,8-16H2,2-6H3"
CC(=C)C(=O)OCCCCCCCCCOC(=O)C(C)=C,"InChI=1S/C17H28O4/c1-14(2)16(18)20-12-10-8-6-5-7-9-11-13-21-17(19)15(3)4/h1,3,5-13H2,2,4H3"
CCCCCCc(c1)c(O)cc(O2)c(CCC(C)(CCO)2)1,"InChI=1S/C18H28O3/c1-3-4-5-6-7-14-12-15-8-9-18(2,10-11-19)21-17(15)13-16(14)20/h12-13,19-20H,3-11H2,1-2H3"
OCC=C(C)CCC=C(C)CCC=C(C)CCC=C(C)C,"InChI=1S/C20H34O/c1-17(2)9-6-10-18(3)11-7-12-19(4)13-8-14-20(5)15-16-21/h9,11,13,15,21H,6-8,10,12,14,16H2,1-5H3/b18-11+,19-13+,20-15+"
CC(C)=CCCC(C)=CCCC(C)=CCCC(C)(O)C=C,"InChI=1S/C20H34O/c1-7-20(6,21)16-10-15-19(5)14-9-13-18(4)12-8-11-17(2)3/h7,11,13,15,21H,1,8-10,12,14,16H2,2-6H3/b18-13+,19-15+"
CCOC(=O)C=CC=C(C)CCC=C(C)CCC=C(C)C,"InChI=1S/C19H30O2/c1-6-21-19(20)15-9-14-18(5)13-8-12-17(4)11-7-10-16(2)3/h9-10,12,14-15H,6-8,11,13H2,1-5H3/b15-9+,17-12+,18-14+"
COC(=O)CCC=C(C)CCC(=O)OCc(c1)cccc1,"InChI=1S/C17H22O4/c1-14(7-6-10-16(18)20-2)11-12-17(19)21-13-15-8-4-3-5-9-15/h3-5,7-9H,6,10-13H2,1-2H3/b14-7+"
CCOC(=O)C(C)CC(C)(C(=O)OCC)C(=O)OCC,"InChI=1S/C14H24O6/c1-6-18-11(15)10(4)9-14(5,12(16)19-7-2)13(17)20-8-3/h10H,6-9H2,1-5H3"
CC(C)CCCC(C)CCCC(C)(O)C(O)CN(C)C,"InChI=1S/C17H37NO2/c1-14(2)9-7-10-15(3)11-8-12-17(4,20)16(19)13-18(5)6/h14-16,19-20H,7-13H2,1-6H3"
CC(=C)C(=O)OCCOCCOCCOC(=O)C(C)=C,"InChI=1S/C14H22O6/c1-11(2)13(15)19-9-7-17-5-6-18-8-10-20-14(16)12(3)4/h1,3,5-10H2,2,4H3"
CC(=O)Nc(c2)ccc(c2)Oc(c1)ccc(OC(C)=O)c1,"InChI=1S/C16H15NO4/c1-11(18)17-13-3-5-15(6-4-13)21-16-9-7-14(8-10-16)20-12(2)19/h3-10H,1-2H3,(H,17,18)"
O=C(C4)C=C(C=3)C(C)(C4)C([H])(C2)C([H])(C3)C([H])(C1)C(C)(C2)C(=O)C1,"InChI=1S/C19H24O2/c1-18-9-7-13(20)11-12(18)3-4-14-15-5-6-17(21)19(15,2)10-8-16(14)18/h3-4,11,14-16H,5-10H2,1-2H3/t14-,15-,16-,18-,19-/m0/s1"
C=CC(=C)CCCC(C)CCCC(C)CCCC(C)C,"InChI=1S/C20H38/c1-7-18(4)12-9-14-20(6)16-10-15-19(5)13-8-11-17(2)3/h7,17,19-20H,1,4,8-16H2,2-3,5-6H3"
CCOCCC(C)(C2)Oc(c(C)1)c(C2)c(C)c(O)c(C)1,"InChI=1S/C17H26O3/c1-6-19-10-9-17(5)8-7-14-13(4)15(18)11(2)12(3)16(14)20-17/h18H,6-10H2,1-5H3"
CC(=O)OCCC(C)(C2)Oc(c1)c(C2)c(C)c(O)c(C)1,"InChI=1S/C16H22O4/c1-10-9-14-13(11(2)15(10)18)5-6-16(4,20-14)7-8-19-12(3)17/h9,18H,5-8H2,1-4H3"
CC(=O)OCCC(C)=CCc(c(OC)1)c(OC)ccc1,"InChI=1S/C16H22O4/c1-12(10-11-20-13(2)17)8-9-14-15(18-3)6-5-7-16(14)19-4/h5-8H,9-11H2,1-4H3/b12-8+"
CC(C1)=C(CS(=O)(=O)c(c2)cccc2)C(C)(C)CC1,"InChI=1S/C16H22O2S/c1-13-8-7-11-16(2,3)15(13)12-19(17,18)14-9-5-4-6-10-14/h4-6,9-10H,7-8,11-12H2,1-3H3"
CC(C)=CCCC(C)=CCS(=O)(=O)c(c1)cccc1,"InChI=1S/C16H22O2S/c1-14(2)8-7-9-15(3)12-13-19(17,18)16-10-5-4-6-11-16/h4-6,8,10-12H,7,9,13H2,1-3H3/b15-12+"
c(c3)ccc(c3)P(=O)(c(c2)cccc2)c(c1)cccc1,"InChI=1S/C18H15OP/c19-20(16-10-4-1-5-11-16,17-12-6-2-7-13-17)18-14-8-3-9-15-18/h1-15H"
CC(=O)OCC=C(C)CCC(=O)OCc(c1)cccc1,"InChI=1S/C16H20O4/c1-13(10-11-19-14(2)17)8-9-16(18)20-12-15-6-4-3-5-7-15/h3-7,10H,8-9,11-12H2,1-2H3/b13-10+"
O=C(Oc(c2)c(Cl)cc(Cl)c(O)2)N(C1)CCC1,"InChI=1S/C11H11Cl2NO3/c12-7-5-8(13)10(6-9(7)15)17-11(16)14-3-1-2-4-14/h5-6,15H,1-4H2"
CCCCCCc(c1)c(O)cc(O2)c(CCC(C)(C=C)2)1,"InChI=1S/C18H26O2/c1-4-6-7-8-9-14-12-15-10-11-18(3,5-2)20-17(15)13-16(14)19/h5,12-13,19H,2,4,6-11H2,1,3H3"
C#CCOc(c(Cl)1)c(Cl)c(O)c(C(=O)OC)c1,"InChI=1S/C11H8Cl2O4/c1-3-4-17-10-7(12)5-6(11(15)16-2)9(14)8(10)13/h1,5,14H,4H2,2H3"
CC(C)CCCC(C)CCCC(C)(O)C(NC)CO,"InChI=1S/C16H35NO2/c1-13(2)8-6-9-14(3)10-7-11-16(4,19)15(12-18)17-5/h13-15,17-19H,6-12H2,1-5H3"
C=CC(=C)CCC=C(C)CCC=C(C)CCC=C(C)C,"InChI=1S/C20H32/c1-7-18(4)12-9-14-20(6)16-10-15-19(5)13-8-11-17(2)3/h7,11,14-15H,1,4,8-10,12-13,16H2,2-3,5-6H3/b19-15+,20-14+"
CCC(C)(C1)c(c2)c(cc(C(C)3)c(C(C)CO3)2)C(C)(C)1,"InChI=1S/C19H28O/c1-7-19(6)11-18(4,5)16-9-15-13(3)20-10-12(2)14(15)8-17(16)19/h8-9,12-13H,7,10-11H2,1-6H3"
CC(=O)Oc(c2)ccc(c2)Oc(c1)ccc(C(O)=O)c1,"InChI=1S/C15H12O5/c1-10(16)19-12-6-8-14(9-7-12)20-13-4-2-11(3-5-13)15(17)18/h2-9H,1H3,(H,17,18)"
CC(=O)Oc(c2)cc(cc2)Oc(c1)ccc(C(O)=O)c1,"InChI=1S/C15H12O5/c1-10(16)19-13-3-2-4-14(9-13)20-12-7-5-11(6-8-12)15(17)18/h2-9H,1H3,(H,17,18)"
CC(C)CCCC(C)CCCC(C)CCCC(C)=O,"InChI=1S/C18H36O/c1-15(2)9-6-10-16(3)11-7-12-17(4)13-8-14-18(5)19/h15-17H,6-14H2,1-5H3"
CCOC(=O)CC(C)CCCC(C)CCC=C(C)C,"InChI=1S/C17H32O2/c1-6-19-17(18)13-16(5)12-8-11-15(4)10-7-9-14(2)3/h9,15-16H,6-8,10-13H2,1-5H3"
COC(=O)c(c2)c(ccc2)NN=C(C)c(c1)cccc1,"InChI=1S/C16H16N2O2/c1-12(13-8-4-3-5-9-13)17-18-15-11-7-6-10-14(15)16(19)20-2/h3-11,18H,1-2H3/b17-12-"
CC(C)CCCC(C)CCC(CC)C(C)C,"InChI=1S/C16H34/c1-7-16(14(4)5)12-11-15(6)10-8-9-13(2)3/h13-16H,7-12H2,1-6H3"
CC(C)=CCCC(C)=C([H])CCCOC(C)=O,"InChI=1S/C14H24O2/c1-12(2)8-7-10-13(3)9-5-6-11-16-14(4)15/h8-9H,5-7,10-11H2,1-4H3/b13-9+"
CC(N2)CN(CC2)C(=C)N(C1)CC(C)NC1,"InChI=1S/C12H24N4/c1-10-8-15(6-4-13-10)12(3)16-7-5-14-11(2)9-16/h10-11,13-14H,3-9H2,1-2H3"
Oc(c1)cc(N=CC=Cc(c2)cccc2)cc1,"InChI=1S/C15H13NO/c17-15-10-4-9-14(12-15)16-11-5-8-13-6-2-1-3-7-13/h1-12,17H/b8-5?,16-11-"
COC(=O)C(C(C=C(Cl)Cl)1)C(C)(C)1,"InChI=1S/C9H12Cl2O2/c1-9(2)5(4-6(10)11)7(9)8(12)13-3/h4-5,7H,1-3H3"
CCCCCC=CC=CC(=O)N(C1)CCC1,"InChI=1S/C14H23NO/c1-2-3-4-5-6-7-8-11-14(16)15-12-9-10-13-15/h6-8,11H,2-5,9-10,12-13H2,1H3/b7-6+,11-8+"
COC(=O)C(NC(C)=O)Cc(c1)cccc1,"InChI=1S/C12H15NO3/c1-9(14)13-11(12(15)16-2)8-10-6-4-3-5-7-10/h3-7,11H,8H2,1-2H3,(H,13,14)"
O=CCC=C(C)CCC=C(C)CCC=C(C)C,"InChI=1S/C16H26O/c1-14(2)8-5-9-15(3)10-6-11-16(4)12-7-13-17/h8,10,12-13H,5-7,9,11H2,1-4H3/b15-10+,16-12+"
Oc(c(C)1)c(C)c(C2)c(OC(C)(C)C2)c(C)1,"InChI=1S/C14H20O2/c1-8-9(2)13-11(10(3)12(8)15)6-7-14(4,5)16-13/h15H,6-7H2,1-5H3"
COC(=O)C(C)=Cc(c1)cc(O2)c(OC2)c1,"InChI=1S/C12H12O4/c1-8(12(13)14-2)5-9-3-4-10-11(6-9)16-7-15-10/h3-6H,7H2,1-2H3/b8-5+"
CC(=O)OCC(=C)CC(Cl)OC(C)=O,"InChI=1S/C9H13ClO4/c1-6(5-13-7(2)11)4-9(10)14-8(3)12/h9H,1,4-5H2,2-3H3"
Cc(c1)cc(N=Nc(n2)scc2)c(O)c1,"InChI=1S/C10H9N3OS/c1-7-2-3-9(14)8(6-7)12-13-10-11-4-5-15-10/h2-6,14H,1H3/b13-12+"
COC(=O)c(c1)c(Cl)c(N)cc(Cl)1,"InChI=1S/C8H7Cl2NO2/c1-13-8(12)5-2-4(9)3-6(11)7(5)10/h2-3H,11H2,1H3"
CC(C)=CCC(CC)(CO)c(c1)cccc1,"InChI=1S/C15H22O/c1-4-15(12-16,11-10-13(2)3)14-8-6-5-7-9-14/h5-10,16H,4,11-12H2,1-3H3"
CC(C)=CCC(C)(C)C(O)c(c1)cccc1,"InChI=1S/C15H22O/c1-12(2)10-11-15(3,4)14(16)13-8-6-5-7-9-13/h5-10,14,16H,11H2,1-4H3"
CC(C)=CCCC(C)CCBr,"InChI=1S/C10H19Br/c1-9(2)5-4-6-10(3)7-8-11/h5,10H,4,6-8H2,1-3H3"
N#CC=C(C)CCC=C(C)CCC=C(C)C,"InChI=1S/C15H23N/c1-13(2)7-5-8-14(3)9-6-10-15(4)11-12-16/h7,9,11H,5-6,8,10H2,1-4H3/b14-9+,15-11+"
C=CC(O)(C2)CCN(C2)Cc(c1)cccc1,"InChI=1S/C14H19NO/c1-2-14(16)8-10-15(11-9-14)12-13-6-4-3-5-7-13/h2-7,16H,1,8-12H2"
OCCC(C)CCOC(O1)CC(C)CC1,"InChI=1S/C12H24O3/c1-10(3-6-13)4-7-14-12-9-11(2)5-8-15-12/h10-13H,3-9H2,1-2H3"
CC(CCOC(C1)OCCC1)C(C)(C)O,"InChI=1S/C12H24O3/c1-10(12(2,3)13)7-9-15-11-6-4-5-8-14-11/h10-11,13H,4-9H2,1-3H3"
COC(=O)CCCCCCCC(=O)OC,"InChI=1S/C11H20O4/c1-14-10(12)8-6-4-3-5-7-9-11(13)15-2/h3-9H2,1-2H3"
CCCC(C)(CC=C(C)C)C(OC)OC,"InChI=1S/C13H26O2/c1-7-9-13(4,10-8-11(2)3)12(14-5)15-6/h8,12H,7,9-10H2,1-6H3"
O=CCC(C)CCOC(O1)CC(C)CC1,"InChI=1S/C12H22O3/c1-10(3-6-13)4-7-14-12-9-11(2)5-8-15-12/h6,10-12H,3-5,7-9H2,1-2H3"
CCC(O)CCC(C)=CCCC(=O)OC,"InChI=1S/C12H22O3/c1-4-11(13)9-8-10(2)6-5-7-12(14)15-3/h6,11,13H,4-5,7-9H2,1-3H3/b10-6+"
O=CCCCCCCCCCOC(C)=O,"InChI=1S/C12H22O3/c1-12(14)15-11-9-7-5-3-2-4-6-8-10-13/h10H,2-9,11H2,1H3"
COC(=O)CC(O)(C=C)CC(C)(O)C=C,"InChI=1S/C11H18O4/c1-5-10(3,13)8-11(14,6-2)7-9(12)15-4/h5-6,13-14H,1-2,7-8H2,3-4H3"
BrCCCCBr,InChI=1S/C4H8Br2/c5-3-1-2-4-6/h1-4H2
CCC(=O)CCC(C)=CCCC(=O)OC,"InChI=1S/C12H20O3/c1-4-11(13)9-8-10(2)6-5-7-12(14)15-3/h6H,4-5,7-9H2,1-3H3/b10-6+"
OCC(C)=CCCC(C)=CCOC(C)=O,"InChI=1S/C12H20O3/c1-10(7-8-15-12(3)14)5-4-6-11(2)9-13/h6-7,13H,4-5,8-9H2,1-3H3/b10-7+,11-6+"
CC(=O)OCC=C(C)CCC(O)C(C)=C,"InChI=1S/C12H20O3/c1-9(2)12(14)6-5-10(3)7-8-15-11(4)13/h7,12,14H,1,5-6,8H2,2-4H3/b10-7+"
CCC(=O)CCC(=O)N(C1)CCN(C)C1,"InChI=1S/C11H20N2O2/c1-3-10(14)4-5-11(15)13-8-6-12(2)7-9-13/h3-9H2,1-2H3"
O=C(Cc(c2)cccc2)Cc(c1)cccc1,"InChI=1S/C15H14O/c16-15(11-13-7-3-1-4-8-13)12-14-9-5-2-6-10-14/h1-10H,11-12H2"
C=CCC(O)C(C)(CCC)CC=C(C)C,"InChI=1S/C14H26O/c1-6-8-13(15)14(5,10-7-2)11-9-12(3)4/h6,9,13,15H,1,7-8,10-11H2,2-5H3"
COC(=O)CCC=C(C)CCC=C(C)C,"InChI=1S/C13H22O2/c1-11(2)7-5-8-12(3)9-6-10-13(14)15-4/h7,9H,5-6,8,10H2,1-4H3/b12-9+"
O=CC(C)=CCCC(C)=CCOC(C)=O,"InChI=1S/C12H18O3/c1-10(7-8-15-12(3)14)5-4-6-11(2)9-13/h6-7,9H,4-5,8H2,1-3H3/b10-7+,11-6+"
CC(C)=CCN(CC=C(C)C)C(C)(C)C,"InChI=1S/C14H27N/c1-12(2)8-10-15(14(5,6)7)11-9-13(3)4/h8-9H,10-11H2,1-7H3"
C=CC(=C)CCCC(C)CCCC(C)C,"InChI=1S/C15H28/c1-6-14(4)10-8-12-15(5)11-7-9-13(2)3/h6,13,15H,1,4,7-12H2,2-3,5H3"
O=CC(C)CCC(=C(C)1)C(C)(C)CCC1,"InChI=1S/C14H24O/c1-11(10-15)7-8-13-12(2)6-5-9-14(13,3)4/h10-11H,5-9H2,1-4H3"
CC(=O)CC(=O)C(C1)C(C)=CC(C)(C)C1,"InChI=1S/C13H20O2/c1-9-8-13(3,4)6-5-11(9)12(15)7-10(2)14/h8,11H,5-7H2,1-4H3"
OCCC(C)(C1)Oc(c2)c(cc(O)c2)C1,"InChI=1S/C12H16O3/c1-12(6-7-13)5-4-9-8-10(14)2-3-11(9)15-12/h2-3,8,13-14H,4-7H2,1H3"
OCCC(C)(C2)Oc(c1)c(C2)c(O)cc1,"InChI=1S/C12H16O3/c1-12(7-8-13)6-5-9-10(14)3-2-4-11(9)15-12/h2-4,13-14H,5-8H2,1H3"
CCC(=O)OCc(c1)cc(O2)c(OC2)c1,"InChI=1S/C11H12O4/c1-2-11(12)13-6-8-3-4-9-10(5-8)15-7-14-9/h3-5H,2,6-7H2,1H3"
CC(=O)OCC=C(C)C=C(Cl)Cl,"InChI=1S/C8H10Cl2O2/c1-6(5-8(9)10)3-4-12-7(2)11/h3,5H,4H2,1-2H3/b6-3+"
O=CC(C)=CCC(=C(C)1)C(C)(C)CCC1,"InChI=1S/C14H22O/c1-11(10-15)7-8-13-12(2)6-5-9-14(13,3)4/h7,10H,5-6,8-9H2,1-4H3/b11-7+"
C(C2)CCC(C2)N=C=NC(C1)CCCC1,"InChI=1S/C13H22N2/c1-3-7-12(8-4-1)14-11-15-13-9-5-2-6-10-13/h12-13H,1-10H2"
Cc(c1)c(O)c(C)c(C2)c1OC(C)(C)C2,"InChI=1S/C13H18O2/c1-8-7-11-10(9(2)12(8)14)5-6-13(3,4)15-11/h7,14H,5-6H2,1-4H3"
OCCC(C)(C1)Oc(c2)c(cc(C)c2)C1,"InChI=1S/C13H18O2/c1-10-3-4-12-11(9-10)5-6-13(2,15-12)7-8-14/h3-4,9,14H,5-8H2,1-2H3"
O=C(C2)Oc(c(C)1)c(C2)c(C)c(O)c(C)1,"InChI=1S/C12H14O3/c1-6-7(2)12-9(8(3)11(6)14)4-5-10(13)15-12/h14H,4-5H2,1-3H3"
OC(=O)C(C)=Cc(c2)c(O1)c(cc2)OC1,"InChI=1S/C11H10O4/c1-7(11(12)13)5-8-3-2-4-9-10(8)15-6-14-9/h2-5H,6H2,1H3,(H,12,13)/b7-5-"
OCC(O)C(C)(O)CCCC(C)(C)O,"InChI=1S/C10H22O4/c1-9(2,13)5-4-6-10(3,14)8(12)7-11/h8,11-14H,4-7H2,1-3H3"
CC(C)=CCC(C)(CO)c(c1)cccc1,"InChI=1S/C14H20O/c1-12(2)9-10-14(3,11-15)13-7-5-4-6-8-13/h4-9,15H,10-11H2,1-3H3"
CC(=O)c(c1)cc(C(C)=O)cc(C(C)=O)1,"InChI=1S/C12H12O3/c1-7(13)10-4-11(8(2)14)6-12(5-10)9(3)15/h4-6H,1-3H3"
CCOC(C)OCC=C(C)C=CCl,"InChI=1S/C10H17ClO2/c1-4-12-10(3)13-8-6-9(2)5-7-11/h5-7,10H,4,8H2,1-3H3/b7-5+,9-6+"
NC(=O)Nc(c1)cc(Cl)c(Cl)c1,"InChI=1S/C7H6Cl2N2O/c8-5-2-1-4(3-6(5)9)11-7(10)12/h1-3H,(H3,10,11,12)"
C=COCC=CCCCc(c1)cccc1,"InChI=1S/C14H18O/c1-2-15-13-9-4-3-6-10-14-11-7-5-8-12-14/h2,4-5,7-9,11-12H,1,3,6,10,13H2/b9-4+"
CC(C)CCCC(C)CCCC(C)O,"InChI=1S/C13H28O/c1-11(2)7-5-8-12(3)9-6-10-13(4)14/h11-14H,5-10H2,1-4H3"
CCNS(=O)(=O)c(c1)ccc(C)c1,"InChI=1S/C9H13NO2S/c1-3-10-13(11,12)9-6-4-8(2)5-7-9/h4-7,10H,3H2,1-2H3"
OC(Cc(c2)cccc2)c(c1)cccc1,"InChI=1S/C14H14O/c15-14(13-9-5-2-6-10-13)11-12-7-3-1-4-8-12/h1-10,14-15H,11H2"
COC(=O)C(Cl)Cc(c1)cccc1,"InChI=1S/C10H11ClO2/c1-13-10(12)9(11)7-8-5-3-2-4-6-8/h2-6,9H,7H2,1H3"
COC(OC)C(Cl)C(=C)CCl,"InChI=1S/C7H12Cl2O2/c1-5(4-8)6(9)7(10-2)11-3/h6-7H,1,4H2,2-3H3"
CC(C)=CCCC(C)=CCOC(C)=O,"InChI=1S/C12H20O2/c1-10(2)6-5-7-11(3)8-9-14-12(4)13/h6,8H,5,7,9H2,1-4H3/b11-8+"
CCOC(=O)C([H])=C(C)CCC=C(C)C,"InChI=1S/C12H20O2/c1-5-14-12(13)9-11(4)8-6-7-10(2)3/h7,9H,5-6,8H2,1-4H3/b11-9+"
OC(=O)c(c(C)1)c(O)c(C)c(C)c(O)1,"InChI=1S/C10H12O4/c1-4-5(2)9(12)7(10(13)14)6(3)8(4)11/h11-12H,1-3H3,(H,13,14)"
COC(=O)C(Cl)=Cc(c1)cccc1,"InChI=1S/C10H9ClO2/c1-13-10(12)9(11)7-8-5-3-2-4-6-8/h2-7H,1H3/b9-7-"
CC(=O)OCC(Cl)C(=C)CCl,"InChI=1S/C7H10Cl2O2/c1-5(3-8)7(9)4-11-6(2)10/h7H,1,3-4H2,2H3"
CCCCCCc(c1)c(O)cc(O)c1,"InChI=1S/C12H18O2/c1-2-3-4-5-6-10-7-8-11(13)9-12(10)14/h7-9,13-14H,2-6H2,1H3"
CC(=O)c(c(C)1)c(O)c(C)c(C)c(O)1,"InChI=1S/C11H14O3/c1-5-6(2)11(14)9(8(4)12)7(3)10(5)13/h13-14H,1-4H3"
C1=CC=C(C=C1)C2=CC3=CC=CC=C3N2,"InChI=1S/C14H11N/c1-2-6-11(7-3-1)14-10-12-8-4-5-9-13(12)15-14/h1-10,15H"
OCC(C)=CCOCc(c1)cccc1,"InChI=1S/C12H16O2/c1-11(9-13)7-8-14-10-12-5-3-2-4-6-12/h2-7,13H,8-10H2,1H3/b11-7+"
CC(=C)C=CC=C(C)C=COC(C)=O,"InChI=1S/C12H16O2/c1-10(2)6-5-7-11(3)8-9-14-12(4)13/h5-9H,1H2,2-4H3/b6-5+,9-8+,11-7+"
CC(=C)C(O)COCc(c1)cccc1,"InChI=1S/C12H16O2/c1-10(2)12(13)9-14-8-11-6-4-3-5-7-11/h3-7,12-13H,1,8-9H2,2H3"
O=C(OC(C)(C)C)Cc(c1)cccc1,"InChI=1S/C12H16O2/c1-12(2,3)14-11(13)9-10-7-5-4-6-8-10/h4-8H,9H2,1-3H3"
COC(=O)C(=O)CCc(c1)cccc1,"InChI=1S/C11H12O3/c1-14-11(13)10(12)8-7-9-5-3-2-4-6-9/h2-6H,7-8H2,1H3"
COC(=O)C(O1)C(Cc(c2)cccc2)1,"InChI=1S/C11H12O3/c1-13-11(12)10-9(14-10)7-8-5-3-2-4-6-8/h2-6,9-10H,7H2,1H3"
COC(=O)CC(=O)Cc(c1)cccc1,"InChI=1S/C11H12O3/c1-14-11(13)8-10(12)7-9-5-3-2-4-6-9/h2-6H,7-8H2,1H3"
CCNc(n1)nc(Cl)nc(Cl)1,"InChI=1S/C5H6Cl2N4/c1-2-8-5-10-3(6)9-4(7)11-5/h2H2,1H3,(H,8,9,10,11)"
O=CC(C)c(c1)ccc(c1)C(C)(C)C,"InChI=1S/C13H18O/c1-10(9-14)11-5-7-12(8-6-11)13(2,3)4/h5-10H,1-4H3"
O=CC(C)=CCOCc(c1)cccc1,"InChI=1S/C12H14O2/c1-11(9-13)7-8-14-10-12-5-3-2-4-6-12/h2-7,9H,8,10H2,1H3/b11-7+"
CC(=C)C(C2)OC(O2)c(c1)cccc1,"InChI=1S/C12H14O2/c1-9(2)11-8-13-12(14-11)10-6-4-3-5-7-10/h3-7,11-12H,1,8H2,2H3"
CC(=C)C(=O)COCc(c1)cccc1,"InChI=1S/C12H14O2/c1-10(2)12(13)9-14-8-11-6-4-3-5-7-11/h3-7H,1,8-9H2,2H3"
COC(=O)C(=O)C=Cc(c1)cccc1,"InChI=1S/C11H10O3/c1-14-11(13)10(12)8-7-9-5-3-2-4-6-9/h2-8H,1H3/b8-7+"
OCCC(C)(C)OCCC(C)(C)O,"InChI=1S/C10H22O3/c1-9(2,12)6-8-13-10(3,4)5-7-11/h11-12H,5-8H2,1-4H3"
CC(C)CCCC(C)(O)C(O)CO,"InChI=1S/C10H22O3/c1-8(2)5-4-6-10(3,13)9(12)7-11/h8-9,11-13H,4-7H2,1-3H3"
CCCCC(OC)C(Cl)C(C)=C,"InChI=1S/C10H19ClO/c1-5-6-7-9(12-4)10(11)8(2)3/h9-10H,2,5-7H2,1,3-4H3"
ClCS(=O)(=O)c(c1)cccc1,"InChI=1S/C7H7ClO2S/c8-6-11(9,10)7-4-2-1-3-5-7/h1-5H,6H2"
c(c2)cc(c(c2)1)C(C)(C)C(C)C(C)(C)1,"InChI=1S/C14H20/c1-10-13(2,3)11-8-6-7-9-12(11)14(10,4)5/h6-10H,1-5H3"
CC=CCC(C)(C=O)c(c1)cccc1,"InChI=1S/C13H16O/c1-3-4-10-13(2,11-14)12-8-6-5-7-9-12/h3-9,11H,10H2,1-2H3/b4-3+"
OC(=O)c(c2)cc(c1)c(c2)cc(O)c1,"InChI=1S/C11H8O3/c12-10-4-3-7-5-9(11(13)14)2-1-8(7)6-10/h1-6,12H,(H,13,14)"
CCOC(=O)C(C)(C)C(=O)OCC,"InChI=1S/C9H16O4/c1-5-12-7(10)9(3,4)8(11)13-6-2/h5-6H2,1-4H3"
OCC(N)C(C)(O)CCC=C(C)C,"InChI=1S/C10H21NO2/c1-8(2)5-4-6-10(3,13)9(11)7-12/h5,9,12-13H,4,6-7,11H2,1-3H3"
O=CCCCCCCCC(=O)OC,"InChI=1S/C10H18O3/c1-13-10(12)8-6-4-2-3-5-7-9-11/h9H,2-8H2,1H3"
O=CC=C(C)CCC(Cl)C(C)=C,"InChI=1S/C10H15ClO/c1-8(2)10(11)5-4-9(3)6-7-12/h6-7,10H,1,4-5H2,2-3H3/b9-6+"
CCCCCCC(O)CC(C)C=C,"InChI=1S/C12H24O/c1-4-6-7-8-9-12(13)10-11(3)5-2/h5,11-13H,2,4,6-10H2,1,3H3"
C=CC(O)(C1)CC(C)(C)NC(C)(C)1,"InChI=1S/C11H21NO/c1-6-11(13)7-9(2,3)12-10(4,5)8-11/h6,12-13H,1,7-8H2,2-5H3"
CC(C)=CCOC(O1)CC(C)=CC1,"InChI=1S/C11H18O2/c1-9(2)4-6-12-11-8-10(3)5-7-13-11/h4-5,11H,6-8H2,1-3H3"
OC(C2)C(CCC2)C(C1)CCCC1,"InChI=1S/C12H22O/c13-12-9-5-4-8-11(12)10-6-2-1-3-7-10/h10-13H,1-9H2"
CCC(=O)C(C1)=C(C)OC(C)(C)C1,"InChI=1S/C11H18O2/c1-5-10(12)9-6-7-11(3,4)13-8(9)2/h5-7H2,1-4H3"
COC(=O)C(Cl)C(=C)CCl,"InChI=1S/C6H8Cl2O2/c1-4(3-7)5(8)6(9)10-2/h5H,1,3H2,2H3"
C=CCCCC=CCN(CC)CC,"InChI=1S/C12H23N/c1-4-7-8-9-10-11-12-13(5-2)6-3/h4,10-11H,1,5-9,12H2,2-3H3/b11-10+"
C=COC(C1)C(C)(C2)C(C)(C)C(C2)1,"InChI=1S/C12H20O/c1-5-13-10-8-9-6-7-12(10,4)11(9,2)3/h5,9-10H,1,6-8H2,2-4H3"
c(c2)ccc(c2)C=Cc(c1)cccc1,InChI=1S/C14H12/c1-3-7-13(8-4-1)11-12-14-9-5-2-6-10-14/h1-12H/b12-11+
CC(=O)OCCOc(c1)cccc1,"InChI=1S/C10H12O3/c1-9(11)12-7-8-13-10-5-3-2-4-6-10/h2-6H,7-8H2,1H3"
COC(=O)c(c1)cc(O2)c(OC2)c1,"InChI=1S/C9H8O4/c1-11-9(10)6-2-3-7-8(4-6)13-5-12-7/h2-4H,5H2,1H3"
CC(=O)OCC(Cl)C(C)(C)O,"InChI=1S/C7H13ClO3/c1-5(9)11-4-6(8)7(2,3)10/h6,10H,4H2,1-3H3"
CC(=O)OCCC(C)(O)CCl,"InChI=1S/C7H13ClO3/c1-6(9)11-4-3-7(2,10)5-8/h10H,3-5H2,1-2H3"
C[Sn](C)(C)C,InChI=1S/4CH3.Sn/h4*1H3
C#CC(=O)CC(C)CCC=C(C)C,"InChI=1S/C12H18O/c1-5-12(13)9-11(4)8-6-7-10(2)3/h1,7,11H,6,8-9H2,2-4H3"
CC(C)COC(=O)c(c1)cccc1,"InChI=1S/C11H14O2/c1-9(2)8-13-11(12)10-6-4-3-5-7-10/h3-7,9H,8H2,1-2H3"
OC(C2)C(CCC2)c(c1)cccc1,"InChI=1S/C12H16O/c13-12-9-5-4-8-11(12)10-6-2-1-3-7-10/h1-3,6-7,11-13H,4-5,8-9H2"
CC(=C)C=COCc(c1)cccc1,"InChI=1S/C12H14O/c1-11(2)8-9-13-10-12-6-4-3-5-7-12/h3-9H,1,10H2,2H3/b9-8+"
CC(C)COC(C)OCC(C)C,"InChI=1S/C10H22O2/c1-8(2)6-11-10(5)12-7-9(3)4/h8-10H,6-7H2,1-5H3"
OCCCCCCCCCCO,"InChI=1S/C10H22O2/c11-9-7-5-3-1-2-4-6-8-10-12/h11-12H,1-10H2"
OCCOCCOC(=O)C(C)=C,"InChI=1S/C8H14O4/c1-7(2)8(10)12-6-5-11-4-3-9/h9H,1,3-6H2,2H3"
CCOC(=O)C(C)C(=O)OCC,"InChI=1S/C8H14O4/c1-4-11-7(9)6(3)8(10)12-5-2/h6H,4-5H2,1-3H3"
N#CC(C)C(CC)c(c1)cccc1,"InChI=1S/C12H15N/c1-3-12(10(2)9-13)11-7-5-4-6-8-11/h4-8,10,12H,3H2,1-2H3"
OCCCC(C)CCCC(C)C,"InChI=1S/C11H24O/c1-10(2)6-4-7-11(3)8-5-9-12/h10-12H,4-9H2,1-3H3"
CC(C)=CCOCCC(C)(C)O,"InChI=1S/C10H20O2/c1-9(2)5-7-12-8-6-10(3,4)11/h5,11H,6-8H2,1-4H3"
CC(C)CCOC(C1)OCCC1,"InChI=1S/C10H20O2/c1-9(2)6-8-12-10-5-3-4-7-11-10/h9-10H,3-8H2,1-2H3"
CCOC(=O)CN(C1)C(=O)CC1,"InChI=1S/C8H13NO3/c1-2-12-8(11)6-9-5-3-4-7(9)10/h2-6H2,1H3"
C=CCC(C)(O)CCCC(C)C,"InChI=1S/C11H22O/c1-5-8-11(4,12)9-6-7-10(2)3/h5,10,12H,1,6-9H2,2-4H3"
C=CC(C)(C1)OC(C1)C(C)(C)O,"InChI=1S/C10H18O2/c1-5-10(4)7-6-8(12-10)9(2,3)11/h5,8,11H,1,6-7H2,2-4H3"
CC(C)=CCCC(C)(O)C(C1)O1,"InChI=1S/C10H18O2/c1-8(2)5-4-6-10(3,11)9-7-12-9/h5,9,11H,4,6-7H2,1-3H3"
CC(C)=CCCC(C)(O1)C(CO)1,"InChI=1S/C10H18O2/c1-8(2)5-4-6-10(3)9(7-11)12-10/h5,9,11H,4,6-7H2,1-3H3"
CCCCC(OC)C=C(C)C=O,"InChI=1S/C10H18O2/c1-4-5-6-10(12-3)7-9(2)8-11/h7-8,10H,4-6H2,1-3H3/b9-7+"
CCOC(C)OCC=C(C)C=C,"InChI=1S/C10H18O2/c1-5-9(3)7-8-12-10(4)11-6-2/h5,7,10H,1,6,8H2,2-4H3/b9-7+"
C=CC(C)=CCC(Cl)C(C)=C,"InChI=1S/C10H15Cl/c1-5-9(4)6-7-10(11)8(2)3/h5-6,10H,1-2,7H2,3-4H3/b9-6+"
CC(C)=CCC(=C(C)C)C(C)O,"InChI=1S/C11H20O/c1-8(2)6-7-11(9(3)4)10(5)12/h6,10,12H,7H2,1-5H3"
CC(C)=CC(C(C(O)=O)1)C(C)(C)1,"InChI=1S/C10H16O2/c1-6(2)5-7-8(9(11)12)10(7,3)4/h5,7-8H,1-4H3,(H,11,12)"
CC(=O)C(C1)=C(C)OC(C)(C)C1,"InChI=1S/C10H16O2/c1-7(11)9-5-6-10(3,4)12-8(9)2/h5-6H2,1-4H3"
CC(C)=CCCC(C)=CC(O)=O,"InChI=1S/C10H16O2/c1-8(2)5-4-6-9(3)7-10(11)12/h5,7H,4,6H2,1-3H3,(H,11,12)/b9-7+"
CCOC(C)OCC=C(C)C#C,"InChI=1S/C10H16O2/c1-5-9(3)7-8-12-10(4)11-6-2/h1,7,10H,6,8H2,2-4H3/b9-7+"
O=C(C(O)1)C(C2)C(C)(C)C(C)(C2)1,"InChI=1S/C10H16O2/c1-9(2)6-4-5-10(9,3)8(12)7(6)11/h6,8,12H,4-5H2,1-3H3"
OCC(O)COc(c1)cccc1,"InChI=1S/C9H12O3/c10-6-8(11)7-12-9-4-2-1-3-5-9/h1-5,8,10-11H,6-7H2"
CC(C)=CCC(=C(C)C)C(C)=O,"InChI=1S/C11H18O/c1-8(2)6-7-11(9(3)4)10(5)12/h6H,7H2,1-5H3"
O=C(C(=O)1)C(C2)C(C)(C)C(C)(C2)1,"InChI=1S/C10H14O2/c1-9(2)6-4-5-10(9,3)8(12)7(6)11/h6H,4-5H2,1-3H3"
COC(=O)CCc(c1)cccc1,"InChI=1S/C10H12O2/c1-12-10(11)8-7-9-5-3-2-4-6-9/h2-6H,7-8H2,1H3"
COC(OC)C(Cl)C(C)=C,"InChI=1S/C7H13ClO2/c1-5(2)6(8)7(9-3)10-4/h6-7H,1H2,2-4H3"
CC(C1)(O1)CCBr,"InChI=1S/C5H9BrO/c1-5(2-3-6)4-7-5/h2-4H2,1H3"
CC(=CCOc(c1)cc(O2)c(C=CC(=O)2)c1)C(=O)C#CC(C)(C)O,"InChI=1S/C19H18O5/c1-13(16(20)8-10-19(2,3)22)9-11-23-15-6-4-14-5-7-18(21)24-17(14)12-15/h4-7,9,12,22H,11H2,1-3H3/b13-9+"
O=CC(C)=CCOc(c1)cc(O2)c(C=CC(=O)2)c1,"InChI=1S/C14H12O4/c1-10(9-15)6-7-17-12-4-2-11-3-5-14(16)18-13(11)8-12/h2-6,8-9H,7H2,1H3/b10-6+"
CCC(O)C(C(C)=C)C[Si](C)(C)C,"InChI=1S/C11H24OSi/c1-7-11(12)10(9(2)3)8-13(4,5)6/h10-12H,2,7-8H2,1,3-6H3"
Oc(c1)c(Br)cc(O)c1CC([H])(C(=C)2)C(C)(C)C([H])(Br)CC2,"InChI=1S/C16H20Br2O2/c1-9-4-5-15(18)16(2,3)11(9)6-10-7-14(20)12(17)8-13(10)19/h7-8,11,15,19-20H,1,4-6H2,2-3H3/t11-,15+/m0/s1"
O=C(C=3)Oc(c1)c(C3)ccc(OCC=C(C)C(=C2)OC(C)(C)C(=O)2)1,"InChI=1S/C19H18O5/c1-12(15-11-17(20)19(2,3)24-15)8-9-22-14-6-4-13-5-7-18(21)23-16(13)10-14/h4-8,10-11H,9H2,1-3H3/b12-8+"
C(C1)C1,InChI=1S/C3H6/c1-2-3-1/h1-3H2
CCOC(=O)C(C1)C(=O)CC(C(=O)OCC)C(=O)1,"InChI=1S/C12H16O6/c1-3-17-11(15)7-5-10(14)8(6-9(7)13)12(16)18-4-2/h7-8H,3-6H2,1-2H3"
COCC([H])(O1)C([H])(OC)C([H])(OC)C([H])(OC)C([H])(OC)1,"InChI=1S/C11H22O6/c1-12-6-7-8(13-2)9(14-3)10(15-4)11(16-5)17-7/h7-11H,6H2,1-5H3"
COCC([H])(O1)C([H])(OC)C([H])(OC)C([H])(OC)1,"InChI=1S/C9H18O5/c1-10-5-6-7(11-2)8(12-3)9(13-4)14-6/h6-9H,5H2,1-4H3"
O(C)CC1OC(OC)C(OC)C1OC,"InChI=1S/C9H18O5/c1-10-5-6-7(11-2)8(12-3)9(13-4)14-6/h6-9H,5H2,1-4H3"
CCOC(=O)c(c1)cc(C)c(C(N)=O)c(C)1,"InChI=1S/C12H15NO3/c1-4-16-12(15)9-5-7(2)10(11(13)14)8(3)6-9/h5-6H,4H2,1-3H3,(H2,13,14)"
Cc(c2)ccc(c2)COC(=O)c(c1)cccc1,"InChI=1S/C15H14O2/c1-12-7-9-13(10-8-12)11-17-15(16)14-5-3-2-4-6-14/h2-10H,11H2,1H3"
CSc(c1)ccc(COC(=O)c(c2)cccc2)c1,"InChI=1S/C15H14O2S/c1-18-14-9-7-12(8-10-14)11-17-15(16)13-5-3-2-4-6-13/h2-10H,11H2,1H3"
Fc(c2)ccc(c2)COC(=O)c(c1)cccc1,"InChI=1S/C14H11FO2/c15-13-8-6-11(7-9-13)10-17-14(16)12-4-2-1-3-5-12/h1-9H,10H2"
Cc(c2)cc(cc2)COC(=O)c(c1)cccc1,"InChI=1S/C15H14O2/c1-12-6-5-7-13(10-12)11-17-15(16)14-8-3-2-4-9-14/h2-10H,11H2,1H3"
CSc(c2)cc(cc2)COC(=O)c(c1)cccc1,"InChI=1S/C15H14O2S/c1-18-14-9-5-6-12(10-14)11-17-15(16)13-7-3-2-4-8-13/h2-10H,11H2,1H3"
Cc(c2)c(ccc2)COC(=O)c(c1)cccc1,"InChI=1S/C15H14O2/c1-12-7-5-6-10-14(12)11-17-15(16)13-8-3-2-4-9-13/h2-10H,11H2,1H3"
Cc(c1)c(N)c(C)cc(Br)1,"InChI=1S/C8H10BrN/c1-5-3-7(9)4-6(2)8(5)10/h3-4H,10H2,1-2H3"
N#Cc(c1)cc(C)c(C#N)c(C)1,"InChI=1S/C10H8N2/c1-7-3-9(5-11)4-8(2)10(7)6-12/h3-4H,1-2H3"
Cc(c1)c(O)c(C)cc(Br)1,"InChI=1S/C8H9BrO/c1-5-3-7(9)4-6(2)8(5)10/h3-4,10H,1-2H3"
CC(=O)c(c4)cc(C3)c(c14)c(c2C3)c(ccc2)CC1,"InChI=1S/C18H16O/c1-11(19)16-9-14-7-5-12-3-2-4-13-6-8-15(10-16)18(14)17(12)13/h2-4,9-10H,5-8H2,1H3"
CCOC(=O)c(c1)cc(cc1)[N+1]([O-1])=O,"InChI=1S/C9H9NO4/c1-2-14-9(11)7-4-3-5-8(6-7)10(12)13/h3-6H,2H2,1H3"
CCOC(=O)c(c1)ccc(c1)C(=O)OCC,"InChI=1S/C12H14O4/c1-3-15-11(13)9-5-7-10(8-6-9)12(14)16-4-2/h5-8H,3-4H2,1-2H3"
CCOC(=O)c(c1)ccc(c1)S(C)(=O)=O,"InChI=1S/C10H12O4S/c1-3-14-10(11)8-4-6-9(7-5-8)15(2,12)13/h4-7H,3H2,1-2H3"
CCOC(=O)c(c1)cc(cc1)C(C)=O,"InChI=1S/C11H12O3/c1-3-14-11(13)10-6-4-5-9(7-10)8(2)12/h4-7H,3H2,1-2H3"
CCOC(=O)c(c3)cc(C1)c(c3)c(c2)c(ccc2)1,"InChI=1S/C16H14O2/c1-2-18-16(17)12-7-8-15-13(10-12)9-11-5-3-4-6-14(11)15/h3-8,10H,2,9H2,1H3"
CCOC(=O)c(c1)ccc(C(C)=O)c1,"InChI=1S/C11H12O3/c1-3-14-11(13)10-6-4-9(5-7-10)8(2)12/h4-7H,3H2,1-2H3"
CCOC(=O)c(c1)cc(C#N)cc1,"InChI=1S/C10H9NO2/c1-2-13-10(12)9-5-3-4-8(6-9)7-11/h3-6H,2H2,1H3"
CCOC(=O)c(c1)ccc(C#N)c1,"InChI=1S/C10H9NO2/c1-2-13-10(12)9-5-3-8(7-11)4-6-9/h3-6H,2H2,1H3"
CCOC(=O)c(c2)ccc(c2)c(c1)cccc1,"InChI=1S/C15H14O2/c1-2-17-15(16)14-10-8-13(9-11-14)12-6-4-3-5-7-12/h3-11H,2H2,1H3"
CCOC(=O)c(c3)cc(c(c3)1)c(c2)c(ccc2)cc1,"InChI=1S/C17H14O2/c1-2-19-17(18)14-10-9-13-8-7-12-5-3-4-6-15(12)16(13)11-14/h3-11H,2H2,1H3"
CCOC(=O)Cc(c1)c(c2)c(ccc2)cc1,"InChI=1S/C14H14O2/c1-2-16-14(15)10-12-8-5-7-11-6-3-4-9-13(11)12/h3-9H,2,10H2,1H3"
CCOC(=O)Cc(c2)ccc(c2)Oc(c1)cccc1,"InChI=1S/C16H16O3/c1-2-18-16(17)12-13-8-10-15(11-9-13)19-14-6-4-3-5-7-14/h3-11H,2,12H2,1H3"
CCOC(=O)c(c1)cc(cc1)N(C)C,"InChI=1S/C11H15NO2/c1-4-14-11(13)9-6-5-7-10(8-9)12(2)3/h5-8H,4H2,1-3H3"
CCOC(=O)c(c1)ccc(SC)c1,"InChI=1S/C10H12O2S/c1-3-12-10(11)8-4-6-9(13-2)7-5-8/h4-7H,3H2,1-2H3"
CCOC(=O)c(c2)ccc(c2)Oc(c1)cccc1,"InChI=1S/C15H14O3/c1-2-17-15(16)12-8-10-14(11-9-12)18-13-6-4-3-5-7-13/h3-11H,2H2,1H3"
CCOC(=O)c(c1)ccc(C)c1,"InChI=1S/C10H12O2/c1-3-12-10(11)9-6-4-8(2)5-7-9/h4-7H,3H2,1-2H3"
CCOC(=O)c(c1)cc(c2)c(ccc2)c1,"InChI=1S/C13H12O2/c1-2-15-13(14)12-8-7-10-5-3-4-6-11(10)9-12/h3-9H,2H2,1H3"
Cc(c1)ccc(c1)C(C)=O,"InChI=1S/C9H10O/c1-7-3-5-9(6-4-7)8(2)10/h3-6H,1-2H3"
CC(=O)c(c1)ccc(c1)C(C)(C)C,"InChI=1S/C12H16O/c1-9(13)10-5-7-11(8-6-10)12(2,3)4/h5-8H,1-4H3"
CCOC(=O)Cc(c1)ccc(C)c1,"InChI=1S/C11H14O2/c1-3-13-11(12)8-10-6-4-9(2)5-7-10/h4-7H,3,8H2,1-2H3"
CCOC(=O)c(c1)cc(C)c([N+1]([O-1])=O)c(C)1,"InChI=1S/C11H13NO4/c1-4-16-11(13)9-5-7(2)10(12(14)15)8(3)6-9/h5-6H,4H2,1-3H3"
CCOC(=O)c(c1)cc(C)c(c(C)1)S(C)(=O)=O,"InChI=1S/C12H16O4S/c1-5-16-12(13)10-6-8(2)11(9(3)7-10)17(4,14)15/h6-7H,5H2,1-4H3"
CCOC(=O)c(c1)cc(C)c(C(C)=O)c(C)1,"InChI=1S/C13H16O3/c1-5-16-13(15)11-6-8(2)12(10(4)14)9(3)7-11/h6-7H,5H2,1-4H3"
CCOC(=O)c(c1)cc(C)c(Cl)c(C)1,"InChI=1S/C11H13ClO2/c1-4-14-11(13)9-5-7(2)10(12)8(3)6-9/h5-6H,4H2,1-3H3"
CCOC(=O)c(c1)cc(C)c(OC)c(C)1,"InChI=1S/C12H16O3/c1-5-15-12(13)10-6-8(2)11(14-4)9(3)7-10/h6-7H,5H2,1-4H3"
COc(c1)ccc(c1)C(C)=O,"InChI=1S/C9H10O2/c1-7(10)8-3-5-9(11-2)6-4-8/h3-6H,1-2H3"
CC(=O)c(c1)c(c3)c(ccc3)c(c2)c(ccc2)1,"InChI=1S/C16H12O/c1-11(17)16-10-12-6-2-3-7-13(12)14-8-4-5-9-15(14)16/h2-10H,1H3"
CCOC(=O)c(c1)cc(C)c(C(=O)OCC)c(C)1,"InChI=1S/C14H18O4/c1-5-17-13(15)11-7-9(3)12(10(4)8-11)14(16)18-6-2/h7-8H,5-6H2,1-4H3"
CCOC(=O)c(c1)cc(C)c(SC)c(C)1,"InChI=1S/C12H16O2S/c1-5-14-12(13)10-6-8(2)11(15-4)9(3)7-10/h6-7H,5H2,1-4H3"
CCOC(=O)c(c(C)1)c(C)cc(C)c1,"InChI=1S/C12H16O2/c1-5-14-12(13)11-9(3)6-8(2)7-10(11)4/h6-7H,5H2,1-4H3"
CCOC(=O)c(c1)cc(C)cc(C)1,"InChI=1S/C11H14O2/c1-4-13-11(12)10-6-8(2)5-9(3)7-10/h5-7H,4H2,1-3H3"
CCOC(=O)c(c2)cc(cc2)Oc(c1)cccc1,"InChI=1S/C15H14O3/c1-2-17-15(16)12-7-6-10-14(11-12)18-13-8-4-3-5-9-13/h3-11H,2H2,1H3"
CCOC(=O)c(c2)cc(cc2)c(c1)cccc1,"InChI=1S/C15H14O2/c1-2-17-15(16)14-10-6-9-13(11-14)12-7-4-3-5-8-12/h3-11H,2H2,1H3"
CCOC(=O)c(c1)cc(Cl)cc1,"InChI=1S/C9H9ClO2/c1-2-12-9(11)7-4-3-5-8(10)6-7/h3-6H,2H2,1H3"
CCOC(=O)c(c1)ccc(N)c1,"InChI=1S/C9H11NO2/c1-2-12-9(11)7-3-5-8(10)6-4-7/h3-6H,2,10H2,1H3"
CCOC(=O)c(c1)ccc(c1)[N+1]([O-1])=O,"InChI=1S/C9H9NO4/c1-2-14-9(11)7-3-5-8(6-4-7)10(12)13/h3-6H,2H2,1H3"
CCOC(=O)c(c1)cc(C)c(C#N)c(C)1,"InChI=1S/C12H13NO2/c1-4-15-12(14)10-5-8(2)11(7-13)9(3)6-10/h5-6H,4H2,1-3H3"
CCOC(=O)c(c2)cc(C)c(c(C)2)C(=O)c(c1)cccc1,"InChI=1S/C18H18O3/c1-4-21-18(20)15-10-12(2)16(13(3)11-15)17(19)14-8-6-5-7-9-14/h5-11H,4H2,1-3H3"
CCOC(=O)c(c1)cc(C)c(C)c(C)1,"InChI=1S/C12H16O2/c1-5-14-12(13)11-6-8(2)10(4)9(3)7-11/h6-7H,5H2,1-4H3"
Clc(c2)cc(cc2)C(O)c(c1)cccc1,"InChI=1S/C13H11ClO/c14-12-8-4-7-11(9-12)13(15)10-5-2-1-3-6-10/h1-9,13,15H"
CC(O)c(c1)c(c2)c(ccc2)cc1,"InChI=1S/C12H12O/c1-9(13)11-8-4-6-10-5-2-3-7-12(10)11/h2-9,13H,1H3"
CC(O)c(c1)ccc(I)c1,"InChI=1S/C8H9IO/c1-6(10)7-2-4-8(9)5-3-7/h2-6,10H,1H3"
CC(O)c(c2)ccc(c2)Oc(c1)cccc1,"InChI=1S/C14H14O2/c1-11(15)12-7-9-14(10-8-12)16-13-5-3-2-4-6-13/h2-11,15H,1H3"
Clc(c3)cc(cc3)C(=O)c(c2)ccc(c2)c(c1)cccc1,InChI=1S/C19H13ClO/c20-18-8-4-7-17(13-18)19(21)16-11-9-15(10-12-16)14-5-2-1-3-6-14/h1-13H
Clc(c4)cc(cc4)C(=O)c(c3)cc(C1)c(c3)c(c2)c(ccc2)1,"InChI=1S/C20H13ClO/c21-17-6-3-5-14(12-17)20(22)15-8-9-19-16(11-15)10-13-4-1-2-7-18(13)19/h1-9,11-12H,10H2"
Clc(c3)cc(cc3)C(=O)c(c2)ccc(c2)Oc(c1)cccc1,InChI=1S/C19H13ClO2/c20-16-6-4-5-15(13-16)19(21)14-9-11-18(12-10-14)22-17-7-2-1-3-8-17/h1-13H
CC(=O)c(c3)cc(C1)c(c3)c(c2)c(ccc2)C1,"InChI=1S/C16H14O/c1-11(17)13-8-9-16-14(10-13)7-6-12-4-2-3-5-15(12)16/h2-5,8-10H,6-7H2,1H3"
CC(=O)c(c1)cc(N)cc1,"InChI=1S/C8H9NO/c1-6(10)7-3-2-4-8(9)5-7/h2-5H,9H2,1H3"
N#Cc(c1)cc(cc1)C(C)=O,"InChI=1S/C9H7NO/c1-7(11)9-4-2-3-8(5-9)6-10/h2-5H,1H3"
CC(=O)c(c1)c(c2)c(ccc2)cc1,"InChI=1S/C12H10O/c1-9(13)11-8-4-6-10-5-2-3-7-12(10)11/h2-8H,1H3"
CC(=O)c(c3)cc(C1)c(c3)c(c2)c(ccc2)1,"InChI=1S/C15H12O/c1-10(16)11-6-7-15-13(8-11)9-12-4-2-3-5-14(12)15/h2-8H,9H2,1H3"
CCc(c3)cc(C1)c(c3)c(c2)c(cc(C(C)=O)c2)1,"InChI=1S/C17H16O/c1-3-12-4-6-16-14(8-12)10-15-9-13(11(2)18)5-7-17(15)16/h4-9H,3,10H2,1-2H3"
CC(=O)c(c3)c(c1)c(cc3)cc(c2)c(ccc2)1,"InChI=1S/C16H12O/c1-11(17)15-8-4-7-14-9-12-5-2-3-6-13(12)10-16(14)15/h2-10H,1H3"
CC(=O)c(c3)cc(c1)c(c3)c(c2)c(ccc2)c1,"InChI=1S/C16H12O/c1-11(17)13-8-9-16-14(10-13)7-6-12-4-2-3-5-15(12)16/h2-10H,1H3"
CC(=O)c(c3)cc(c(c3)1)c(c2)c(ccc2)cc1,"InChI=1S/C16H12O/c1-11(17)14-9-8-13-7-6-12-4-2-3-5-15(12)16(13)10-14/h2-10H,1H3"
Cc(c1)cc(C)c(C(C)=O)c(C)1,"InChI=1S/C11H14O/c1-7-5-8(2)11(10(4)12)9(3)6-7/h5-6H,1-4H3"
CC(C)c(c1)ccc(C(C)=O)c1,"InChI=1S/C11H14O/c1-8(2)10-4-6-11(7-5-10)9(3)12/h4-8H,1-3H3"
CC(=O)c(c1)ccc(F)c1,"InChI=1S/C8H7FO/c1-6(10)7-2-4-8(9)5-3-7/h2-5H,1H3"
CC(=O)c(c2)ccc(c2)c(c1)cccc1,"InChI=1S/C14H12O/c1-11(15)12-7-9-14(10-8-12)13-5-3-2-4-6-13/h2-10H,1H3"
CCc(c1)ccc(c1)C(C)=O,"InChI=1S/C10H12O/c1-3-9-4-6-10(7-5-9)8(2)11/h4-7H,3H2,1-2H3"
CC(=O)c(c1)cccc1,"InChI=1S/C8H8O/c1-7(9)8-5-3-2-4-6-8/h2-6H,1H3"
CC(=O)c(c21)c(c3)c(ccc3)cc(cccc2)1,"InChI=1S/C16H12O/c1-11(17)16-14-8-4-2-6-12(14)10-13-7-3-5-9-15(13)16/h2-10H,1H3"
CCOC(=O)Cc(c1)cccc1,"InChI=1S/C10H12O2/c1-2-12-10(11)8-9-6-4-3-5-7-9/h3-7H,2,8H2,1H3"
CCOC(=O)c(c1)cc(cc1)S(C)(=O)=O,"InChI=1S/C10H12O4S/c1-3-14-10(11)8-5-4-6-9(7-8)15(2,12)13/h4-7H,3H2,1-2H3"
CCOC(=O)c(c1)ccc(Cl)c1,"InChI=1S/C9H9ClO2/c1-2-12-9(11)7-3-5-8(10)6-4-7/h3-6H,2H2,1H3"
CCOC(=O)c(c1)cc(Br)cc1,"InChI=1S/C9H9BrO2/c1-2-12-9(11)7-4-3-5-8(10)6-7/h3-6H,2H2,1H3"
CCOC(=O)c(c1)ccc(N(C)C)c1,"InChI=1S/C11H15NO2/c1-4-14-11(13)9-5-7-10(8-6-9)12(2)3/h5-8H,4H2,1-3H3"
CCOC(=O)c(c1)ccc(c1)C(C)(C)C,"InChI=1S/C13H18O2/c1-5-15-12(14)10-6-8-11(9-7-10)13(2,3)4/h6-9H,5H2,1-4H3"
Nc(c1)c(Cl)ccc(Cl)1,"InChI=1S/C6H5Cl2N/c7-4-1-2-5(8)6(9)3-4/h1-3H,9H2"
OC(=O)c(c1)cc(Cl)c(Cl)c1,"InChI=1S/C7H4Cl2O2/c8-5-2-1-4(7(10)11)3-6(5)9/h1-3H,(H,10,11)"
c(c3)cc(s1)c(c3)c(c2)c(ccc2)1,InChI=1S/C12H8S/c1-3-7-11-9(5-1)10-6-2-4-8-12(10)13-11/h1-8H
O=C(C2)NN(C2)c(c1)cccc1,"InChI=1S/C9H10N2O/c12-9-6-7-11(10-9)8-4-2-1-3-5-8/h1-5H,6-7H2,(H,10,12)"
OC(=O)c(c1)ccc(Br)c1,"InChI=1S/C7H5BrO2/c8-6-3-1-5(2-4-6)7(9)10/h1-4H,(H,9,10)"
CC(=O)Nc(c1)ccc(C)c1,"InChI=1S/C9H11NO/c1-7-3-5-9(6-4-7)10-8(2)11/h3-6H,1-2H3,(H,10,11)"
CC(=O)c(c1)cc(O)cc1,"InChI=1S/C8H8O2/c1-6(9)7-3-2-4-8(10)5-7/h2-5,10H,1H3"
c(c2)ccc(c2)C(O)C(=O)c(c1)cccc1,"InChI=1S/C14H12O2/c15-13(11-7-3-1-4-8-11)14(16)12-9-5-2-6-10-12/h1-10,13,15H"
c(c3)cc(c1)c(c3)c(c2)c(ncc2)c1,InChI=1S/C13H9N/c1-2-5-11-10(4-1)7-8-13-12(11)6-3-9-14-13/h1-9H
Nc(c1)ccc(Br)c1,"InChI=1S/C6H6BrN/c7-5-1-3-6(8)4-2-5/h1-4H,8H2"
OC(=O)c(c1)ccc(c1)C(C)(C)C,"InChI=1S/C11H14O2/c1-11(2,3)9-6-4-8(5-7-9)10(12)13/h4-7H,1-3H3,(H,12,13)"
Oc(c4)c(C)cc(c4)C(O1)(c(c3)cc(C)c(O)c3)c(c2)c(ccc2)C(=O)1,"InChI=1S/C22H18O4/c1-13-11-15(7-9-19(13)23)22(16-8-10-20(24)14(2)12-16)18-6-4-3-5-17(18)21(25)26-22/h3-12,23-24H,1-2H3"
O=C(C=1)Oc(c2)c(ccc2)C1,InChI=1S/C9H6O2/c10-9-6-5-7-3-1-2-4-8(7)11-9/h1-6H
CC(=O)c(c1)ccc(O)c1,"InChI=1S/C8H8O2/c1-6(9)7-2-4-8(10)5-3-7/h2-5,10H,1H3"
O=Cc(c1)cc(O)cc1,"InChI=1S/C7H6O2/c8-5-6-2-1-3-7(9)4-6/h1-5,9H"
OC(=O)c(c1)c(O)c(C)cc1,"InChI=1S/C8H8O3/c1-5-3-2-4-6(7(5)9)8(10)11/h2-4,9H,1H3,(H,10,11)"
NC(=S)N(c(c2)cccc2)c(c1)cccc1,"InChI=1S/C13H12N2S/c14-13(16)15(11-7-3-1-4-8-11)12-9-5-2-6-10-12/h1-10H,(H2,14,16)"
[O-1][N+1](=O)c(c1)cc([N+1]([O-1])=O)c(O)c1,"InChI=1S/C6H4N2O5/c9-6-2-1-4(7(10)11)3-5(6)8(12)13/h1-3,9H"
Clc(c1)c(O)c(c2)c(ccc2)c(Cl)1,"InChI=1S/C10H6Cl2O/c11-8-5-9(12)10(13)7-4-2-1-3-6(7)8/h1-5,13H"
OC(=O)C(C1)C(C)(C)C(C)(C(O)=O)C1,"InChI=1S/C10H16O4/c1-9(2)6(7(11)12)4-5-10(9,3)8(13)14/h6H,4-5H2,1-3H3,(H,11,12)(H,13,14)"
Oc(c5)cc(O1)c(c5)C(O3)(c(c4)c(ccc4)C(=O)3)c(c2)c(cc(O)c2)1,"InChI=1S/C20H12O5/c21-11-5-7-15-17(9-11)24-18-10-12(22)6-8-16(18)20(15)14-4-2-1-3-13(14)19(23)25-20/h1-10,21-22H"
O=c(c1)cc(C(C)(C)C)c(=O)c1C(C)(C)C,"InChI=1S/C14H20O2/c1-13(2,3)10-7-9(15)8-11(12(10)16)14(4,5)6/h7-8H,1-6H3"
O=Cc(c1)ccc(O)c1,"InChI=1S/C7H6O2/c8-5-6-1-3-7(9)4-2-6/h1-5,9H"
CCOC(=O)CCCCCC(O)=O,"InChI=1S/C9H16O4/c1-2-13-9(12)7-5-3-4-6-8(10)11/h2-7H2,1H3,(H,10,11)"
CCCCCCCCCCCCCCCCCCCCC,"InChI=1S/C21H44/c1-3-5-7-9-11-13-15-17-19-21-20-18-16-14-12-10-8-6-4-2/h3-21H2,1-2H3"
C1=CC2=C(C=C1O)C(=CN2)CCN,"InChI=1S/C10H12N2O/c11-4-3-7-6-12-10-2-1-8(13)5-9(7)10/h1-2,5-6,12-13H,3-4,11H2"
C(CC=C(C)C)C(C)=C(CCC(C)=C(CCC([H])=C(CCC([H])=C(CCC=C(C)C)C)C)[H])[H],"InChI=1S/C30H50/c1-25(2)15-11-19-29(7)23-13-21-27(5)17-9-10-18-28(6)22-14-24-30(8)20-12-16-26(3)4/h15-18,23-24H,9-14,19-22H2,1-8H3/b27-17+,28-18+,29-23+,30-24+"
CC(N)c(s1)nc(C(O)=O)c1,"InChI=1S/C6H8N2O2S/c1-3(7)5-8-4(2-11-5)6(9)10/h2-3H,7H2,1H3,(H,9,10)"
C(C2([H])3)([H])(C(C)(C4)C(CC(C4)([H])O)=CC3)CCC(C2([H])1)(C)C([H])(CC1)C(CCC=C(C)C)([H])C,"InChI=1S/C27H44O/c1-18(2)7-6-8-19(3)23-11-12-24-22-10-9-20-17-21(28)13-15-26(20,4)25(22)14-16-27(23,24)5/h7,9,19,21-25,28H,6,8,10-17H2,1-5H3/t19-,21+,22+,23-,24+,25+,26+,27-/m1/s1"
NCc(s1)nc(C(O)=O)c1,"InChI=1S/C5H6N2O2S/c6-1-4-7-3(2-10-4)5(8)9/h2H,1,6H2,(H,8,9)"
CC(O)Cc(c1)cccc1,"InChI=1S/C9H12O/c1-8(10)7-9-5-3-2-4-6-9/h2-6,8,10H,7H2,1H3"
OC(=O)c(c1)c(O)ccn1,"InChI=1S/C6H5NO3/c8-5-1-2-7-3-4(5)6(9)10/h1-3H,(H,7,8)(H,9,10)"
c(c3)cc(C1)c(c3)Nc(c2)c(ccc2)1,"InChI=1S/C13H11N/c1-3-7-12-10(5-1)9-11-6-2-4-8-13(11)14-12/h1-8,14H,9H2"
[O-1][N+1](=O)c(c1)ccc(I)c1,InChI=1S/C6H4INO2/c7-5-1-3-6(4-2-5)8(9)10/h1-4H
COc(c1)ccc(C)c1,"InChI=1S/C8H10O/c1-7-3-5-8(9-2)6-4-7/h3-6H,1-2H3"
O=CNc(c1)cccc1,"InChI=1S/C7H7NO/c9-6-8-7-4-2-1-3-5-7/h1-6H,(H,8,9)"
CC(C)=CCCC(C)=CCBr,"InChI=1S/C10H17Br/c1-9(2)5-4-6-10(3)7-8-11/h5,7H,4,6,8H2,1-3H3/b10-7+"
CN(C)c(c1)cc(C)cc1,"InChI=1S/C9H13N/c1-8-5-4-6-9(7-8)10(2)3/h4-7H,1-3H3"
CCc(c1)c(N)ccc1,"InChI=1S/C8H11N/c1-2-7-5-3-4-6-8(7)9/h3-6H,2,9H2,1H3"
Nc(c1)c(F)ccc1,"InChI=1S/C6H6FN/c7-5-3-1-2-4-6(5)8/h1-4H,8H2"
N#CCc(c1)ccc(N)c1,"InChI=1S/C8H8N2/c9-6-5-7-1-3-8(10)4-2-7/h1-4H,5,10H2"
Nc(n1)nccc1,"InChI=1S/C4H5N3/c5-4-6-2-1-3-7-4/h1-3H,(H2,5,6,7)"
Nc(c2)ccc(c2)C(=O)c(c1)cccc1,"InChI=1S/C13H11NO/c14-12-8-6-11(7-9-12)13(15)10-4-2-1-3-5-10/h1-9H,14H2"
Cc(c1)ccc(N)c1,"InChI=1S/C7H9N/c1-6-2-4-7(8)5-3-6/h2-5H,8H2,1H3"
Nc(n1)ncnc1,"InChI=1S/C3H4N4/c4-3-6-1-5-2-7-3/h1-2H,(H2,4,5,6,7)"
COc(c2)cc(c(Cl)1)c(c2)nc(C)c1,"InChI=1S/C11H10ClNO/c1-7-5-10(12)9-6-8(14-2)3-4-11(9)13-7/h3-6H,1-2H3"
OC(C2)Oc(c(Cl)1)c(C(=O)2)c(Cl)cc1,"InChI=1S/C9H6Cl2O3/c10-4-1-2-5(11)9-8(4)6(12)3-7(13)14-9/h1-2,7,13H,3H2"
OC(=O)c(c2)cc(O1)c(c2)OC([2H])([2H])1,"InChI=1S/C8H6O4/c9-8(10)5-1-2-6-7(3-5)12-4-11-6/h1-3H,4H2,(H,9,10)/i4D2"
CC(=C)CCl,"InChI=1S/C4H7Cl/c1-4(2)3-5/h1,3H2,2H3"
Cc(c1)nccc1,"InChI=1S/C6H7N/c1-6-4-2-3-5-7-6/h2-5H,1H3"
Cc(c1)cncc1,"InChI=1S/C6H7N/c1-6-3-2-4-7-5-6/h2-5H,1H3"
CNC(C)=O,"InChI=1S/C3H7NO/c1-3(5)4-2/h1-2H3,(H,4,5)"
CCOC(=O)c(c1)cccc1,"InChI=1S/C9H10O2/c1-2-11-9(10)8-6-4-3-5-7-8/h3-7H,2H2,1H3"
ClC(Cl)(Cl)Br,"InChI=1S/CBrCl3/c2-1(3,4)5"
C[Si](C)(C)N[Si](C)(C)C,"InChI=1S/C6H19NSi2/c1-8(2,3)7-9(4,5)6/h7H,1-6H3"
OC(=O)c(c21)c(c3)c(ccc3)cc(cccc2)1,"InChI=1S/C15H10O2/c16-15(17)14-12-7-3-1-5-10(12)9-11-6-2-4-8-13(11)14/h1-9H,(H,16,17)"
OC(=O)C(C)c(c3)cc(n1)c(c3)oc1c(c2)ccc(Cl)c2,"InChI=1S/C16H12ClNO3/c1-9(16(19)20)11-4-7-14-13(8-11)18-15(21-14)10-2-5-12(17)6-3-10/h2-9H,1H3,(H,19,20)"
ON=C(C)C(C)=NO,"InChI=1S/C4H8N2O2/c1-3(5-7)4(2)6-8/h7-8H,1-2H3/b5-3+,6-4+"
COC(=O)C(N)Cc(c1)cccc1,"InChI=1S/C10H13NO2/c1-13-10(12)9(11)7-8-5-3-2-4-6-8/h2-6,9H,7,11H2,1H3/t9-/m0/s1"
O=Cc(c21)c(c3)c(ccc3)cc(cccc2)1,InChI=1S/C15H10O/c16-10-15-13-7-3-1-5-11(13)9-12-6-2-4-8-14(12)15/h1-10H
N#Cc(c21)c(c3)c(ccc3)cc(cccc2)1,InChI=1S/C15H9N/c16-10-15-13-7-3-1-5-11(13)9-12-6-2-4-8-14(12)15/h1-9H
CCC([H])(C)C(=O)OC(C3)C([H])(C1=CC(C)3)C(CCC(C2)OC(=O)CC(O)2)C(C)C=C1,"InChI=1S/C24H36O5/c1-5-15(3)24(27)29-21-11-14(2)10-17-7-6-16(4)20(23(17)21)9-8-19-12-18(25)13-22(26)28-19/h6-7,10,14-16,18-21,23,25H,5,8-9,11-13H2,1-4H3/t14-,15-,16-,18+,19+,20-,21-,23-/m0/s1"
Oc(c4)cc(C3)c(c4)C([H])(C2)C([H])(C3)C([H])(C1)C(C)(C2)C(=O)C1,"InChI=1S/C18H22O2/c1-18-9-8-14-13-5-3-12(19)10-11(13)2-4-15(14)16(18)6-7-17(18)20/h3,5,10,14-16,19H,2,4,6-9H2,1H3/t14-,15-,16+,18+/m1/s1"
c(c2)ccc(c2)c(c1)cccc1,InChI=1S/C12H10/c1-3-7-11(8-4-1)12-9-5-2-6-10-12/h1-10H
CC(C4([H])C([H])(C)CCC(C(C)C)=C)(C([H])3CC4)CCC(C([H])23)([H])C(C)(C=1CC2)CCC(C1)=O,"InChI=1S/C28H44O/c1-18(2)19(3)7-8-20(4)24-11-12-25-23-10-9-21-17-22(29)13-15-27(21,5)26(23)14-16-28(24,25)6/h17-18,20,23-26H,3,7-16H2,1-2,4-6H3/t20-,23+,24+,25-,26-,27-,28+/m0/s1"
CCOC(=O)CCBr,"InChI=1S/C5H9BrO2/c1-2-8-5(7)3-4-6/h2-4H2,1H3"
CN(C)C(=S)S[Zn]SC(=S)N(C)C,InChI=1S/2C3H7NS2.Zn/c2*1-4(2)3(5)6
CCOC(N)=O,"InChI=1S/C3H7NO2/c1-2-6-3(4)5/h2H2,1H3,(H2,4,5)"
C1=NC2=C(N1)C(=O)N=CN2,"InChI=1S/C5H4N4O/c10-5-3-4(7-1-6-3)8-2-9-5/h1-2H,(H2,6,7,8,9,10)"
CC(=C1)C(=O)NC(=O)N1,"InChI=1S/C5H6N2O2/c1-3-2-6-5(9)7-4(3)8/h2H,1H3,(H2,6,7,8,9)"
C1=C(NC=N1)C=CC(=O)O,"InChI=1S/C6H6N2O2/c9-6(10)2-1-5-3-7-4-8-5/h1-4H,(H,7,8)(H,9,10)/b2-1+"
O=C(C=1)NC(=O)NC1,"InChI=1S/C4H4N2O2/c7-3-1-2-5-4(8)6-3/h1-2H,(H2,5,6,7,8)"
C1=NNN=N1,"InChI=1S/CH2N4/c1-2-4-5-3-1/h1H,(H,2,3,4,5)"
NC(=O)c(c1)nccc1,"InChI=1S/C6H6N2O/c7-6(9)5-3-1-2-4-8-5/h1-4H,(H2,7,9)"
OCCN(C)C,"InChI=1S/C4H11NO/c1-5(2)3-4-6/h6H,3-4H2,1-2H3"
OC(=O)C([H])(C1)NCC1,"InChI=1S/C5H9NO2/c7-5(8)4-2-1-3-6-4/h4,6H,1-3H2,(H,7,8)/t4-/m0/s1"
SCCCS,"InChI=1S/C3H8S2/c4-2-1-3-5/h4-5H,1-3H2"
Cc(c1)cc(C(C)(C)C)c(O)c1C(C)(C)C,"InChI=1S/C15H24O/c1-10-8-11(14(2,3)4)13(16)12(9-10)15(5,6)7/h8-9,16H,1-7H3"
CN(C)C(C)=O,InChI=1S/C4H9NO/c1-4(6)5(2)3/h1-3H3
CCc(c1)cc(CC)cc1,"InChI=1S/C10H14/c1-3-9-6-5-7-10(4-2)8-9/h5-8H,3-4H2,1-2H3"
BrCCC=1C=CC=CC1,"InChI=1S/C8H9Br/c9-7-6-8-4-2-1-3-5-8/h1-5H,6-7H2"
c(c3)cc(C1)c(c3)Cc(c2)c(ccc2)C1,"InChI=1S/C15H14/c1-3-7-14-11-15-8-4-2-6-13(15)10-9-12(14)5-1/h1-8H,9-11H2"
CCC(C)c(c1)ccc(O)c1,"InChI=1S/C10H14O/c1-3-8(2)9-4-6-10(11)7-5-9/h4-8,11H,3H2,1-2H3"
Oc(c1)cc(cc1)C(C)(C)C,"InChI=1S/C10H14O/c1-10(2,3)8-5-4-6-9(11)7-8/h4-7,11H,1-3H3"
C(O1)C1CBr,"InChI=1S/C3H5BrO/c4-1-3-2-5-3/h3H,1-2H2"
O=C(c21)c(c3)c(ccc3)Nc(cccc2)1,"InChI=1S/C13H9NO/c15-13-9-5-1-3-7-11(9)14-12-8-4-2-6-10(12)13/h1-8H,(H,14,15)"
c(c2)ccc(c2)N(C)c(c1)cccc1,"InChI=1S/C13H13N/c1-14(12-8-4-2-5-9-12)13-10-6-3-7-11-13/h2-11H,1H3"
CCN(CC)C=O,"InChI=1S/C5H11NO/c1-3-6(4-2)5-7/h5H,3-4H2,1-2H3"
Oc(c1)nccc1,"InChI=1S/C5H5NO/c7-5-3-1-2-4-6-5/h1-4H,(H,6,7)"
C(C(C)12)CC(O)CC1(CC=C(C([H])43)C(CCC(C)3C(C(C)C=CC(C(C)C)CC)CC4)2[H])[H],"InChI=1S/C29H48O/c1-7-21(19(2)3)9-8-20(4)25-12-13-26-24-11-10-22-18-23(30)14-16-28(22,5)27(24)15-17-29(25,26)6/h8-9,11,19-23,25-27,30H,7,10,12-18H2,1-6H3/b9-8+/t20-,21+,22+,23+,25-,26+,27+,28+,29-/m1/s1"
[H]C(C14C)(C(CCC(C(C)=C)CC)C)CCC1(C(C(CC4)2[H])=CCC(C3)(C2(CCC3([H])O)C)[H])[H],"InChI=1S/C29H48O/c1-7-21(19(2)3)9-8-20(4)25-12-13-26-24-11-10-22-18-23(30)14-16-28(22,5)27(24)15-17-29(25,26)6/h11,20-23,25-27,30H,2,7-10,12-18H2,1,3-6H3/t20?,21-,22-,23-,25+,26-,27-,28-,29+/m0/s1"
[H]C(C14C)(C(CCC(C(C)C)CC)C)CCC1(C(C(CC4)2[H])=CCC(C3)(C2(CCC3([H])O)C)[H])[H],"InChI=1S/C29H50O/c1-7-21(19(2)3)9-8-20(4)25-12-13-26-24-11-10-22-18-23(30)14-16-28(22,5)27(24)15-17-29(25,26)6/h11,19-23,25-27,30H,7-10,12-18H2,1-6H3/t20?,21-,22-,23-,25+,26-,27-,28-,29+/m0/s1"
COc(c3)c(n1)c(c(N)c3)nc(c2)c(ccc2)1,"InChI=1S/C13H11N3O/c1-17-11-7-6-8(14)12-13(11)16-10-5-3-2-4-9(10)15-12/h2-7H,14H2,1H3"
COc(c1)cc(n2)c(nc(c3)c(ccc3)2)c(N)1,"InChI=1S/C13H11N3O/c1-17-8-6-9(14)13-12(7-8)15-10-4-2-3-5-11(10)16-13/h2-7H,14H2,1H3"
COC(=O)c(c3)c(N1)c(cc3)Nc(c2)c(ccc2)1,"InChI=1S/C14H12N2O2/c1-18-14(17)9-5-4-8-12-13(9)16-11-7-3-2-6-10(11)15-12/h2-8,15-16H,1H3"
COC(=O)c(c3)c(n1)c(cc3)nc(c2)c(ccc2)1,"InChI=1S/C14H10N2O2/c1-18-14(17)9-5-4-8-12-13(9)16-11-7-3-2-6-10(11)15-12/h2-8H,1H3"
NC(=O)c(c3)c(N1)c(cc3)Nc(c2)c(ccc2)1,"InChI=1S/C13H11N3O/c14-13(17)8-4-3-7-11-12(8)16-10-6-2-1-5-9(10)15-11/h1-7,15-16H,(H2,14,17)"
NC(=O)c(c3)cc(n1)c(c3)nc(c2)c(ccc2)1,"InChI=1S/C13H9N3O/c14-13(17)8-5-6-11-12(7-8)16-10-4-2-1-3-9(10)15-11/h1-7H,(H2,14,17)"
OC(=O)c(c(O)3)c(n1)c(cc3)nc(c2)c(ccc2)1,"InChI=1S/C13H8N2O3/c16-10-6-5-9-12(11(10)13(17)18)15-8-4-2-1-3-7(8)14-9/h1-6,16H,(H,17,18)"
OC(=O)c(c3)c(N1)c(cc3)Nc(c2)c(ccc2)1,"InChI=1S/C13H10N2O2/c16-13(17)8-4-3-7-11-12(8)15-10-6-2-1-5-9(10)14-11/h1-7,14-15H,(H,16,17)"
c(c3)cc(N1)c(c3)Nc(c2)c(ccc2)1,"InChI=1S/C12H10N2/c1-2-6-10-9(5-1)13-11-7-3-4-8-12(11)14-10/h1-8,13-14H"
OC(=O)c(c3)c(n1)c(cc3)nc(c2)c(ccc2)1,"InChI=1S/C13H8N2O2/c16-13(17)8-4-3-7-11-12(8)15-10-6-2-1-5-9(10)14-11/h1-7H,(H,16,17)"
N#Cc(c3)cc(n1)c(c3)nc(c2)c(ccc2)1,InChI=1S/C13H7N3/c14-8-9-5-6-12-13(7-9)16-11-4-2-1-3-10(11)15-12/h1-7H
COc(c3)cc(n1)c(c3)nc(c2)c(ccc2)1,"InChI=1S/C13H10N2O/c1-16-9-6-7-12-13(8-9)15-11-5-3-2-4-10(11)14-12/h2-8H,1H3"
Oc(c3)cc(n1)c(c3)nc(c2)c(ccc2)1,"InChI=1S/C12H8N2O/c15-8-5-6-11-12(7-8)14-10-4-2-1-3-9(10)13-11/h1-7,15H"
c(c3)cc(c1)c(c3)c(n2)c(ccc2)c1,InChI=1S/C13H9N/c1-2-6-12-10(4-1)7-8-11-5-3-9-14-13(11)12/h1-9H
c(c3)cc(n1)c(c3)nc(c2)c(ccc2)1,InChI=1S/C12H8N2/c1-2-6-10-9(5-1)13-11-7-3-4-8-12(11)14-10/h1-8H
COC(=O)C=Cc(c1)cccc1,"InChI=1S/C10H10O2/c1-12-10(11)8-7-9-5-3-2-4-6-9/h2-8H,1H3/b8-7+"
CCOC(=O)C=Cc(c1)cccc1,"InChI=1S/C11H12O2/c1-2-13-11(12)9-8-10-6-4-3-5-7-10/h3-9H,2H2,1H3/b9-8+"
O=C(OCCc(c2)cccc2)C=Cc(c1)cccc1,"InChI=1S/C17H16O2/c18-17(12-11-15-7-3-1-4-8-15)19-14-13-16-9-5-2-6-10-16/h1-12H,13-14H2/b12-11+"
CC(S1)=C(C)C(=O)c(c2)c(ccc2)1,"InChI=1S/C11H10OS/c1-7-8(2)13-10-6-4-3-5-9(10)11(7)12/h3-6H,1-2H3"
CC(S1)=C(C)C(=S)c(c2)c(ccc2)1,"InChI=1S/C11H10S2/c1-7-8(2)13-10-6-4-3-5-9(10)11(7)12/h3-6H,1-2H3"
CC(=C1)Sc(c2)c(ccc2)C(=S)1,"InChI=1S/C10H8S2/c1-7-6-9(11)8-4-2-3-5-10(8)12-7/h2-6H,1H3"
[2H]C([2H])([2H])C(S1)=C(C)C(=O)c(c2)c(ccc2)1,"InChI=1S/C11H10OS/c1-7-8(2)13-10-6-4-3-5-9(10)11(7)12/h3-6H,1-2H3/i2D3"
CC(=C1)Sc(c2)c(ccc2)C(=O)1,"InChI=1S/C10H8OS/c1-7-6-9(11)8-4-2-3-5-10(8)12-7/h2-6H,1H3"
Clc(c3)cc(O1)c(c3)C(=O)C(C)(C2)C(C)12,"InChI=1S/C12H11ClO2/c1-11-6-12(11,2)15-9-5-7(13)3-4-8(9)10(11)14/h3-5H,6H2,1-2H3"
Clc(c3)cc(O1)c(c3)C(=O)C(C)(C2)C12,"InChI=1S/C11H9ClO2/c1-11-5-9(11)14-8-4-6(12)2-3-7(8)10(11)13/h2-4,9H,5H2,1H3"
COc(c3)cc(O1)c(c3)C(=O)C(C)(C2)C(C)12,"InChI=1S/C13H14O3/c1-12-7-13(12,2)16-10-6-8(15-3)4-5-9(10)11(12)14/h4-6H,7H2,1-3H3"
COc(c3)cc(O1)c(c3)C(=O)C(C)(C2)C12,"InChI=1S/C12H12O3/c1-12-6-10(12)15-9-5-7(14-2)3-4-8(9)11(12)13/h3-5,10H,6H2,1-2H3"
Cc(c3)cc(O1)c(c3)C(=O)C(C)(C2)C(C)12,"InChI=1S/C13H14O2/c1-8-4-5-9-10(6-8)15-13(3)7-12(13,2)11(9)14/h4-6H,7H2,1-3H3"
Cc(c3)cc(O1)c(c3)C(=O)C(C)(C2)C12,"InChI=1S/C12H12O2/c1-7-3-4-8-9(5-7)14-10-6-12(10,2)11(8)13/h3-5,10H,6H2,1-2H3"
c(c3)cc(O1)c(c3)C(=O)C(C)(C2)C(C)12,"InChI=1S/C12H12O2/c1-11-7-12(11,2)14-9-6-4-3-5-8(9)10(11)13/h3-6H,7H2,1-2H3"
O=C(c32)C(C)(C1)C(Oc(cccc3)2)1,"InChI=1S/C11H10O2/c1-11-6-9(11)13-8-5-3-2-4-7(8)10(11)12/h2-5,9H,6H2,1H3"
O=C(c32)C(C(Oc(cccc3)2)1)C([2H])([2H])1,"InChI=1S/C10H8O2/c11-10-6-3-1-2-4-8(6)12-9-5-7(9)10/h1-4,7,9H,5H2/i5D2"
O=C(c32)C(C1)C(Oc(cccc3)2)1,"InChI=1S/C10H8O2/c11-10-6-3-1-2-4-8(6)12-9-5-7(9)10/h1-4,7,9H,5H2"
N#CCC(N)=O,"InChI=1S/C3H4N2O/c4-2-1-3(5)6/h1H2,(H2,5,6)"
[O-1][N+1](=O)c(c1)cc(I)cc1,InChI=1S/C6H4INO2/c7-5-2-1-3-6(4-5)8(9)10/h1-4H
CCOc(c1)c(ccc1)C(N)=O,"InChI=1S/C9H11NO2/c1-2-12-8-6-4-3-5-7(8)9(10)11/h3-6H,2H2,1H3,(H2,10,11)"
O=Cc(c1)c(O)c(OC)cc1,"InChI=1S/C8H8O3/c1-11-7-4-2-3-6(5-9)8(7)10/h2-5,10H,1H3"
OC(=O)c(c1)ccc(c1)[N+1]([O-1])=O,"InChI=1S/C7H5NO4/c9-7(10)5-1-3-6(4-2-5)8(11)12/h1-4H,(H,9,10)"
O=CCc(c1)cccc1,"InChI=1S/C8H8O/c9-7-6-8-4-2-1-3-5-8/h1-5,7H,6H2"
Oc(c2)ccc(c2)C(=O)c(c1)cccc1,"InChI=1S/C13H10O2/c14-12-8-6-11(7-9-12)13(15)10-4-2-1-3-5-10/h1-9,14H"
CCCCCC,"InChI=1S/C6H14/c1-3-5-6-4-2/h3-6H2,1-2H3"
OC(=O)c(c1)cc(cc1)[N+1]([O-1])=O,"InChI=1S/C7H5NO4/c9-7(10)5-2-1-3-6(4-5)8(11)12/h1-4H,(H,9,10)"
ClC(Cl)=C(Cl)Cl,InChI=1S/C2Cl4/c3-1(4)2(5)6
CCCCC,"InChI=1S/C5H12/c1-3-5-4-2/h3-5H2,1-2H3"
c(c3)cc(C1)c(c3)c(c2)c(ccc2)C1,"InChI=1S/C14H12/c1-3-7-13-11(5-1)9-10-12-6-2-4-8-14(12)13/h1-8H,9-10H2"
O=C(Cl)Cc(c1)cccc1,"InChI=1S/C8H7ClO/c9-8(10)6-7-4-2-1-3-5-7/h1-5H,6H2"
CCCOC(=O)Cl,"InChI=1S/C4H7ClO2/c1-2-3-7-4(5)6/h2-3H2,1H3"
OC(=O)COc(c1)cccc1,"InChI=1S/C8H8O3/c9-8(10)6-11-7-4-2-1-3-5-7/h1-5H,6H2,(H,9,10)"
COC(=O)c(c1)c(ccc1)OC(C)=O,"InChI=1S/C10H10O4/c1-7(11)14-9-6-4-3-5-8(9)10(12)13-2/h3-6H,1-2H3"
Cc(c1)cc(N)c(O)c1,"InChI=1S/C7H9NO/c1-5-2-3-7(9)6(8)4-5/h2-4,9H,8H2,1H3"
CC(C)NC(C)C,"InChI=1S/C6H15N/c1-5(2)7-6(3)4/h5-7H,1-4H3"
CC(C)CCOC(=O)Cc(c1)cccc1,"InChI=1S/C13H18O2/c1-11(2)8-9-15-13(14)10-12-6-4-3-5-7-12/h3-7,11H,8-10H2,1-2H3"
CC(C)COC(=O)Cl,"InChI=1S/C5H9ClO2/c1-4(2)3-8-5(6)7/h4H,3H2,1-2H3"
O=Cc(c1)ccc(F)c1,InChI=1S/C7H5FO/c8-7-3-1-6(5-9)2-4-7/h1-5H
OC(=O)C(F)(F)F,"InChI=1S/C2HF3O2/c3-2(4,5)1(6)7/h(H,6,7)"
NCCc(c1)cccc1,"InChI=1S/C8H11N/c9-7-6-8-4-2-1-3-5-8/h1-5H,6-7,9H2"
CCC(N)COC,"InChI=1S/C5H13NO/c1-3-5(6)4-7-2/h5H,3-4,6H2,1-2H3"
CC(O)C(C)O,"InChI=1S/C4H10O2/c1-3(5)4(2)6/h3-6H,1-2H3"
CCOC(=O)CCl,"InChI=1S/C4H7ClO2/c1-2-7-4(6)3-5/h2-3H2,1H3"
CCN(CC)CC,"InChI=1S/C6H15N/c1-4-7(5-2)6-3/h4-6H2,1-3H3"
CNc(c1)cccc1,"InChI=1S/C7H9N/c1-8-7-5-3-2-4-6-7/h2-6,8H,1H3"
O=C(C1)C=CC1,"InChI=1S/C5H6O/c6-5-3-1-2-4-5/h1,3H,2,4H2"
[2H]C([2H])([2H])O[2H],"InChI=1S/CH4O/c1-2/h2H,1H3/i1D3,2D"
O=C(Cl)COc(c1)cccc1,"InChI=1S/C8H7ClO2/c9-8(10)6-11-7-4-2-1-3-5-7/h1-5H,6H2"
CCOC(=O)Cl,"InChI=1S/C3H5ClO2/c1-2-6-3(4)5/h2H2,1H3"
COC(=O)Cl,InChI=1S/C2H3ClO2/c1-5-2(3)4/h1H3
O=Cc(c1)cc(OC)c(O)c1,"InChI=1S/C8H8O3/c1-11-8-4-6(5-9)2-3-7(8)10/h2-5,10H,1H3"
CC(C)I,"InChI=1S/C3H7I/c1-3(2)4/h3H,1-2H3"
CCOC(=O)CBr,"InChI=1S/C4H7BrO2/c1-2-7-4(6)3-5/h2-3H2,1H3"
Cc(c1)occ1,"InChI=1S/C5H6O/c1-5-3-2-4-6-5/h2-4H,1H3"
CC(C)OC(C)C,"InChI=1S/C6H14O/c1-5(2)7-6(3)4/h5-6H,1-4H3"
C=CCN,"InChI=1S/C3H7N/c1-2-3-4/h2H,1,3-4H2"
CC(C)(C)Br,"InChI=1S/C4H9Br/c1-4(2,3)5/h1-3H3"
CN(C)c(c4)ccc(c4)c(c1)c(c3)c(ccc3)c(c2)c(ccc(C(C)=O)2)1,"InChI=1S/C24H21NO/c1-16(26)18-8-9-19-15-23(17-10-12-20(13-11-17)25(2)3)21-6-4-5-7-22(21)24(19)14-18/h4-15H,1-3H3"
C=Cc(c21)c(c3)c(ccc3)c(C)c(cccc2)1,"InChI=1S/C17H14/c1-3-13-16-10-6-4-8-14(16)12(2)15-9-5-7-11-17(13)15/h3-11H,1H2,2H3"
O=C(OCc(c21)c(c3)c(ccc3)c(C)c(cccc2)1)C(C)(C)C,"InChI=1S/C21H22O2/c1-14-15-9-5-7-11-17(15)19(13-23-20(22)21(2,3)4)18-12-8-6-10-16(14)18/h5-12H,13H2,1-4H3"
O=C(C1)CC(C2)C(C)(CCC2)C1,"InChI=1S/C11H18O/c1-11-6-3-2-4-9(11)8-10(12)5-7-11/h9H,2-8H2,1H3"
O=C(C1)C=C(C2)C(C)(CCC2)C1,"InChI=1S/C11H16O/c1-11-6-3-2-4-9(11)8-10(12)5-7-11/h8H,2-7H2,1H3"
C(C2)CC([H])(C1)C(C)(C2)CCC1,"InChI=1S/C11H20/c1-11-8-4-2-6-10(11)7-3-5-9-11/h10H,2-9H2,1H3/t10-,11-"
[2H]C(O)(C1)CC(C2)C(C)(CCC2)C1,"InChI=1S/C11H20O/c1-11-6-3-2-4-9(11)8-10(12)5-7-11/h9-10,12H,2-8H2,1H3/i10D"
C=CCc(c1)cc(OC)c(O)c1,"InChI=1S/C10H12O2/c1-3-4-8-5-6-9(11)10(7-8)12-2/h3,5-7,11H,1,4H2,2H3"
CC=Cc(c1)cc(OC)c(O)c1,"InChI=1S/C10H12O2/c1-3-4-8-5-6-9(11)10(7-8)12-2/h3-7,11H,1-2H3/b4-3+"
C=CCc(c1)cc(O2)c(OC2)c1,"InChI=1S/C10H10O2/c1-2-3-8-4-5-9-10(6-8)12-7-11-9/h2,4-6H,1,3,7H2"
CC=Cc(c1)cc(O2)c(OC2)c1,"InChI=1S/C10H10O2/c1-2-3-8-4-5-9-10(6-8)12-7-11-9/h2-6H,7H2,1H3/b3-2+"
OC(C1)CCCCC1,"InChI=1S/C7H14O/c8-7-5-3-1-2-4-6-7/h7-8H,1-6H2"
CCCCOCC,"InChI=1S/C6H14O/c1-3-5-6-7-4-2/h3-6H2,1-2H3"
CC(C)CCOC(C)OC(C)C,"InChI=1S/C10H22O2/c1-8(2)6-7-11-10(5)12-9(3)4/h8-10H,6-7H2,1-5H3"
CCCCOC(C)OC(C)C,"InChI=1S/C9H20O2/c1-5-6-7-10-9(4)11-8(2)3/h8-9H,5-7H2,1-4H3"
CC(C)OC(C)OC(C)C,"InChI=1S/C8H18O2/c1-6(2)9-8(5)10-7(3)4/h6-8H,1-5H3"
CCCOC(C)OCC(C)C,"InChI=1S/C9H20O2/c1-5-6-10-9(4)11-7-8(2)3/h8-9H,5-7H2,1-4H3"
O(CC(C)C)C(OCC(C)C)C,"InChI=1S/C10H22O2/c1-8(2)6-11-10(5)12-7-9(3)4/h8-10H,6-7H2,1-5H3"
CCC(OCCC(C)C)OC(C)C,"InChI=1S/C11H24O2/c1-6-11(13-10(4)5)12-8-7-9(2)3/h9-11H,6-8H2,1-5H3"
CCC(OC(C)C)OCc(c1)cccc1,"InChI=1S/C13H20O2/c1-4-13(15-11(2)3)14-10-12-8-6-5-7-9-12/h5-9,11,13H,4,10H2,1-3H3"
CCOC(CC)OC(C)C,"InChI=1S/C8H18O2/c1-5-8(9-6-2)10-7(3)4/h7-8H,5-6H2,1-4H3"
CCC(OC(C)C)OC(C)C,"InChI=1S/C9H20O2/c1-6-9(10-7(2)3)11-8(4)5/h7-9H,6H2,1-5H3"
CCOC(OCc(c2)cccc2)c(c1)cccc1,"InChI=1S/C16H18O2/c1-2-17-16(15-11-7-4-8-12-15)18-13-14-9-5-3-6-10-14/h3-12,16H,2,13H2,1H3"
CC(C)CCOC(OCc(c2)cccc2)c(c1)cccc1,"InChI=1S/C19H24O2/c1-16(2)13-14-20-19(18-11-7-4-8-12-18)21-15-17-9-5-3-6-10-17/h3-12,16,19H,13-15H2,1-2H3"
CCCC(OC(C)C)OC(C)C,"InChI=1S/C10H22O2/c1-6-7-10(11-8(2)3)12-9(4)5/h8-10H,6-7H2,1-5H3"
CCCOC(C)OCCC(C)C,"InChI=1S/C10H22O2/c1-5-7-11-10(4)12-8-6-9(2)3/h9-10H,5-8H2,1-4H3"
CCCCOC(C)OCCC(C)C,"InChI=1S/C11H24O2/c1-5-6-8-12-11(4)13-9-7-10(2)3/h10-11H,5-9H2,1-4H3"
CCCCOC(OCCC(C)C)c(c1)cccc1,"InChI=1S/C16H26O2/c1-4-5-12-17-16(18-13-11-14(2)3)15-9-7-6-8-10-15/h6-10,14,16H,4-5,11-13H2,1-3H3"
CCCCOC(OCCCC)c(c1)cccc1,"InChI=1S/C15H24O2/c1-3-5-12-16-15(17-13-6-4-2)14-10-8-7-9-11-14/h7-11,15H,3-6,12-13H2,1-2H3"
CCOC(OCCC(C)C)c(c1)cccc1,"InChI=1S/C14H22O2/c1-4-15-14(16-11-10-12(2)3)13-8-6-5-7-9-13/h5-9,12,14H,4,10-11H2,1-3H3"
CC(C)CCOC(OCCC(C)C)c(c1)cccc1,"InChI=1S/C17H28O2/c1-14(2)10-12-18-17(19-13-11-15(3)4)16-8-6-5-7-9-16/h5-9,14-15,17H,10-13H2,1-4H3"
CCOC(CC)OCCC(C)C,"InChI=1S/C10H22O2/c1-5-10(11-6-2)12-8-7-9(3)4/h9-10H,5-8H2,1-4H3"
CCC(OCCC(C)C)OCCC(C)C,"InChI=1S/C13H28O2/c1-6-13(14-9-7-11(2)3)15-10-8-12(4)5/h11-13H,6-10H2,1-5H3"
CC(C)CCOC(CC)OCc(c1)cccc1,"InChI=1S/C15H24O2/c1-4-15(16-11-10-13(2)3)17-12-14-8-6-5-7-9-14/h5-9,13,15H,4,10-12H2,1-3H3"
CCOC(CC)OCc(c1)cccc1,"InChI=1S/C12H18O2/c1-3-12(13-4-2)14-10-11-8-6-5-7-9-11/h5-9,12H,3-4,10H2,1-2H3"
CCC(OCc(c2)cccc2)OCc(c1)cccc1,"InChI=1S/C17H20O2/c1-2-17(18-13-15-9-5-3-6-10-15)19-14-16-11-7-4-8-12-16/h3-12,17H,2,13-14H2,1H3"
CCCCOC(CCC)OC(C)C,"InChI=1S/C11H24O2/c1-5-7-9-12-11(8-6-2)13-10(3)4/h10-11H,5-9H2,1-4H3"
CCCC(OCCC(C)C)OC(C)C,"InChI=1S/C12H26O2/c1-6-7-12(14-11(4)5)13-9-8-10(2)3/h10-12H,6-9H2,1-5H3"
CCCCCCC(OCCC(C)C)OCCC(C)C,"InChI=1S/C17H36O2/c1-6-7-8-9-10-17(18-13-11-15(2)3)19-14-12-16(4)5/h15-17H,6-14H2,1-5H3"
CCCCOC(CCC)OCCC(C)C,"InChI=1S/C13H28O2/c1-5-7-10-14-13(8-6-2)15-11-9-12(3)4/h12-13H,5-11H2,1-4H3"
CCCC(OCCC(C)C)OCCC(C)C,"InChI=1S/C14H30O2/c1-6-7-14(15-10-8-12(2)3)16-11-9-13(4)5/h12-14H,6-11H2,1-5H3"
CCCCOC(CCC)OCCCC,"InChI=1S/C12H26O2/c1-4-7-10-13-12(9-6-3)14-11-8-5-2/h12H,4-11H2,1-3H3"
CCCCCCC(OCC)OCCC(C)C,"InChI=1S/C14H30O2/c1-5-7-8-9-10-14(15-6-2)16-12-11-13(3)4/h13-14H,5-12H2,1-4H3"
CCCOC(OCC(C)C)CC(C)C,"InChI=1S/C12H26O2/c1-6-7-13-12(8-10(2)3)14-9-11(4)5/h10-12H,6-9H2,1-5H3"
CCCOC(OCCC)CC(C)C,"InChI=1S/C11H24O2/c1-5-7-12-11(9-10(3)4)13-8-6-2/h10-11H,5-9H2,1-4H3"
CCCOC(OCCC(C)C)CC(C)C,"InChI=1S/C13H28O2/c1-6-8-14-13(10-12(4)5)15-9-7-11(2)3/h11-13H,6-10H2,1-5H3"
CC(C)COC(OCC(C)C)CC(C)C,"InChI=1S/C13H28O2/c1-10(2)7-13(14-8-11(3)4)15-9-12(5)6/h10-13H,7-9H2,1-6H3"
CC(C)CCOC(OCC(C)C)CC(C)C,"InChI=1S/C14H30O2/c1-11(2)7-8-15-14(9-12(3)4)16-10-13(5)6/h11-14H,7-10H2,1-6H3"
CC(C)CC(OCc(c2)cccc2)OCc(c1)cccc1,"InChI=1S/C19H24O2/c1-16(2)13-19(20-14-17-9-5-3-6-10-17)21-15-18-11-7-4-8-12-18/h3-12,16,19H,13-15H2,1-2H3"
CC(C)CCOC(CC(C)C)OCc(c1)cccc1,"InChI=1S/C17H28O2/c1-14(2)10-11-18-17(12-15(3)4)19-13-16-8-6-5-7-9-16/h5-9,14-15,17H,10-13H2,1-4H3"
CCCC=CC(=O)Oc(c1)ccc(C)c1,"InChI=1S/C13H16O2/c1-3-4-5-6-13(14)15-12-9-7-11(2)8-10-12/h5-10H,3-4H2,1-2H3/b6-5+"
CCCCCCCCCCCCCCCCCCCCCCC(=O)OC,"InChI=1S/C24H48O2/c1-3-4-5-6-7-8-9-10-11-12-13-14-15-16-17-18-19-20-21-22-23-24(25)26-2/h3-23H2,1-2H3"
CCCCCCCCCCCCCCCCCCCCCC(=O)OC,"InChI=1S/C23H46O2/c1-3-4-5-6-7-8-9-10-11-12-13-14-15-16-17-18-19-20-21-22-23(24)25-2/h3-22H2,1-2H3"
CCCCCCCCCCCCCCCCCCCCC(=O)OC,"InChI=1S/C22H44O2/c1-3-4-5-6-7-8-9-10-11-12-13-14-15-16-17-18-19-20-21-22(23)24-2/h3-21H2,1-2H3"
CCCCCCCCCCCCCCCCCCCC(=O)OC,"InChI=1S/C21H42O2/c1-3-4-5-6-7-8-9-10-11-12-13-14-15-16-17-18-19-20-21(22)23-2/h3-20H2,1-2H3"
CCCCCCCCCCCCCCCCCCC(=O)OC,"InChI=1S/C20H40O2/c1-3-4-5-6-7-8-9-10-11-12-13-14-15-16-17-18-19-20(21)22-2/h3-19H2,1-2H3"
CCCCCCCCCCCCCCCCC(=O)OC,"InChI=1S/C18H36O2/c1-3-4-5-6-7-8-9-10-11-12-13-14-15-16-17-18(19)20-2/h3-17H2,1-2H3"
CCCCCCCCCCCCCCCCCCCCCCCC(O)=O,"InChI=1S/C24H48O2/c1-2-3-4-5-6-7-8-9-10-11-12-13-14-15-16-17-18-19-20-21-22-23-24(25)26/h2-23H2,1H3,(H,25,26)"
CCCCCCCCCCCCCCCCCCCCCC(O)=O,"InChI=1S/C22H44O2/c1-2-3-4-5-6-7-8-9-10-11-12-13-14-15-16-17-18-19-20-21-22(23)24/h2-21H2,1H3,(H,23,24)"
CC(O)C(=O)OCCc(c1)cccc1,"InChI=1S/C11H14O3/c1-9(12)11(13)14-8-7-10-5-3-2-4-6-10/h2-6,9,12H,7-8H2,1H3"
CCCC=CCOC(=O)c(c1)c(O)ccc1,"InChI=1S/C13H16O3/c1-2-3-4-7-10-16-13(15)11-8-5-6-9-12(11)14/h4-9,14H,2-3,10H2,1H3/b7-4+"
C(C2)CCC(C2)OC(=O)c(c1)c(O)ccc1,"InChI=1S/C13H16O3/c14-12-9-5-4-8-11(12)13(15)16-10-6-2-1-3-7-10/h4-5,8-10,14H,1-3,6-7H2"
CCC(C)CCOC(=O)c(c1)c(O)ccc1,"InChI=1S/C13H18O3/c1-3-10(2)8-9-16-13(15)11-6-4-5-7-12(11)14/h4-7,10,14H,3,8-9H2,1-2H3"
CC=CC=CC(=O)OCCC(C)C,"InChI=1S/C11H18O2/c1-4-5-6-7-11(12)13-9-8-10(2)3/h4-7,10H,8-9H2,1-3H3/b5-4+,7-6+"
CC=CC=CC(=O)OCC=C,"InChI=1S/C9H12O2/c1-3-5-6-7-9(10)11-8-4-2/h3-7H,2,8H2,1H3/b5-3+,7-6+"
CC=CC=CC(=O)OCCCC,"InChI=1S/C10H16O2/c1-3-5-7-8-10(11)12-9-6-4-2/h3,5,7-8H,4,6,9H2,1-2H3/b5-3+,8-7+"
CC=CC=CC(=O)OC(C)C,"InChI=1S/C9H14O2/c1-4-5-6-7-9(10)11-8(2)3/h4-8H,1-3H3/b5-4+,7-6+"
CC=CC=CC(=O)OCCC,"InChI=1S/C9H14O2/c1-3-5-6-7-9(10)11-8-4-2/h3,5-7H,4,8H2,1-2H3/b5-3+,7-6+"
CC=CC=CC(=O)OCC,"InChI=1S/C8H12O2/c1-3-5-6-7-8(9)10-4-2/h3,5-7H,4H2,1-2H3/b5-3+,7-6+"
CC=CC=CC(=O)OC,"InChI=1S/C7H10O2/c1-3-4-5-6-7(8)9-2/h3-6H,1-2H3/b4-3+,6-5+"
CCCCC(CC)C(=O)OCCc(c1)cccc1,"InChI=1S/C16H24O2/c1-3-5-11-15(4-2)16(17)18-13-12-14-9-7-6-8-10-14/h6-10,15H,3-5,11-13H2,1-2H3"
CCC=CCCOC(=O)C(C)=O,"InChI=1S/C9H14O3/c1-3-4-5-6-7-12-9(11)8(2)10/h4-5H,3,6-7H2,1-2H3/b5-4-"
CC(=O)CCC(=O)OC(C)C,"InChI=1S/C8H14O3/c1-6(2)11-8(10)5-4-7(3)9/h6H,4-5H2,1-3H3"
CCCOC(=O)CCC(C)=O,"InChI=1S/C8H14O3/c1-3-6-11-8(10)5-4-7(2)9/h3-6H2,1-2H3"
CCCCOC(=O)C(C)OC(=O)CCC,"InChI=1S/C11H20O4/c1-4-6-8-14-11(13)9(3)15-10(12)7-5-2/h9H,4-8H2,1-3H3"
CCCCCCCCCOC(=O)C(C)O,"InChI=1S/C12H24O3/c1-3-4-5-6-7-8-9-10-15-12(14)11(2)13/h11,13H,3-10H2,1-2H3"
CCC=CCCOC(=O)C(C)O,"InChI=1S/C9H16O3/c1-3-4-5-6-7-12-9(11)8(2)10/h4-5,8,10H,3,6-7H2,1-2H3/b5-4-"
CCCC=CCOC(=O)C(C)O,"InChI=1S/C9H16O3/c1-3-4-5-6-7-12-9(11)8(2)10/h5-6,8,10H,3-4,7H2,1-2H3/b6-5+"
CC(C)CCOC(=O)C(C)O,"InChI=1S/C8H16O3/c1-6(2)4-5-11-8(10)7(3)9/h6-7,9H,4-5H2,1-3H3"
CCCCCCOC(=O)C(C)O,"InChI=1S/C9H18O3/c1-3-4-5-6-7-12-9(11)8(2)10/h8,10H,3-7H2,1-2H3"
CCCCCOC(=O)C(C)O,"InChI=1S/C8H16O3/c1-3-4-5-6-11-8(10)7(2)9/h7,9H,3-6H2,1-2H3"
CCCCCCCCCC(=O)OCc(c1)cccc1,"InChI=1S/C17H26O2/c1-2-3-4-5-6-7-11-14-17(18)19-15-16-12-9-8-10-13-16/h8-10,12-13H,2-7,11,14-15H2,1H3"
CC(C)c(c1)cc(O)c(C)c1,"InChI=1S/C10H14O/c1-7(2)9-5-4-8(3)10(11)6-9/h4-7,11H,1-3H3"
CCc(c1)cc(O)cc(C)1,"InChI=1S/C9H12O/c1-3-8-4-7(2)5-9(10)6-8/h4-6,10H,3H2,1-2H3"
CCCc(c1)ccc(O)c1,"InChI=1S/C9H12O/c1-2-3-8-4-6-9(10)7-5-8/h4-7,10H,2-3H2,1H3"
C=CCc(c1)c(O)ccc1,"InChI=1S/C9H10O/c1-2-5-8-6-3-4-7-9(8)10/h2-4,6-7,10H,1,5H2"
CCc(c1)cc(O)cc1,"InChI=1S/C8H10O/c1-2-7-4-3-5-8(9)6-7/h3-6,9H,2H2,1H3"
CCc(c1)c(O)ccc1,"InChI=1S/C8H10O/c1-2-7-5-3-4-6-8(7)9/h3-6,9H,2H2,1H3"
Cc(c1)ccc(O)c1,"InChI=1S/C7H8O/c1-6-2-4-7(8)5-3-6/h2-5,8H,1H3"
Oc(c1)cccc1,"InChI=1S/C6H6O/c7-6-4-2-1-3-5-6/h1-5,7H"
O=C(C1)CCCCCCCCCCCCC1,InChI=1S/C15H28O/c16-15-13-11-9-7-5-3-1-2-4-6-8-10-12-14-15/h1-14H2
OC(=O)CCc(c1)cccc1,"InChI=1S/C9H10O2/c10-9(11)7-6-8-4-2-1-3-5-8/h1-5H,6-7H2,(H,10,11)"
OC(=O)Cc(c1)cccc1,"InChI=1S/C8H8O2/c9-8(10)6-7-4-2-1-3-5-7/h1-5H,6H2,(H,9,10)"
OC(=O)c(c1)cccc1,"InChI=1S/C7H6O2/c8-7(9)6-4-2-1-3-5-6/h1-5H,(H,8,9)"
OC(=O)CC(C1)CCCC1,"InChI=1S/C8H14O2/c9-8(10)6-7-4-2-1-3-5-7/h7H,1-6H2,(H,9,10)"
COCC(O)=O,"InChI=1S/C3H6O3/c1-6-2-3(4)5/h2H2,1H3,(H,4,5)"
CC(=O)C(O)=O,"InChI=1S/C3H4O3/c1-2(4)3(5)6/h1H3,(H,5,6)"
CCCCC(CC)C(O)=O,"InChI=1S/C8H16O2/c1-3-5-6-7(4-2)8(9)10/h7H,3-6H2,1-2H3,(H,9,10)"
CCCCCCCCCCC(O)=O,"InChI=1S/C11H22O2/c1-2-3-4-5-6-7-8-9-10-11(12)13/h2-10H2,1H3,(H,12,13)"
CCCCCCCCCC(O)=O,"InChI=1S/C10H20O2/c1-2-3-4-5-6-7-8-9-10(11)12/h2-9H2,1H3,(H,11,12)"
CCCCCCC=CCC(O)=O,"InChI=1S/C10H18O2/c1-2-3-4-5-6-7-8-9-10(11)12/h7-8H,2-6,9H2,1H3,(H,11,12)/b8-7+"
CCCCCCCC=CC(O)=O,"InChI=1S/C10H18O2/c1-2-3-4-5-6-7-8-9-10(11)12/h8-9H,2-7H2,1H3,(H,11,12)/b9-8+"
CCCCCCCCC(O)=O,"InChI=1S/C9H18O2/c1-2-3-4-5-6-7-8-9(10)11/h2-8H2,1H3,(H,10,11)"
CCCCCCC=CC(O)=O,"InChI=1S/C9H16O2/c1-2-3-4-5-6-7-8-9(10)11/h7-8H,2-6H2,1H3,(H,10,11)/b8-7+"
CCCCCCCC(O)=O,"InChI=1S/C8H16O2/c1-2-3-4-5-6-7-8(9)10/h2-7H2,1H3,(H,9,10)"
CCCCC=CCC(O)=O,"InChI=1S/C8H14O2/c1-2-3-4-5-6-7-8(9)10/h5-6H,2-4,7H2,1H3,(H,9,10)/b6-5+"
CCCCCC=CC(O)=O,"InChI=1S/C8H14O2/c1-2-3-4-5-6-7-8(9)10/h6-7H,2-5H2,1H3,(H,9,10)/b7-6+"
CC(C)CCCC(O)=O,"InChI=1S/C7H14O2/c1-6(2)4-3-5-7(8)9/h6H,3-5H2,1-2H3,(H,8,9)"
CCCCC(C)C(O)=O,"InChI=1S/C7H14O2/c1-3-4-5-6(2)7(8)9/h6H,3-5H2,1-2H3,(H,8,9)"
CCCCCCC(O)=O,"InChI=1S/C7H14O2/c1-2-3-4-5-6-7(8)9/h2-6H2,1H3,(H,8,9)"
CCC(CC)C(O)=O,"InChI=1S/C6H12O2/c1-3-5(4-2)6(7)8/h5H,3-4H2,1-2H3,(H,7,8)"
CC(C)CCC(O)=O,"InChI=1S/C6H12O2/c1-5(2)3-4-6(7)8/h5H,3-4H2,1-2H3,(H,7,8)"
CCC(C)CC(O)=O,"InChI=1S/C6H12O2/c1-3-5(2)4-6(7)8/h5H,3-4H2,1-2H3,(H,7,8)"
CCCC(C)C(O)=O,"InChI=1S/C6H12O2/c1-3-4-5(2)6(7)8/h5H,3-4H2,1-2H3,(H,7,8)"
CCCCCC(O)=O,"InChI=1S/C6H12O2/c1-2-3-4-5-6(7)8/h2-5H2,1H3,(H,7,8)"
CCC=CCC(O)=O,"InChI=1S/C6H10O2/c1-2-3-4-5-6(7)8/h3-4H,2,5H2,1H3,(H,7,8)/b4-3+"
CCCC=CC(O)=O,"InChI=1S/C6H10O2/c1-2-3-4-5-6(7)8/h4-5H,2-3H2,1H3,(H,7,8)/b5-4+"
CCC(C)C(O)=O,"InChI=1S/C5H10O2/c1-3-4(2)5(6)7/h4H,3H2,1-2H3,(H,6,7)"
CC(C)CC(O)=O,"InChI=1S/C5H10O2/c1-4(2)3-5(6)7/h4H,3H2,1-2H3,(H,6,7)"
CCCCC(O)=O,"InChI=1S/C5H10O2/c1-2-3-4-5(6)7/h2-4H2,1H3,(H,6,7)"
O=C(O)C(C)C,"InChI=1S/C4H8O2/c1-3(2)4(5)6/h3H,1-2H3,(H,5,6)"
CCCC(O)=O,"InChI=1S/C4H8O2/c1-2-3-4(5)6/h2-3H2,1H3,(H,5,6)"
CC=CC(O)=O,"InChI=1S/C4H6O2/c1-2-3-4(5)6/h2-3H,1H3,(H,5,6)/b3-2+"
CCC(O)=O,"InChI=1S/C3H6O2/c1-2-3(4)5/h2H2,1H3,(H,4,5)"
CC(O)=O,"InChI=1S/C2H4O2/c1-2(3)4/h1H3,(H,3,4)"
CCCc(c1)ccc(OC)c1,"InChI=1S/C10H14O/c1-3-4-9-5-7-10(11-2)8-6-9/h5-8H,3-4H2,1-2H3"
CC=Cc(c1)ccc(OC)c1,"InChI=1S/C10H12O/c1-3-4-9-5-7-10(11-2)8-6-9/h3-8H,1-2H3/b4-3+"
C=CCc(c1)ccc(OC)c1,"InChI=1S/C10H12O/c1-3-4-9-5-7-10(11-2)8-6-9/h3,5-8H,1,4H2,2H3"
COc(c1)cccc1,"InChI=1S/C7H8O/c1-8-7-5-3-2-4-6-7/h2-6H,1H3"
CC(=O)c(c1)scc1,"InChI=1S/C6H6OS/c1-5(7)6-3-2-4-8-6/h2-4H,1H3"
c(c2)cc(o2)CSCc(c1)occ1,"InChI=1S/C10H10O2S/c1-3-9(11-5-1)7-13-8-10-4-2-6-12-10/h1-6H,7-8H2"
O=Cc(c1)scc1,InChI=1S/C5H4OS/c6-4-5-2-1-3-7-5/h1-4H
COc(c1)ccc(c1)C(C)(C)C,"InChI=1S/C11H16O/c1-11(2,3)9-5-7-10(12-4)8-6-9/h5-8H,1-4H3"
CCCSC(C)=O,"InChI=1S/C5H10OS/c1-3-4-7-5(2)6/h3-4H2,1-2H3"
CCSC(C)=O,"InChI=1S/C4H8OS/c1-3-6-4(2)5/h3H2,1-2H3"
OCCSCC,"InChI=1S/C4H10OS/c1-2-6-4-3-5/h5H,2-4H2,1H3"
SCc(c1)cccc1,"InChI=1S/C7H8S/c8-6-7-4-2-1-3-5-7/h1-5,8H,6H2"
Sc(c1)cccc1,"InChI=1S/C6H6S/c7-6-4-2-1-3-5-6/h1-5,7H"
SCc(c1)occ1,"InChI=1S/C5H6OS/c7-4-5-2-1-3-6-5/h1-3,7H,4H2"
SC(C1)CCCC1,"InChI=1S/C6H12S/c7-6-4-2-1-3-5-6/h6-7H,1-5H2"
CCCCCS,"InChI=1S/C5H12S/c1-2-3-4-5-6/h6H,2-5H2,1H3"
CC(C)CCS,"InChI=1S/C5H12S/c1-5(2)3-4-6/h5-6H,3-4H2,1-2H3"
CCC(C)(C)S,"InChI=1S/C5H12S/c1-4-5(2,3)6/h6H,4H2,1-3H3"
CC(C)(C)S,"InChI=1S/C4H10S/c1-4(2,3)5/h5H,1-3H3"
CCCS,"InChI=1S/C3H8S/c1-2-3-4/h4H,2-3H2,1H3"
O=CCCc(c1)ccc(c1)C(C)(C)C,"InChI=1S/C13H18O/c1-13(2,3)12-8-6-11(7-9-12)5-4-10-14/h6-10H,4-5H2,1-3H3"
O=CCC(C)CC(C)(C)C,"InChI=1S/C9H18O/c1-8(5-6-10)7-9(2,3)4/h6,8H,5,7H2,1-4H3"
OCc(c1)ccc(C)c1,"InChI=1S/C8H10O/c1-7-2-4-8(6-9)5-3-7/h2-5,9H,6H2,1H3"
CC(C)(O)CCc(c1)cccc1,"InChI=1S/C11H16O/c1-11(2,12)9-8-10-6-4-3-5-7-10/h3-7,12H,8-9H2,1-2H3"
CC(C)C(C1)CCC(O)C1,"InChI=1S/C9H18O/c1-7(2)8-3-5-9(10)6-4-8/h7-10H,3-6H2,1-2H3"
[H]C(C)(C3)C(C2)(C1)C(C3)C(C)(C)C([H])(C(C)(O)C2)1,"InChI=1S/C15H26O/c1-10-5-6-11-13(2,3)12-9-15(10,11)8-7-14(12,4)16/h10-12,16H,5-9H2,1-4H3/t10-,11?,12-,14-,15?/m1/s1"
CCOC(OCC)CC(C)CCCC(C)(C)O,"InChI=1S/C14H30O3/c1-6-16-13(17-7-2)11-12(3)9-8-10-14(4,5)15/h12-13,15H,6-11H2,1-5H3"
CC(C)(O)C(C)(C)O,"InChI=1S/C6H14O2/c1-5(2,7)6(3,4)8/h7-8H,1-4H3"
OCCOCCO,"InChI=1S/C4H10O3/c5-1-3-7-4-2-6/h5-6H,1-4H2"
OCC(C)O,"InChI=1S/C3H8O2/c1-3(5)2-4/h3-5H,2H2,1H3"
CC(O)C(C)=O,"InChI=1S/C4H8O2/c1-3(5)4(2)6/h3,5H,1-2H3"
CC(C)(O)C#CC(C)(C)O,"InChI=1S/C8H14O2/c1-7(2,9)5-6-8(3,4)10/h9-10H,1-4H3"
CCC(CC)(CO)CO,"InChI=1S/C7H16O2/c1-3-7(4-2,5-8)6-9/h8-9H,3-6H2,1-2H3"
OCCC(C)O,"InChI=1S/C4H10O2/c1-4(6)2-3-5/h4-6H,2-3H2,1H3"
CS(C)=O,InChI=1S/C2H6OS/c1-4(2)3/h1-2H3
CCCSSCCC,"InChI=1S/C6H14S2/c1-3-5-7-8-6-4-2/h3-6H2,1-2H3"
C=CCSSCC=C,"InChI=1S/C6H10S2/c1-3-5-7-8-6-4-2/h3-4H,1-2,5-6H2"
CSSC,InChI=1S/C2H6S2/c1-3-4-2/h1-2H3
CC(C)SCc(c1)occ1,"InChI=1S/C8H12OS/c1-7(2)10-6-8-4-3-5-9-8/h3-5,7H,6H2,1-2H3"
CSCc(c1)cccc1,"InChI=1S/C8H10S/c1-9-7-8-5-3-2-4-6-8/h2-6H,7H2,1H3"
CSc(c1)cccc1,"InChI=1S/C7H8S/c1-8-7-5-3-2-4-6-7/h2-6H,1H3"
CCCCCCCCSCCCCCCCC,"InChI=1S/C16H34S/c1-3-5-7-9-11-13-15-17-16-14-12-10-8-6-4-2/h3-16H2,1-2H3"
CCCCCCCCSC,"InChI=1S/C9H20S/c1-3-4-5-6-7-8-9-10-2/h3-9H2,1-2H3"
CC(C)(C)SC(C)(C)C,"InChI=1S/C8H18S/c1-7(2,3)9-8(4,5)6/h1-6H3"
CCCCSCCCC,"InChI=1S/C8H18S/c1-3-5-7-9-8-6-4-2/h3-8H2,1-2H3"
CC(C)SC(C)C,"InChI=1S/C6H14S/c1-5(2)7-6(3)4/h5-6H,1-4H3"
CCCSCC=C,"InChI=1S/C6H12S/c1-3-5-7-6-4-2/h3H,1,4-6H2,2H3"
C=CCSCC=C,"InChI=1S/C6H10S/c1-3-5-7-6-4-2/h3-4H,1-2,5-6H2"
O=COC(C1)CCCCCCCCCC1,"InChI=1S/C13H24O2/c14-12-15-13-10-8-6-4-2-1-3-5-7-9-11-13/h12-13H,1-11H2"
CCCCCCCCCCCCCCCCCCCCCCCCCC,"InChI=1S/C26H54/c1-3-5-7-9-11-13-15-17-19-21-23-25-26-24-22-20-18-16-14-12-10-8-6-4-2/h3-26H2,1-2H3"
CCCCCCCCCCCCCCCCCCCCCCCCC,"InChI=1S/C25H52/c1-3-5-7-9-11-13-15-17-19-21-23-25-24-22-20-18-16-14-12-10-8-6-4-2/h3-25H2,1-2H3"
CCCCCCCCCCCCCCCCCCCCCCCC,"InChI=1S/C24H50/c1-3-5-7-9-11-13-15-17-19-21-23-24-22-20-18-16-14-12-10-8-6-4-2/h3-24H2,1-2H3"
CCCCCCCCCCCCCCCCCCCCCCC,"InChI=1S/C23H48/c1-3-5-7-9-11-13-15-17-19-21-23-22-20-18-16-14-12-10-8-6-4-2/h3-23H2,1-2H3"
CCCCCCCCCCCCCCCCCCCCCC,"InChI=1S/C22H46/c1-3-5-7-9-11-13-15-17-19-21-22-20-18-16-14-12-10-8-6-4-2/h3-22H2,1-2H3"
CCC(C)(C)c(c1)cccc1,"InChI=1S/C11H16/c1-4-11(2,3)10-8-6-5-7-9-10/h5-9H,4H2,1-3H3"
CCCCCCCCCOC(=O)CCCCCCCC,"InChI=1S/C18H36O2/c1-3-5-7-9-11-13-15-17-20-18(19)16-14-12-10-8-6-4-2/h3-17H2,1-2H3"
CC(C)CSSCC(C)C,"InChI=1S/C8H18S2/c1-7(2)5-9-10-6-8(3)4/h7-8H,5-6H2,1-4H3"
C=CCCCCCCCCC(=O)OC,"InChI=1S/C12H22O2/c1-3-4-5-6-7-8-9-10-11-12(13)14-2/h3H,1,4-11H2,2H3"
CCCC([H])=C([H])COC(C)OCCC([H])=C([H])CC,"InChI=1S/C14H26O2/c1-4-6-8-10-12-15-14(3)16-13-11-9-7-5-2/h6,8-9,11,14H,4-5,7,10,12-13H2,1-3H3/b8-6-,11-9+"
CCCCCOC(C)OCc(c1)cccc1,"InChI=1S/C14H22O2/c1-3-4-8-11-15-13(2)16-12-14-9-6-5-7-10-14/h5-7,9-10,13H,3-4,8,11-12H2,1-2H3"
CCC=CCCOC(C)OCc(c1)cccc1,"InChI=1S/C15H22O2/c1-3-4-5-9-12-16-14(2)17-13-15-10-7-6-8-11-15/h4-8,10-11,14H,3,9,12-13H2,1-2H3/b5-4-"
CCCC=CCOC(C)OCc(c1)cccc1,"InChI=1S/C15H22O2/c1-3-4-5-9-12-16-14(2)17-13-15-10-7-6-8-11-15/h5-11,14H,3-4,12-13H2,1-2H3/b9-5+"
CCCC=CCOC(C)OCC=CCCC,"InChI=1S/C14H26O2/c1-4-6-8-10-12-15-14(3)16-13-11-9-7-5-2/h8-11,14H,4-7,12-13H2,1-3H3/b10-8+,11-9+"
CCCC=CCOC(C)OCCCCC,"InChI=1S/C13H26O2/c1-4-6-8-10-12-15-13(3)14-11-9-7-5-2/h8,10,13H,4-7,9,11-12H2,1-3H3/b10-8+"
CCC=CCCOC(C)OCCCCC,"InChI=1S/C13H26O2/c1-4-6-8-10-12-15-13(3)14-11-9-7-5-2/h6,8,13H,4-5,7,9-12H2,1-3H3/b8-6-"
CCOC(C)OCc(c1)cccc1,"InChI=1S/C11H16O2/c1-3-12-10(2)13-9-11-7-5-4-6-8-11/h4-8,10H,3,9H2,1-2H3"
CCCCCOC(CCCCC)OCc(c1)cccc1,"InChI=1S/C18H30O2/c1-3-5-8-14-18(19-15-11-6-4-2)20-16-17-12-9-7-10-13-17/h7,9-10,12-13,18H,3-6,8,11,14-16H2,1-2H3"
CCC=CCCOC(CCCCC)OCc(c1)cccc1,"InChI=1S/C19H30O2/c1-3-5-7-12-16-20-19(15-9-6-4-2)21-17-18-13-10-8-11-14-18/h5,7-8,10-11,13-14,19H,3-4,6,9,12,15-17H2,1-2H3/b7-5-"
CCCC=CCOC(CCCCC)OCc(c1)cccc1,"InChI=1S/C19H30O2/c1-3-5-7-12-16-20-19(15-9-6-4-2)21-17-18-13-10-8-11-14-18/h7-8,10-14,19H,3-6,9,15-17H2,1-2H3/b12-7+"
CCCCCC(OCc(c2)cccc2)OCc(c1)cccc1,"InChI=1S/C20H26O2/c1-2-3-6-15-20(21-16-18-11-7-4-8-12-18)22-17-19-13-9-5-10-14-19/h4-5,7-14,20H,2-3,6,15-17H2,1H3"
CC(OCc(c2)cccc2)OCc(c1)cccc1,"InChI=1S/C16H18O2/c1-14(17-12-15-8-4-2-5-9-15)18-13-16-10-6-3-7-11-16/h2-11,14H,12-13H2,1H3"
C=CCSC,"InChI=1S/C4H8S/c1-3-4-5-2/h3H,1,4H2,2H3"
CC=CC(=O)OCc(c1)occ1,"InChI=1S/C9H10O3/c1-2-4-9(10)12-7-8-5-3-6-11-8/h2-6H,7H2,1H3/b4-2+"
O=COCc(c1)occ1,"InChI=1S/C6H6O3/c7-5-8-4-6-2-1-3-9-6/h1-3,5H,4H2"
C=Cc(c1)cc(OC)c(O)c1,"InChI=1S/C9H10O2/c1-3-7-4-5-8(10)9(6-7)11-2/h3-6,10H,1H2,2H3"
CC(O)C(=O)OCc(c1)cccc1,"InChI=1S/C10H12O3/c1-8(11)10(12)13-7-9-5-3-2-4-6-9/h2-6,8,11H,7H2,1H3"
CCCC=CCOC(CCCCC)OCC=CCCC,"InChI=1S/C18H34O2/c1-4-7-10-13-16-19-18(15-12-9-6-3)20-17-14-11-8-5-2/h10-11,13-14,18H,4-9,12,15-17H2,1-3H3/b13-10+,14-11+"
CCCSC(=O)c(c1)cccc1,"InChI=1S/C10H12OS/c1-2-8-12-10(11)9-6-4-3-5-7-9/h3-7H,2,8H2,1H3"
CCCC=CCOC(CCCCC)OCCC=CCC,"InChI=1S/C18H34O2/c1-4-7-10-13-16-19-18(15-12-9-6-3)20-17-14-11-8-5-2/h7,10-11,14,18H,4-6,8-9,12-13,15-17H2,1-3H3/b10-7-,14-11+"
CCCC=CCOC(CCCCC)OCCCCC,"InChI=1S/C17H34O2/c1-4-7-10-13-16-19-17(14-11-8-5-2)18-15-12-9-6-3/h10,13,17H,4-9,11-12,14-16H2,1-3H3/b13-10+"
CCC=CCCOC(CCCCC)OCCCCC,"InChI=1S/C17H34O2/c1-4-7-10-13-16-19-17(14-11-8-5-2)18-15-12-9-6-3/h7,10,17H,4-6,8-9,11-16H2,1-3H3/b10-7-"
CCCCCC(OCC)OCc(c1)cccc1,"InChI=1S/C15H24O2/c1-3-5-7-12-15(16-4-2)17-13-14-10-8-6-9-11-14/h6,8-11,15H,3-5,7,12-13H2,1-2H3"
CCCCCOC(C)OCCCCC,"InChI=1S/C12H26O2/c1-4-6-8-10-13-12(3)14-11-9-7-5-2/h12H,4-11H2,1-3H3"
CCC=CCCOC(OCC)CCCCC,"InChI=1S/C14H28O2/c1-4-7-9-11-13-16-14(15-6-3)12-10-8-5-2/h7,9,14H,4-6,8,10-13H2,1-3H3/b9-7-"
CCCCCCOC(CCCCC)OCc(c1)cccc1,"InChI=1S/C19H32O2/c1-3-5-7-12-16-20-19(15-9-6-4-2)21-17-18-13-10-8-11-14-18/h8,10-11,13-14,19H,3-7,9,12,15-17H2,1-2H3"
CCCCCCOC(CCCCC)OCCC=CCC,"InChI=1S/C18H36O2/c1-4-7-10-13-16-19-18(15-12-9-6-3)20-17-14-11-8-5-2/h7,10,18H,4-6,8-9,11-17H2,1-3H3/b10-7-"
CCCC=CCOC(OCC)CCCCC,"InChI=1S/C14H28O2/c1-4-7-9-11-13-16-14(15-6-3)12-10-8-5-2/h9,11,14H,4-8,10,12-13H2,1-3H3/b11-9+"
CCCCCOC(CCCCC)OCCCCC,"InChI=1S/C16H34O2/c1-4-7-10-13-16(17-14-11-8-5-2)18-15-12-9-6-3/h16H,4-15H2,1-3H3"
CCCCCCOC(CCCCC)OCCCCC,"InChI=1S/C17H36O2/c1-4-7-10-13-16-19-17(14-11-8-5-2)18-15-12-9-6-3/h17H,4-16H2,1-3H3"
CCCCCOC(OCC)CCCCC,"InChI=1S/C13H28O2/c1-4-7-9-11-13(14-6-3)15-12-10-8-5-2/h13H,4-12H2,1-3H3"
CCCCOC(OCCCC)CC(C)C,"InChI=1S/C13H28O2/c1-5-7-9-14-13(11-12(3)4)15-10-8-6-2/h12-13H,5-11H2,1-4H3"
CCCCCOC(C)OCCCC,"InChI=1S/C11H24O2/c1-4-6-8-10-13-11(3)12-9-7-5-2/h11H,4-10H2,1-3H3"
CCCC=CCOC(C)OCC,"InChI=1S/C10H20O2/c1-4-6-7-8-9-12-10(3)11-5-2/h7-8,10H,4-6,9H2,1-3H3/b8-7+"
CC(C)OC(=O)C(C)=O,"InChI=1S/C6H10O3/c1-4(2)9-6(8)5(3)7/h4H,1-3H3"
CCCOC(=O)C(C)=O,"InChI=1S/C6H10O3/c1-3-4-9-6(8)5(2)7/h3-4H2,1-2H3"
C=CCOc(c1)c(OCC=C)ccc1,"InChI=1S/C12H14O2/c1-3-9-13-11-7-5-6-8-12(11)14-10-4-2/h3-8H,1-2,9-10H2"
CCCCOCCc(c1)cccc1,"InChI=1S/C12H18O/c1-2-3-10-13-11-9-12-7-5-4-6-8-12/h4-8H,2-3,9-11H2,1H3"
CCCCOC(=O)C(C)=O,"InChI=1S/C7H12O3/c1-3-4-5-10-7(9)6(2)8/h3-5H2,1-2H3"
CC(C)OCCc(c1)cccc1,"InChI=1S/C11H16O/c1-10(2)12-9-8-11-6-4-3-5-7-11/h3-7,10H,8-9H2,1-2H3"
C=CCOCCc(c1)cccc1,"InChI=1S/C11H14O/c1-2-9-12-10-8-11-6-4-3-5-7-11/h2-7H,1,8-10H2"
OCC(C1)=C([H])CC(C(C)=C)C1,"InChI=1S/C10H16O/c1-8(2)10-5-3-9(7-11)4-6-10/h3,10-11H,1,4-7H2,2H3"
CCCCCCCCCCC(=O)OCC=C,"InChI=1S/C14H26O2/c1-3-5-6-7-8-9-10-11-12-14(15)16-13-4-2/h4H,2-3,5-13H2,1H3"
CC(C)=CCOC(=O)c(c1)cccc1,"InChI=1S/C12H14O2/c1-10(2)8-9-14-12(13)11-6-4-3-5-7-11/h3-8H,9H2,1-2H3"
CCC(CC)C(=O)OCC(C)C,"InChI=1S/C10H20O2/c1-5-9(6-2)10(11)12-7-8(3)4/h8-9H,5-7H2,1-4H3"
CCCCCCC(=O)OCc(c1)cccc1,"InChI=1S/C14H20O2/c1-2-3-4-8-11-14(15)16-12-13-9-6-5-7-10-13/h5-7,9-10H,2-4,8,11-12H2,1H3"
CCCCOCCOC(=O)CCC,"InChI=1S/C10H20O3/c1-3-5-7-12-8-9-13-10(11)6-4-2/h3-9H2,1-2H3"
CCC(C)COC(=O)C(C)C,"InChI=1S/C9H18O2/c1-5-8(4)6-11-9(10)7(2)3/h7-8H,5-6H2,1-4H3"
CCC(C)COC(=O)CC,"InChI=1S/C8H16O2/c1-4-7(3)6-10-8(9)5-2/h7H,4-6H2,1-3H3"
CCCCCC(=O)OCC(C)CC,"InChI=1S/C11H22O2/c1-4-6-7-8-11(12)13-9-10(3)5-2/h10H,4-9H2,1-3H3"
CCOC(OCC)CCc(c1)cccc1,"InChI=1S/C13H20O2/c1-3-14-13(15-4-2)11-10-12-8-6-5-7-9-12/h5-9,13H,3-4,10-11H2,1-2H3"
COCCOCCO,"InChI=1S/C5H12O3/c1-7-4-5-8-3-2-6/h6H,2-5H2,1H3"
CC(C)C(C2)OC(OC2)C(C)c(c1)cccc1,"InChI=1S/C15H22O2/c1-11(2)14-9-10-16-15(17-14)12(3)13-7-5-4-6-8-13/h4-8,11-12,14-15H,9-10H2,1-3H3"
CCCCC(=C1)C(=O)CC1,"InChI=1S/C9H14O/c1-2-3-5-8-6-4-7-9(8)10/h6H,2-5,7H2,1H3"
C(C1)C=COC1,"InChI=1S/C5H8O/c1-2-4-6-5-3-1/h2,4H,1,3,5H2"
NCCC(C)C,"InChI=1S/C5H13N/c1-5(2)3-4-6/h5H,3-4,6H2,1-2H3"
NCC(C)C,"InChI=1S/C4H11N/c1-4(2)3-5/h4H,3,5H2,1-2H3"
CCCCN,"InChI=1S/C4H11N/c1-2-3-4-5/h2-5H2,1H3"
CN(C)C,InChI=1S/C3H9N/c1-4(2)3/h1-3H3
CNC,"InChI=1S/C2H7N/c1-3-2/h3H,1-2H3"
C=CCN=C=S,"InChI=1S/C4H5NS/c1-2-3-5-4-6/h2H,1,3H2"
CCOC(=O)c(c1)occ1,"InChI=1S/C7H8O3/c1-2-9-7(8)6-4-3-5-10-6/h3-5H,2H2,1H3"
COC(=O)c(c1)occ1,"InChI=1S/C6H6O3/c1-8-6(7)5-3-2-4-9-5/h2-4H,1H3"
C=CCOC(=O)c(c1)occ1,"InChI=1S/C8H8O3/c1-2-5-11-8(9)7-4-3-6-10-7/h2-4,6H,1,5H2"
CCCOC(=O)C=Cc(c1)occ1,"InChI=1S/C10H12O3/c1-2-7-13-10(11)6-5-9-4-3-8-12-9/h3-6,8H,2,7H2,1H3/b6-5+"
CCOC(=O)C=Cc(c1)occ1,"InChI=1S/C9H10O3/c1-2-11-9(10)6-5-8-4-3-7-12-8/h3-7H,2H2,1H3/b6-5+"
O=C(OCCc(c2)cccc2)c(c1)occ1,"InChI=1S/C13H12O3/c14-13(12-7-4-9-15-12)16-10-8-11-5-2-1-3-6-11/h1-7,9H,8,10H2"
CCCCCCOC(=O)c(c1)occ1,"InChI=1S/C11H16O3/c1-2-3-4-5-8-14-11(12)10-7-6-9-13-10/h6-7,9H,2-5,8H2,1H3"
O=C(OCCC)C=1OC=CC1,"InChI=1S/C8H10O3/c1-2-5-11-8(9)7-4-3-6-10-7/h3-4,6H,2,5H2,1H3"
CCc(c1)nccn1,"InChI=1S/C6H8N2/c1-2-6-5-7-3-4-8-6/h3-5H,2H2,1H3"
Cc(c1)nccn1,"InChI=1S/C5H6N2/c1-5-4-6-2-3-7-5/h2-4H,1H3"
c(c1)nccn1,InChI=1S/C4H4N2/c1-2-6-4-3-5-1/h1-4H
Cc(c1)nc(C)c(C)n1,"InChI=1S/C7H10N2/c1-5-4-8-6(2)7(3)9-5/h4H,1-3H3"
c(c2)cc(n1)c(c2)ncc1,InChI=1S/C8H6N2/c1-2-4-8-7(3-1)9-5-6-10-8/h1-6H
c(c2)cc(c1)c(c2)cnc1,InChI=1S/C9H7N/c1-2-4-9-7-10-6-5-8(9)3-1/h1-7H
COc(c1)nccc1,"InChI=1S/C6H7NO/c1-8-6-4-2-3-5-7-6/h2-5H,1H3"
CCc(c1)ccnc1,"InChI=1S/C7H9N/c1-2-7-3-5-8-6-4-7/h3-6H,2H2,1H3"
c(c1)ccnc1,InChI=1S/C5H5N/c1-2-4-6-5-3-1/h1-5H
C(C1)CCNC1,"InChI=1S/C5H11N/c1-2-4-6-5-3-1/h6H,1-5H2"
CC(C)CCOC(=O)CC(C)=O,"InChI=1S/C9H16O3/c1-7(2)4-5-12-9(11)6-8(3)10/h7H,4-6H2,1-3H3"
CCCCOC(=O)CC(C)=O,"InChI=1S/C8H14O3/c1-3-4-5-11-8(10)6-7(2)9/h3-6H2,1-2H3"
CCOC(=O)CC(C)=O,"InChI=1S/C6H10O3/c1-3-9-6(8)4-5(2)7/h3-4H2,1-2H3"
CCCCCCOC(=O)CCC(C)=O,"InChI=1S/C11H20O3/c1-3-4-5-6-9-14-11(13)8-7-10(2)12/h3-9H2,1-2H3"
CC(C)CCOC(=O)CCC(C)=O,"InChI=1S/C10H18O3/c1-8(2)6-7-13-10(12)5-4-9(3)11/h8H,4-7H2,1-3H3"
CCCCCOC(=O)CCC(C)=O,"InChI=1S/C10H18O3/c1-3-4-5-8-13-10(12)7-6-9(2)11/h3-8H2,1-2H3"
CC(C)COC(=O)CCC(C)=O,"InChI=1S/C9H16O3/c1-7(2)6-12-9(11)5-4-8(3)10/h7H,4-6H2,1-3H3"
CCCCOC(=O)CCC(C)=O,"InChI=1S/C9H16O3/c1-3-4-7-12-9(11)6-5-8(2)10/h3-7H2,1-2H3"
C=CCOC(=O)CCC(C)=O,"InChI=1S/C8H12O3/c1-3-6-11-8(10)5-4-7(2)9/h3H,1,4-6H2,2H3"
CCCCOC(=O)CCCCC(=O)OCCCC,"InChI=1S/C14H26O4/c1-3-5-11-17-13(15)9-7-8-10-14(16)18-12-6-4-2/h3-12H2,1-2H3"
C=CCOC(=O)CCCCC(=O)OCC=C,"InChI=1S/C12H18O4/c1-3-9-15-11(13)7-5-6-8-12(14)16-10-4-2/h3-4H,1-2,5-10H2"
CC(C)OC(=O)CCCCC(=O)OC(C)C,"InChI=1S/C12H22O4/c1-9(2)15-11(13)7-5-6-8-12(14)16-10(3)4/h9-10H,5-8H2,1-4H3"
CCCOC(=O)CCCCC(=O)OCCC,"InChI=1S/C12H22O4/c1-3-9-15-11(13)7-5-6-8-12(14)16-10-4-2/h3-10H2,1-2H3"
CCOC(=O)CCCCC(=O)OCC,"InChI=1S/C10H18O4/c1-3-13-9(11)7-5-6-8-10(12)14-4-2/h3-8H2,1-2H3"
COC(=O)CCCCC(=O)OC,"InChI=1S/C8H14O4/c1-11-7(9)5-3-4-6-8(10)12-2/h3-6H2,1-2H3"
CCCCOC(=O)CCC(=O)OCCCC,"InChI=1S/C12H22O4/c1-3-5-9-15-11(13)7-8-12(14)16-10-6-4-2/h3-10H2,1-2H3"
CCOC(=O)CCC(=O)OCC,"InChI=1S/C8H14O4/c1-3-11-7(9)5-6-8(10)12-4-2/h3-6H2,1-2H3"
COC(=O)CCC(=O)OC,"InChI=1S/C6H10O4/c1-9-5(7)3-4-6(8)10-2/h3-4H2,1-2H3"
CCOC(=O)C(CC)(CC)C(=O)OCC,"InChI=1S/C11H20O4/c1-5-11(6-2,9(12)14-7-3)10(13)15-8-4/h5-8H2,1-4H3"
CCCCC(C(=O)OCC)C(=O)OCC,"InChI=1S/C11H20O4/c1-4-7-8-9(10(12)14-5-2)11(13)15-6-3/h9H,4-8H2,1-3H3"
CCOC(=O)C(CC)C(=O)OCC,"InChI=1S/C9H16O4/c1-4-7(8(10)12-5-2)9(11)13-6-3/h7H,4-6H2,1-3H3"
O=C(CC(=O)OC(C)(C)C)OC(C)(C)C,"InChI=1S/C11H20O4/c1-10(2,3)14-8(12)7-9(13)15-11(4,5)6/h7H2,1-6H3"
CCCCOC(=O)CC(=O)OCCCC,"InChI=1S/C11H20O4/c1-3-5-7-14-10(12)9-11(13)15-8-6-4-2/h3-9H2,1-2H3"
CCCOC(=O)CC(=O)OCCC,"InChI=1S/C9H16O4/c1-3-5-12-8(10)7-9(11)13-6-4-2/h3-7H2,1-2H3"
COC(=O)c(c1)c(OC)ccc1,"InChI=1S/C9H10O3/c1-11-8-6-4-3-5-7(8)9(10)12-2/h3-6H,1-2H3"
Oc(c2)c(ccc2)C(=O)OCCc(c1)cccc1,"InChI=1S/C15H14O3/c16-14-9-5-4-8-13(14)15(17)18-11-10-12-6-2-1-3-7-12/h1-9,16H,10-11H2"
Oc(c2)c(ccc2)C(=O)OCc(c1)cccc1,"InChI=1S/C14H12O3/c15-13-9-5-4-8-12(13)14(16)17-10-11-6-2-1-3-7-11/h1-9,15H,10H2"
Oc(c2)c(ccc2)C(=O)Oc(c1)cccc1,"InChI=1S/C13H10O3/c14-12-9-5-4-8-11(12)13(15)16-10-6-2-1-3-7-10/h1-9,14H"
CC(C1)CC(OC(=O)c(c2)c(O)ccc2)C(C1)C(C)C,"InChI=1S/C17H24O3/c1-11(2)13-9-8-12(3)10-16(13)20-17(19)14-6-4-5-7-15(14)18/h4-7,11-13,16,18H,8-10H2,1-3H3"
CCCCC(CC)COC(=O)c(c1)c(O)ccc1,"InChI=1S/C15H22O3/c1-3-5-8-12(4-2)11-18-15(17)13-9-6-7-10-14(13)16/h6-7,9-10,12,16H,3-5,8,11H2,1-2H3"
CCCCCCOC(=O)c(c1)c(O)ccc1,"InChI=1S/C13H18O3/c1-2-3-4-7-10-16-13(15)11-8-5-6-9-12(11)14/h5-6,8-9,14H,2-4,7,10H2,1H3"
CCC=CCCOC(=O)c(c1)c(O)ccc1,"InChI=1S/C13H16O3/c1-2-3-4-7-10-16-13(15)11-8-5-6-9-12(11)14/h3-6,8-9,14H,2,7,10H2,1H3/b4-3-"
CC(C)CCOC(=O)c(c1)c(O)ccc1,"InChI=1S/C12H16O3/c1-9(2)7-8-15-12(14)10-5-3-4-6-11(10)13/h3-6,9,13H,7-8H2,1-2H3"
CCCCCOC(=O)c(c1)c(O)ccc1,"InChI=1S/C12H16O3/c1-2-3-6-9-15-12(14)10-7-4-5-8-11(10)13/h4-5,7-8,13H,2-3,6,9H2,1H3"
CC(C)COC(=O)c(c1)c(O)ccc1,"InChI=1S/C11H14O3/c1-8(2)7-14-11(13)9-5-3-4-6-10(9)12/h3-6,8,12H,7H2,1-2H3"
CCCCOC(=O)c(c1)c(O)ccc1,"InChI=1S/C11H14O3/c1-2-3-8-14-11(13)9-6-4-5-7-10(9)12/h4-7,12H,2-3,8H2,1H3"
CC(C)OC(=O)c(c1)c(O)ccc1,"InChI=1S/C10H12O3/c1-7(2)13-10(12)8-5-3-4-6-9(8)11/h3-7,11H,1-2H3"
CCCOC(=O)c(c1)c(O)ccc1,"InChI=1S/C10H12O3/c1-2-7-13-10(12)8-5-3-4-6-9(8)11/h3-6,11H,2,7H2,1H3"
CCOC(=O)c(c1)c(O)ccc1,"InChI=1S/C9H10O3/c1-2-12-9(11)7-5-3-4-6-8(7)10/h3-6,10H,2H2,1H3"
COC(=O)c(c1)c(O)ccc1,"InChI=1S/C8H8O3/c1-11-8(10)6-4-2-3-5-7(6)9/h2-5,9H,1H3"
O=C(C=Cc(c2)cccc2)OC(C1)CCCC1,"InChI=1S/C15H18O2/c16-15(17-14-9-5-2-6-10-14)12-11-13-7-3-1-4-8-13/h1,3-4,7-8,11-12,14H,2,5-6,9-10H2/b12-11+"
CCCC([2H])([H])[2H],"InChI=1S/C4H10/c1-3-4-2/h3-4H2,1-2H3/i1D2"
CCOC(=O)C(C)(CCBr)Sc(c1)cccc1,"InChI=1S/C13H17BrO2S/c1-3-16-12(15)13(2,9-10-14)17-11-7-5-4-6-8-11/h4-8H,3,9-10H2,1-2H3"
Cc(c1)ccc(c1)C(O)=O,"InChI=1S/C8H8O2/c1-6-2-4-7(5-3-6)8(9)10/h2-5H,1H3,(H,9,10)"
CNC(=C1)C(C)OC(=O)1,"InChI=1S/C6H9NO2/c1-4-5(7-2)3-6(8)9-4/h3-4,7H,1-2H3"
[H]C(C2)=C(CCC2)C(C)(O1)OCC1,"InChI=1S/C10H16O2/c1-10(11-7-8-12-10)9-5-3-2-4-6-9/h5H,2-4,6-8H2,1H3"
CC(=O)OC(C1)C(CCC1)C(C)(C)C,"InChI=1S/C12H22O2/c1-9(13)14-11-8-6-5-7-10(11)12(2,3)4/h10-11H,5-8H2,1-4H3"
CCCC(C1)C(CCC1)OC(C)=O,"InChI=1S/C11H20O2/c1-3-6-10-7-4-5-8-11(10)13-9(2)12/h10-11H,3-8H2,1-2H3"
CCC(C1)C(CCC1)OC(C)=O,"InChI=1S/C10H18O2/c1-3-9-6-4-5-7-10(9)12-8(2)11/h9-10H,3-7H2,1-2H3"
CC(=O)OC(C1)CCC(C)C1,"InChI=1S/C9H16O2/c1-7-3-5-9(6-4-7)11-8(2)10/h7,9H,3-6H2,1-2H3"
CC(=O)OC(C1)CC(C)CC1,"InChI=1S/C9H16O2/c1-7-4-3-5-9(6-7)11-8(2)10/h7,9H,3-6H2,1-2H3"
CC(=O)OC(C1)C(C)CCC1,"InChI=1S/C9H16O2/c1-7-5-3-4-6-9(7)11-8(2)10/h7,9H,3-6H2,1-2H3"
[2H]C([2H])([2H])C([2H])([2H])C([2H])([2H])C([2H])([2H])[2H],"InChI=1S/C4H10/c1-3-4-2/h3-4H2,1-2H3/i1D3,2D3,3D2,4D2"
CCC([H])([2H])C,"InChI=1S/C4H10/c1-3-4-2/h3-4H2,1-2H3/i3D"
CCCC,"InChI=1S/C4H10/c1-3-4-2/h3-4H2,1-2H3"
OC(C1)COC1,"InChI=1S/C4H8O2/c5-4-1-2-6-3-4/h4-5H,1-3H2"
CCC(C1)OCC1,"InChI=1S/C6H12O/c1-2-6-4-3-5-7-6/h6H,2-5H2,1H3"
CC(C1)OCC1,"InChI=1S/C5H10O/c1-5-3-2-4-6-5/h5H,2-4H2,1H3"
C(C1)COC1,InChI=1S/C4H8O/c1-2-4-5-3-1/h1-4H2
CCC(C1)COC1,"InChI=1S/C6H12O/c1-2-6-3-4-7-5-6/h6H,2-5H2,1H3"
CC(C1)C([2H])([2H])C(=O)C(C)(C)1,"InChI=1S/C8H14O/c1-6-4-7(9)8(2,3)5-6/h6H,4-5H2,1-3H3/i4D2"
CC(C1)C([2H])([2H])C(=O)C([2H])(C)1,"InChI=1S/C7H12O/c1-5-3-6(2)7(8)4-5/h5-6H,3-4H2,1-2H3/i4D2,6D"
CC(C1)C([2H])([2H])C(=O)C([2H])([2H])1,"InChI=1S/C6H10O/c1-5-2-3-6(7)4-5/h5H,2-4H2,1H3/i3D2,4D2"
[2H]C([2H])(C1)C(=O)C([2H])(C)C1,"InChI=1S/C6H10O/c1-5-3-2-4-6(5)7/h5H,2-4H2,1H3/i4D2,5D"
[2H]C([2H])(C1)C(=O)C([2H])([2H])C1,"InChI=1S/C5H8O/c6-5-3-1-2-4-5/h1-4H2/i3D2,4D2"
CI,InChI=1S/CH3I/c1-2/h1H3
CCC(C)Br,"InChI=1S/C4H9Br/c1-3-4(2)5/h4H,3H2,1-2H3"
CCBr,"InChI=1S/C2H5Br/c1-2-3/h2H2,1H3"
O=Cc(c1)c(O)ccc1,"InChI=1S/C7H6O2/c8-5-6-3-1-2-4-7(6)9/h1-5,9H"
CN(C)CCC(C)N(C)C,"InChI=1S/C8H20N2/c1-8(10(4)5)6-7-9(2)3/h8H,6-7H2,1-5H3"
CN(C)CCCCCCN(C)C,"InChI=1S/C10H24N2/c1-11(2)9-7-5-6-8-10-12(3)4/h5-10H2,1-4H3"
CN(C)CCCN(C)C,"InChI=1S/C7H18N2/c1-8(2)6-5-7-9(3)4/h5-7H2,1-4H3"
CCCCCC(=O)CCCCC,"InChI=1S/C11H22O/c1-3-5-7-9-11(12)10-8-6-4-2/h3-10H2,1-2H3"
CCCCCCCC(C1)OC(=O)C1,"InChI=1S/C11H20O2/c1-2-3-4-5-6-7-10-8-9-11(12)13-10/h10H,2-9H2,1H3"
O=C(C1)c(c2)c(ccc2)CC1,"InChI=1S/C10H10O/c11-10-7-3-5-8-4-1-2-6-9(8)10/h1-2,4,6H,3,5,7H2"
CCCCC(=O)OC,"InChI=1S/C6H12O2/c1-3-4-5-6(7)8-2/h3-5H2,1-2H3"
CCCCCCCCCCCO,"InChI=1S/C11H24O/c1-2-3-4-5-6-7-8-9-10-11-12/h12H,2-11H2,1H3"
CCCCCCCCCCC,"InChI=1S/C11H24/c1-3-5-7-9-11-10-8-6-4-2/h3-11H2,1-2H3"
OCC(C1)OCC1,"InChI=1S/C5H10O2/c6-4-5-2-1-3-7-5/h5-6H,1-4H2"
Cc(c1)cc(C)c(C)c(C)1,"InChI=1S/C10H14/c1-7-5-8(2)10(4)9(3)6-7/h5-6H,1-4H3"
Cc(c1)c(C)c(C)c(C)c1,"InChI=1S/C10H14/c1-7-5-6-8(2)10(4)9(7)3/h5-6H,1-4H3"
CC(=O)OCC(C1)OCC1,"InChI=1S/C7H12O3/c1-6(8)10-5-7-3-2-4-9-7/h7H,2-5H2,1H3"
OCC(C1)OCCC1,"InChI=1S/C6H12O2/c7-5-6-3-1-2-4-8-6/h6-7H,1-5H2"
C(C1)CCOC1,InChI=1S/C5H10O/c1-2-4-6-5-3-1/h1-5H2
CC=CCO,"InChI=1S/C4H8O/c1-2-3-4-5/h2-3,5H,4H2,1H3/b3-2+"
c(c3)ccc(c3)OP(=O)(Oc(c2)cccc2)c(c1)cccc1,"InChI=1S/C18H15O3P/c19-22(18-14-8-3-9-15-18,20-16-10-4-1-5-11-16)21-17-12-6-2-7-13-17/h1-15H"
CCCCOP(=O)(CCCC)OCCCC,"InChI=1S/C12H27O3P/c1-4-7-10-14-16(13,12-9-6-3)15-11-8-5-2/h4-12H2,1-3H3"
CCOCCN,"InChI=1S/C4H11NO/c1-2-6-4-3-5/h2-5H2,1H3"
CC(C)(C)O,"InChI=1S/C4H10O/c1-4(2,3)5/h5H,1-3H3"
C[Si](C)(C)C,"InChI=1S/C4H12Si/c1-5(2,3)4/h1-4H3"
C=CCCl,"InChI=1S/C3H5Cl/c1-2-3-4/h2H,1,3H2"
CO,"InChI=1S/CH4O/c1-2/h2H,1H3"
CCOP(=O)OCC,"InChI=1S/C4H11O3P/c1-3-6-8(5)7-4-2/h8H,3-4H2,1-2H3"
c(c1)ccc(c1)[Si](C)(C)C,"InChI=1S/C9H14Si/c1-10(2,3)9-7-5-4-6-8-9/h4-8H,1-3H3"
c(c1)ccc(c1)[Si](Cl)(Cl)Cl,"InChI=1S/C6H5Cl3Si/c7-10(8,9)6-4-2-1-3-5-6/h1-5H"
CO[Si](OC)(c(c2)cccc2)c(c1)cccc1,"InChI=1S/C14H16O2Si/c1-15-17(16-2,13-9-5-3-6-10-13)14-11-7-4-8-12-14/h3-12H,1-2H3"
c(c2)cc(c1)c(c2)c(Br)cc1,InChI=1S/C10H7Br/c11-10-7-3-5-8-4-1-2-6-9(8)10/h1-7H
CCOC(=O)CC(=O)CCl,"InChI=1S/C6H9ClO3/c1-2-10-6(9)3-5(8)4-7/h2-4H2,1H3"
Nc(c1)c(S)ccc1,"InChI=1S/C6H7NS/c7-5-3-1-2-4-6(5)8/h1-4,8H,7H2"
OC(C1)C(O)CCC1,"InChI=1S/C6H12O2/c7-5-3-1-2-4-6(5)8/h5-8H,1-4H2/t5-,6-/m1/s1"
C=CCBr,"InChI=1S/C3H5Br/c1-2-3-4/h2H,1,3H2"
CC(=O)C(C)=O,InChI=1S/C4H6O2/c1-3(5)4(2)6/h1-2H3
[2H]C([2H])([2H])C([2H])(Cl)C([2H])([2H])[2H],"InChI=1S/C3H7Cl/c1-3(2)4/h3H,1-2H3/i1D3,2D3,3D"
[2H]C([2H])([2H])C(=O)C([2H])([2H])[2H],"InChI=1S/C3H6O/c1-3(2)4/h1-2H3/i1D3,2D3"
COCCOC(=O)Cl,"InChI=1S/C4H7ClO3/c1-7-2-3-8-4(5)6/h2-3H2,1H3"
OCCCC(C)=O,"InChI=1S/C5H10O2/c1-5(7)3-2-4-6/h6H,2-4H2,1H3"
COP(=O)OC,"InChI=1S/C2H7O3P/c1-4-6(3)5-2/h6H,1-2H3"
CCCOC=O,"InChI=1S/C4H8O2/c1-2-3-6-4-5/h4H,2-3H2,1H3"
CCOC=O,"InChI=1S/C3H6O2/c1-2-5-3-4/h3H,2H2,1H3"
COC=O,"InChI=1S/C2H4O2/c1-4-2-3/h2H,1H3"
O=C(Cl)Oc(c1)cccc1,InChI=1S/C7H5ClO2/c8-7(9)10-6-4-2-1-3-5-6/h1-5H
Cc(c1)c(N)c(C)cc1,"InChI=1S/C8H11N/c1-6-4-3-5-7(2)8(6)9/h3-5H,9H2,1-2H3"
O=COC(C)C,"InChI=1S/C4H8O2/c1-4(2)6-3-5/h3-4H,1-2H3"
O=COCc(c1)cccc1,"InChI=1S/C8H8O2/c9-7-10-6-8-4-2-1-3-5-8/h1-5,7H,6H2"
FC(F)(F)c(c1)cccc1,"InChI=1S/C7H5F3/c8-7(9,10)6-4-2-1-3-5-6/h1-5H"
CCOCCC(C)=O,"InChI=1S/C6H12O2/c1-3-8-5-4-6(2)7/h3-5H2,1-2H3"
CCO[Si](C)(C)OCC,"InChI=1S/C6H16O2Si/c1-5-7-9(3,4)8-6-2/h5-6H2,1-4H3"
C(C1)CCC=CC1,"InChI=1S/C7H12/c1-2-4-6-7-5-3-1/h1-2H,3-7H2"
CCO[Si](C=C)(OCC)OCC,"InChI=1S/C8H18O3Si/c1-5-9-12(8-4,10-6-2)11-7-3/h8H,4-7H2,1-3H3"
CC(C)Cl,"InChI=1S/C3H7Cl/c1-3(2)4/h3H,1-2H3"
N#CCCOC,"InChI=1S/C4H7NO/c1-6-4-2-3-5/h2,4H2,1H3"
C(C1)OCO1,InChI=1S/C3H6O2/c1-2-5-3-4-1/h1-3H2
OCCC(C)=O,"InChI=1S/C4H8O2/c1-4(6)2-3-5/h5H,2-3H2,1H3"
C(O1)OCOC1,InChI=1S/C3H6O3/c1-4-2-6-3-5-1/h1-3H2
CCC(C)N,"InChI=1S/C4H11N/c1-3-4(2)5/h4H,3,5H2,1-2H3"
CC(O)CC(C)(C)O,"InChI=1S/C6H14O2/c1-5(7)4-6(2,3)8/h5,7-8H,4H2,1-3H3"
C=C[Si](OC)(OC)OC,"InChI=1S/C5H12O3Si/c1-5-9(6-2,7-3)8-4/h5H,1H2,2-4H3"
CC(C)COC(=O)Cc(c1)cccc1,"InChI=1S/C12H16O2/c1-10(2)9-14-12(13)8-11-6-4-3-5-7-11/h3-7,10H,8-9H2,1-2H3"
CCCC(=O)OC,"InChI=1S/C5H10O2/c1-3-4-5(6)7-2/h3-4H2,1-2H3"
C[SiH](C)O[SiH](C)C,"InChI=1S/C4H14OSi2/c1-6(2)5-7(3)4/h6-7H,1-4H3"
C[Si](C)(C)O[Si](C)(C)C,"InChI=1S/C6H18OSi2/c1-8(2,3)7-9(4,5)6/h1-6H3"
CCC(C)C(C)=O,"InChI=1S/C6H12O/c1-4-5(2)6(3)7/h5H,4H2,1-3H3"
CCCCC(=O)CC,"InChI=1S/C7H14O/c1-3-5-6-7(8)4-2/h3-6H2,1-2H3"
CC(C3)CC(O)C(C3)C(C)(C)c(c1)cc(c2)c(ccc2)c1,"InChI=1S/C20H26O/c1-14-8-11-18(19(21)12-14)20(2,3)17-10-9-15-6-4-5-7-16(15)13-17/h4-7,9-10,13-14,18-19,21H,8,11-12H2,1-3H3"
CC(C2)=CC([H])(C(C(C)=O)1)C([H])(C2)C(=C)CC1,"InChI=1S/C14H20O/c1-9-4-6-12-10(2)5-7-13(11(3)15)14(12)8-9/h8,12-14H,2,4-7H2,1,3H3/t12-,13-,14+/m1/s1"
O=CC(C2)=CC([H])(C(C=C)1)C([H])(C2)C(=C)CC1,"InChI=1S/C14H18O/c1-3-12-6-4-10(2)13-7-5-11(9-15)8-14(12)13/h3,8-9,12-14H,1-2,4-7H2/t12-,13+,14+/m0/s1"
CC(C)=CCOc(c1)cc(O2)c(C=CC(=O)2)c1,"InChI=1S/C14H14O3/c1-10(2)7-8-16-12-5-3-11-4-6-14(15)17-13(11)9-12/h3-7,9H,8H2,1-2H3"
COc(c1)ccc(COCc(c2)ccc(OC)c2)c1,"InChI=1S/C16H18O3/c1-17-15-7-3-13(4-8-15)11-19-12-14-5-9-16(18-2)10-6-14/h3-10H,11-12H2,1-2H3"
c(c1)c(ccc(C(c(c4)ccc(c4)OC)OC(c(c3)ccc(c3)OC)c(c2)ccc(c2)OC)1)OC,"InChI=1S/C30H30O5/c1-31-25-13-5-21(6-14-25)29(22-7-15-26(32-2)16-8-22)35-30(23-9-17-27(33-3)18-10-23)24-11-19-28(34-4)20-12-24/h5-20,29-30H,1-4H3"
COc(c2)ccc(c2)C(C)OC(C)c(c1)ccc(OC)c1,"InChI=1S/C18H22O3/c1-13(15-5-9-17(19-3)10-6-15)21-14(2)16-7-11-18(20-4)12-8-16/h5-14H,1-4H3"
COc(c1)ccc(c1)C(C)Cl,"InChI=1S/C9H11ClO/c1-7(10)8-3-5-9(11-2)6-4-8/h3-7H,1-2H3"
COc(c2)cc(cc2)COCc(c1)cc(OC)cc1,"InChI=1S/C16H18O3/c1-17-15-7-3-5-13(9-15)11-19-12-14-6-4-8-16(10-14)18-2/h3-10H,11-12H2,1-2H3"
COc(c2)c(ccc2)COCc(c1)c(OC)ccc1,"InChI=1S/C16H18O3/c1-17-15-9-5-3-7-13(15)11-19-12-14-8-4-6-10-16(14)18-2/h3-10H,11-12H2,1-2H3"
CN(C)c(c2)ccc(c2)Cc(c1)ccc(N(C)C)c1,"InChI=1S/C17H22N2/c1-18(2)16-9-5-14(6-10-16)13-15-7-11-17(12-8-15)19(3)4/h5-12H,13H2,1-4H3"
COc(c2)ccc(c2)COC(C)c(c1)ccc(OC)c1,"InChI=1S/C17H20O3/c1-13(15-6-10-17(19-3)11-7-15)20-12-14-4-8-16(18-2)9-5-14/h4-11,13H,12H2,1-3H3"
COCOc(c1)ccc(COCc(c2)ccc(OCOC)c2)c1,"InChI=1S/C18H22O5/c1-19-13-22-17-7-3-15(4-8-17)11-21-12-16-5-9-18(10-6-16)23-14-20-2/h3-10H,11-14H2,1-2H3"
CCOC(=O)C(C)Sc(c1)cccc1,"InChI=1S/C11H14O2S/c1-3-13-11(12)9(2)14-10-7-5-4-6-8-10/h4-9H,3H2,1-2H3"
CN(C1)C(=O)CC1,"InChI=1S/C5H9NO/c1-6-4-2-3-5(6)7/h2-4H2,1H3"
Fc(c(F)1)c(F)c(F)c(C=NOCc(c(F)2)c(F)c(F)c(F)c(F)2)c(F)1,"InChI=1S/C14H3F10NO/c15-5-3(6(16)10(20)13(23)9(5)19)1-25-26-2-4-7(17)11(21)14(24)12(22)8(4)18/h1H,2H2/b25-1+"
OCc(c(F)1)c(F)c(F)c(F)c(F)1,"InChI=1S/C7H3F5O/c8-3-2(1-13)4(9)6(11)7(12)5(3)10/h13H,1H2"
O=Cc(c(F)1)c(F)c(F)c(F)c(F)1,InChI=1S/C7HF5O/c8-3-2(1-13)4(9)6(11)7(12)5(3)10/h1H
N#Cc(c(F)1)c(F)c(F)c(F)c(F)1,InChI=1S/C7F5N/c8-3-2(1-13)4(9)6(11)7(12)5(3)10
CCCC=CC=NOCc(c(F)1)c(F)c(F)c(F)c(F)1,"InChI=1S/C13H12F5NO/c1-2-3-4-5-6-19-20-7-8-9(14)11(16)13(18)12(17)10(8)15/h4-6H,2-3,7H2,1H3/b5-4+,19-6+"
CCCCC=CC=NOCc(c(F)1)c(F)c(F)c(F)c(F)1,"InChI=1S/C14H14F5NO/c1-2-3-4-5-6-7-20-21-8-9-10(15)12(17)14(19)13(18)11(9)16/h5-7H,2-4,8H2,1H3/b6-5+,20-7+"
CC=CC=NOCc(c(F)1)c(F)c(F)c(F)c(F)1,"InChI=1S/C11H8F5NO/c1-2-3-4-17-18-5-6-7(12)9(14)11(16)10(15)8(6)13/h2-4H,5H2,1H3/b3-2+,17-4+"
C=CC=NOCc(c(F)1)c(F)c(F)c(F)c(F)1,"InChI=1S/C10H6F5NO/c1-2-3-16-17-4-5-6(11)8(13)10(15)9(14)7(5)12/h2-3H,1,4H2/b16-3+"
CC(C=NOCc(c(F)2)c(F)c(F)c(F)c(F)2)=NOCc(c(F)1)c(F)c(F)c(F)c(F)1,"InChI=1S/C17H8F10N2O2/c1-5(29-31-4-7-10(20)14(24)17(27)15(25)11(7)21)2-28-30-3-6-8(18)12(22)16(26)13(23)9(6)19/h2H,3-4H2,1H3"
C(C=NOCc(c(F)2)c(F)c(F)c(F)c(F)2)=NOCc(c(F)1)c(F)c(F)c(F)c(F)1,"InChI=1S/C16H6F10N2O2/c17-7-5(8(18)12(22)15(25)11(7)21)3-29-27-1-2-28-30-4-6-9(19)13(23)16(26)14(24)10(6)20/h1-2H,3-4H2/b27-1-,28-2-"
c(c2)ccc(c2)C=NOCc(c(F)1)c(F)c(F)c(F)c(F)1,"InChI=1S/C14H8F5NO/c15-10-9(11(16)13(18)14(19)12(10)17)7-21-20-6-8-4-2-1-3-5-8/h1-6H,7H2/b20-6+"
CCC(C)=NOCc(c(F)1)c(F)c(F)c(F)c(F)1,"InChI=1S/C11H10F5NO/c1-3-5(2)17-18-4-6-7(12)9(14)11(16)10(15)8(6)13/h3-4H2,1-2H3/b17-5-"
CC(C)=NOCc(c(F)1)c(F)c(F)c(F)c(F)1,"InChI=1S/C10H8F5NO/c1-4(2)16-17-3-5-6(11)8(13)10(15)9(14)7(5)12/h3H2,1-2H3"
CCCCCCCCCCCCCC=NOCc(c(F)1)c(F)c(F)c(F)c(F)1,"InChI=1S/C21H30F5NO/c1-2-3-4-5-6-7-8-9-10-11-12-13-14-27-28-15-16-17(22)19(24)21(26)20(25)18(16)23/h14H,2-13,15H2,1H3/b27-14+"
CCCCCCCCCCCCC=NOCc(c(F)1)c(F)c(F)c(F)c(F)1,"InChI=1S/C20H28F5NO/c1-2-3-4-5-6-7-8-9-10-11-12-13-26-27-14-15-16(21)18(23)20(25)19(24)17(15)22/h13H,2-12,14H2,1H3/b26-13+"
CCCCCCCCCCCC=NOCc(c(F)1)c(F)c(F)c(F)c(F)1,"InChI=1S/C19H26F5NO/c1-2-3-4-5-6-7-8-9-10-11-12-25-26-13-14-15(20)17(22)19(24)18(23)16(14)21/h12H,2-11,13H2,1H3/b25-12-"
CCCCCCCCCCC=NOCc(c(F)1)c(F)c(F)c(F)c(F)1,"InChI=1S/C18H24F5NO/c1-2-3-4-5-6-7-8-9-10-11-24-25-12-13-14(19)16(21)18(23)17(22)15(13)20/h11H,2-10,12H2,1H3/b24-11-"
CCCCCCCCCC=NOCc(c(F)1)c(F)c(F)c(F)c(F)1,"InChI=1S/C17H22F5NO/c1-2-3-4-5-6-7-8-9-10-23-24-11-12-13(18)15(20)17(22)16(21)14(12)19/h10H,2-9,11H2,1H3/b23-10+"
CCCCCCCCC=NOCc(c(F)1)c(F)c(F)c(F)c(F)1,"InChI=1S/C16H20F5NO/c1-2-3-4-5-6-7-8-9-22-23-10-11-12(17)14(19)16(21)15(20)13(11)18/h9H,2-8,10H2,1H3/b22-9-"
CCCCCCCC=NOCc(c(F)1)c(F)c(F)c(F)c(F)1,"InChI=1S/C15H18F5NO/c1-2-3-4-5-6-7-8-21-22-9-10-11(16)13(18)15(20)14(19)12(10)17/h8H,2-7,9H2,1H3/b21-8-"
CCCCCCC=NOCc(c(F)1)c(F)c(F)c(F)c(F)1,"InChI=1S/C14H16F5NO/c1-2-3-4-5-6-7-20-21-8-9-10(15)12(17)14(19)13(18)11(9)16/h7H,2-6,8H2,1H3/b20-7-"
CCCCCC=NOCc(c(F)1)c(F)c(F)c(F)c(F)1,"InChI=1S/C13H14F5NO/c1-2-3-4-5-6-19-20-7-8-9(14)11(16)13(18)12(17)10(8)15/h6H,2-5,7H2,1H3/b19-6-"
CCCC=NOCc(c(F)1)c(F)c(F)c(F)c(F)1,"InChI=1S/C11H10F5NO/c1-2-3-4-17-18-5-6-7(12)9(14)11(16)10(15)8(6)13/h4H,2-3,5H2,1H3/b17-4+"
CCC=NOCc(c(F)1)c(F)c(F)c(F)c(F)1,"InChI=1S/C10H8F5NO/c1-2-3-16-17-4-5-6(11)8(13)10(15)9(14)7(5)12/h3H,2,4H2,1H3/b16-3+"
CC=NOCc(c(F)1)c(F)c(F)c(F)c(F)1,"InChI=1S/C9H6F5NO/c1-2-15-16-3-4-5(10)7(12)9(14)8(13)6(4)11/h2H,3H2,1H3/b15-2+"
C=NOCc(c(F)1)c(F)c(F)c(F)c(F)1,InChI=1S/C8H4F5NO/c1-14-15-2-3-4(9)6(11)8(13)7(12)5(3)10/h1-2H2
CC(Br)CBr,"InChI=1S/C3H6Br2/c1-3(5)2-4/h3H,2H2,1H3"
c(c1)cccc1,InChI=1S/C6H6/c1-2-4-6-5-3-1/h1-6H
ClC=C(Cl)Cl,InChI=1S/C2HCl3/c3-1-2(4)5/h1H
O=Cc(c1)c(c2)c(ccc2)cc1,InChI=1S/C11H8O/c12-8-10-6-3-5-9-4-1-2-7-11(9)10/h1-8H
O=Cc(c(C)1)c(C)cc(C)c1,"InChI=1S/C10H12O/c1-7-4-8(2)10(6-11)9(3)5-7/h4-6H,1-3H3"
O=Cc(c1)ccc(OC)c1,"InChI=1S/C8H8O2/c1-10-8-4-2-7(6-9)3-5-8/h2-6H,1H3"
O=Cc(c1)ccc(C)c1,"InChI=1S/C8H8O/c1-7-2-4-8(6-9)5-3-7/h2-6H,1H3"
[2H]c(c([2H])3)c([2H])c(n1)c(c([2H])3)c([2H])c(c([2H])2)c(c([2H])c([2H])c([2H])2)1,"InChI=1S/C13H9N/c1-3-7-12-10(5-1)9-11-6-2-4-8-13(11)14-12/h1-9H/i1D,2D,3D,4D,5D,6D,7D,8D,9D"
[2H]c(c([2H])3)c([2H])c(c([2H])1)c(c([2H])3)c([2H])c(c([2H])2)c(c([2H])c([2H])c([2H])2)1,"InChI=1S/C14H10/c1-2-6-12-10-14-8-4-3-7-13(14)9-11(12)5-1/h1-10H/i1D,2D,3D,4D,5D,6D,7D,8D,9D,10D"
Fc(c2)c(ccc2)c(c1)cccc1,InChI=1S/C12H9F/c13-12-9-5-4-8-11(12)10-6-2-1-3-7-10/h1-9H
[2H]c(c([2H])1)c([2H])c([2H])c(O)c([2H])1,"InChI=1S/C6H6O/c7-6-4-2-1-3-5-6/h1-5,7H/i1D,2D,3D,4D,5D"
CCCCCCO,"InChI=1S/C6H14O/c1-2-3-4-5-6-7/h7H,2-6H2,1H3"
c(c3)cc(c(Br)1)c(c3)c(Br)c(c2)c(ccc2)1,InChI=1S/C14H8Br2/c15-13-9-5-1-2-6-10(9)14(16)12-8-4-3-7-11(12)13/h1-8H
Brc(c2)ccc(c2)c(c1)ccc(Br)c1,InChI=1S/C12H8Br2/c13-11-5-1-9(2-6-11)10-3-7-12(14)8-4-10/h1-8H
Fc(c(F)2)c(F)c(F)c(c(F)2)c(c(F)1)c(F)c(F)c(F)c(F)1,InChI=1S/C12F10/c13-3-1(4(14)8(18)11(21)7(3)17)2-5(15)9(19)12(22)10(20)6(2)16
Brc(c1)cc(Br)cc1,InChI=1S/C6H4Br2/c7-5-2-1-3-6(8)4-5/h1-4H
O=Cc(c1)cccc1,InChI=1S/C7H6O/c8-6-7-4-2-1-3-5-7/h1-6H
CCCCC(C)=O,"InChI=1S/C6H12O/c1-3-4-5-6(2)7/h3-5H2,1-2H3"
C=CCCCCCCCCC=O,"InChI=1S/C11H20O/c1-2-3-4-5-6-7-8-9-10-11-12/h2,11H,1,3-10H2"
CCCCCCCCCCCCCC=O,"InChI=1S/C14H28O/c1-2-3-4-5-6-7-8-9-10-11-12-13-14-15/h14H,2-13H2,1H3"
CCCCCCCCCCCCC=O,"InChI=1S/C13H26O/c1-2-3-4-5-6-7-8-9-10-11-12-13-14/h13H,2-12H2,1H3"
CCCCCCCCCCCC=O,"InChI=1S/C12H24O/c1-2-3-4-5-6-7-8-9-10-11-12-13/h12H,2-11H2,1H3"
CCCCCCCCCCC=O,"InChI=1S/C11H22O/c1-2-3-4-5-6-7-8-9-10-11-12/h11H,2-10H2,1H3"
CCCCCCCCCC=O,"InChI=1S/C10H20O/c1-2-3-4-5-6-7-8-9-10-11/h10H,2-9H2,1H3"
CCCCCCCCC=O,"InChI=1S/C9H18O/c1-2-3-4-5-6-7-8-9-10/h9H,2-8H2,1H3"
CCCCCCCC=O,"InChI=1S/C8H16O/c1-2-3-4-5-6-7-8-9/h8H,2-7H2,1H3"
CCCCCCC=O,"InChI=1S/C7H14O/c1-2-3-4-5-6-7-8/h7H,2-6H2,1H3"
CCCC=CC=O,"InChI=1S/C6H10O/c1-2-3-4-5-6-7/h4-6H,2-3H2,1H3/b5-4+"
CCC=CN(C(=O)CC)C(C)C(C)(C)C,"InChI=1S/C13H25NO/c1-7-9-10-14(12(15)8-2)11(3)13(4,5)6/h9-11H,7-8H2,1-6H3/b10-9+"
CCCCN(CC=CC)C(=O)CC(C)=O,"InChI=1S/C12H21NO2/c1-4-6-8-13(9-7-5-2)12(15)10-11(3)14/h4,6H,5,7-10H2,1-3H3/b6-4+"
CCCCN(CC([2H])=CC)C(C)=O,"InChI=1S/C10H19NO/c1-4-6-8-11(10(3)12)9-7-5-2/h4,6H,5,7-9H2,1-3H3/b6-4+/i6D"
C=CC([H])(C)C([H])(C)C(=O)NC([H])(C)c(c1)cccc1,"InChI=1S/C15H21NO/c1-5-11(2)12(3)15(17)16-13(4)14-9-7-6-8-10-14/h5-13H,1H2,2-4H3,(H,16,17)/t11-,12-,13+/m0/s1"
CCOC(=O)C(C)(C)COC(=O)NC(C)c(c1)cccc1,"InChI=1S/C16H23NO4/c1-5-20-14(18)16(3,4)11-21-15(19)17-12(2)13-9-7-6-8-10-13/h6-10,12H,5,11H2,1-4H3,(H,17,19)"
Cc(c1)ccc(c1)S(N)=O,"InChI=1S/C7H9NOS/c1-6-2-4-7(5-3-6)10(8)9/h2-5H,8H2,1H3"
CCCCN(C(=O)c(c1)cccc1)C(=O)C(C)(C)OC(C)=O,"InChI=1S/C17H23NO4/c1-5-6-12-18(15(20)14-10-8-7-9-11-14)16(21)17(3,4)22-13(2)19/h7-11H,5-6,12H2,1-4H3"
CCCCNC(=O)C(O)C(C)C=C,"InChI=1S/C10H19NO2/c1-4-6-7-11-10(13)9(12)8(3)5-2/h5,8-9,12H,2,4,6-7H2,1,3H3,(H,11,13)"
CCCCN(CC=CC)C(=O)COC(C1)OCCC1,"InChI=1S/C15H27NO3/c1-3-5-10-16(11-6-4-2)14(17)13-19-15-9-7-8-12-18-15/h3,5,15H,4,6-13H2,1-2H3/b5-3+"
CCCCN(C(=O)COC(C)=O)C(=O)c(c1)cccc1,"InChI=1S/C15H19NO4/c1-3-4-10-16(14(18)11-20-12(2)17)15(19)13-8-6-5-7-9-13/h5-9H,3-4,10-11H2,1-2H3"
CC(C)CSC,"InChI=1S/C5H12S/c1-5(2)4-6-3/h5H,4H2,1-3H3"
CCCSC,"InChI=1S/C4H10S/c1-3-4-5-2/h3-4H2,1-2H3"
CCSCC,"InChI=1S/C4H10S/c1-3-5-4-2/h3-4H2,1-2H3"
CSC,InChI=1S/C2H6S/c1-3-2/h1-2H3
CCSC,"InChI=1S/C3H8S/c1-3-4-2/h3H2,1-2H3"
OCc(c1)scc1,"InChI=1S/C5H6OS/c6-4-5-2-1-3-7-5/h1-3,6H,4H2"
CCCC(SC)CCO,"InChI=1S/C7H16OS/c1-3-4-7(9-2)5-6-8/h7-8H,3-6H2,1-2H3"
OCCCSC,"InChI=1S/C4H10OS/c1-6-4-2-3-5/h5H,2-4H2,1H3"
CCCCCCCCCCCCCS,"InChI=1S/C13H28S/c1-2-3-4-5-6-7-8-9-10-11-12-13-14/h14H,2-13H2,1H3"
CCCCCC(C)(C)S,"InChI=1S/C8H18S/c1-4-5-6-7-8(2,3)9/h9H,4-7H2,1-3H3"
CCC(C)CS,"InChI=1S/C5H12S/c1-3-5(2)4-6/h5-6H,3-4H2,1-2H3"
CCCCS,"InChI=1S/C4H10S/c1-2-3-4-5/h5H,2-4H2,1H3"
CCS,"InChI=1S/C2H6S/c1-2-3/h3H,2H2,1H3"
CCCCCCCCCC(C1)OC(=O)CC1,"InChI=1S/C14H26O2/c1-2-3-4-5-6-7-8-10-13-11-9-12-14(15)16-13/h13H,2-12H2,1H3"
CCCCCCCCC(C1)OC(=O)CC1,"InChI=1S/C13H24O2/c1-2-3-4-5-6-7-9-12-10-8-11-13(14)15-12/h12H,2-11H2,1H3"
CCCCCCCC(C1)OC(=O)CC1,"InChI=1S/C12H22O2/c1-2-3-4-5-6-8-11-9-7-10-12(13)14-11/h11H,2-10H2,1H3"
CCCCCCC(C1)OC(=O)CC1,"InChI=1S/C11H20O2/c1-2-3-4-5-7-10-8-6-9-11(12)13-10/h10H,2-9H2,1H3"
CCCCCC(C1)OC(=O)CC1,"InChI=1S/C10H18O2/c1-2-3-4-6-9-7-5-8-10(11)12-9/h9H,2-8H2,1H3"
CCCCC(C1)OC(=O)CC1,"InChI=1S/C9H16O2/c1-2-3-5-8-6-4-7-9(10)11-8/h8H,2-7H2,1H3"
CCCC(C1)OC(=O)CC1,"InChI=1S/C8H14O2/c1-2-4-7-5-3-6-8(9)10-7/h7H,2-6H2,1H3"
CC(C1)OC(=O)CC1,"InChI=1S/C6H10O2/c1-5-3-2-4-6(7)8-5/h5H,2-4H2,1H3"
CCCCCCCCC(C1)OC(=O)C1,"InChI=1S/C12H22O2/c1-2-3-4-5-6-7-8-11-9-10-12(13)14-11/h11H,2-10H2,1H3"
CCCCCCC(C1)OC(=O)C1,"InChI=1S/C10H18O2/c1-2-3-4-5-6-9-7-8-10(11)12-9/h9H,2-8H2,1H3"
CCCCCC(C1)OC(=O)C1,"InChI=1S/C9H16O2/c1-2-3-4-5-8-6-7-9(10)11-8/h8H,2-7H2,1H3"
CCCCC(C1)OC(=O)C1,"InChI=1S/C8H14O2/c1-2-3-4-7-5-6-8(9)10-7/h7H,2-6H2,1H3"
CCCC(C1)OC(=O)C1,"InChI=1S/C7H12O2/c1-2-3-6-4-5-7(8)9-6/h6H,2-5H2,1H3"
CCC(C1)OC(=O)C1,"InChI=1S/C6H10O2/c1-2-5-3-4-6(7)8-5/h5H,2-4H2,1H3"
CC(C1)OC(=O)C1,"InChI=1S/C5H8O2/c1-4-2-3-5(6)7-4/h4H,2-3H2,1H3"
O=C(C1)OCC1,InChI=1S/C4H6O2/c5-4-2-1-3-6-4/h1-3H2
O=C(C1)Oc(c2)c(ccc2)C1,"InChI=1S/C9H8O2/c10-9-6-5-7-3-1-2-4-8(7)11-9/h1-4H,5-6H2"
O=C(C1)OCCOC(=O)CCCCCCCCCC1,InChI=1S/C15H26O4/c16-14-10-8-6-4-2-1-3-5-7-9-11-15(17)19-13-12-18-14/h1-13H2
O=C(C1)OCCOC(=O)CCCCCCCCC1,InChI=1S/C14H24O4/c15-13-9-7-5-3-1-2-4-6-8-10-14(16)18-12-11-17-13/h1-12H2
O=C(C1)OCCCCCCCCCCCCCC1,InChI=1S/C16H30O2/c17-16-14-12-10-8-6-4-2-1-3-5-7-9-11-13-15-18-16/h1-15H2
O=C(C1)OCCCCCCCCCCCCC1,InChI=1S/C15H28O2/c16-15-13-11-9-7-5-3-1-2-4-6-8-10-12-14-17-15/h1-14H2
CCCCCCC(C=O)=Cc(c1)cccc1,"InChI=1S/C15H20O/c1-2-3-4-6-11-15(13-16)12-14-9-7-5-8-10-14/h5,7-10,12-13H,2-4,6,11H2,1H3/b15-12+"
O=CC(C)Cc(c1)ccc(c1)C(C)(C)C,"InChI=1S/C14H20O/c1-11(10-15)9-12-5-7-13(8-6-12)14(2,3)4/h5-8,10-11H,9H2,1-4H3"
CCCCCC(C=O)=Cc(c1)cccc1,"InChI=1S/C14H18O/c1-2-3-5-10-14(12-15)11-13-8-6-4-7-9-13/h4,6-9,11-12H,2-3,5,10H2,1H3/b14-11+"
O=CC(C)Cc(c1)ccc(C(C)C)c1,"InChI=1S/C13H18O/c1-10(2)13-6-4-12(5-7-13)8-11(3)9-14/h4-7,9-11H,8H2,1-3H3"
CCCCC(C=O)=Cc(c1)cccc1,"InChI=1S/C13H16O/c1-2-3-7-13(11-14)10-12-8-5-4-6-9-12/h4-6,8-11H,2-3,7H2,1H3/b13-10+"
O=Cc(c1)ccc(C(C)C)c1,"InChI=1S/C10H12O/c1-8(2)10-5-3-9(7-11)4-6-10/h3-8H,1-2H3"
O=CC(C)=Cc(c1)cccc1,"InChI=1S/C10H10O/c1-9(8-11)7-10-5-3-2-4-6-10/h2-8H,1H3/b9-7+"
O=Cc(c1)cc(OC)cc1,"InChI=1S/C8H8O2/c1-10-8-4-2-3-7(5-8)6-9/h2-6H,1H3"
O=Cc(c1)c(OC)ccc1,"InChI=1S/C8H8O2/c1-10-8-5-3-2-4-7(8)6-9/h2-6H,1H3"
O=CC(C=1C=CC=CC1)C,"InChI=1S/C9H10O/c1-8(7-10)9-5-3-2-4-6-9/h2-8H,1H3"
O=CCCc(c1)cccc1,"InChI=1S/C9H10O/c10-8-4-7-9-5-2-1-3-6-9/h1-3,5-6,8H,4,7H2"
O=CC=Cc(c1)cccc1,InChI=1S/C9H8O/c10-8-4-7-9-5-2-1-3-6-9/h1-8H/b7-4+
O=Cc(c1)cc(C)cc1,"InChI=1S/C8H8O/c1-7-3-2-4-8(5-7)6-9/h2-6H,1H3"
O=Cc(c1)c(C)ccc1,"InChI=1S/C8H8O/c1-7-4-2-3-5-8(7)6-9/h2-6H,1H3"
O=Cc(c1)oc(C)c1,"InChI=1S/C6H6O2/c1-5-2-3-6(4-7)8-5/h2-4H,1H3"
O=Cc(c1)occ1,InChI=1S/C5H4O2/c6-4-5-2-1-3-7-5/h1-4H
O=CCC(C)CCCC(C)(C)OC,"InChI=1S/C11H22O2/c1-10(7-9-12)6-5-8-11(2,3)13-4/h9-10H,5-8H2,1-4H3"
O=CCC(C)CCC=C(C)C,"InChI=1S/C10H18O/c1-9(2)5-4-6-10(3)7-8-11/h5,8,10H,4,6-7H2,1-3H3"
O=CC=C(C)CCC=C(C)C,"InChI=1S/C10H16O/c1-9(2)5-4-6-10(3)7-8-11/h5,7-8H,4,6H2,1-3H3/b10-7+"
O=CC(C1)=CCC(C(C)=C)C1,"InChI=1S/C10H14O/c1-8(2)10-5-3-9(7-11)4-6-10/h3,7,10H,1,4-6H2,2H3"
O=CC(=C2)C([H])(C1)C(C)(C)C([H])(C2)1,"InChI=1S/C10H14O/c1-10(2)8-4-3-7(6-11)9(10)5-8/h3,6,8-9H,4-5H2,1-2H3"
CCCCCCCCCC(C)C=O,"InChI=1S/C12H24O/c1-3-4-5-6-7-8-9-10-12(2)11-13/h11-12H,3-10H2,1-2H3"
CCCCCCCC=CC=O,"InChI=1S/C10H18O/c1-2-3-4-5-6-7-8-9-10-11/h8-10H,2-7H2,1H3/b9-8+"
CCCCCCC=CC=O,"InChI=1S/C9H16O/c1-2-3-4-5-6-7-8-9-10/h7-9H,2-6H2,1H3/b8-7+"
CCCCC(CC)C=O,"InChI=1S/C8H16O/c1-3-5-6-8(4-2)7-9/h7-8H,3-6H2,1-2H3"
CCCC=C(CC)C=O,"InChI=1S/C8H14O/c1-3-5-6-8(4-2)7-9/h6-7H,3-5H2,1-2H3/b8-6+"
CCC=CCCC=O,"InChI=1S/C7H12O/c1-2-3-4-5-6-7-8/h3-4,7H,2,5-6H2,1H3/b4-3-"
CCCCC=CC=O,"InChI=1S/C7H12O/c1-2-3-4-5-6-7-8/h5-7H,2-4H2,1H3/b6-5+"
CCCCCC=O,"InChI=1S/C6H12O/c1-2-3-4-5-6-7/h6H,2-5H2,1H3"
CCC=C(C)C=O,"InChI=1S/C6H10O/c1-3-4-6(2)5-7/h4-5H,3H2,1-2H3/b6-4+"
CCC=CCC=O,"InChI=1S/C6H10O/c1-2-3-4-5-6-7/h3-4,6H,2,5H2,1H3/b4-3-"
CCCCC=O,"InChI=1S/C5H10O/c1-2-3-4-5-6/h5H,2-4H2,1H3"
CC(c(c2)cccc2)C(O1)OCC1,"InChI=1S/C11H14O2/c1-9(11-12-7-8-13-11)10-5-3-2-4-6-10/h2-6,9,11H,7-8H2,1H3"
CCCCCCC(O1)OCC1,"InChI=1S/C9H18O2/c1-2-3-4-5-6-9-10-7-8-11-9/h9H,2-8H2,1H3"
CCCCC(CC)C(O1)OCC1,"InChI=1S/C10H20O2/c1-3-5-6-9(4-2)10-11-7-8-12-10/h9-10H,3-8H2,1-2H3"
CCOC(OCC)c(c1)cccc1,"InChI=1S/C11H16O2/c1-3-12-11(13-4-2)10-8-6-5-7-9-10/h5-9,11H,3-4H2,1-2H3"
CCCCCCOC(C)OCc(c1)cccc1,"InChI=1S/C15H24O2/c1-3-4-5-9-12-16-14(2)17-13-15-10-7-6-8-11-15/h6-8,10-11,14H,3-5,9,12-13H2,1-2H3"
CC(C)CCOC(C)OCc(c1)cccc1,"InChI=1S/C14H22O2/c1-12(2)9-10-15-13(3)16-11-14-7-5-4-6-8-14/h4-8,12-13H,9-11H2,1-3H3"
CCCCCc(c1)c(ccc1)C([H])=C([H])C(OCC)OCC,"InChI=1S/C18H28O2/c1-4-7-8-11-16-12-9-10-13-17(16)14-15-18(19-5-2)20-6-3/h9-10,12-15,18H,4-8,11H2,1-3H3/b15-14+"
COC(OC)C(C)c(c1)cccc1,"InChI=1S/C11H16O2/c1-9(11(12-2)13-3)10-7-5-4-6-8-10/h4-9,11H,1-3H3"
COC(OC)Cc(c1)cccc1,"InChI=1S/C10H14O2/c1-11-10(12-2)8-9-6-4-3-5-7-9/h3-7,10H,8H2,1-2H3"
COC(OC)CCc(c1)cccc1,"InChI=1S/C11H16O2/c1-12-11(13-2)9-8-10-6-4-3-5-7-10/h3-7,11H,8-9H2,1-2H3"
CCOC(OCC)CC(C)CCC=C(C)C,"InChI=1S/C14H28O2/c1-6-15-14(16-7-2)11-13(5)10-8-9-12(3)4/h9,13-14H,6-8,10-11H2,1-5H3"
COC(OC)CC(C)CCC=C(C)C,"InChI=1S/C12H24O2/c1-10(2)7-6-8-11(3)9-12(13-4)14-5/h7,11-12H,6,8-9H2,1-5H3"
COC(OC)C=C(C)CCC=C(C)C,"InChI=1S/C12H22O2/c1-10(2)7-6-8-11(3)9-12(13-4)14-5/h7,9,12H,6,8H2,1-5H3/b11-9-"
CCCCCCOC(CCCCC)OCCCCCC,"InChI=1S/C18H38O2/c1-4-7-10-13-16-19-18(15-12-9-6-3)20-17-14-11-8-5-2/h18H,4-17H2,1-3H3"
CCCCCCOC(CC)OCCCCCC,"InChI=1S/C15H32O2/c1-4-7-9-11-13-16-15(6-3)17-14-12-10-8-5-2/h15H,4-14H2,1-3H3"
CCCCCCOC(C)OCCCCCC,"InChI=1S/C14H30O2/c1-4-6-8-10-12-15-14(3)16-13-11-9-7-5-2/h14H,4-13H2,1-3H3"
CCC=CCCOC(C)OCCC=CCC,"InChI=1S/C14H26O2/c1-4-6-8-10-12-15-14(3)16-13-11-9-7-5-2/h6-9,14H,4-5,10-13H2,1-3H3/b8-6-,9-7-"
CCCCCCOC(C)OCCC(C)C,"InChI=1S/C13H28O2/c1-5-6-7-8-10-14-13(4)15-11-9-12(2)3/h12-13H,5-11H2,1-4H3"
CCCCCCOC(C)OCC(C)C,"InChI=1S/C12H26O2/c1-5-6-7-8-9-13-12(4)14-10-11(2)3/h11-12H,5-10H2,1-4H3"
CC(C)CCOC(C)OCC(C)C,"InChI=1S/C11H24O2/c1-9(2)6-7-12-11(5)13-8-10(3)4/h9-11H,6-8H2,1-5H3"
CCCCCCOC(OCC)CCCCC,"InChI=1S/C14H30O2/c1-4-7-9-11-13-16-14(15-6-3)12-10-8-5-2/h14H,4-13H2,1-3H3"
CCCCCCOC(C)OCC,"InChI=1S/C10H22O2/c1-4-6-7-8-9-12-10(3)11-5-2/h10H,4-9H2,1-3H3"
CCOC(C)OCCC([H])=C([H])CC,"InChI=1S/C10H20O2/c1-4-6-7-8-9-12-10(3)11-5-2/h6-7,10H,4-5,8-9H2,1-3H3/b7-6+"
CCCCOC(CCCC)OCCCC,"InChI=1S/C13H28O2/c1-4-7-10-13(14-11-8-5-2)15-12-9-6-3/h13H,4-12H2,1-3H3"
CCOC(C)OCCC(C)C,"InChI=1S/C9H20O2/c1-5-10-9(4)11-7-6-8(2)3/h8-9H,5-7H2,1-4H3"
CCCCCCCC(OCC=C)OCC=C,"InChI=1S/C14H26O2/c1-4-7-8-9-10-11-14(15-12-5-2)16-13-6-3/h5-6,14H,2-4,7-13H2,1H3"
CCCCCCCC(OCC)OCC,"InChI=1S/C12H26O2/c1-4-7-8-9-10-11-12(13-5-2)14-6-3/h12H,4-11H2,1-3H3"
CCCCCC=CC(OCC)OCC,"InChI=1S/C12H24O2/c1-4-7-8-9-10-11-12(13-5-2)14-6-3/h10-12H,4-9H2,1-3H3/b11-10+"
CCC=CCCC(OCC)OCC,"InChI=1S/C11H22O2/c1-4-7-8-9-10-11(12-5-2)13-6-3/h7-8,11H,4-6,9-10H2,1-3H3/b8-7-"
CCCCCC(OCC)OCC,"InChI=1S/C10H22O2/c1-4-7-8-9-10(11-5-2)12-6-3/h10H,4-9H2,1-3H3"
CCCC=CC(OCC)OCC,"InChI=1S/C10H20O2/c1-4-7-8-9-10(11-5-2)12-6-3/h8-10H,4-7H2,1-3H3/b9-8+"
CCOC(OCC)CC(C)C,"InChI=1S/C9H20O2/c1-5-10-9(11-6-2)7-8(3)4/h8-9H,5-7H2,1-4H3"
CCCCC(OCC)OCC,"InChI=1S/C9H20O2/c1-4-7-8-9(10-5-2)11-6-3/h9H,4-8H2,1-3H3"
CCC=CCC(OCC)OCC,"InChI=1S/C10H20O2/c1-4-7-8-9-10(11-5-2)12-6-3/h7-8,10H,4-6,9H2,1-3H3/b8-7-"
CCOC(CC)OCC,"InChI=1S/C7H16O2/c1-4-7(8-5-2)9-6-3/h7H,4-6H2,1-3H3"
CCOC(C)OCC,"InChI=1S/C6H14O2/c1-4-7-6(3)8-5-2/h6H,4-5H2,1-3H3"
CCCCCCCCCC(C)C(OC)OC,"InChI=1S/C14H30O2/c1-5-6-7-8-9-10-11-12-13(2)14(15-3)16-4/h13-14H,5-12H2,1-4H3"
CCCCCCCCCCCC(OC)OC,"InChI=1S/C14H30O2/c1-4-5-6-7-8-9-10-11-12-13-14(15-2)16-3/h14H,4-13H2,1-3H3"
CCCCCCCCCC(OC)OC,"InChI=1S/C12H26O2/c1-4-5-6-7-8-9-10-11-12(13-2)14-3/h12H,4-11H2,1-3H3"
CCCCCCCCC(OC)OC,"InChI=1S/C11H24O2/c1-4-5-6-7-8-9-10-11(12-2)13-3/h11H,4-10H2,1-3H3"
CCCCCCCC(OC)OC,"InChI=1S/C10H22O2/c1-4-5-6-7-8-9-10(11-2)12-3/h10H,4-9H2,1-3H3"
CCCCCCC(OC)OC,"InChI=1S/C9H20O2/c1-4-5-6-7-8-9(10-2)11-3/h9H,4-8H2,1-3H3"
CCCCCC(OC)OC,"InChI=1S/C8H18O2/c1-4-5-6-7-8(9-2)10-3/h8H,4-7H2,1-3H3"
COCC(OC)OC,"InChI=1S/C5H12O3/c1-6-4-5(7-2)8-3/h5H,4H2,1-3H3"
COC(C)OC,"InChI=1S/C4H10O2/c1-4(5-2)6-3/h4H,1-3H3"
CCC(=O)CC(C)(C)c(c1)cccc1,"InChI=1S/C13H18O/c1-4-12(14)10-13(2,3)11-8-6-5-7-9-11/h5-9H,4,10H2,1-3H3"
CC(=O)CC(C)(C)c(c1)cccc1,"InChI=1S/C12H16O/c1-10(13)9-12(2,3)11-7-5-4-6-8-11/h4-8H,9H2,1-3H3"
O=C(C1)CCCC=CCCCCCCCCC1,"InChI=1S/C16H28O/c17-16-14-12-10-8-6-4-2-1-3-5-7-9-11-13-15-16/h6,8H,1-5,7,9-15H2/b8-6-"
CC(=O)C(C21)C(C)(C)C(CC2)C1,"InChI=1S/C11H18O/c1-7(12)10-8-4-5-9(6-8)11(10,2)3/h8-10H,4-6H2,1-3H3"
CC(=O)CC(C)(C)C(C1)CCCC1,"InChI=1S/C12H22O/c1-10(13)9-12(2,3)11-7-5-4-6-8-11/h11H,4-9H2,1-3H3"
CCC(C)(C)C(C1)CCC(=O)C1,"InChI=1S/C11H20O/c1-4-11(2,3)9-5-7-10(12)8-6-9/h9H,4-8H2,1-3H3"
O=C(C1)C(CCC1)C(C)(C)C,"InChI=1S/C10H18O/c1-10(2,3)8-6-4-5-7-9(8)11/h8H,4-7H2,1-3H3"
CCCCCC(=O)OCC=C,"InChI=1S/C9H16O2/c1-3-5-6-7-9(10)11-8-4-2/h4H,2-3,5-8H2,1H3"
CC(=O)C(=O)c(c1)cccc1,"InChI=1S/C9H8O2/c1-7(10)9(11)8-5-3-2-4-6-8/h2-6H,1H3"
COc(c1)ccc(C=CC(=O)C(C)C)c1,"InChI=1S/C13H16O2/c1-10(2)13(14)9-6-11-4-7-12(15-3)8-5-11/h4-10H,1-3H3/b9-6+"
CCC(=O)C=Cc(c1)ccc(OC)c1,"InChI=1S/C12H14O2/c1-3-11(13)7-4-10-5-8-12(14-2)9-6-10/h4-9H,3H2,1-2H3/b7-4+"
COc(c1)c(OC)cc(C(C)=O)c1,"InChI=1S/C10H12O3/c1-7(11)8-4-5-9(12-2)10(6-8)13-3/h4-6H,1-3H3"
COc(c1)ccc(CCC(C)=O)c1,"InChI=1S/C11H14O2/c1-9(12)3-4-10-5-7-11(13-2)8-6-10/h5-8H,3-4H2,1-2H3"
O=C(CCc(c2)cccc2)c(c1)cccc1,"InChI=1S/C15H14O/c16-15(14-9-5-2-6-10-14)12-11-13-7-3-1-4-8-13/h1-10H,11-12H2"
CCOC(OCC)c(c1)ccc(OC)c1,"InChI=1S/C12H18O3/c1-4-14-12(15-5-2)10-6-8-11(13-3)9-7-10/h6-9,12H,4-5H2,1-3H3"
CCOC(OCC)Cc(c1)cccc1,"InChI=1S/C12H18O2/c1-3-13-12(14-4-2)10-11-8-6-5-7-9-11/h5-9,12H,3-4,10H2,1-2H3"
CCCCCCOC(CCCCC)OCC=CCCC,"InChI=1S/C18H36O2/c1-4-7-10-13-16-19-18(15-12-9-6-3)20-17-14-11-8-5-2/h10,13,18H,4-9,11-12,14-17H2,1-3H3/b13-10+"
CCC=CCCOC(CCCCC)OCCC=CCC,"InChI=1S/C18H34O2/c1-4-7-10-13-16-19-18(15-12-9-6-3)20-17-14-11-8-5-2/h7-8,10-11,18H,4-6,9,12-17H2,1-3H3/b10-7-,11-8-"
CCCCOC(C)OCCCC,"InChI=1S/C10H22O2/c1-4-6-8-11-10(3)12-9-7-5-2/h10H,4-9H2,1-3H3"
COC(OC)CC(C)=O,"InChI=1S/C6H12O3/c1-5(7)4-6(8-2)9-3/h6H,4H2,1-3H3"
COc(c1)ccc(CC(C)=O)c1,"InChI=1S/C10H12O2/c1-8(11)7-9-3-5-10(12-2)6-4-9/h3-6H,7H2,1-2H3"
O=C(C1)NCCC1,"InChI=1S/C5H9NO/c7-5-3-1-2-4-6-5/h1-4H2,(H,6,7)"
CCC(O)C(=O)CC,"InChI=1S/C6H12O2/c1-3-5(7)6(8)4-2/h5,7H,3-4H2,1-2H3"
CC(=O)CC(C)(C)O,"InChI=1S/C6H12O2/c1-5(7)4-6(2,3)8/h8H,4H2,1-3H3"
CC(C)CCC(C)=O,"InChI=1S/C7H14O/c1-6(2)4-5-7(3)8/h6H,4-5H2,1-3H3"
CCCCCCC(=O)C(C)=O,"InChI=1S/C9H16O2/c1-3-4-5-6-7-9(11)8(2)10/h3-7H2,1-2H3"
CCCCCCCCCC(=O)CC,"InChI=1S/C12H24O/c1-3-5-6-7-8-9-10-11-12(13)4-2/h3-11H2,1-2H3"
CCCCCCCCCCCCCCC(C)=O,"InChI=1S/C16H32O/c1-3-4-5-6-7-8-9-10-11-12-13-14-15-16(2)17/h3-15H2,1-2H3"
CCCCCCCCCCCCC(C)=O,"InChI=1S/C14H28O/c1-3-4-5-6-7-8-9-10-11-12-13-14(2)15/h3-13H2,1-2H3"
CCCCCC=CC=O,"InChI=1S/C8H14O/c1-2-3-4-5-6-7-8-9/h6-8H,2-5H2,1H3/b7-6+"
CCC(C)(C)O,"InChI=1S/C5H12O/c1-4-5(2,3)6/h6H,4H2,1-3H3"
CC(C)CCOC(C)c(c1)cccc1,"InChI=1S/C13H20O/c1-11(2)9-10-14-12(3)13-7-5-4-6-8-13/h4-8,11-12H,9-10H2,1-3H3"
OCCOc(c1)ccc(C)c1,"InChI=1S/C9H12O2/c1-8-2-4-9(5-3-8)11-7-6-10/h2-5,10H,6-7H2,1H3"
OCCOCc(c1)cccc1,"InChI=1S/C9H12O2/c10-6-7-11-8-9-4-2-1-3-5-9/h1-5,10H,6-8H2"
CCCCOCc(c1)cccc1,"InChI=1S/C11H16O/c1-2-3-9-12-10-11-7-5-4-6-8-11/h4-8H,2-3,9-10H2,1H3"
COCc(c1)cccc1,"InChI=1S/C8H10O/c1-9-7-8-5-3-2-4-6-8/h2-6H,7H2,1H3"
CC(O1)OC(C)OC(C)1,"InChI=1S/C6H12O3/c1-4-7-5(2)9-6(3)8-4/h4-6H,1-3H3"
CCCCCCCCCCCCCCCCCCO,"InChI=1S/C18H38O/c1-2-3-4-5-6-7-8-9-10-11-12-13-14-15-16-17-18-19/h19H,2-18H2,1H3"
C=CC(O)(C1)CCCC1,"InChI=1S/C8H14O/c1-2-8(9)6-4-3-5-7-8/h2,9H,1,3-7H2"
COc(c1)c(O)ccc(C)1,"InChI=1S/C8H10O2/c1-6-3-4-7(9)8(5-6)10-2/h3-5,9H,1-2H3"
OCCCCCCCCCCCCO,"InChI=1S/C12H26O2/c13-11-9-7-5-3-1-2-4-6-8-10-12-14/h13-14H,1-12H2"
OCC(O)c(c1)cccc1,"InChI=1S/C8H10O2/c9-6-8(10)7-4-2-1-3-5-7/h1-5,8-10H,6H2"
OCc(c1)ccc(O)c1,"InChI=1S/C7H8O2/c8-5-6-1-3-7(9)4-2-6/h1-4,8-9H,5H2"
CC(O)CCc(c1)cccc1,"InChI=1S/C10H14O/c1-9(11)7-8-10-5-3-2-4-6-10/h2-6,9,11H,7-8H2,1H3"
Oc(c1)c(c2)c(ccc2)cc1,"InChI=1S/C10H8O/c11-10-7-3-5-8-4-1-2-6-9(8)10/h1-7,11H"
c(c3)cc(C1)c(c3)c(c2)c(ccc2)1,"InChI=1S/C13H10/c1-3-7-12-10(5-1)9-11-6-2-4-8-13(11)12/h1-8H,9H2"
CCCCCc(c1)cccc1,"InChI=1S/C11H16/c1-2-3-5-8-11-9-6-4-7-10-11/h4,6-7,9-10H,2-3,5,8H2,1H3"
CC(=C)C(C)=C,"InChI=1S/C6H10/c1-5(2)6(3)4/h1,3H2,2,4H3"
ClC(Cl)C(Cl)Cl,InChI=1S/C2H2Cl4/c3-1(4)2(5)6/h1-2H
CCCC(C)C,"InChI=1S/C6H14/c1-4-5-6(2)3/h6H,4-5H2,1-3H3"
CCCCCCC,"InChI=1S/C7H16/c1-3-5-7-6-4-2/h3-7H2,1-2H3"
C#CC(O)(C1)CCCC1,"InChI=1S/C8H12O/c1-2-8(9)6-4-3-5-7-8/h1,9H,3-7H2"
CC(C1)=CC(=O)CC1,"InChI=1S/C7H10O/c1-6-3-2-4-7(8)5-6/h5H,2-4H2,1H3"
CCCCCCCCCCCCOC(=O)CCC,"InChI=1S/C16H32O2/c1-3-5-6-7-8-9-10-11-12-13-15-18-16(17)14-4-2/h3-15H2,1-2H3"
CCCC(C)OC(=O)CCC,"InChI=1S/C9H18O2/c1-4-6-8(3)11-9(10)7-5-2/h8H,4-7H2,1-3H3"
CCCC(=O)Oc(c1)cccc1,"InChI=1S/C10H12O2/c1-2-6-10(11)12-9-7-4-3-5-8-9/h3-5,7-8H,2,6H2,1H3"
CCCCC(CC)OC(=O)C(C)C,"InChI=1S/C11H22O2/c1-5-7-8-10(6-2)13-11(12)9(3)4/h9-10H,5-8H2,1-4H3"
CCCC(=O)OCC(C)CC,"InChI=1S/C9H18O2/c1-4-6-9(10)11-7-8(3)5-2/h8H,4-7H2,1-3H3"
CCCC(=O)OC(C)(C)CCc(c1)cccc1,"InChI=1S/C15H22O2/c1-4-8-14(16)17-15(2,3)12-11-13-9-6-5-7-10-13/h5-7,9-10H,4,8,11-12H2,1-3H3"
CCC(=O)OC(C)(C)Cc(c1)cccc1,"InChI=1S/C13H18O2/c1-4-12(14)15-13(2,3)10-11-8-6-5-7-9-11/h5-9H,4,10H2,1-3H3"
CCCCC(CC)OC(C)=O,"InChI=1S/C9H18O2/c1-4-6-7-9(5-2)11-8(3)10/h9H,4-7H2,1-3H3"
CCCCC(CC)OC(=O)CC,"InChI=1S/C10H20O2/c1-4-7-8-9(5-2)12-10(11)6-3/h9H,4-8H2,1-3H3"
CCCCCC(CC)OC(=O)CC,"InChI=1S/C11H22O2/c1-4-7-8-9-10(5-2)13-11(12)6-3/h10H,4-9H2,1-3H3"
CCCCCCC(C)OC(C)=O,"InChI=1S/C10H20O2/c1-4-5-6-7-8-9(2)12-10(3)11/h9H,4-8H2,1-3H3"
CC(C)CC(CC(C)C)OC(C)=O,"InChI=1S/C11H22O2/c1-8(2)6-11(7-9(3)4)13-10(5)12/h8-9,11H,6-7H2,1-5H3"
CC(=O)COC(C)=O,"InChI=1S/C5H8O3/c1-4(6)3-8-5(2)7/h3H2,1-2H3"
CC(=O)OC(C)C(C)=O,"InChI=1S/C6H10O3/c1-4(7)5(2)9-6(3)8/h5H,1-3H3"
CCOCCOC(C)=O,"InChI=1S/C6H12O3/c1-3-8-4-5-9-6(2)7/h3-5H2,1-2H3"
C=CC(C)(C)OC(C)=O,"InChI=1S/C7H12O2/c1-5-7(3,4)9-6(2)8/h5H,1H2,2-4H3"
CCC(C)SSC(C)CC,"InChI=1S/C8H18S2/c1-5-7(3)9-10-8(4)6-2/h7-8H,5-6H2,1-4H3"
Cc(c2)ccc(c2)OC(=O)Cc(c1)cccc1,"InChI=1S/C15H14O2/c1-12-7-9-14(10-8-12)17-15(16)11-13-5-3-2-4-6-13/h2-10H,11H2,1H3"
CC(=O)OC(c(c2)cccc2)c(c1)cccc1,"InChI=1S/C15H14O2/c1-12(16)17-15(13-8-4-2-5-9-13)14-10-6-3-7-11-14/h2-11,15H,1H3"
CC(=O)OC(C)(C)CCc(c1)cccc1,"InChI=1S/C13H18O2/c1-11(14)15-13(2,3)10-9-12-7-5-4-6-8-12/h4-8H,9-10H2,1-3H3"
CC(=O)OC(C)(C)Cc(c1)cccc1,"InChI=1S/C12H16O2/c1-10(13)14-12(2,3)9-11-7-5-4-6-8-11/h4-8H,9H2,1-3H3"
CC(=O)OCc(c1)oc(C)c1,"InChI=1S/C8H10O3/c1-6-3-4-8(11-6)5-10-7(2)9/h3-4H,5H2,1-2H3"
CCCCCCC(C)(CC)OC(C)=O,"InChI=1S/C12H24O2/c1-5-7-8-9-10-12(4,6-2)14-11(3)13/h5-10H2,1-4H3"
C=CCCCCCCCCCCOC(C)=O,"InChI=1S/C14H26O2/c1-3-4-5-6-7-8-9-10-11-12-13-16-14(2)15/h3H,1,4-13H2,2H3"
CC(=C)C(C1)CC(O)C(C)=C1,"InChI=1S/C10H16O/c1-7(2)9-5-4-8(3)10(11)6-9/h4,9-11H,1,5-6H2,2-3H3/t9-,10-/m0/s1"
CCCCCCCCCC=CCOC(C)=O,"InChI=1S/C14H26O2/c1-3-4-5-6-7-8-9-10-11-12-13-16-14(2)15/h11-12H,3-10,13H2,1-2H3/b12-11+"
CCCCCCCC=CCOC(C)=O,"InChI=1S/C12H22O2/c1-3-4-5-6-7-8-9-10-11-14-12(2)13/h9-10H,3-8,11H2,1-2H3/b10-9+"
CCCCCCC=CCOC(C)=O,"InChI=1S/C11H20O2/c1-3-4-5-6-7-8-9-10-13-11(2)12/h8-9H,3-7,10H2,1-2H3/b9-8+"
CCCCC=CCOC(C)=O,"InChI=1S/C9H16O2/c1-3-4-5-6-7-8-11-9(2)10/h6-7H,3-5,8H2,1-2H3/b7-6+"
CCC(C)OC(C)=O,"InChI=1S/C6H12O2/c1-4-5(2)8-6(3)7/h5H,4H2,1-3H3"
CCCCCCCCCCCOC(C)=O,"InChI=1S/C13H26O2/c1-3-4-5-6-7-8-9-10-11-12-15-13(2)14/h3-12H2,1-2H3"
O=COCc(c1)ccc(C)c1,"InChI=1S/C9H10O2/c1-8-2-4-9(5-3-8)6-11-7-10/h2-5,7H,6H2,1H3"
CCCCC(CC)OC=O,"InChI=1S/C8H16O2/c1-3-5-6-8(4-2)10-7-9/h7-8H,3-6H2,1-2H3"
CCC=CCCOC(=O)C=Cc(c1)cccc1,"InChI=1S/C15H18O2/c1-2-3-4-8-13-17-15(16)12-11-14-9-6-5-7-10-14/h3-7,9-12H,2,8,13H2,1H3/b4-3-,12-11+"
CC(C)CCOC(=O)C=Cc(c1)cccc1,"InChI=1S/C14H18O2/c1-12(2)10-11-16-14(15)9-8-13-6-4-3-5-7-13/h3-9,12H,10-11H2,1-2H3/b9-8+"
CCCCCOC(=O)C=Cc(c1)cccc1,"InChI=1S/C14H18O2/c1-2-3-7-12-16-14(15)11-10-13-8-5-4-6-9-13/h4-6,8-11H,2-3,7,12H2,1H3/b11-10+"
CC(C)COC(=O)C=Cc(c1)cccc1,"InChI=1S/C13H16O2/c1-11(2)10-15-13(14)9-8-12-6-4-3-5-7-12/h3-9,11H,10H2,1-2H3/b9-8+"
CCCCOC(=O)C=Cc(c1)cccc1,"InChI=1S/C13H16O2/c1-2-3-11-15-13(14)10-9-12-7-5-4-6-8-12/h4-10H,2-3,11H2,1H3/b10-9+"
CC(C)OC(=O)C([H])=C([H])c(c1)cccc1,"InChI=1S/C12H14O2/c1-10(2)14-12(13)9-8-11-6-4-3-5-7-11/h3-10H,1-2H3/b9-8+"
O=C(OCCC)C=CC=1C=CC=CC1,"InChI=1S/C12H14O2/c1-2-10-14-12(13)9-8-11-6-4-3-5-7-11/h3-9H,2,10H2,1H3/b9-8+"
C=CCOC(=O)C=Cc(c1)cccc1,"InChI=1S/C12H12O2/c1-2-10-14-12(13)9-8-11-6-4-3-5-7-11/h2-9H,1,10H2/b9-8+"
C=CCOC(=O)COc(c1)cccc1,"InChI=1S/C11H12O3/c1-2-8-13-11(12)9-14-10-6-4-3-5-7-10/h2-7H,1,8-9H2"
CC(C)COC(=O)c(c1)c(N)ccc1,"InChI=1S/C11H15NO2/c1-8(2)7-14-11(13)9-5-3-4-6-10(9)12/h3-6,8H,7,12H2,1-2H3"
CCCCOC(=O)c(c1)c(N)ccc1,"InChI=1S/C11H15NO2/c1-2-3-8-14-11(13)9-6-4-5-7-10(9)12/h4-7H,2-3,8,12H2,1H3"
C=CCOC(=O)c(c1)c(N)ccc1,"InChI=1S/C10H11NO2/c1-2-7-13-10(12)8-5-3-4-6-9(8)11/h2-6H,1,7,11H2"
CCCCOC(=O)c(c1)c(ccc1)C(=O)OCCCC,"InChI=1S/C16H22O4/c1-3-5-11-19-15(17)13-9-7-8-10-14(13)16(18)20-12-6-4-2/h7-10H,3-6,11-12H2,1-2H3"
C=CCOC(=O)c(c1)c(ccc1)C(=O)OCC=C,"InChI=1S/C14H14O4/c1-3-9-17-13(15)11-7-5-6-8-12(11)14(16)18-10-4-2/h3-8H,1-2,9-10H2"
CCOC(=O)c(c1)c(ccc1)C(=O)OCC,"InChI=1S/C12H14O4/c1-3-15-11(13)9-7-5-6-8-10(9)12(14)16-4-2/h5-8H,3-4H2,1-2H3"
COC(=O)c(c1)c(ccc1)C(=O)OC,"InChI=1S/C10H10O4/c1-13-9(11)7-5-3-4-6-8(7)10(12)14-2/h3-6H,1-2H3"
CCOC(=O)c(c1)ccc(OC)c1,"InChI=1S/C10H12O3/c1-3-13-10(11)8-4-6-9(12-2)7-5-8/h4-7H,3H2,1-2H3"
COc(c1)ccc(c1)C(=O)OC,"InChI=1S/C9H10O3/c1-11-8-5-3-7(4-6-8)9(10)12-2/h3-6H,1-2H3"
O=C(OCc(c2)cccc2)Cc(c1)cccc1,"InChI=1S/C15H14O2/c16-15(11-13-7-3-1-4-8-13)17-12-14-9-5-2-6-10-14/h1-10H,11-12H2"
CCCCCCCCOC(=O)Cc(c1)cccc1,"InChI=1S/C16H24O2/c1-2-3-4-5-6-10-13-18-16(17)14-15-11-8-7-9-12-15/h7-9,11-12H,2-6,10,13-14H2,1H3"
CCCCCCCOC(=O)Cc(c1)cccc1,"InChI=1S/C15H22O2/c1-2-3-4-5-9-12-17-15(16)13-14-10-7-6-8-11-14/h6-8,10-11H,2-5,9,12-13H2,1H3"
CCCCCCOC(=O)Cc(c1)cccc1,"InChI=1S/C14H20O2/c1-2-3-4-8-11-16-14(15)12-13-9-6-5-7-10-13/h5-7,9-10H,2-4,8,11-12H2,1H3"
CCC=CCCOC(=O)Cc(c1)cccc1,"InChI=1S/C14H18O2/c1-2-3-4-8-11-16-14(15)12-13-9-6-5-7-10-13/h3-7,9-10H,2,8,11-12H2,1H3/b4-3-"
CCCCCOC(=O)Cc(c1)cccc1,"InChI=1S/C13H18O2/c1-2-3-7-10-15-13(14)11-12-8-5-4-6-9-12/h4-6,8-9H,2-3,7,10-11H2,1H3"
CCCCOC(=O)Cc(c1)cccc1,"InChI=1S/C12H16O2/c1-2-3-9-14-12(13)10-11-7-5-4-6-8-11/h4-8H,2-3,9-10H2,1H3"
CC(C)OC(=O)Cc(c1)cccc1,"InChI=1S/C11H14O2/c1-9(2)13-11(12)8-10-6-4-3-5-7-10/h3-7,9H,8H2,1-2H3"
CCCOC(=O)Cc(c1)cccc1,"InChI=1S/C11H14O2/c1-2-8-13-11(12)9-10-6-4-3-5-7-10/h3-7H,2,8-9H2,1H3"
COC(=O)Cc(c1)cccc1,"InChI=1S/C9H10O2/c1-11-9(10)7-8-5-3-2-4-6-8/h2-6H,7H2,1H3"
O=C(OCCc(c2)cccc2)c(c1)cccc1,"InChI=1S/C15H14O2/c16-15(14-9-5-2-6-10-14)17-12-11-13-7-3-1-4-8-13/h1-10H,11-12H2"
O=C(Oc(c2)cccc2)c(c1)cccc1,InChI=1S/C13H10O2/c14-13(11-7-3-1-4-8-11)15-12-9-5-2-6-10-12/h1-10H
CCCCCCCCOC(=O)c(c1)cccc1,"InChI=1S/C15H22O2/c1-2-3-4-5-6-10-13-17-15(16)14-11-8-7-9-12-14/h7-9,11-12H,2-6,10,13H2,1H3"
CCCCCCOC(=O)c(c1)cccc1,"InChI=1S/C13H18O2/c1-2-3-4-8-11-15-13(14)12-9-6-5-7-10-12/h5-7,9-10H,2-4,8,11H2,1H3"
CCC=CCCOC(=O)c(c1)cccc1,"InChI=1S/C13H16O2/c1-2-3-4-8-11-15-13(14)12-9-6-5-7-10-12/h3-7,9-10H,2,8,11H2,1H3/b4-3-"
CC(C)CCOC(=O)c(c1)cccc1,"InChI=1S/C12H16O2/c1-10(2)8-9-14-12(13)11-6-4-3-5-7-11/h3-7,10H,8-9H2,1-2H3"
CCCCCOC(=O)c(c1)cccc1,"InChI=1S/C12H16O2/c1-2-3-7-10-14-12(13)11-8-5-4-6-9-11/h4-6,8-9H,2-3,7,10H2,1H3"
CC(=C)CCOC(=O)c(c1)cccc1,"InChI=1S/C12H14O2/c1-10(2)8-9-14-12(13)11-6-4-3-5-7-11/h3-7H,1,8-9H2,2H3"
CC(C)OC(=O)c(c1)cccc1,"InChI=1S/C10H12O2/c1-8(2)12-10(11)9-6-4-3-5-7-9/h3-8H,1-2H3"
CCCOC(=O)c(c1)cccc1,"InChI=1S/C10H12O2/c1-2-8-12-10(11)9-6-4-3-5-7-9/h3-7H,2,8H2,1H3"
C=CCOC(=O)c(c1)cccc1,"InChI=1S/C10H10O2/c1-2-8-12-10(11)9-6-4-3-5-7-9/h2-7H,1,8H2"
COC(=O)c(c1)cccc1,"InChI=1S/C8H8O2/c1-10-8(9)7-5-3-2-4-6-7/h2-6H,1H3"
OC(=O)CC(C)CC(C)(C)C,"InChI=1S/C9H18O2/c1-7(5-8(10)11)6-9(2,3)4/h7H,5-6H2,1-4H3,(H,10,11)"
CCOC(=O)C(CC)CC,"InChI=1S/C8H16O2/c1-4-7(5-2)8(9)10-6-3/h7H,4-6H2,1-3H3"
CCCCCC(=O)OCC=Cc(c1)cccc1,"InChI=1S/C15H20O2/c1-2-3-5-12-15(16)17-13-8-11-14-9-6-4-7-10-14/h4,6-11H,2-3,5,12-13H2,1H3/b11-8+"
CCCCCC(=O)OCC([H])=C(C)CCC=C(C)C,"InChI=1S/C16H28O2/c1-5-6-7-11-16(17)18-13-12-15(4)10-8-9-14(2)3/h9,12H,5-8,10-11,13H2,1-4H3/b15-12-"
CCCC(=O)OCC(C1)OCC1,"InChI=1S/C9H16O3/c1-2-4-9(10)12-7-8-5-3-6-11-8/h8H,2-7H2,1H3"
CCCC(=O)OC(C1)CC(C)(C)CC(C)1,"InChI=1S/C13H24O2/c1-5-6-12(14)15-11-7-10(2)8-13(3,4)9-11/h10-11H,5-9H2,1-4H3"
CC(C)C(=O)OC(C1)CCCC1,"InChI=1S/C10H18O2/c1-8(2)10(11)12-9-6-4-3-5-7-9/h8-9H,3-7H2,1-2H3"
CC(=O)OCCC(=C)c(c1)cccc1,"InChI=1S/C12H14O2/c1-10(8-9-14-11(2)13)12-6-4-3-5-7-12/h3-7H,1,8-9H2,2H3"
CCCCCCCCCCCCCC(=O)OCCC(C)CCC=C(C)C,"InChI=1S/C24H46O2/c1-5-6-7-8-9-10-11-12-13-14-15-19-24(25)26-21-20-23(4)18-16-17-22(2)3/h17,23H,5-16,18-21H2,1-4H3"
CCCCCCC(=O)OCC([H])=C(C)CCC=C(C)C,"InChI=1S/C17H30O2/c1-5-6-7-8-12-17(18)19-14-13-16(4)11-9-10-15(2)3/h10,13H,5-9,11-12,14H2,1-4H3/b16-13+"
CC(C)=CCCC(C)CCOC(=O)CC(C)C,"InChI=1S/C15H28O2/c1-12(2)7-6-8-14(5)9-10-17-15(16)11-13(3)4/h7,13-14H,6,8-11H2,1-5H3"
CCCCCCCCCCCCOC(=O)CC(C)C,"InChI=1S/C17H34O2/c1-4-5-6-7-8-9-10-11-12-13-14-19-17(18)15-16(2)3/h16H,4-15H2,1-3H3"
CC(C)CC(=O)OC(C)c(c1)cccc1,"InChI=1S/C13H18O2/c1-10(2)9-13(14)15-11(3)12-7-5-4-6-8-12/h4-8,10-11H,9H2,1-3H3"
CCOC(C)(OCC)c(c1)cccc1,"InChI=1S/C12H18O2/c1-4-13-12(3,14-5-2)11-9-7-6-8-10-11/h6-10H,4-5H2,1-3H3"
CCOC(OCC)C=Cc(c1)cccc1,"InChI=1S/C13H18O2/c1-3-14-13(15-4-2)11-10-12-8-6-5-7-9-12/h5-11,13H,3-4H2,1-2H3/b11-10+"
COc(c1)ccc(c1)C(OC)OC,"InChI=1S/C10H14O3/c1-11-9-6-4-8(5-7-9)10(12-2)13-3/h4-7,10H,1-3H3"
COC(OC)C=Cc(c1)cccc1,"InChI=1S/C11H14O2/c1-12-11(13-2)9-8-10-6-4-3-5-7-10/h3-9,11H,1-2H3/b9-8+"
COC(C)(OC)c(c1)cccc1,"InChI=1S/C10H14O2/c1-10(11-2,12-3)9-7-5-4-6-8-9/h4-8H,1-3H3"
CCCCCCOC(CCCC)OCCCCCC,"InChI=1S/C17H36O2/c1-4-7-10-12-15-18-17(14-9-6-3)19-16-13-11-8-5-2/h17H,4-16H2,1-3H3"
CC(C)CCOC(C)OCCC(C)C,"InChI=1S/C12H26O2/c1-10(2)6-8-13-12(5)14-9-7-11(3)4/h10-12H,6-9H2,1-5H3"
CCCOC(C)OCCC,"InChI=1S/C8H18O2/c1-4-6-9-8(3)10-7-5-2/h8H,4-7H2,1-3H3"
CCCCCCCCCC(OCC)OCC,"InChI=1S/C14H30O2/c1-4-7-8-9-10-11-12-13-14(15-5-2)16-6-3/h14H,4-13H2,1-3H3"
CCOC(OCC)CC(C)CC(C)(C)C,"InChI=1S/C13H28O2/c1-7-14-12(15-8-2)9-11(3)10-13(4,5)6/h11-12H,7-10H2,1-6H3"
CCCCCCCCC(OCC)OCC,"InChI=1S/C13H28O2/c1-4-7-8-9-10-11-12-13(14-5-2)15-6-3/h13H,4-12H2,1-3H3"
CCCCCCC(OCC)OCC,"InChI=1S/C11H24O2/c1-4-7-8-9-10-11(12-5-2)13-6-3/h11H,4-10H2,1-3H3"
CCCC=CC(OC)OC,"InChI=1S/C8H16O2/c1-4-5-6-7-8(9-2)10-3/h6-8H,4-5H2,1-3H3/b7-6+"
COC(OC)CC(C)CC(C)(C)C,"InChI=1S/C11H24O2/c1-9(8-11(2,3)4)7-10(12-5)13-6/h9-10H,7-8H2,1-6H3"
CCCCCOCCc(c1)cccc1,"InChI=1S/C13H20O/c1-2-3-7-11-14-12-10-13-8-5-4-6-9-13/h4-6,8-9H,2-3,7,10-12H2,1H3"
CC(C)CCOCc(c1)cccc1,"InChI=1S/C12H18O/c1-11(2)8-9-13-10-12-6-4-3-5-7-12/h3-7,11H,8-10H2,1-2H3"
CCC(=O)OCCOc(c1)cccc1,"InChI=1S/C11H14O3/c1-2-11(12)14-9-8-13-10-6-4-3-5-7-10/h3-7H,2,8-9H2,1H3"
O=COC(C1)CCCCCCCC1,"InChI=1S/C11H20O2/c12-10-13-11-8-6-4-2-1-3-5-7-9-11/h10-11H,1-9H2"
CCOc(c1)c(O)c(C=O)cc1,"InChI=1S/C9H10O3/c1-2-12-8-5-3-4-7(6-10)9(8)11/h3-6,11H,2H2,1H3"
CCOc(c1)c(O)ccc(C=O)1,"InChI=1S/C9H10O3/c1-2-12-9-5-7(6-10)3-4-8(9)11/h3-6,11H,2H2,1H3"
COc(c1)c(O)c(OC)cc1,"InChI=1S/C8H10O3/c1-10-6-4-3-5-7(11-2)8(6)9/h3-5,9H,1-2H3"
COc(c1)cc(c(O)c1)C(C)(C)C,"InChI=1S/C11H16O2/c1-11(2,3)9-7-8(13-4)5-6-10(9)12/h5-7,12H,1-4H3"
CCOc(c1)c(O)ccc1,"InChI=1S/C8H10O2/c1-2-10-8-6-4-3-5-7(8)9/h3-6,9H,2H2,1H3"
COc(c1)c(OC)cc(c1)C([H])=C([H])C,"InChI=1S/C11H14O2/c1-4-5-9-6-7-10(12-2)11(8-9)13-3/h4-8H,1-3H3/b5-4+"
C=CCc(c1)cc(OC)c(OC)c1,"InChI=1S/C11H14O2/c1-4-5-9-6-7-10(12-2)11(8-9)13-3/h4,6-8H,1,5H2,2-3H3"
CCCCCCCCCc(c1)ccc(O)c1,"InChI=1S/C15H24O/c1-2-3-4-5-6-7-8-9-14-10-12-15(16)13-11-14/h10-13,16H,2-9H2,1H3"
C(CCCCCCOC(CCSCCC(OCCCCCCCCCCCCCCCCCC)=O)=O)CCCCC,"InChI=1S/C36H70O4S/c1-3-5-7-9-11-13-15-16-17-18-19-20-22-24-26-28-32-40-36(38)30-34-41-33-29-35(37)39-31-27-25-23-21-14-12-10-8-6-4-2/h3-34H2,1-2H3"
C(CCCCCCCCCCCCOC(=O)CCSCCC(OCCCCCCCCCCCCCCCCCC)=O)CCCCC,"InChI=1S/C42H82O4S/c1-3-5-7-9-11-13-15-17-19-21-23-25-27-29-31-33-37-45-41(43)35-39-47-40-36-42(44)46-38-34-32-30-28-26-24-22-20-18-16-14-12-10-8-6-4-2/h3-40H2,1-2H3"
C(CCCCCCCOC(=O)CCSCCC(=O)OCCCCCCCCCCCC)CCCC,"InChI=1S/C30H58O4S/c1-3-5-7-9-11-13-15-17-19-21-25-33-29(31)23-27-35-28-24-30(32)34-26-22-20-18-16-14-12-10-8-6-4-2/h3-28H2,1-2H3"
OC(C1)CCC(C1)C(C)(C)C,"InChI=1S/C10H20O/c1-10(2,3)8-4-6-9(11)7-5-8/h8-9,11H,4-7H2,1-3H3"
CCC(C)C(C)O,"InChI=1S/C6H14O/c1-4-5(2)6(3)7/h5-7H,4H2,1-3H3"
CCC(C)(C)C(C1)CCC(O)C1,"InChI=1S/C11H22O/c1-4-11(2,3)9-5-7-10(12)8-6-9/h9-10,12H,4-8H2,1-3H3"
CCC(C)=CCCC(C)=O,"InChI=1S/C9H16O/c1-4-8(2)6-5-7-9(3)10/h6H,4-5,7H2,1-3H3/b8-6+"
CC(C)=CCCC(C)=CCCC(C)=O,"InChI=1S/C13H22O/c1-11(2)7-5-8-12(3)9-6-10-13(4)14/h7,9H,5-6,8,10H2,1-4H3/b12-9+"
CCC(=O)C(C1)C(C)=C([H])CC(C(C)C)1,"InChI=1S/C13H22O/c1-5-13(14)12-8-11(9(2)3)7-6-10(12)4/h6,9,11-12H,5,7-8H2,1-4H3"
C=CC(=C)CCC=C(C)C,"InChI=1S/C10H16/c1-5-10(4)8-6-7-9(2)3/h5,7H,1,4,6,8H2,2-3H3"
CCCC=CCCO,"InChI=1S/C7H14O/c1-2-3-4-5-6-7-8/h4-5,8H,2-3,6-7H2,1H3/b5-4+"
CC(C)CC(C)CC(CC(C)C)OC(C)=O,"InChI=1S/C14H28O2/c1-10(2)7-12(5)9-14(8-11(3)4)16-13(6)15/h10-12,14H,7-9H2,1-6H3"
CCC(C)=CCCC(C)=CCCC(C)=O,"InChI=1S/C14H24O/c1-5-12(2)8-6-9-13(3)10-7-11-14(4)15/h8,10H,5-7,9,11H2,1-4H3/b12-8+,13-10+"
CCOC(=O)C(=O)OCC,"InChI=1S/C6H10O4/c1-3-9-5(7)6(8)10-4-2/h3-4H2,1-2H3"
COc(c1)ccc(COC(C)=O)c1,"InChI=1S/C10H12O3/c1-8(11)13-7-9-3-5-10(12-2)6-4-9/h3-6H,7H2,1-2H3"
CCCCCC(OC(C)=O)C=Cc(c1)cccc1,"InChI=1S/C16H22O2/c1-3-4-6-11-16(18-14(2)17)13-12-15-9-7-5-8-10-15/h5,7-10,12-13,16H,3-4,6,11H2,1-2H3/b13-12+"
CC(C2)Cc(o1)c(C2)c(C)c1,"InChI=1S/C10H14O/c1-7-3-4-9-8(2)6-11-10(9)5-7/h6-7H,3-5H2,1-2H3"
COC(OC)CC(C)CCCC(C)(C)O,"InChI=1S/C12H26O3/c1-10(9-11(14-4)15-5)7-6-8-12(2,3)13/h10-11,13H,6-9H2,1-5H3"
O=CCC(C)CCCC(C)(C)O,"InChI=1S/C10H20O2/c1-9(6-8-11)5-4-7-10(2,3)12/h8-9,12H,4-7H2,1-3H3"
C=CCOC(=O)CC(C1)CCCC1,"InChI=1S/C11H18O2/c1-2-8-13-11(12)9-10-6-4-3-5-7-10/h2,10H,1,3-9H2"
CC(=O)OC(C1)Cc(c2)c(ccc2)C1,"InChI=1S/C12H14O2/c1-9(13)14-12-7-6-10-4-2-3-5-11(10)8-12/h2-5,12H,6-8H2,1H3"
CC(=O)OC(=C(C)1)C(=O)CC1,"InChI=1S/C8H10O3/c1-5-3-4-7(10)8(5)11-6(2)9/h3-4H2,1-2H3"
CCOC(=O)CC(C)(O1)OCC1,"InChI=1S/C8H14O4/c1-3-10-7(9)6-8(2)11-4-5-12-8/h3-6H2,1-2H3"
CCC(C)=CCCC(C)(O)C=C,"InChI=1S/C11H20O/c1-5-10(3)8-7-9-11(4,12)6-2/h6,8,12H,2,5,7,9H2,1,3-4H3/b10-8+"
CC(C)=CCCC(C)(O)CC,"InChI=1S/C10H20O/c1-5-10(4,11)8-6-7-9(2)3/h7,11H,5-6,8H2,1-4H3"
OCCC(C)CCC=C(C)C,"InChI=1S/C10H20O/c1-9(2)5-4-6-10(3)7-8-11/h5,10-11H,4,6-8H2,1-3H3"
CC(C1)=C([H])CC([H])(C1)C(C)(C)O,"InChI=1S/C10H18O/c1-8-4-6-9(7-5-8)10(2,3)11/h4,9,11H,5-7H2,1-3H3/t9-/m1/s1"
OCC=C(C)CCC=C(C)C,"InChI=1S/C10H18O/c1-9(2)5-4-6-10(3)7-8-11/h5,7,11H,4,6,8H2,1-3H3/b10-7-"
CC(C)=CCCC(C)(O)C=C,"InChI=1S/C10H18O/c1-5-10(4,11)8-6-7-9(2)3/h5,7,11H,1,6,8H2,2-4H3"
CC(=C)C(C1)CC(O)C(C)C1,"InChI=1S/C10H18O/c1-7(2)9-5-4-8(3)10(11)6-9/h8-11H,1,4-6H2,2-3H3"
CCC(=O)OCc(c1)cccc1,"InChI=1S/C10H12O2/c1-2-10(11)12-8-9-6-4-3-5-7-9/h3-7H,2,8H2,1H3"
CCC(=O)OCCc(c1)cccc1,"InChI=1S/C11H14O2/c1-2-11(12)13-9-8-10-6-4-3-5-7-10/h3-7H,2,8-9H2,1H3"
CC(C3)(O3)C(C2)CC(O1)C(C)(C2)1,"InChI=1S/C10H16O2/c1-9-4-3-7(5-8(9)12-9)10(2)6-11-10/h7-8H,3-6H2,1-2H3"
CCC(C)C(=O)OC(C)(C=C)CCC=C(C)C,"InChI=1S/C15H26O2/c1-7-13(5)14(16)17-15(6,8-2)11-9-10-12(3)4/h8,10,13H,2,7,9,11H2,1,3-6H3"
CCC(C)C(=O)OCC=C(C)CCC=C(C)C,"InChI=1S/C15H26O2/c1-6-14(5)15(16)17-11-10-13(4)9-7-8-12(2)3/h8,10,14H,6-7,9,11H2,1-5H3/b13-10+"
CCC(C)=C([H])CCC(C)(C=C)OC(C)=O,"InChI=1S/C13H22O2/c1-6-11(3)9-8-10-13(5,7-2)15-12(4)14/h7,9H,2,6,8,10H2,1,3-5H3/b11-9+"
CC(C1)C(=O)C(=O)C1,"InChI=1S/C6H8O2/c1-4-2-3-5(7)6(4)8/h4H,2-3H2,1H3"
CC(C)=CC([H])(O1)CC([H])(C)CC1,"InChI=1S/C10H18O/c1-8(2)6-10-7-9(3)4-5-11-10/h6,9-10H,4-5,7H2,1-3H3/t9-,10+/m1/s1"
CC(C)=CC(O1)CC(C)=CC1,"InChI=1S/C10H16O/c1-8(2)6-10-7-9(3)4-5-11-10/h4,6,10H,5,7H2,1-3H3"
CCCCCC(=O)OCc(c1)occ1,"InChI=1S/C11H16O3/c1-2-3-4-7-11(12)14-9-10-6-5-8-13-10/h5-6,8H,2-4,7,9H2,1H3"
CCCCCC(OC(=O)CC)C([H])=C([H])c(c1)cccc1,"InChI=1S/C17H24O2/c1-3-5-7-12-16(19-17(18)4-2)14-13-15-10-8-6-9-11-15/h6,8-11,13-14,16H,3-5,7,12H2,1-2H3/b14-13+"
CCCC=CC(=O)OCCc(c1)cccc1,"InChI=1S/C14H18O2/c1-2-3-5-10-14(15)16-12-11-13-8-6-4-7-9-13/h4-10H,2-3,11-12H2,1H3/b10-5+"
CCCC=CC(=O)OCc(c1)cccc1,"InChI=1S/C13H16O2/c1-2-3-5-10-13(14)15-11-12-8-6-4-7-9-12/h4-10H,2-3,11H2,1H3/b10-5+"
O=COCC(=C2)C(C1)C(C)(C)C(C2)1,"InChI=1S/C11H16O2/c1-11(2)9-4-3-8(6-13-7-12)10(11)5-9/h3,7,9-10H,4-6H2,1-2H3"
c(c2)ccc(c2)C(=O)c(c1)cccc1,InChI=1S/C13H10O/c14-13(11-7-3-1-4-8-11)12-9-5-2-6-10-12/h1-10H
CCCC[Sn](OC(CCCCCCCCCCC)=O)(OC(CCCCCCCCCCC)=O)CCCC,InChI=1S/2C12H24O2.2C4H9.Sn/c2*1-2-3-4-5-6-7-8-9-10-11-12(13)14
CCCC[Sn](CCCC)(O1)OC(=O)C=CC(=O)1,InChI=1S/C4H4O4.2C4H9.Sn/c5-3(6)1-2-4(7)8
CCCCCCCCC=CCCCCCCCC(N)=O,"InChI=1S/C18H35NO/c1-2-3-4-5-6-7-8-9-10-11-12-13-14-15-16-17-18(19)20/h9-10H,2-8,11-17H2,1H3,(H2,19,20)/b10-9-"
C(CNC(CCCCC(=O)NCCCCCCCCCCCCCCCCCC)=O)CCCCCCCCCCCCCCCC,"InChI=1S/C42H84N2O2/c1-3-5-7-9-11-13-15-17-19-21-23-25-27-29-31-35-39-43-41(45)37-33-34-38-42(46)44-40-36-32-30-28-26-24-22-20-18-16-14-12-10-8-6-4-2/h3-40H2,1-2H3,(H,43,45)(H,44,46)"
CCCCCCCCCCCCCCCCCC(N)=O,"InChI=1S/C18H37NO/c1-2-3-4-5-6-7-8-9-10-11-12-13-14-15-16-17-18(19)20/h2-17H2,1H3,(H2,19,20)"
C(CCCCCCCCCCC(NCCNC(CCCCCCCCCCCCCCCCC)=O)=O)CCCCCC,"InChI=1S/C38H76N2O2/c1-3-5-7-9-11-13-15-17-19-21-23-25-27-29-31-33-37(41)39-35-36-40-38(42)34-32-30-28-26-24-22-20-18-16-14-12-10-8-6-4-2/h3-36H2,1-2H3,(H,39,41)(H,40,42)"
c(c3)ccc(c3)OP(=O)(Oc(c2)cccc2)Oc(c1)cccc1,"InChI=1S/C18H15O4P/c19-23(20-16-10-4-1-5-11-16,21-17-12-6-2-7-13-17)22-18-14-8-3-9-15-18/h1-15H"
CCOP(=O)(OCC)OCC,"InChI=1S/C6H15O4P/c1-4-8-11(7,9-5-2)10-6-3/h4-6H2,1-3H3"
CC(C)OC(=O)c(c1)c(ccc1)C(=O)OC(C)C,"InChI=1S/C14H18O4/c1-9(2)17-13(15)11-7-5-6-8-12(11)14(16)18-10(3)4/h5-10H,1-4H3"
COC(=O)CC(C)C(=O)OC,"InChI=1S/C7H12O4/c1-5(7(9)11-3)4-6(8)10-2/h5H,4H2,1-3H3"
C(C1)CCCCCNCCCCC1,"InChI=1S/C12H25N/c1-2-4-6-8-10-12-13-11-9-7-5-3-1/h13H,1-12H2"
Oc(c1)ccc(Cl)c1,"InChI=1S/C6H5ClO/c7-5-1-3-6(8)4-2-5/h1-4,8H"
Oc(c1)c(Cl)ccc1,"InChI=1S/C6H5ClO/c7-5-3-1-2-4-6(5)8/h1-4,8H"
N#CCCO,"InChI=1S/C3H5NO/c4-2-1-3-5/h5H,1,3H2"
C=CC(N)=O,"InChI=1S/C3H5NO/c1-2-3(4)5/h2H,1H2,(H2,4,5)"
N#CCCOCCC#N,"InChI=1S/C6H8N2O/c7-3-1-5-9-6-2-4-8/h1-2,5-6H2"
OC(C1)CCC(O)C1,"InChI=1S/C6H12O2/c7-5-1-2-6(8)4-3-5/h5-8H,1-4H2"
O=C(C1)CCC(=O)C1,InChI=1S/C6H8O2/c7-5-1-2-6(8)4-3-5/h1-4H2
O=c(o2)c(c(Cl)1)c(c(=O)2)c(Cl)c(Cl)c(Cl)1,InChI=1S/C8Cl4O3/c9-3-1-2(8(14)15-7(1)13)4(10)6(12)5(3)11
CCOC(=O)CCC(=O)OC,"InChI=1S/C7H12O4/c1-3-11-7(9)5-4-6(8)10-2/h3-5H2,1-2H3"
CCOC(=O)C(O1)C(OC(=O)CCC(=O)1)C(=O)OCC,"InChI=1S/C12H16O8/c1-3-17-11(15)9-10(12(16)18-4-2)20-8(14)6-5-7(13)19-9/h9-10H,3-6H2,1-2H3"
COC(=O)C(O1)C(OC(=O)CCC(=O)1)C(=O)OC,"InChI=1S/C10H12O8/c1-15-9(13)7-8(10(14)16-2)18-6(12)4-3-5(11)17-7/h7-8H,3-4H2,1-2H3"
OC(=O)Cc(c1)cc(Cl)c(O)c1,"InChI=1S/C8H7ClO3/c9-6-3-5(4-8(11)12)1-2-7(6)10/h1-3,10H,4H2,(H,11,12)"
Clc(c3)cc(n2)c(c3)c(nc2)Nc(c1)cccc1,"InChI=1S/C14H10ClN3/c15-10-6-7-12-13(8-10)16-9-17-14(12)18-11-4-2-1-3-5-11/h1-9H,(H,16,17,18)"
N#CCC#N,InChI=1S/C3H2N2/c4-2-1-3-5/h1H2
CC(C)(C)OOC(C)(C)C,"InChI=1S/C8H18O2/c1-7(2,3)9-10-8(4,5)6/h1-6H3"
CCCCCCCCCCCC#N,"InChI=1S/C12H23N/c1-2-3-4-5-6-7-8-9-10-11-12-13/h2-11H2,1H3"
CCCCCCCCCC#N,"InChI=1S/C10H19N/c1-2-3-4-5-6-7-8-9-10-11/h2-9H2,1H3"
N#CCCCCCCCCCCC#N,InChI=1S/C12H20N2/c13-11-9-7-5-3-1-2-4-6-8-10-12-14/h1-10H2
NCCCCCCCCCCCC#N,"InChI=1S/C12H24N2/c13-11-9-7-5-3-1-2-4-6-8-10-12-14/h1-11,13H2"
NCCCCCCCCCCCCN,InChI=1S/C12H28N2/c13-11-9-7-5-3-1-2-4-6-8-10-12-14/h1-14H2
CCCCCCCCC(=O)OCC,"InChI=1S/C11H22O2/c1-3-5-6-7-8-9-10-11(12)13-4-2/h3-10H2,1-2H3"
Clc(c1)ccc(c1)SC(F)(F)F,"InChI=1S/C7H4ClF3S/c8-5-1-3-6(4-2-5)12-7(9,10)11/h1-4H"
COC(=O)CCCC(=O)OC,"InChI=1S/C7H12O4/c1-10-6(8)4-3-5-7(9)11-2/h3-5H2,1-2H3"
CON=O,InChI=1S/CH3NO2/c1-4-2-3/h1H3
Oc(c2)ccc(c2)Oc(c1)ccc(O)c1,"InChI=1S/C12H10O3/c13-9-1-5-11(6-2-9)15-12-7-3-10(14)4-8-12/h1-8,13-14H"
Oc(c2)ccc(c2)C(N1)C(=O)NC(=O)1,"InChI=1S/C9H8N2O3/c12-6-3-1-5(2-4-6)7-8(13)11-9(14)10-7/h1-4,7,12H,(H2,10,11,13,14)"
NC(=O)NC(N1)C(=O)NC(=O)1,"InChI=1S/C4H6N4O3/c5-3(10)6-1-2(9)8-4(11)7-1/h1H,(H3,5,6,10)(H2,7,8,9,11)"
CCOc(c1)c(O)c(C=O)cc(C=O)1,"InChI=1S/C10H10O4/c1-2-14-9-4-7(5-11)3-8(6-12)10(9)13/h3-6,13H,2H2,1H3"
O=Cc(c1)c(C)c(C=O)c(O)c(OC)1,"InChI=1S/C10H10O4/c1-6-7(4-11)3-9(14-2)10(13)8(6)5-12/h3-5,13H,1-2H3"
O=Cc(c1)c(C)cc(O)c(OC)1,"InChI=1S/C9H10O3/c1-6-3-8(11)9(12-2)4-7(6)5-10/h3-5,11H,1-2H3"
COc(c1)c(O)cc(C)c1,"InChI=1S/C8H10O2/c1-6-3-4-8(10-2)7(9)5-6/h3-5,9H,1-2H3"
CC(C4([H])C(C=CC([H])(CC)C(C)C)([H])C)(C([H])1CC4)CCC(C3(C)2)(C([H])(CC=C2CC([H])(O)CC3)1)[H],"InChI=1S/C29H48O/c1-7-21(19(2)3)9-8-20(4)25-12-13-26-24-11-10-22-18-23(30)14-16-28(22,5)27(24)15-17-29(25,26)6/h8-10,19-21,23-27,30H,7,11-18H2,1-6H3/b9-8+/t20-,21-,23+,24+,25-,26+,27+,28+,29-/m1/s1"
CC(C4([H])C(C=CC([H])(CC)C(C)C)([H])C)(C([H])3CC4)CCC(C([H])23)([H])C(C)(C1=CC2)CCC(C1)=O,"InChI=1S/C29H46O/c1-7-21(19(2)3)9-8-20(4)25-12-13-26-24-11-10-22-18-23(30)14-16-28(22,5)27(24)15-17-29(25,26)6/h8-10,19-21,24-27H,7,11-18H2,1-6H3/b9-8+/t20-,21-,24+,25-,26+,27+,28+,29-/m1/s1"
CC(N1)=NCC1,"InChI=1S/C4H8N2/c1-4-5-2-3-6-4/h2-3H2,1H3,(H,5,6)"
C=COC(=O)CCCCCCCCCCCC(O)=O,"InChI=1S/C15H26O4/c1-2-19-15(18)13-11-9-7-5-3-4-6-8-10-12-14(16)17/h2H,1,3-13H2,(H,16,17)"
COC(=O)CC=CC(=O)OC,"InChI=1S/C7H10O4/c1-10-6(8)4-3-5-7(9)11-2/h3-4H,5H2,1-2H3/b4-3+"
C1(=S)NNN=N1,"InChI=1S/CH2N4S/c6-1-2-4-5-3-1/h(H2,2,3,4,5,6)"
CSC1=NNN=N1,"InChI=1S/C2H4N4S/c1-7-2-3-5-6-4-2/h1H3,(H,3,4,5,6)"
CCCCOC(=O)C(OCCCC)OCCCC,"InChI=1S/C14H28O4/c1-4-7-10-16-13(15)14(17-11-8-5-2)18-12-9-6-3/h14H,4-12H2,1-3H3"
N#CCC(OC)(OC)OC,"InChI=1S/C6H11NO3/c1-8-6(9-2,10-3)4-5-7/h4H2,1-3H3"
CSC(=S)Nc(c1)cccc1,"InChI=1S/C8H9NS2/c1-11-8(10)9-7-5-3-2-4-6-7/h2-6H,1H3,(H,9,10)"
CC(=O)C(C1)C(=O)OCC1,"InChI=1S/C7H10O3/c1-5(8)6-3-2-4-10-7(6)9/h6H,2-4H2,1H3"
C(C1)CCNCC1,"InChI=1S/C6H13N/c1-2-4-6-7-5-3-1/h7H,1-6H2"
N#Cc(c1)c(N)nc(C)n1,"InChI=1S/C6H6N4/c1-4-9-3-5(2-7)6(8)10-4/h3H,1H3,(H2,8,9,10)"
Cc(n1)nc(N)cc1,"InChI=1S/C5H7N3/c1-4-7-3-2-5(6)8-4/h2-3H,1H3,(H2,6,7,8)"
c(c1)con1,InChI=1S/C3H3NO/c1-2-4-5-3-1/h1-3H
O=C(C1)N(C)C(=O)C1,"InChI=1S/C5H7NO2/c1-6-4(7)2-3-5(6)8/h2-3H2,1H3"
O=NN(C(C2)CCCC2)C(C1)CCCC1,"InChI=1S/C12H22N2O/c15-13-14(11-7-3-1-4-8-11)12-9-5-2-6-10-12/h11-12H,1-10H2"
CCON=O,"InChI=1S/C2H5NO2/c1-2-5-3-4/h2H2,1H3"
N#CC(C)O,"InChI=1S/C3H5NO/c1-3(5)2-4/h3,5H,1H3"
OCC(=O)NCc(c1)cccc1,"InChI=1S/C9H11NO2/c11-7-9(12)10-6-8-4-2-1-3-5-8/h1-5,11H,6-7H2,(H,10,12)"
Nc(c1)onc1,"InChI=1S/C3H4N2O/c4-3-1-2-5-6-3/h1-2H,4H2"
COC(=O)c(c1)cc(C(=O)OC)cc(C(=O)OC)1,"InChI=1S/C12H12O6/c1-16-10(13)7-4-8(11(14)17-2)6-9(5-7)12(15)18-3/h4-6H,1-3H3"
O=Cc(c1)cc(OC)c(OC(C)=O)c1,"InChI=1S/C10H10O4/c1-7(12)14-9-4-3-8(6-11)5-10(9)13-2/h3-6H,1-2H3"
O=C(C1)OCCCCCCOC(=O)CCCCCCCCC1,InChI=1S/C18H32O4/c19-17-13-9-5-3-1-2-4-6-10-14-18(20)22-16-12-8-7-11-15-21-17/h1-16H2
Oc(n2)c(c1)c(nc2)cc(Cl)c1,"InChI=1S/C8H5ClN2O/c9-5-1-2-6-7(3-5)10-4-11-8(6)12/h1-4H,(H,10,11,12)"
Clc(c2)cc(n1)c(c2)c(Cl)nc1,InChI=1S/C8H4Cl2N2/c9-5-1-2-6-7(3-5)11-4-12-8(6)10/h1-4H
O=Cc(c2)ccc(c2)OCc(c1)cccc1,"InChI=1S/C14H12O2/c15-10-12-6-8-14(9-7-12)16-11-13-4-2-1-3-5-13/h1-10H,11H2"
COC(=O)c(c1)c(C(=O)OC)c(O)cc1,"InChI=1S/C10H10O5/c1-14-9(12)6-4-3-5-7(11)8(6)10(13)15-2/h3-5,11H,1-2H3"
CCN(CC)N=O,"InChI=1S/C4H10N2O/c1-3-6(4-2)5-7/h3-4H2,1-2H3"
N=C(O)CCCCCCCCCCCN,"InChI=1S/C12H26N2O/c13-11-9-7-5-3-1-2-4-6-8-10-12(14)15/h1-11,13H2,(H2,14,15)"
O=C(C1)NCCCCCCCCCC1,"InChI=1S/C12H23NO/c14-12-10-8-6-4-2-1-3-5-7-9-11-13-12/h1-11H2,(H,13,14)"
N#CC(=O)OC,InChI=1S/C3H3NO2/c1-6-3(5)2-4/h1H3
COC(=O)C=NO,"InChI=1S/C3H5NO3/c1-7-3(5)2-4-6/h2,6H,1H3/b4-2+"
COC(=O)C(=NO)C(=O)OC,"InChI=1S/C5H7NO5/c1-10-4(7)3(6-9)5(8)11-2/h9H,1-2H3"
COC(=O)CCCCCCCCCCC(=O)OC,"InChI=1S/C14H26O4/c1-17-13(15)11-9-7-5-3-4-6-8-10-12-14(16)18-2/h3-12H2,1-2H3"
N#CCCNCCC#N,"InChI=1S/C6H9N3/c7-3-1-5-9-6-2-4-8/h9H,1-2,5-6H2"
NCCC#N,"InChI=1S/C3H6N2/c4-2-1-3-5/h1-2,4H2"
[O-1][N+1](=O)c(c1)cc(cc1)[N+1]([O-1])=O,InChI=1S/C6H4N2O4/c9-7(10)5-2-1-3-6(4-5)8(11)12/h1-4H
[O-1][N+1](=O)c(c1)cccc1,InChI=1S/C6H5NO2/c8-7(9)6-4-2-1-3-5-6/h1-5H
Oc(c1)cc(cc1)[N+1]([O-1])=O,"InChI=1S/C6H5NO3/c8-6-3-1-2-5(4-6)7(9)10/h1-4,8H"
[O-1][N+1](=O)c(c1)c(O)ccc1,"InChI=1S/C6H5NO3/c8-6-4-2-1-3-5(6)7(9)10/h1-4,8H"
CC(=O)Oc(c1)cc(cc1)[N+1]([O-1])=O,"InChI=1S/C8H7NO4/c1-6(10)13-8-4-2-3-7(5-8)9(11)12/h2-5H,1H3"
CC(=O)Oc(c1)c(ccc1)[N+1]([O-1])=O,"InChI=1S/C8H7NO4/c1-6(10)13-8-5-3-2-4-7(8)9(11)12/h2-5H,1H3"
N#CC#N,InChI=1S/C2N2/c3-1-2-4
O=Cc(c1)cc(OC)c(OC)c(OC)1,"InChI=1S/C10H12O4/c1-12-8-4-7(6-11)5-9(13-2)10(8)14-3/h4-6H,1-3H3"
COc(c(=O)1)c(OC)c(=O)c(C)c1,"InChI=1S/C9H10O4/c1-5-4-6(10)8(12-2)9(13-3)7(5)11/h4H,1-3H3"
CC=CCC(=O)OC,"InChI=1S/C6H10O2/c1-3-4-5-6(7)8-2/h3-4H,5H2,1-2H3/b4-3+"
COc(c1)c(O)ccc(C(O)=O)1,"InChI=1S/C8H8O4/c1-12-7-4-5(8(10)11)2-3-6(7)9/h2-4,9H,1H3,(H,10,11)"
CN=C=S,InChI=1S/C2H3NS/c1-3-2-4/h1H3
CCOP(=S)(Cl)OCC,"InChI=1S/C4H10ClO2PS/c1-3-6-8(5,9)7-4-2/h3-4H2,1-2H3"
OCC(O)CO,"InChI=1S/C3H8O3/c4-1-3(6)2-5/h3-6H,1-2H2"
N#CCc(c1)cccc1,"InChI=1S/C8H7N/c9-7-6-8-4-2-1-3-5-8/h1-5H,6H2"
CN(N)c(c1)cccc1,"InChI=1S/C7H10N2/c1-9(8)7-5-3-2-4-6-7/h2-6H,8H2,1H3"
OCC(C)c(c1)cccc1,"InChI=1S/C9H12O/c1-8(7-10)9-5-3-2-4-6-9/h2-6,8,10H,7H2,1H3"
C(C4(C)1)CC(O)C(C)(C)C(CCC(=C34)C(C(CC3)(C)2)(C)CCC2([H])C([H])(C)CCCC(C)C)1[H],"InChI=1S/C30H52O/c1-20(2)10-9-11-21(3)22-14-18-30(8)24-12-13-25-27(4,5)26(31)16-17-28(25,6)23(24)15-19-29(22,30)7/h20-22,25-26,31H,9-19H2,1-8H3/t21-,22-,25+,26+,28-,29-,30+/m1/s1"
C(C4)C([H])(C(CCC(C(C)C)=C)C)C(C([H])14)(CCC(C3(C)2)(C([H])(CC=C2CC([H])(O)CC3)1)[H])C,"InChI=1S/C28H46O/c1-18(2)19(3)7-8-20(4)24-11-12-25-23-10-9-21-17-22(29)13-15-27(21,5)26(23)14-16-28(24,25)6/h9,18,20,22-26,29H,3,7-8,10-17H2,1-2,4-6H3/t20?,22-,23-,24+,25-,26-,27-,28+/m0/s1"
COC(=O)C(=C2)C([H])(C1)C([H])(C(O)O2)C(CO)=C1,"InChI=1S/C11H14O5/c1-15-10(13)8-5-16-11(14)9-6(4-12)2-3-7(8)9/h2,5,7,9,11-12,14H,3-4H2,1H3/t7-,9-,11-/m1/s1"
C(C4(C)1)CC(O)C(C)(C)C(CCC(=C34)C(C(CC3)(C)2)(C)CCC2([H])C([H])(C)CCC=C(C)C)1[H],"InChI=1S/C30H50O/c1-20(2)10-9-11-21(3)22-14-18-30(8)24-12-13-25-27(4,5)26(31)16-17-28(25,6)23(24)15-19-29(22,30)7/h10,21-22,25-26,31H,9,11-19H2,1-8H3/t21-,22-,25+,26+,28-,29-,30+/m1/s1"
ON=Cc(c1)ccc(C#N)c1,"InChI=1S/C8H6N2O/c9-5-7-1-3-8(4-2-7)6-10-11/h1-4,6,11H/b10-6+"
CC(C4([H])C([H])(C)CCC(=CC)C(C)C)(C([H])3CC4)CCC(C([H])23)([H])C(C)(C1=CC2)CCC(C1)O,"InChI=1S/C29H48O/c1-7-21(19(2)3)9-8-20(4)25-12-13-26-24-11-10-22-18-23(30)14-16-28(22,5)27(24)15-17-29(25,26)6/h7,10,19-20,23-27,30H,8-9,11-18H2,1-6H3/b21-7+/t20-,23+,24+,25-,26+,27+,28+,29-/m1/s1"
Cc(c1)c(=O)c(c2)c(ccc2)c(=O)1,"InChI=1S/C11H8O2/c1-7-6-10(12)8-4-2-3-5-9(8)11(7)13/h2-6H,1H3"
Cc(c1)cc(C)c(c(C)1)S(O)(=O)=O,"InChI=1S/C9H12O3S/c1-6-4-7(2)9(8(3)5-6)13(10,11)12/h4-5H,1-3H3,(H,10,11,12)"
[O-1][N+1](=O)c(c1)c(ccc1)S(O)(=O)=O,"InChI=1S/C6H5NO5S/c8-7(9)5-3-1-2-4-6(5)13(10,11)12/h1-4H,(H,10,11,12)"
c(c3)cc(C1)c(c3)Sc(c2)c(ccc2)1,"InChI=1S/C13H10S/c1-3-7-12-10(5-1)9-11-6-2-4-8-13(11)14-12/h1-8H,9H2"
Cc(c1)cc(cc1)[N+1]([O-1])=O,"InChI=1S/C7H7NO2/c1-6-3-2-4-7(5-6)8(9)10/h2-5H,1H3"
CC(C)(Cl)Cl,"InChI=1S/C3H6Cl2/c1-3(2,4)5/h1-2H3"
CCOC(=O)CC,"InChI=1S/C5H10O2/c1-3-5(6)7-4-2/h3-4H2,1-2H3"
CCc(c1)ccc(c1)[N+1]([O-1])=O,"InChI=1S/C8H9NO2/c1-2-7-3-5-8(6-4-7)9(10)11/h3-6H,2H2,1H3"
N#CCc(c1)ccc(c1)[N+1]([O-1])=O,"InChI=1S/C8H6N2O2/c9-6-5-7-1-3-8(4-2-7)10(11)12/h1-4H,5H2"
CCC(=O)OC(=O)CC,"InChI=1S/C6H10O3/c1-3-5(7)9-6(8)4-2/h3-4H2,1-2H3"
COCOC(C4)C(C)(C3)C([H])(C4)C([H])(C1)C([H])(C3)C(C)(C2)C(=CC(=O)C2)C1,"InChI=1S/C21H32O3/c1-20-10-8-15(22)12-14(20)4-5-16-17-6-7-19(24-13-23-3)21(17,2)11-9-18(16)20/h12,16-19H,4-11,13H2,1-3H3/t16-,17-,18-,19-,20-,21-/m0/s1"
C(C=C(CCC=C(CCC=C(CCC=C(CCC=C(CCC=C(C)C)C)C)C)C)C)CC(C)=CCc(c(=O)1)c(C)c(=O)c(c2)c1ccc2,"InChI=1S/C46H64O2/c1-34(2)18-12-19-35(3)20-13-21-36(4)22-14-23-37(5)24-15-25-38(6)26-16-27-39(7)28-17-29-40(8)32-33-42-41(9)45(47)43-30-10-11-31-44(43)46(42)48/h10-11,18,20,22,24,26,28,30-32H,12-17,19,21,23,25,27,29,33H2,1-9H3/b35-20+,36-22+,37-24+,38-26+,39-28+,40-32+"
C(CCC(C)=CCc(c2=O)c(c(=O)c(c21)cccc1)C)=C(C)CCC=C(CCC=C(CCC=C(C)CCC=C(C)C)C)C,"InChI=1S/C41H56O2/c1-30(2)16-11-17-31(3)18-12-19-32(4)20-13-21-33(5)22-14-23-34(6)24-15-25-35(7)28-29-37-36(8)40(42)38-26-9-10-27-39(38)41(37)43/h9-10,16,18,20,22,24,26-28H,11-15,17,19,21,23,25,29H2,1-8H3/b31-18+,32-20+,33-22+,34-24+,35-28+"
CC(=CCCC(=CCCC(C)=CCCC(C)=CCCC(C)=CCCC(C)=CCCC(C)=CCc(c1C)c(=O)c(c2)c(ccc2)c(=O)1)C)CCC=C(C)CCC=C(C)C,"InChI=1S/C56H80O2/c1-42(2)22-14-23-43(3)24-15-25-44(4)26-16-27-45(5)28-17-29-46(6)30-18-31-47(7)32-19-33-48(8)34-20-35-49(9)36-21-37-50(10)40-41-52-51(11)55(57)53-38-12-13-39-54(53)56(52)58/h12-13,22,24,26,28,30,32,34,36,38-40H,14-21,23,25,27,29,31,33,35,37,41H2,1-11H3/b43-24+,44-26+,45-28+,46-30+,47-32+,48-34+,49-36+,50-40+"
C(C41C)(CCC1(C(C(CC4)3[H])([H])CC=C(C3(C)2)CC([H])(CC2)OC(C)=O)[H])(C(CCC([H])(C(C)C)CC)([H])C)[H],"InChI=1S/C31H52O2/c1-8-23(20(2)3)10-9-21(4)27-13-14-28-26-12-11-24-19-25(33-22(5)32)15-17-30(24,6)29(26)16-18-31(27,28)7/h11,20-21,23,25-29H,8-10,12-19H2,1-7H3/t21-,23+,25+,26+,27-,28+,29+,30+,31-/m1/s1"
OCc(c1)oc(C=O)c1,"InChI=1S/C6H6O3/c7-3-5-1-2-6(4-8)9-5/h1-3,8H,4H2"
c(c1)ccc(C3=O)c(C(C(C32C)(CC([H])=C(CCCC(C)CCCC(C)CCCC(C)C)C)O2)=O)1,"InChI=1S/C31H46O3/c1-22(2)12-9-13-23(3)14-10-15-24(4)16-11-17-25(5)20-21-31-29(33)27-19-8-7-18-26(27)28(32)30(31,6)34-31/h7-8,18-20,22-24H,9-17,21H2,1-6H3/b25-20+"
OC(=O)C(C)(C)c(c1)cccc1,"InChI=1S/C10H12O2/c1-10(2,9(11)12)8-6-4-3-5-7-8/h3-7H,1-2H3,(H,11,12)"
O=Nc(c(C)1)c(C)c(C)cc(C)1,"InChI=1S/C10H13NO/c1-6-5-7(2)9(4)10(11-12)8(6)3/h5H,1-4H3"
NC(=S)c(c(Cl)1)c(Cl)ccc1,"InChI=1S/C7H5Cl2NS/c8-4-2-1-3-5(9)6(4)7(10)11/h1-3H,(H2,10,11)"
OC(=O)c(c1)cc(O2)c(OC2)c1,"InChI=1S/C8H6O4/c9-8(10)5-1-2-6-7(3-5)12-4-11-6/h1-3H,4H2,(H,9,10)"
[H]C(C4)=C([H])C([H])(O)C(C)(C([H])43)C([H])(C2)C([H])(CC3)C([H])(C1)C(C)(C2)C([H])(O)C1,"InChI=1S/C19H30O2/c1-18-11-10-15-13(14(18)8-9-16(18)20)7-6-12-4-3-5-17(21)19(12,15)2/h3,5,12-17,20-21H,4,6-11H2,1-2H3/t12-,13+,14+,15+,16+,17+,18+,19+/m1/s1"
CC(=O)OC(C4)C(C)(C3)C([H])(C4)C([H])(C1)C([H])(C3)C(C)(C(O)2)C([H])(CCC2)C1,"InChI=1S/C21H34O3/c1-13(22)24-19-10-9-16-15-8-7-14-5-4-6-18(23)21(14,3)17(15)11-12-20(16,19)2/h14-19,23H,4-12H2,1-3H3/t14-,15+,16+,17+,18-,19+,20+,21+/m1/s1"
CC(=O)OC([H])(C4)C(C)(C3)C([H])(C4)C([H])(C1)C([H])(C3)C(C)(C([H])(O)2)C([H])(CCC2)C1,"InChI=1S/C21H34O3/c1-13(22)24-19-10-9-16-15-8-7-14-5-4-6-18(23)21(14,3)17(15)11-12-20(16,19)2/h14-19,23H,4-12H2,1-3H3/t14-,15+,16+,17+,18+,19+,20+,21+/m1/s1"
CC(=O)OC(C4)C(C)(C3)C([H])(C4)C([H])(C1)C([H])(C3)C(C)(C(O)2)C([H])(CC=C2)C1,"InChI=1S/C21H32O3/c1-13(22)24-19-10-9-16-15-8-7-14-5-4-6-18(23)21(14,3)17(15)11-12-20(16,19)2/h4,6,14-19,23H,5,7-12H2,1-3H3/t14-,15+,16+,17+,18-,19+,20+,21+/m1/s1"
CC(=O)OC([H])(C4)C(C)(C3)C([H])(C4)C([H])(C1)C([H])(C3)C(C)(C([H])(O)2)C([H])(CC([H])=C([H])2)C1,"InChI=1S/C21H32O3/c1-13(22)24-19-10-9-16-15-8-7-14-5-4-6-18(23)21(14,3)17(15)11-12-20(16,19)2/h4,6,14-19,23H,5,7-12H2,1-3H3/t14-,15+,16+,17+,18+,19+,20+,21+/m1/s1"
CCCCCCCCCCCCCCCCCCCCCCCCCCC,"InChI=1S/C27H56/c1-3-5-7-9-11-13-15-17-19-21-23-25-27-26-24-22-20-18-16-14-12-10-8-6-4-2/h3-27H2,1-2H3"
CCCCCCCCCCCCCCCC([H])=C([H])CC([H])=C([H])CCCCC,"InChI=1S/C25H48/c1-3-5-7-9-11-13-15-17-19-21-23-25-24-22-20-18-16-14-12-10-8-6-4-2/h11,13,17,19H,3-10,12,14-16,18,20-25H2,1-2H3/b13-11-,19-17-"
CCCCCCCCCCCCCC([H])=C([H])CC([H])=C([H])CCCCC,"InChI=1S/C23H44/c1-3-5-7-9-11-13-15-17-19-21-23-22-20-18-16-14-12-10-8-6-4-2/h11,13,17,19H,3-10,12,14-16,18,20-23H2,1-2H3/b13-11-,19-17-"
CCCCCCCCCCCCCCCCCC([H])=C([H])CCCCCCCC,"InChI=1S/C27H54/c1-3-5-7-9-11-13-15-17-19-21-23-25-27-26-24-22-20-18-16-14-12-10-8-6-4-2/h17,19H,3-16,18,20-27H2,1-2H3/b19-17-"
CCCCCCCCCCCCCCCCCCCCCCCCCCCCC,"InChI=1S/C29H60/c1-3-5-7-9-11-13-15-17-19-21-23-25-27-29-28-26-24-22-20-18-16-14-12-10-8-6-4-2/h3-29H2,1-2H3"
C(CCCCCCCCCCCCCCCCC([H])=C([H])CC([H])=C([H])CCCCC)CCCC,"InChI=1S/C31H60/c1-3-5-7-9-11-13-15-17-19-21-23-25-27-29-31-30-28-26-24-22-20-18-16-14-12-10-8-6-4-2/h11,13,17,19H,3-10,12,14-16,18,20-31H2,1-2H3/b13-11-,19-17-"
C(CCCCCCCCCCCCCCCCCCCCCCCCC)CCCC,"InChI=1S/C30H62/c1-3-5-7-9-11-13-15-17-19-21-23-25-27-29-30-28-26-24-22-20-18-16-14-12-10-8-6-4-2/h3-30H2,1-2H3"
CCCCCCCCCCCCCCCCCCCCCCCCCCCC,"InChI=1S/C28H58/c1-3-5-7-9-11-13-15-17-19-21-23-25-27-28-26-24-22-20-18-16-14-12-10-8-6-4-2/h3-28H2,1-2H3"
CCCCCCC([H])=C([H])CCCCCCCC=O,"InChI=1S/C16H30O/c1-2-3-4-5-6-7-8-9-10-11-12-13-14-15-16-17/h7-8,16H,2-6,9-15H2,1H3/b8-7-"
OCCCCCCCCCCCCCCCCF,"InChI=1S/C16H33FO/c17-15-13-11-9-7-5-3-1-2-4-6-8-10-12-14-16-18/h18H,1-16H2"
O=CCCCCCCCCCC([H])=C([H])CCCC,"InChI=1S/C16H30O/c1-2-3-4-5-6-7-8-9-10-11-12-13-14-15-16-17/h5-6,16H,2-4,7-15H2,1H3/b6-5-"
CCCCCCCCCCCCOC(=O)CCCCCCCCCCC,"InChI=1S/C24H48O2/c1-3-5-7-9-11-13-15-17-19-21-23-26-24(25)22-20-18-16-14-12-10-8-6-4-2/h3-23H2,1-2H3"
C(CCCCCCCCCCCCC(=O)OCCCCCCCCCCCC)CCCC,"InChI=1S/C30H60O2/c1-3-5-7-9-11-13-15-16-17-18-19-20-22-24-26-28-30(31)32-29-27-25-23-21-14-12-10-8-6-4-2/h3-29H2,1-2H3"
OCCCCCCC([H])=C([H])CCC([H])=C([H])CCCC,"InChI=1S/C16H30O/c1-2-3-4-5-6-7-8-9-10-11-12-13-14-15-16-17/h5-6,9-10,17H,2-4,7-8,11-16H2,1H3/b6-5+,10-9-"
N#CCC(C(=O)1)=C(NCc(c2)cccc2)CO1,"InChI=1S/C13H12N2O2/c14-7-6-11-12(9-17-13(11)16)15-8-10-4-2-1-3-5-10/h1-5,15H,6,8-9H2"
CNC(C1)=C(CN(C)C)C(=O)O1,"InChI=1S/C8H14N2O2/c1-9-7-5-12-8(11)6(7)4-10(2)3/h9H,4-5H2,1-3H3"
N#CCC(C(=O)1)=C(NC)CO1,"InChI=1S/C7H8N2O2/c1-9-6-4-11-7(10)5(6)2-3-8/h9H,2,4H2,1H3"
COCC(C(=O)1)=C(CO1)N(C)C,"InChI=1S/C8H13NO3/c1-9(2)7-5-12-8(10)6(7)4-11-3/h4-5H2,1-3H3"
O=C(O2)C(C)=C(C2)N(C)c(c1)cccc1,"InChI=1S/C12H13NO2/c1-9-11(8-15-12(9)14)13(2)10-6-4-3-5-7-10/h3-7H,8H2,1-2H3"
O=C(O1)C(C)=C(NCc(c2)cccc2)C1,"InChI=1S/C12H13NO2/c1-9-11(8-15-12(9)14)13-7-10-5-3-2-4-6-10/h2-6,13H,7-8H2,1H3"
CCOc(c1)c(OCc(c2)cccc2)c(C=O)cc1,"InChI=1S/C16H16O3/c1-2-18-15-10-6-9-14(11-17)16(15)19-12-13-7-4-3-5-8-13/h3-11H,2,12H2,1H3"
O=Cc(c1)c(OCc(c2)cccc2)c(OC)cc1,"InChI=1S/C15H14O3/c1-17-14-9-5-8-13(10-16)15(14)18-11-12-6-3-2-4-7-12/h2-10H,11H2,1H3"
O=Cc(c1)c(OCc(c3)cccc3)cc(OCc(c2)cccc2)c1,"InChI=1S/C21H18O3/c22-14-19-11-12-20(23-15-17-7-3-1-4-8-17)13-21(19)24-16-18-9-5-2-6-10-18/h1-14H,15-16H2"
O=C(C=4)N(C1)C(=CC4)C(C2)CC1C(C3)N(CCC3)2,"InChI=1S/C15H20N2O/c18-15-6-3-5-14-11-8-12(10-17(14)15)13-4-1-2-7-16(13)9-11/h3,5-6,11-13H,1-2,4,7-10H2"
COCC(C(=O)1)=C(NCc(c2)cccc2)CO1,"InChI=1S/C13H15NO3/c1-16-8-11-12(9-17-13(11)15)14-7-10-5-3-2-4-6-10/h2-6,14H,7-9H2,1H3"
CCCCCCCCCCCCCCc(c1)c(C(O)=O)c(OC)cc1,"InChI=1S/C22H36O3/c1-3-4-5-6-7-8-9-10-11-12-13-14-16-19-17-15-18-20(25-2)21(19)22(23)24/h15,17-18H,3-14,16H2,1-2H3,(H,23,24)"
CCC=CCC=CCC=CCCCCCCCC(=O)OCc(c1)cncc1,"InChI=1S/C24H35NO2/c1-2-3-4-5-6-7-8-9-10-11-12-13-14-15-16-19-24(26)27-22-23-18-17-20-25-21-23/h3-4,6-7,9-10,17-18,20-21H,2,5,8,11-16,19,22H2,1H3/b4-3-,7-6-,10-9-"
CCCCCCCCCCCCCCCC(=O)OCc(c1)cncc1,"InChI=1S/C22H37NO2/c1-2-3-4-5-6-7-8-9-10-11-12-13-14-17-22(24)25-20-21-16-15-18-23-19-21/h15-16,18-19H,2-14,17,20H2,1H3"
CCCCCCCCC=CCCCCCCCC(=O)OCc(c1)cncc1,"InChI=1S/C24H39NO2/c1-2-3-4-5-6-7-8-9-10-11-12-13-14-15-16-19-24(26)27-22-23-18-17-20-25-21-23/h9-10,17-18,20-21H,2-8,11-16,19,22H2,1H3/b10-9-"
CCCCCCCCCCCCCCCCCC(=O)OCc(c1)cncc1,"InChI=1S/C24H41NO2/c1-2-3-4-5-6-7-8-9-10-11-12-13-14-15-16-19-24(26)27-22-23-18-17-20-25-21-23/h17-18,20-21H,2-16,19,22H2,1H3"
CCC=CCC=CCC=CCCCCCCCC(=O)N(C1)CCC1,"InChI=1S/C22H37NO/c1-2-3-4-5-6-7-8-9-10-11-12-13-14-15-16-19-22(24)23-20-17-18-21-23/h3-4,6-7,9-10H,2,5,8,11-21H2,1H3/b4-3+,7-6+,10-9+"
CCCCCC=CCC=CCC=CCC=CCCCC(=O)N(C1)CCC1,"InChI=1S/C24H39NO/c1-2-3-4-5-6-7-8-9-10-11-12-13-14-15-16-17-18-21-24(26)25-22-19-20-23-25/h6-7,9-10,12-13,15-16H,2-5,8,11,14,17-23H2,1H3/b7-6+,10-9+,13-12+,16-15+"
CCCCCC=CCC=CCCCCCCCC(=O)OCc(c1)cncc1,"InChI=1S/C24H37NO2/c1-2-3-4-5-6-7-8-9-10-11-12-13-14-15-16-19-24(26)27-22-23-18-17-20-25-21-23/h6-7,9-10,17-18,20-21H,2-5,8,11-16,19,22H2,1H3/b7-6-,10-9-"
OC(=O)c(c(C)1)c(O)ccc1,"InChI=1S/C8H8O3/c1-5-3-2-4-6(9)7(5)8(10)11/h2-4,9H,1H3,(H,10,11)"
CCCCCCCCCCCCCCc(c1)c(C(O)=O)c(O)cc1,"InChI=1S/C21H34O3/c1-2-3-4-5-6-7-8-9-10-11-12-13-15-18-16-14-17-19(22)20(18)21(23)24/h14,16-17,22H,2-13,15H2,1H3,(H,23,24)"
COc(c1)c(C(O)=O)c(C)cc1,"InChI=1S/C9H10O3/c1-6-4-3-5-7(12-2)8(6)9(10)11/h3-5H,1-2H3,(H,10,11)"
CN(C2)CC([H])(C3)C(=C([H])1)N(CC([H])23)C(=O)C([H])=C([H])1,"InChI=1S/C12H16N2O/c1-13-6-9-5-10(8-13)11-3-2-4-12(15)14(11)7-9/h2-4,9-10H,5-8H2,1H3"
CC(Nc(c2)cccc2)c(c1)cccc1,"InChI=1S/C14H15N/c1-12(13-8-4-2-5-9-13)15-14-10-6-3-7-11-14/h2-12,15H,1H3"
CCN(C(C)1)c(c2)c(ccc2)C1,"InChI=1S/C11H15N/c1-3-12-9(2)8-10-6-4-5-7-11(10)12/h4-7,9H,3,8H2,1-2H3"
Clc(c2)cc(cc2)NCc(c1)cccc1,"InChI=1S/C13H12ClN/c14-12-7-4-8-13(9-12)15-10-11-5-2-1-3-6-11/h1-9,15H,10H2"
O=C(C3)C(C1)C(C2)C(C3)C(=O)C(CC2)1,"InChI=1S/C12H16O2/c13-11-5-4-9-8-3-1-2-7(12(9)14)6-10(8)11/h7-10H,1-6H2"
COC(=O)C([H])(C1)C([H])(C2)C([H])(CCC2)C(=O)C1,"InChI=1S/C12H18O3/c1-15-12(14)10-6-7-11(13)9-5-3-2-4-8(9)10/h8-10H,2-7H2,1H3/t8-,9+,10+/m1/s1"
O=C(C2)CCC(C2)(O1)OCC(C)(C)C1,"InChI=1S/C11H18O3/c1-10(2)7-13-11(14-8-10)5-3-9(12)4-6-11/h3-8H2,1-2H3"
C=CC(=O)CCC(C(=O)1)C(C)(C)CC(C)=C1,"InChI=1S/C14H20O2/c1-5-11(15)6-7-12-13(16)8-10(2)9-14(12,3)4/h5,8,12H,1,6-7,9H2,2-4H3"
CC(C)=CCCC(C)(C2)C([H])(C1)C(C=O)(CC2)C(=O)C(C)C1,"InChI=1S/C19H30O2/c1-14(2)7-5-10-18(4)11-6-12-19(13-20)16(18)9-8-15(3)17(19)21/h7,13,15-16H,5-6,8-12H2,1-4H3/t15?,16-,18+,19+/m0/s1"
COCOCC(C1)(C(=O)2)C([H])(CCC(C)2)C(C)(CCC=C(C)C)CC1,"InChI=1S/C21H36O3/c1-16(2)8-6-11-20(4)12-7-13-21(14-24-15-23-5)18(20)10-9-17(3)19(21)22/h8,17-18H,6-7,9-15H2,1-5H3/t17?,18-,20+,21+/m0/s1"
CC(C)=CCCC(C)(C2)C([H])(C1)C(C=O)(CC2)C(=O)CC1,"InChI=1S/C18H28O2/c1-14(2)7-5-10-17(3)11-6-12-18(13-19)15(17)8-4-9-16(18)20/h7,13,15H,4-6,8-12H2,1-3H3/t15-,17+,18+/m0/s1"
COCOCC(C1)(C(O3)(OCC3)2)C([H])(CCC2)C(C)(CCC=C(C)C)CC1,"InChI=1S/C22H38O4/c1-18(2)8-5-10-20(3)11-7-12-21(16-24-17-23-4)19(20)9-6-13-22(21)25-14-15-26-22/h8,19H,5-7,9-17H2,1-4H3/t19-,20+,21+/m0/s1"
COCOCC(C1)(C(O3)(OCC3)2)C([H])(CCC2)C(C)(CCC=O)CC1,"InChI=1S/C19H32O5/c1-17(8-5-11-20)7-4-9-18(14-22-15-21-2)16(17)6-3-10-19(18)23-12-13-24-19/h11,16H,3-10,12-15H2,1-2H3/t16-,17-,18+/m0/s1"
COCOCC(C1)(C(O3)(OCC3)2)C([H])(CCC2)C(C)(CCCO)CC1,"InChI=1S/C19H34O5/c1-17(8-5-11-20)7-4-9-18(14-22-15-21-2)16(17)6-3-10-19(18)23-12-13-24-19/h16,20H,3-15H2,1-2H3/t16-,17-,18+/m0/s1"
COCOCC(C1)(C(=O)2)C([H])(CCC2)C(C)(CC=C)CC1,"InChI=1S/C17H28O3/c1-4-9-16(2)10-6-11-17(12-20-13-19-3)14(16)7-5-8-15(17)18/h4,14H,1,5-13H2,2-3H3/t14-,16+,17+/m0/s1"
COCOCC(C1)(C(=O)2)C([H])(CCC(C)(C(=O)OC)2)C(C)(CCC=C(C)C)CC1,"InChI=1S/C23H38O5/c1-17(2)9-7-11-21(3)12-8-13-23(15-28-16-26-5)18(21)10-14-22(4,19(23)24)20(25)27-6/h9,18H,7-8,10-16H2,1-6H3/t18-,21+,22?,23+/m0/s1"
COCOCC(C1)(C(=O)2)C([H])(CCC(C(=O)OC)2)C(C)(CCC=C(C)C)CC1,"InChI=1S/C22H36O5/c1-16(2)8-6-11-21(3)12-7-13-22(14-27-15-25-4)18(21)10-9-17(19(22)23)20(24)26-5/h8,17-18H,6-7,9-15H2,1-5H3/t17?,18-,21+,22+/m0/s1"
O=CC(=C(C)2)C(C)(CCC2)C(O1)OCC1,"InChI=1S/C12H18O3/c1-9-4-3-5-12(2,10(9)8-13)11-14-6-7-15-11/h8,11H,3-7H2,1-2H3"
COC(=O)CCCC(=O)c(c1)cccc1,"InChI=1S/C12H14O3/c1-15-12(14)9-5-8-11(13)10-6-3-2-4-7-10/h2-4,6-7H,5,8-9H2,1H3"
CC(C)=CCCC(C)(C3)C([H])(C1)C(C)(CC3)C(O2)(OCC2)CC1,"InChI=1S/C20H34O2/c1-16(2)8-5-10-18(3)11-7-12-19(4)17(18)9-6-13-20(19)21-14-15-22-20/h8,17H,5-7,9-15H2,1-4H3/t17-,18+,19-/m0/s1"
CC(C)=CCCC(C)(C2)C([H])(C1)C(C)(CC2)C(=O)C(C(=O)OC)C1,"InChI=1S/C20H32O3/c1-14(2)8-6-11-19(3)12-7-13-20(4)16(19)10-9-15(17(20)21)18(22)23-5/h8,15-16H,6-7,9-13H2,1-5H3/t15?,16-,19+,20-/m0/s1"
C=CCC(C)(C3)C([H])(C1)C(C)(CC3)C(O2)(OCC2)CC1,"InChI=1S/C17H28O2/c1-4-8-15(2)9-6-10-16(3)14(15)7-5-11-17(16)18-12-13-19-17/h4,14H,1,5-13H2,2-3H3/t14-,15+,16-/m0/s1"
CC(C)=CCCC(C)(C2)C([H])(C1)C(C)(CC2)C([H])(C=O)C(C=O)=C([H])1,"InChI=1S/C20H30O2/c1-15(2)7-5-10-19(3)11-6-12-20(4)17(14-22)16(13-21)8-9-18(19)20/h7-8,13-14,17-18H,5-6,9-12H2,1-4H3/t17-,18+,19-,20-/m1/s1"
CC(C)=CCCC(C)(C2)C([H])(C1)C(C)(CC2)C(=O)C(C=O)C1,"InChI=1S/C19H30O2/c1-14(2)7-5-10-18(3)11-6-12-19(4)16(18)9-8-15(13-20)17(19)21/h7,13,15-16H,5-6,8-12H2,1-4H3/t15?,16-,18+,19-/m0/s1"
CC(C)=CCCC(C)(C2)C([H])(C1)C(C)(CC2)C(=O)C(C=O)=C([H])1,"InChI=1S/C19H28O2/c1-14(2)7-5-10-18(3)11-6-12-19(4)16(18)9-8-15(13-20)17(19)21/h7-8,13,16H,5-6,9-12H2,1-4H3/t16-,18+,19?/m0/s1"
CC(C)=CCCC(C)(C3)C([H])(C1)C(C)(CC3)C(=O)C(C(O2)OCC2)=C([H])1,"InChI=1S/C21H32O3/c1-15(2)7-5-10-20(3)11-6-12-21(4)17(20)9-8-16(18(21)22)19-23-13-14-24-19/h7-8,17,19H,5-6,9-14H2,1-4H3/t17-,20+,21?/m0/s1"
CC(C)=CCCC(C)(C2)C([H])(C1)C(C)(CC2)C(=O)CC1,"InChI=1S/C18H30O/c1-14(2)8-6-11-17(3)12-7-13-18(4)15(17)9-5-10-16(18)19/h8,15H,5-7,9-13H2,1-4H3/t15-,17+,18-/m0/s1"
C(C1([H])2)(O)(CCC(C)(O3)OCC3)C([H])(C)CCC1([H])C(C)(CCC=C(C)C)CCC2([H])C,"InChI=1S/C25H44O3/c1-18(2)8-7-12-23(5)13-11-19(3)22-21(23)10-9-20(4)25(22,26)15-14-24(6)27-16-17-28-24/h8,19-22,26H,7,9-17H2,1-6H3/t19-,20-,21+,22+,23-,25?/m1/s1"
CC(CCC=C(C)C)(C([H])12)CCCC(C)1C(CCC(C)=CC(=O)OCC)=C(CC2)C,"InChI=1S/C27H44O2/c1-8-29-25(28)19-21(4)12-14-23-22(5)13-15-24-26(6,16-9-11-20(2)3)17-10-18-27(23,24)7/h11,19,24H,8-10,12-18H2,1-7H3/b21-19+/t24-,26+,27+/m0/s1"
CC(C)=CCCC(C)(C2)C([H])(C1)C(C)(CC2)C(CCC(C)=C([H])C(O)=O)=C(C)C1,"InChI=1S/C25H40O2/c1-18(2)9-7-14-24(5)15-8-16-25(6)21(20(4)11-13-22(24)25)12-10-19(3)17-23(26)27/h9,17,22H,7-8,10-16H2,1-6H3,(H,26,27)/b19-17-/t22-,24+,25+/m0/s1"
CC(N)COc(c(C)1)c(C)cc(C)c1,"InChI=1S/C12H19NO/c1-8-5-9(2)12(10(3)6-8)14-7-11(4)13/h5-6,11H,7,13H2,1-4H3"
CC(N)COc(c(C)1)c(C)ccc1,"InChI=1S/C11H17NO/c1-8-5-4-6-9(2)11(8)13-7-10(3)12/h4-6,10H,7,12H2,1-3H3"
O=C(C1)N(C)C(=O)C1c(c2)cccc2,"InChI=1S/C11H11NO2/c1-12-10(13)7-9(11(12)14)8-5-3-2-4-6-8/h2-6,9H,7H2,1H3"
O=C(C1)N(C)C(=O)C(C)1c(c2)cccc2,"InChI=1S/C12H13NO2/c1-12(9-6-4-3-5-7-9)8-10(14)13(2)11(12)15/h3-7H,8H2,1-2H3"
CCC(C)(O1)C(=O)N(C)C(=O)1,"InChI=1S/C7H11NO3/c1-4-7(2)5(9)8(3)6(10)11-7/h4H2,1-3H3"
O=C(N3)NC(C(=O)3)(c(c2)cccc2)c(c1)cccc1,"InChI=1S/C15H12N2O2/c18-13-15(17-14(19)16-13,11-7-3-1-4-8-11)12-9-5-2-6-10-12/h1-10H,(H2,16,17,18,19)"
CCN(C(=O)2)C(=O)C(N2)c(c1)cccc1,"InChI=1S/C11H12N2O2/c1-2-13-10(14)9(12-11(13)15)8-6-4-3-5-7-8/h3-7,9H,2H2,1H3,(H,12,15)"
CCC(C)(C1)C(=O)NC(=O)1,"InChI=1S/C7H11NO2/c1-3-7(2)4-5(9)8-6(7)10/h3-4H2,1-2H3,(H,8,9,10)"
O=C(O1)N(C)C(=O)C(C)(C)1,InChI=1S/C6H9NO3/c1-6(2)4(8)7(3)5(9)10-6/h1-3H3
COc(c1)c(SC)nc(c2)c(ccc(Br)2)1,"InChI=1S/C11H10BrNOS/c1-14-10-5-7-3-4-8(12)6-9(7)13-11(10)15-2/h3-6H,1-2H3"
c(c4)ccc(c4)N(C31)C(C(=O)C=C3)c(c2)c(ccc2)1,"InChI=1S/C17H13NO/c19-16-11-10-15-13-8-4-5-9-14(13)17(16)18(15)12-6-2-1-3-7-12/h1-11,15,17H"
C1[C@H](NCC2=C1C3=CC=CC=C3N2)C(=O)O,"InChI=1S/C12H12N2O2/c15-12(16)10-5-8-7-3-1-2-4-9(7)14-11(8)6-13-10/h1-4,10,13-14H,5-6H2,(H,15,16)/t10-/m0/s1"
OC(=C1)C(=O)C=CC=C1,"InChI=1S/C7H6O2/c8-6-4-2-1-3-5-7(6)9/h1-5H,(H,8,9)"
Oc(c1)ccc(c1)C(C)(C)C,"InChI=1S/C10H14O/c1-10(2,3)8-4-6-9(11)7-5-8/h4-7,11H,1-3H3"
C1=CC2=C(C=C1Br)N/C(=C/3\C(=O)C4=C(N3)C=C(C=C4)Br)/C2=O,"InChI=1S/C16H8Br2N2O2/c17-7-1-3-9-11(5-7)19-13(15(9)21)14-16(22)10-4-2-8(18)6-12(10)20-14/h1-6,19-20H/b14-13+"
C=CC(C)(C1)C([H])(C(C)=C)CC([H])(C1)C(C)(C)O,"InChI=1S/C15H26O/c1-7-15(6)9-8-12(14(4,5)16)10-13(15)11(2)3/h7,12-13,16H,1-2,8-10H2,3-6H3/t12-,13+,15-/m1/s1"
CCCCCCCCCCCCC(CC(O)=O)NCc(c1)cccc1,"InChI=1S/C22H37NO2/c1-2-3-4-5-6-7-8-9-10-14-17-21(18-22(24)25)23-19-20-15-12-11-13-16-20/h11-13,15-16,21,23H,2-10,14,17-19H2,1H3,(H,24,25)"
CCCC(CC(O)=O)NCc(c1)cccc1,"InChI=1S/C13H19NO2/c1-2-6-12(9-13(15)16)14-10-11-7-4-3-5-8-11/h3-5,7-8,12,14H,2,6,9-10H2,1H3,(H,15,16)"
CCOC(=O)CC(=C([H])3)C(=O)N(c21)C(=N3)C([H])=C([H])c(cccc2)1,"InChI=1S/C16H14N2O3/c1-2-21-15(19)9-12-10-17-14-8-7-11-5-3-4-6-13(11)18(14)16(12)20/h3-8,10H,2,9H2,1H3"
CCCOC(=O)C(=C3)C(=O)N(C1=N3)c(c2)c(ccc2)C=C1,"InChI=1S/C16H14N2O3/c1-2-9-21-16(20)12-10-17-14-8-7-11-5-3-4-6-13(11)18(14)15(12)19/h3-8,10H,2,9H2,1H3"
CC(C)OC(=O)C(=C3)C(=O)N(C1=N3)c(c2)c(ccc2)C=C1,"InChI=1S/C16H14N2O3/c1-10(2)21-16(20)12-9-17-14-8-7-11-5-3-4-6-13(11)18(14)15(12)19/h3-10H,1-2H3"
Oc(c3)c(ccc3)c(n2)nc(Cl)c(c2)c(c1)cccc1,"InChI=1S/C16H11ClN2O/c17-15-13(11-6-2-1-3-7-11)10-18-16(19-15)12-8-4-5-9-14(12)20/h1-10,20H"
O=C(N3)NC(=O)C(=C3)C(=N2)C=C(NC(=O)2)c(c1)cccc1,"InChI=1S/C14H10N4O3/c19-12-9(7-15-13(20)18-12)11-6-10(16-14(21)17-11)8-4-2-1-3-5-8/h1-7H,(H,16,17,21)(H2,15,18,19,20)"
CCOC(=O)C(=C3)C(=O)N(C1N3)c(c2)c(ccc2)CC1,"InChI=1S/C15H16N2O3/c1-2-20-15(19)11-9-16-13-8-7-10-5-3-4-6-12(10)17(13)14(11)18/h3-6,9,13,16H,2,7-8H2,1H3"
CCOC(=O)C(=C3)C(=O)N(C1=N3)c(c2)c(ccc2)CC1,"InChI=1S/C15H14N2O3/c1-2-20-15(19)11-9-16-13-8-7-10-5-3-4-6-12(10)17(13)14(11)18/h3-6,9H,2,7-8H2,1H3"
CCOC(=O)C(=C3)C(=O)N(C1=N3)c(c2)c(ccc2)C=C1,"InChI=1S/C15H12N2O3/c1-2-20-15(19)11-9-16-13-8-7-10-5-3-4-6-12(10)17(13)14(11)18/h3-9H,2H2,1H3"
CCOC(=O)C(=C([H])1)C(=O)N(C(C)2)C(CCC2)N(CC)1,"InChI=1S/C14H22N2O3/c1-4-15-9-11(14(18)19-5-2)13(17)16-10(3)7-6-8-12(15)16/h9-10,12H,4-8H2,1-3H3"
CCOC(=O)CC(=C1)C(=O)N(C=2)C(C=CC(Cl)2)=N1,"InChI=1S/C12H11ClN2O3/c1-2-18-11(16)5-8-6-14-10-4-3-9(13)7-15(10)12(8)17/h3-4,6-7H,2,5H2,1H3"
CCOC(=O)C(=C2)C(=O)N(C(C)1)C(=N2)C(=NO)CC1,"InChI=1S/C12H15N3O4/c1-3-19-12(17)8-6-13-10-9(14-18)5-4-7(2)15(10)11(8)16/h6-7,18H,3-5H2,1-2H3/b14-9+"
Nc(n1)[n+1]([O-1])cc(Br)c1c(c2)cccc2,"InChI=1S/C10H8BrN3O/c11-8-6-14(15)10(12)13-9(8)7-4-2-1-3-5-7/h1-6H,(H2,12,13)"
CCOC(=O)CCC(=C1)C(=O)N(C(C)=2)C(C=CC2)=N1,"InChI=1S/C14H16N2O3/c1-3-19-13(17)8-7-11-9-15-12-6-4-5-10(2)16(12)14(11)18/h4-6,9H,3,7-8H2,1-2H3"
CCOC(=O)CC(=C2)C(=O)N(C(C)=1)C(=N2)C=C(C)C1,"InChI=1S/C14H16N2O3/c1-4-19-13(17)7-11-8-15-12-6-9(2)5-10(3)16(12)14(11)18/h5-6,8H,4,7H2,1-3H3"
CCCCCCCc(c(Cl)1)c(Cl)nc(C)n1,"InChI=1S/C12H18Cl2N2/c1-3-4-5-6-7-8-10-11(13)15-9(2)16-12(10)14/h3-8H2,1-2H3"
COC(=O)C(=C3)C(=O)N(C1=N3)c(c2)c(ccc2)CC1,"InChI=1S/C14H12N2O3/c1-19-14(18)10-8-15-12-7-6-9-4-2-3-5-11(9)16(12)13(10)17/h2-5,8H,6-7H2,1H3"
C(C3)CCN(C3)c(c2)nc(nc2)c(c1)c(O)ccc1,"InChI=1S/C15H17N3O/c19-13-7-3-2-6-12(13)15-16-9-8-14(17-15)18-10-4-1-5-11-18/h2-3,6-9,19H,1,4-5,10-11H2"
COC(=O)C(=C3)C(=O)N(C1=N3)c(c2)c(ccc2)C=C1,"InChI=1S/C14H10N2O3/c1-19-14(18)10-8-15-12-7-6-9-4-2-3-5-11(9)16(12)13(10)17/h2-8H,1H3"
CCOC(=O)C(=C([H])1)C(=O)N(C(C)2)C(CCC2)N(C)1,"InChI=1S/C13H20N2O3/c1-4-18-13(17)10-8-14(3)11-7-5-6-9(2)15(11)12(10)16/h8-9,11H,4-7H2,1-3H3"
Fc(c2)ccc(c2)c(n1)cc(Br)nc1,InChI=1S/C10H6BrFN2/c11-10-5-9(13-6-14-10)7-1-3-8(12)4-2-7/h1-6H
Fc(c2)ccc(c2)c(n1)nc(Br)cc1,InChI=1S/C10H6BrFN2/c11-9-5-6-13-10(14-9)7-1-3-8(12)4-2-7/h1-6H
Fc(c3)cc(cc3)c(n2)nc(cc2)c(c1)cccc1,InChI=1S/C16H11FN2/c17-14-8-4-7-13(11-14)16-18-10-9-15(19-16)12-5-2-1-3-6-12/h1-11H
Fc(c3)ccc(c3)c(n2)nc(cc2)c(c1)cccc1,InChI=1S/C16H11FN2/c17-14-8-6-13(7-9-14)16-18-11-10-15(19-16)12-4-2-1-3-5-12/h1-11H
CCOC(=O)CC(=C1)C(=O)N(C(C)2)C(CCC2)=N1,"InChI=1S/C13H18N2O3/c1-3-18-12(16)7-10-8-14-11-6-4-5-9(2)15(11)13(10)17/h8-9H,3-7H2,1-2H3"
CCOC(=O)CC(=C1)C(=O)N(C2)C(CCC(C)2)=N1,"InChI=1S/C13H18N2O3/c1-3-18-12(16)6-10-7-14-11-5-4-9(2)8-15(11)13(10)17/h7,9H,3-6,8H2,1-2H3"
CCOC(=O)CC(=C1)C(=O)N(C(O)=2)C(C=CC2)=N1,"InChI=1S/C12H12N2O4/c1-2-18-11(16)6-8-7-13-9-4-3-5-10(15)14(9)12(8)17/h3-5,7,15H,2,6H2,1H3"
CCOC(=O)CC(=C2)C(=O)N(C=1)C(=N2)C(O)=CC1,"InChI=1S/C12H12N2O4/c1-2-18-10(16)6-8-7-13-11-9(15)4-3-5-14(11)12(8)17/h3-5,7,15H,2,6H2,1H3"
c(c3)ccc(c3)c(n2)c(N)c(nc2)c(c1)cccc1,"InChI=1S/C16H13N3/c17-14-15(12-7-3-1-4-8-12)18-11-19-16(14)13-9-5-2-6-10-13/h1-11H,17H2"
CCOC(=O)C(=C1)C(=O)N(C(C)=2)C(C=C(C)C2)=N1,"InChI=1S/C13H14N2O3/c1-4-18-13(17)10-7-14-11-6-8(2)5-9(3)15(11)12(10)16/h5-7H,4H2,1-3H3"
CCOC(=O)CC(=C1)C(=O)N(C(C)=2)C(C=CC2)=N1,"InChI=1S/C13H14N2O3/c1-3-18-12(16)7-10-8-14-11-6-4-5-9(2)15(11)13(10)17/h4-6,8H,3,7H2,1-2H3"
CCOC(=O)CC(=C1)C(=O)N(C=2)C(C=CC(C)2)=N1,"InChI=1S/C13H14N2O3/c1-3-18-12(16)6-10-7-14-11-5-4-9(2)8-15(11)13(10)17/h4-5,7-8H,3,6H2,1-2H3"
CCOC(=O)CC(=C1)C(=O)N(C=2)C(C=C(C)C2)=N1,"InChI=1S/C13H14N2O3/c1-3-18-12(16)7-10-8-14-11-6-9(2)4-5-15(11)13(10)17/h4-6,8H,3,7H2,1-2H3"
CC(C)=CCCC(C)=C([H])CCC(C)(O)C=C,"InChI=1S/C15H26O/c1-6-15(5,16)12-8-11-14(4)10-7-9-13(2)3/h6,9,11,16H,1,7-8,10,12H2,2-5H3/b14-11-/t15-/m1/s1"
CCC([H])=C([H])CC(=C(C)1)C(=O)CC1,"InChI=1S/C11H16O/c1-3-4-5-6-10-9(2)7-8-11(10)12/h4-5H,3,6-8H2,1-2H3/b5-4-"
CCCCCC(=C(C)1)C(=O)CC1,"InChI=1S/C11H18O/c1-3-4-5-6-10-9(2)7-8-11(10)12/h3-8H2,1-2H3"
CCCCCCCCCCCCCCCCCCOC(C)=O,"InChI=1S/C20H40O2/c1-3-4-5-6-7-8-9-10-11-12-13-14-15-16-17-18-19-22-20(2)21/h3-19H2,1-2H3"
CCCCCCCCCCCCCCCCOC(C)=O,"InChI=1S/C18H36O2/c1-3-4-5-6-7-8-9-10-11-12-13-14-15-16-17-20-18(2)19/h3-17H2,1-2H3"
CCCCCCCCCCCCCCOC(C)=O,"InChI=1S/C16H32O2/c1-3-4-5-6-7-8-9-10-11-12-13-14-15-18-16(2)17/h3-15H2,1-2H3"
CCCCCCCCCCCCCCCCCC(=O)OC,"InChI=1S/C19H38O2/c1-3-4-5-6-7-8-9-10-11-12-13-14-15-16-17-18-19(20)21-2/h3-18H2,1-2H3"
CCCCCCCCCCCCCCCC(=O)OC,"InChI=1S/C17H34O2/c1-3-4-5-6-7-8-9-10-11-12-13-14-15-16-17(18)19-2/h3-16H2,1-2H3"
CCCCCCCCCCCCCCC(=O)OC,"InChI=1S/C16H32O2/c1-3-4-5-6-7-8-9-10-11-12-13-14-15-16(17)18-2/h3-15H2,1-2H3"
CCCCCCCCCCCCCCCCCCCCCCO,"InChI=1S/C22H46O/c1-2-3-4-5-6-7-8-9-10-11-12-13-14-15-16-17-18-19-20-21-22-23/h23H,2-22H2,1H3"
CCCCCCCCCCCCCCCCCCCO,"InChI=1S/C19H40O/c1-2-3-4-5-6-7-8-9-10-11-12-13-14-15-16-17-18-19-20/h20H,2-19H2,1H3"
CCCCCCCCCCCCCCCCCO,"InChI=1S/C17H36O/c1-2-3-4-5-6-7-8-9-10-11-12-13-14-15-16-17-18/h18H,2-17H2,1H3"
CCCCCCCCCCCCCCCCO,"InChI=1S/C16H34O/c1-2-3-4-5-6-7-8-9-10-11-12-13-14-15-16-17/h17H,2-16H2,1H3"
CCCCCCCCCCCCCCCO,"InChI=1S/C15H32O/c1-2-3-4-5-6-7-8-9-10-11-12-13-14-15-16/h16H,2-15H2,1H3"
CCCCCCCCCCCCCCO,"InChI=1S/C14H30O/c1-2-3-4-5-6-7-8-9-10-11-12-13-14-15/h15H,2-14H2,1H3"
CCCCCCCCCO,"InChI=1S/C9H20O/c1-2-3-4-5-6-7-8-9-10/h10H,2-9H2,1H3"
CCCCCCCCO,"InChI=1S/C8H18O/c1-2-3-4-5-6-7-8-9/h9H,2-8H2,1H3"
OCCCCCCC,"InChI=1S/C7H16O/c1-2-3-4-5-6-7-8/h8H,2-7H2,1H3"
CCCCCCCCCCCCCCCCCCBr,"InChI=1S/C18H37Br/c1-2-3-4-5-6-7-8-9-10-11-12-13-14-15-16-17-18-19/h2-18H2,1H3"
CCCCCCCCCCCCCCCCBr,"InChI=1S/C16H33Br/c1-2-3-4-5-6-7-8-9-10-11-12-13-14-15-16-17/h2-16H2,1H3"
CCCCCCCCCCCCCCCBr,"InChI=1S/C15H31Br/c1-2-3-4-5-6-7-8-9-10-11-12-13-14-15-16/h2-15H2,1H3"
CCCCCCCCCCCCCCBr,"InChI=1S/C14H29Br/c1-2-3-4-5-6-7-8-9-10-11-12-13-14-15/h2-14H2,1H3"
CCCCCCCCCCCCCBr,"InChI=1S/C13H27Br/c1-2-3-4-5-6-7-8-9-10-11-12-13-14/h2-13H2,1H3"
CCCCCCCCCCCCBr,"InChI=1S/C12H25Br/c1-2-3-4-5-6-7-8-9-10-11-12-13/h2-12H2,1H3"
CCCCCCCCCCCCCCCCCCCC,"InChI=1S/C20H42/c1-3-5-7-9-11-13-15-17-19-20-18-16-14-12-10-8-6-4-2/h3-20H2,1-2H3"
CCCCCCCCCCCCCCCCCC,"InChI=1S/C18H38/c1-3-5-7-9-11-13-15-17-18-16-14-12-10-8-6-4-2/h3-18H2,1-2H3"
CCCCCCCCCCCCCCCCC,"InChI=1S/C17H36/c1-3-5-7-9-11-13-15-17-16-14-12-10-8-6-4-2/h3-17H2,1-2H3"
CCCCCCCCCCCCCCCC,"InChI=1S/C16H34/c1-3-5-7-9-11-13-15-16-14-12-10-8-6-4-2/h3-16H2,1-2H3"
CCCCCCCCCCCCCCC,"InChI=1S/C15H32/c1-3-5-7-9-11-13-15-14-12-10-8-6-4-2/h3-15H2,1-2H3"
CCCCCCCCCCCCCC,"InChI=1S/C14H30/c1-3-5-7-9-11-13-14-12-10-8-6-4-2/h3-14H2,1-2H3"
CCCCCCCCCCCCC,"InChI=1S/C13H28/c1-3-5-7-9-11-13-12-10-8-6-4-2/h3-13H2,1-2H3"
CCCCCCCCCCCC,"InChI=1S/C12H26/c1-3-5-7-9-11-12-10-8-6-4-2/h3-12H2,1-2H3"
CN(C)c(c1)cccc1,"InChI=1S/C8H11N/c1-9(2)8-6-4-3-5-7-8/h3-7H,1-2H3"
CC(C)=O,InChI=1S/C3H6O/c1-3(2)4/h1-2H3
OCCC,"InChI=1S/C3H8O/c1-2-3-4/h4H,2-3H2,1H3"
CC(C)CC(=O)OC(C1)CCCC1,"InChI=1S/C11H20O2/c1-9(2)8-11(12)13-10-6-4-3-5-7-10/h9-10H,3-8H2,1-2H3"
CC(C)O,"InChI=1S/C3H8O/c1-3(2)4/h3-4H,1-2H3"
CCc(c1)ccc(C)c1,"InChI=1S/C9H12/c1-3-9-6-4-8(2)5-7-9/h4-7H,3H2,1-2H3"
CCOC=C,"InChI=1S/C4H8O/c1-3-5-4-2/h3H,1,4H2,2H3"
ClC(Cl)(Cl)Cl,"InChI=1S/CCl4/c2-1(3,4)5"
COC(C)(C)CCOC(C)=O,"InChI=1S/C8H16O3/c1-7(9)11-6-5-8(2,3)10-4/h5-6H2,1-4H3"
Cc(c1)cc(C)cc(C)1,"InChI=1S/C9H12/c1-7-4-8(2)6-9(3)5-7/h4-6H,1-3H3"
c(c1)ccc(I)c1,InChI=1S/C6H5I/c7-6-4-2-1-3-5-6/h1-5H
O=C(C1)CCC1,InChI=1S/C5H8O/c6-5-3-1-2-4-5/h1-4H2
CCCCOCCCC,"InChI=1S/C8H18O/c1-3-5-7-9-8-6-4-2/h3-8H2,1-2H3"
CC(O)COc(c1)cccc1,"InChI=1S/C9H12O2/c1-8(10)7-11-9-5-3-2-4-6-9/h2-6,8,10H,7H2,1H3"
CC(=O)COc(c1)cccc1,"InChI=1S/C9H10O2/c1-8(10)7-11-9-5-3-2-4-6-9/h2-6H,7H2,1H3"
BrCCBr,InChI=1S/C2H4Br2/c3-1-2-4/h1-2H2
OCCCc(c1)cccc1,"InChI=1S/C9H12O/c10-8-4-7-9-5-2-1-3-6-9/h1-3,5-6,10H,4,7-8H2"
O=C(C1)CCCCC1,InChI=1S/C7H12O/c8-7-5-3-1-2-4-6-7/h1-6H2
COC(C)=C,"InChI=1S/C4H8O/c1-4(2)5-3/h1H2,2-3H3"
CCOCC,"InChI=1S/C4H10O/c1-3-5-4-2/h3-4H2,1-2H3"
CCCCOc(c1)cccc1,"InChI=1S/C10H14O/c1-2-3-9-11-10-7-5-4-6-8-10/h4-8H,2-3,9H2,1H3"
CCOP(=O)(Sc(c2)cccc2)Sc(c1)cccc1,"InChI=1S/C14H15O2PS2/c1-2-16-17(15,18-13-9-5-3-6-10-13)19-14-11-7-4-8-12-14/h3-12H,2H2,1H3"
CSc(c1)c(C)cc(c1)OP(=S)(OC)OC,"InChI=1S/C10H15O3PS2/c1-8-7-9(5-6-10(8)16-4)13-14(15,11-2)12-3/h5-7H,1-4H3"
[O-1][N+1](=O)c(c1)c(C)cc(c1)OP(=S)(OC)OC,"InChI=1S/C9H12NO5PS/c1-7-6-8(4-5-9(7)10(11)12)15-16(17,13-2)14-3/h4-6H,1-3H3"
CNC(=O)Oc(c1)c(ccc1)C(C)CC,"InChI=1S/C12H17NO2/c1-4-9(2)10-7-5-6-8-11(10)15-12(14)13-3/h5-9H,4H2,1-3H3,(H,13,14)"
O=C(Oc(c1)c(c2)c(ccc2)cc1)N(C)[Si](C)(C)C,"InChI=1S/C15H19NO2Si/c1-16(19(2,3)4)15(17)18-14-11-7-9-12-8-5-6-10-13(12)14/h5-11H,1-4H3"
CCC(C)c(c1)c(ccc1)OC(=O)N(C)[Si](C)(C)C,"InChI=1S/C15H25NO2Si/c1-7-12(2)13-10-8-9-11-14(13)18-15(17)16(3)19(4,5)6/h8-12H,7H2,1-6H3"
CC(=O)Oc(c(Cl)1)c(Cl)c(Cl)c(Cl)c(Cl)1,InChI=1S/C8H3Cl5O2/c1-2(14)15-8-6(12)4(10)3(9)5(11)7(8)13/h1H3
CC(=O)Oc(c1)c(Cl)c(Cl)c(Cl)c(Cl)1,"InChI=1S/C8H4Cl4O2/c1-3(13)14-5-2-4(9)6(10)8(12)7(5)11/h2H,1H3"
CC(=O)Oc(c(Cl)1)c(Cl)c(Cl)c(Cl)c1,"InChI=1S/C8H4Cl4O2/c1-3(13)14-8-5(10)2-4(9)6(11)7(8)12/h2H,1H3"
CC(=O)Oc(c(Cl)1)c(Cl)c(Cl)cc(Cl)1,"InChI=1S/C8H4Cl4O2/c1-3(13)14-8-6(11)4(9)2-5(10)7(8)12/h2H,1H3"
CC(=O)Oc(c1)cc(Cl)c(Cl)c(Cl)1,"InChI=1S/C8H5Cl3O2/c1-4(12)13-5-2-6(9)8(11)7(10)3-5/h2-3H,1H3"
CC(=O)Oc(c1)c(Cl)c(Cl)c(Cl)c1,"InChI=1S/C8H5Cl3O2/c1-4(12)13-6-3-2-5(9)7(10)8(6)11/h2-3H,1H3"
CC(=O)Oc(c1)c(Cl)cc(Cl)c(Cl)1,"InChI=1S/C8H5Cl3O2/c1-4(12)13-8-3-6(10)5(9)2-7(8)11/h2-3H,1H3"
CC(=O)Oc(c1)c(Cl)c(Cl)cc(Cl)1,"InChI=1S/C8H5Cl3O2/c1-4(12)13-7-3-5(9)2-6(10)8(7)11/h2-3H,1H3"
CC(=O)Oc(c(Cl)1)c(Cl)c(Cl)cc1,"InChI=1S/C8H5Cl3O2/c1-4(12)13-8-6(10)3-2-5(9)7(8)11/h2-3H,1H3"
CC(=O)Oc(c(Cl)1)c(Cl)cc(Cl)c1,"InChI=1S/C8H5Cl3O2/c1-4(12)13-8-6(10)2-5(9)3-7(8)11/h2-3H,1H3"
CC(=O)Oc(c1)cc(Cl)cc(Cl)1,"InChI=1S/C8H6Cl2O2/c1-5(11)12-8-3-6(9)2-7(10)4-8/h2-4H,1H3"
CC(=O)Oc(c1)c(Cl)c(Cl)cc1,"InChI=1S/C8H6Cl2O2/c1-5(11)12-7-4-2-3-6(9)8(7)10/h2-4H,1H3"
CC(=O)Oc(c1)cc(Cl)c(Cl)c1,"InChI=1S/C8H6Cl2O2/c1-5(11)12-6-2-3-7(9)8(10)4-6/h2-4H,1H3"
CC(=O)Oc(c1)c(Cl)cc(Cl)c1,"InChI=1S/C8H6Cl2O2/c1-5(11)12-8-3-2-6(9)4-7(8)10/h2-4H,1H3"
CC(=O)Oc(c1)c(Cl)ccc(Cl)1,"InChI=1S/C8H6Cl2O2/c1-5(11)12-8-4-6(9)2-3-7(8)10/h2-4H,1H3"
CC(=O)Oc(c(Cl)1)c(Cl)ccc1,"InChI=1S/C8H6Cl2O2/c1-5(11)12-8-6(9)3-2-4-7(8)10/h2-4H,1H3"
CC(=O)Oc(c1)ccc(Cl)c1,"InChI=1S/C8H7ClO2/c1-6(10)11-8-4-2-7(9)3-5-8/h2-5H,1H3"
CC(=O)Oc(c1)cc(Cl)cc1,"InChI=1S/C8H7ClO2/c1-6(10)11-8-4-2-3-7(9)5-8/h2-5H,1H3"
CC(=O)Oc(c1)c(Cl)ccc1,"InChI=1S/C8H7ClO2/c1-6(10)11-8-5-3-2-4-7(8)9/h2-5H,1H3"
[O-1][N+1](=O)c(c2)ccc(c2)OCc(c(F)1)c(F)c(F)c(F)c(F)1,"InChI=1S/C13H6F5NO3/c14-9-8(10(15)12(17)13(18)11(9)16)5-22-7-3-1-6(2-4-7)19(20)21/h1-4H,5H2"
[O-1][N+1](=O)c(c2)c(C)cc(c2)OCc(c(F)1)c(F)c(F)c(F)c(F)1,"InChI=1S/C14H8F5NO3/c1-6-4-7(2-3-9(6)20(21)22)23-5-8-10(15)12(17)14(19)13(18)11(8)16/h2-4H,5H2,1H3"
[O-1][N+1](=O)c(c1)ccc(OCC(=O)O[Si](C)(C)C)c1,"InChI=1S/C11H15NO5Si/c1-18(2,3)17-11(13)8-16-10-6-4-9(5-7-10)12(14)15/h4-7H,8H2,1-3H3"
Cc(c1)cc(cc1)CC(=O)O[Si](C)(C)C,"InChI=1S/C12H18O2Si/c1-10-6-5-7-11(8-10)9-12(13)14-15(2,3)4/h5-8H,9H2,1-4H3"
CC(Oc(c1)c(Cl)cc(Cl)c(Cl)1)C(=O)O[Si](C)(C)C,"InChI=1S/C12H15Cl3O3Si/c1-7(12(16)18-19(2,3)4)17-11-6-9(14)8(13)5-10(11)15/h5-7H,1-4H3"
c(c1)ccc(c1)CC(=O)N(CC(=O)O[Si](C)(C)C)[Si](C)(C)C,"InChI=1S/C16H27NO3Si2/c1-21(2,3)17(13-16(19)20-22(4,5)6)15(18)12-14-10-8-7-9-11-14/h7-11H,12-13H2,1-6H3"
O=C(Cc(c1)cc(c2)c(ccc2)c1)O[Si](C)(C)C,"InChI=1S/C15H18O2Si/c1-18(2,3)17-15(16)11-12-8-9-13-6-4-5-7-14(13)10-12/h4-10H,11H2,1-3H3"
CC(Oc(c1)cccc1)C(=O)O[Si](C)(C)C,"InChI=1S/C12H18O3Si/c1-10(12(13)15-16(2,3)4)14-11-8-6-5-7-9-11/h5-10H,1-4H3"
CC(CC(=O)O[Si](C)(C)C)C(=O)O[Si](C)(C)C,"InChI=1S/C11H24O4Si2/c1-9(11(13)15-17(5,6)7)8-10(12)14-16(2,3)4/h9H,8H2,1-7H3"
O=C(O[Si](C)(C)C)c(c1)ccnc1,"InChI=1S/C9H13NO2Si/c1-13(2,3)12-9(11)8-4-6-10-7-5-8/h4-7H,1-3H3"
O=C(O[Si](C)(C)C)c(c1)cncc1,"InChI=1S/C9H13NO2Si/c1-13(2,3)12-9(11)8-5-4-6-10-7-8/h4-7H,1-3H3"
CCCCCC=CCC(=O)O[Si](C)(C)C,"InChI=1S/C12H24O2Si/c1-5-6-7-8-9-10-11-12(13)14-15(2,3)4/h9-10H,5-8,11H2,1-4H3/b10-9+"
CC(CC(C)(C)C)CC(=O)O[Si](C)(C)C,"InChI=1S/C12H26O2Si/c1-10(9-12(2,3)4)8-11(13)14-15(5,6)7/h10H,8-9H2,1-7H3"
CCCCCC=CC(=O)O[Si](C)(C)C,"InChI=1S/C11H22O2Si/c1-5-6-7-8-9-10-11(12)13-14(2,3)4/h9-10H,5-8H2,1-4H3/b10-9+"
CCCCCCCCc(c1)ccc(c1)C(=O)O[Si](C)(C)C,"InChI=1S/C18H30O2Si/c1-5-6-7-8-9-10-11-16-12-14-17(15-13-16)18(19)20-21(2,3)4/h12-15H,5-11H2,1-4H3"
[O-1][N+1](=O)c(c1)ccc(c1)CC(=O)O[Si](C)(C)C,"InChI=1S/C11H15NO4Si/c1-17(2,3)16-11(13)8-9-4-6-10(7-5-9)12(14)15/h4-7H,8H2,1-3H3"
[O-1][N+1](=O)c(c1)c(ccc1)CC(=O)O[Si](C)(C)C,"InChI=1S/C11H15NO4Si/c1-17(2,3)16-11(13)8-9-6-4-5-7-10(9)12(14)15/h4-7H,8H2,1-3H3"
[O-1][N+1](=O)c(c1)cc(cc1)CC(=O)O[Si](C)(C)C,"InChI=1S/C11H15NO4Si/c1-17(2,3)16-11(13)8-9-5-4-6-10(7-9)12(14)15/h4-7H,8H2,1-3H3"
C[Si](C)(C)Oc(c1)cc(O[Si](C)(C)C)c(C(=O)O[Si](C)(C)C)c(O[Si](C)(C)C)1,"InChI=1S/C19H38O5Si4/c1-25(2,3)21-15-13-16(22-26(4,5)6)18(19(20)24-28(10,11)12)17(14-15)23-27(7,8)9/h13-14H,1-12H3"
C[Si](C)(C)OC(=O)c(c1)cc(O[Si](C)(C)C)c(O[Si](C)(C)C)c(O[Si](C)(C)C)1,"InChI=1S/C19H38O5Si4/c1-25(2,3)21-16-13-15(19(20)24-28(10,11)12)14-17(22-26(4,5)6)18(16)23-27(7,8)9/h13-14H,1-12H3"
C[Si](C)(C)OC(=O)c(c1)c(O[Si](C)(C)C)c(O[Si](C)(C)C)c(O[Si](C)(C)C)c1,"InChI=1S/C19H38O5Si4/c1-25(2,3)21-16-14-13-15(19(20)24-28(10,11)12)17(22-26(4,5)6)18(16)23-27(7,8)9/h13-14H,1-12H3"
O=C(CSc(c1)cccc1)O[Si](C)(C)C,"InChI=1S/C11H16O2SSi/c1-15(2,3)13-11(12)9-14-10-7-5-4-6-8-10/h4-8H,9H2,1-3H3"
C[Si](C)(C)OC(=O)c(c1)c(ccc1)S[Si](C)(C)C,"InChI=1S/C13H22O2SSi2/c1-17(2,3)15-13(14)11-9-7-8-10-12(11)16-18(4,5)6/h7-10H,1-6H3"
O=C(COc(c1)c(Cl)cc(Cl)c(Cl)1)O[Si](C)(C)C,"InChI=1S/C11H13Cl3O3Si/c1-18(2,3)17-11(15)6-16-10-5-8(13)7(12)4-9(10)14/h4-5H,6H2,1-3H3"
C[Si](C)(C)OC(=O)c(c1)nc(O[Si](C)(C)C)nc(O[Si](C)(C)C)1,"InChI=1S/C14H28N2O4Si3/c1-21(2,3)18-12-10-11(13(17)19-22(4,5)6)15-14(16-12)20-23(7,8)9/h10H,1-9H3"
O=C(O[Si](C)(C)C)C(C)S[Si](C)(C)C,"InChI=1S/C9H22O2SSi2/c1-8(12-14(5,6)7)9(10)11-13(2,3)4/h8H,1-7H3"
O=C(O[Si](C)(C)C)C(C)C(=O)O[Si](C)(C)C,"InChI=1S/C10H22O4Si2/c1-8(9(11)13-15(2,3)4)10(12)14-16(5,6)7/h8H,1-7H3"
CC(C)C=CC(=O)O[Si](C)(C)C,"InChI=1S/C9H18O2Si/c1-8(2)6-7-9(10)11-12(3,4)5/h6-8H,1-5H3/b7-6+"
CCCC(C)C(=O)O[Si](C)(C)C,"InChI=1S/C9H20O2Si/c1-6-7-8(2)9(10)11-12(3,4)5/h8H,6-7H2,1-5H3"
[H]C(C)=C(C)C(=O)O[Si](C)(C)C,"InChI=1S/C8H16O2Si/c1-6-7(2)8(9)10-11(3,4)5/h6H,1-5H3/b7-6+"
C(C1)CCC(C)(C1)C(=O)O[Si](C)(C)C,"InChI=1S/C11H22O2Si/c1-11(8-6-5-7-9-11)10(12)13-14(2,3)4/h5-9H2,1-4H3"
CC(CC(=O)O[Si](C)(C)C)CC(=O)O[Si](C)(C)C,"InChI=1S/C12H26O4Si2/c1-10(8-11(13)15-17(2,3)4)9-12(14)16-18(5,6)7/h10H,8-9H2,1-7H3"
[H]C(C(=O)O[Si](C)(C)C)=C(C)C(=O)O[Si](C)(C)C,"InChI=1S/C11H22O4Si2/c1-9(11(13)15-17(5,6)7)8-10(12)14-16(2,3)4/h8H,1-7H3/b9-8+"
CC(=O)CCCC(=O)O[Si](C)(C)C,"InChI=1S/C9H18O3Si/c1-8(10)6-5-7-9(11)12-13(2,3)4/h5-7H2,1-4H3"
CCC=C(O[Si](C)(C)C)C(=O)O[Si](C)(C)C,"InChI=1S/C11H24O3Si2/c1-8-9-10(13-15(2,3)4)11(12)14-16(5,6)7/h9H,8H2,1-7H3/b10-9-"
CCCC(=O)C(=O)O[Si](C)(C)C,"InChI=1S/C8H16O3Si/c1-5-6-7(9)8(10)11-12(2,3)4/h5-6H2,1-4H3"
CC(=O)CCC(=O)O[Si](C)(C)C,"InChI=1S/C8H16O3Si/c1-7(9)5-6-8(10)11-12(2,3)4/h5-6H2,1-4H3"
CCCCCCCCOc(c1)ccc(c1)C(=O)O[Si](C)(C)C,"InChI=1S/C18H30O3Si/c1-5-6-7-8-9-10-15-20-17-13-11-16(12-14-17)18(19)21-22(2,3)4/h11-14H,5-10,15H2,1-4H3"
CCCCCCCCC(CCCCCC)C(=O)O[Si](C)(C)C,"InChI=1S/C19H40O2Si/c1-6-8-10-12-13-15-17-18(16-14-11-9-7-2)19(20)21-22(3,4)5/h18H,6-17H2,1-5H3"
O=C(CCC(CCC(=O)O[Si](C)(C)C)C(=O)O[Si](C)(C)C)O[Si](C)(C)C,"InChI=1S/C17H36O6Si3/c1-24(2,3)21-15(18)12-10-14(17(20)23-26(7,8)9)11-13-16(19)22-25(4,5)6/h14H,10-13H2,1-9H3"
O=C(CCCc(c1)cccc1)O[Si](C)(C)C,"InChI=1S/C13H20O2Si/c1-16(2,3)15-13(14)11-7-10-12-8-5-4-6-9-12/h4-6,8-9H,7,10-11H2,1-3H3"
[O-1][N+1](=O)c(c1)c(C(=O)O[Si](C)(C)C)c(cc1)C(=O)O[Si](C)(C)C,"InChI=1S/C14H21NO6Si2/c1-22(2,3)20-13(16)10-8-7-9-11(15(18)19)12(10)14(17)21-23(4,5)6/h7-9H,1-6H3"
c(c2)ccc(c2)N=Nc(c1)ccc(c1)C(=O)O[Si](C)(C)C,"InChI=1S/C16H18N2O2Si/c1-21(2,3)20-16(19)13-9-11-15(12-10-13)18-17-14-7-5-4-6-8-14/h4-12H,1-3H3/b18-17+"
CCCCCCC(CC=CCCCCCCCC(=O)O[Si](C)(C)C)O[Si](C)(C)C,"InChI=1S/C24H50O3Si2/c1-8-9-10-17-20-23(26-28(2,3)4)21-18-15-13-11-12-14-16-19-22-24(25)27-29(5,6)7/h15,18,23H,8-14,16-17,19-22H2,1-7H3/b18-15-"
CCCOc(c1)ccc(c1)C(=O)O[Si](C)(C)C,"InChI=1S/C13H20O3Si/c1-5-10-15-12-8-6-11(7-9-12)13(14)16-17(2,3)4/h6-9H,5,10H2,1-4H3"
O=C(O[Si](C)(C)C)c(c1)nccc1,"InChI=1S/C9H13NO2Si/c1-13(2,3)12-9(11)8-6-4-5-7-10-8/h4-7H,1-3H3"
O=C(O[Si](C)(C)C)C(C1)CCN(C1)[Si](C)(C)C,"InChI=1S/C12H27NO2Si2/c1-16(2,3)13-9-7-11(8-10-13)12(14)15-17(4,5)6/h11H,7-10H2,1-6H3"
O=C(O[Si](C)(C)C)C(C1)CN(CC1)[Si](C)(C)C,"InChI=1S/C12H27NO2Si2/c1-16(2,3)13-9-7-8-11(10-13)12(14)15-17(4,5)6/h11H,7-10H2,1-6H3"
C[Si](C)(C)OC(=O)c(c1)c(ccc1)O[Si](C)(C)C,"InChI=1S/C13H22O3Si2/c1-17(2,3)15-12-10-8-7-9-11(12)13(14)16-18(4,5)6/h7-10H,1-6H3"
C[Si](C)(C)OC(=O)CC(CC(=O)O[Si](C)(C)C)(O[Si](C)(C)C)C(=O)O[Si](C)(C)C,"InChI=1S/C18H40O7Si4/c1-26(2,3)22-15(19)13-18(25-29(10,11)12,17(21)24-28(7,8)9)14-16(20)23-27(4,5)6/h13-14H2,1-12H3"
COC(=O)CNC(=O)CNC(=O)CNC(=O)CNC(C)=O,"InChI=1S/C11H18N4O6/c1-7(16)12-3-8(17)13-4-9(18)14-5-10(19)15-6-11(20)21-2/h3-6H2,1-2H3,(H,12,16)(H,13,17)(H,14,18)(H,15,19)"
NCC(=O)NCC(=O)NCC(=O)NCC(O)=O,"InChI=1S/C8H14N4O5/c9-1-5(13)10-2-6(14)11-3-7(15)12-4-8(16)17/h1-4,9H2,(H,10,13)(H,11,14)(H,12,15)(H,16,17)"
OC(=O)C([H])(C)NC(=O)C([H])(C)N,"InChI=1S/C6H12N2O3/c1-3(7)5(9)8-4(2)6(10)11/h3-4H,7H2,1-2H3,(H,8,9)(H,10,11)/t3-,4+/m1/s1"
NCC(O)=O,"InChI=1S/C2H5NO2/c3-1-2(4)5/h1,3H2,(H,4,5)"
C(C2)CC(C1)C(C2)OCC1,"InChI=1S/C9H16O/c1-2-6-9-8(4-1)5-3-7-10-9/h8-9H,1-7H2"
[H]C(C2)(C1)C([H])(CCC2)NCC1,"InChI=1S/C9H17N/c1-2-6-9-8(4-1)5-3-7-10-9/h8-10H,1-7H2/t8-,9+/m1/s1"
C(C2)Cc(c1)c(N2)ccc1,"InChI=1S/C9H11N/c1-2-6-9-8(4-1)5-3-7-10-9/h1-2,4,6,10H,3,5,7H2"
[2H]C(C1)C(C)C(C2)C(C)(C)C12,"InChI=1S/C10H18/c1-7-4-5-8-6-9(7)10(8,2)3/h7-9H,4-6H2,1-3H3/i4D"
[2H]C(C)(C2)C(C1)C(C)(C)C(C2)1,"InChI=1S/C10H18/c1-7-4-5-8-6-9(7)10(8,2)3/h7-9H,4-6H2,1-3H3/i7D"
CC(C1)CC(=O)C(C1)C(C)C,"InChI=1S/C10H18O/c1-7(2)9-5-4-8(3)6-10(9)11/h7-9H,4-6H2,1-3H3/t8-,9+/m1/s1"
CC(=O)Oc(c1)cc(c2)c(ccc2)c1,"InChI=1S/C12H10O2/c1-9(13)14-12-7-6-10-4-2-3-5-11(10)8-12/h2-8H,1H3"
CC(=O)Oc(c1)c(c2)c(ccc2)cc1,"InChI=1S/C12H10O2/c1-9(13)14-12-8-4-6-10-5-2-3-7-11(10)12/h2-8H,1H3"
CC(=O)C=Cc(c1)cccc1,"InChI=1S/C10H10O/c1-9(11)7-8-10-5-3-2-4-6-10/h2-8H,1H3/b8-7+"
NCCCOC,"InChI=1S/C4H11NO/c1-6-4-2-3-5/h2-5H2,1H3"
COCCOC,"InChI=1S/C4H10O2/c1-5-3-4-6-2/h3-4H2,1-2H3"
OCCC(C)(C)OC,"InChI=1S/C6H14O2/c1-6(2,8-3)4-5-7/h7H,4-5H2,1-3H3"
OCCC(C)OC,"InChI=1S/C5H12O2/c1-5(7-2)3-4-6/h5-6H,3-4H2,1-2H3"
CCC(O)COC,"InChI=1S/C5H12O2/c1-3-5(6)4-7-2/h5-6H,3-4H2,1-2H3"
COCCO,"InChI=1S/C3H8O2/c1-5-3-2-4/h4H,2-3H2,1H3"
N#CCCCCC#N,InChI=1S/C6H8N2/c7-5-3-1-2-4-6-8/h1-4H2
C=CCC#N,"InChI=1S/C4H5N/c1-2-3-4-5/h2H,1,3H2"
C=CC#N,"InChI=1S/C3H3N/c1-2-3-4/h2H,1H2"
NCCOC,"InChI=1S/C3H9NO/c1-5-3-2-4/h2-4H2,1H3"
CCOCCOCCOC(C)=O,"InChI=1S/C8H16O4/c1-3-10-4-5-11-6-7-12-8(2)9/h3-7H2,1-2H3"
CCCCOCCOCCOCCCC,"InChI=1S/C12H26O3/c1-3-5-7-13-9-11-15-12-10-14-8-6-4-2/h3-12H2,1-2H3"
CCCCOCCOCCO,"InChI=1S/C8H18O3/c1-2-3-5-10-7-8-11-6-4-9/h9H,2-8H2,1H3"
COCCOCCOC,"InChI=1S/C6H14O3/c1-7-3-5-9-6-4-8-2/h3-6H2,1-2H3"
CCOCCOCCO,"InChI=1S/C6H14O3/c1-2-8-5-6-9-4-3-7/h7H,2-6H2,1H3"
NCCCCCCN,InChI=1S/C6H16N2/c7-5-3-1-2-4-6-8/h1-8H2
NCCCCN,InChI=1S/C4H12N2/c5-3-1-2-4-6/h1-6H2
O=C(C=Cc(c2)cccc2)OCc(c1)cccc1,"InChI=1S/C16H14O2/c17-16(12-11-14-7-3-1-4-8-14)18-13-15-9-5-2-6-10-15/h1-12H,13H2/b12-11+"
OCC=Cc(c1)cccc1,"InChI=1S/C9H10O/c10-8-4-7-9-5-2-1-3-6-9/h1-7,10H,8H2/b7-4+"
COc(c1)cc(C)cc1,"InChI=1S/C8H10O/c1-7-4-3-5-8(6-7)9-2/h3-6H,1-2H3"
COc(c1)c(C)ccc1,"InChI=1S/C8H10O/c1-7-5-3-4-6-8(7)9-2/h3-6H,1-2H3"
COc(c1)c(N)cc(C)c1,"InChI=1S/C8H11NO/c1-6-3-4-8(10-2)7(9)5-6/h3-5H,9H2,1-2H3"
Cc(c1)cc(N)c(C)c1,"InChI=1S/C8H11N/c1-6-3-4-7(2)8(9)5-6/h3-5H,9H2,1-2H3"
Cc(c1)cc(C)c(N)c1,"InChI=1S/C8H11N/c1-6-3-4-8(9)7(2)5-6/h3-5H,9H2,1-2H3"
Cc(c1)c(C)c(N)cc1,"InChI=1S/C8H11N/c1-6-4-3-5-8(9)7(6)2/h3-5H,9H2,1-2H3"
CCCCOC(=O)C([H])=C([H])C,"InChI=1S/C8H14O2/c1-3-5-7-10-8(9)6-4-2/h4,6H,3,5,7H2,1-2H3/b6-4+"
CC=CC(=O)OCC,"InChI=1S/C6H10O2/c1-3-5-6(7)8-4-2/h3,5H,4H2,1-2H3/b5-3+"
CC=CC(=O)OC,"InChI=1S/C5H8O2/c1-3-4-5(6)7-2/h3-4H,1-2H3/b4-3+"
CCCCC(CC)COC(=O)C=C,"InChI=1S/C11H20O2/c1-4-7-8-10(5-2)9-13-11(12)6-3/h6,10H,3-5,7-9H2,1-2H3"
OCCOC(=O)C=C,"InChI=1S/C5H8O3/c1-2-5(7)8-4-3-6/h2,6H,1,3-4H2"
CCCCC(CC)COC(=O)CCCCC(=O)OCC(CC)CCCC,"InChI=1S/C22H42O4/c1-5-9-13-19(7-3)17-25-21(23)15-11-12-16-22(24)26-18-20(8-4)14-10-6-2/h19-20H,5-18H2,1-4H3"
NCc(c1)occ1,"InChI=1S/C5H7NO/c6-4-5-2-1-3-7-5/h1-3H,4,6H2"
OCc(c1)occ1,"InChI=1S/C5H6O2/c6-4-5-2-1-3-7-5/h1-3,6H,4H2"
c(c1)coc1,InChI=1S/C4H4O/c1-2-4-5-3-1/h1-4H
NCCCN,InChI=1S/C3H10N2/c4-2-1-3-5/h1-5H2
NCC(C)N,"InChI=1S/C3H10N2/c1-3(5)2-4/h3H,2,4-5H2,1H3"
C(C2)CCC(C2)NC(C1)CCCC1,"InChI=1S/C12H23N/c1-3-7-11(8-4-1)13-12-9-5-2-6-10-12/h11-13H,1-10H2"
CCCCCCCCCCO,"InChI=1S/C10H22O/c1-2-3-4-5-6-7-8-9-10-11/h11H,2-10H2,1H3"
C=CCO,"InChI=1S/C3H6O/c1-2-3-4/h2,4H,1,3H2"
CCCCCCCCCC,"InChI=1S/C10H22/c1-3-5-7-9-10-8-6-4-2/h3-10H2,1-2H3"
CCCCCCCCCC([H])(O)CC(=O)CCc(c1)cc(OC)c(O)c1,"InChI=1S/C21H34O4/c1-3-4-5-6-7-8-9-10-18(22)16-19(23)13-11-17-12-14-20(24)21(15-17)25-2/h12,14-15,18,22,24H,3-11,13,16H2,1-2H3/t18-/m0/s1"
CCCCCC=CC(=O)CCc(c1)cc(OC)c(OC(C)=O)c1,"InChI=1S/C19H26O4/c1-4-5-6-7-8-9-17(21)12-10-16-11-13-18(23-15(2)20)19(14-16)22-3/h8-9,11,13-14H,4-7,10,12H2,1-3H3/b9-8+"
OC(=O)Cc(c1)ccc(O)c1,"InChI=1S/C8H8O3/c9-7-3-1-6(2-4-7)5-8(10)11/h1-4,9H,5H2,(H,10,11)"
COc(c1)c(OC)cc(c1)C(O)=O,"InChI=1S/C9H10O4/c1-12-7-4-3-6(9(10)11)5-8(7)13-2/h3-5H,1-2H3,(H,10,11)"
CCOCCOCC,"InChI=1S/C6H14O2/c1-3-7-5-6-8-4-2/h3-6H2,1-2H3"
CCCCC(=O)OCC,"InChI=1S/C7H14O2/c1-3-5-6-7(8)9-4-2/h3-6H2,1-2H3"
COCCc(c1)cccc1,"InChI=1S/C9H12O/c1-10-8-7-9-5-3-2-4-6-9/h2-6H,7-8H2,1H3"
CCOCc(c1)cccc1,"InChI=1S/C9H12O/c1-2-10-8-9-6-4-3-5-7-9/h3-7H,2,8H2,1H3"
CCOc(c1)ccc(C)c1,"InChI=1S/C9H12O/c1-3-10-9-6-4-8(2)5-7-9/h4-7H,3H2,1-2H3"
CCOc(c1)cccc1,"InChI=1S/C8H10O/c1-2-9-8-6-4-3-5-7-8/h3-7H,2H2,1H3"
COC(C)(C1)CCCCCCCCCC1,"InChI=1S/C14H28O/c1-14(15-2)12-10-8-6-4-3-5-7-9-11-13-14/h3-13H2,1-2H3"
CCOC(C1)CC(C)(C)CC(C)1,"InChI=1S/C11H22O/c1-5-12-10-6-9(2)7-11(3,4)8-10/h9-10H,5-8H2,1-4H3"
CCCCCCCCCCOC=C,"InChI=1S/C12H24O/c1-3-5-6-7-8-9-10-11-12-13-4-2/h4H,2-3,5-12H2,1H3"
CCCCCCCCCCOC,"InChI=1S/C11H24O/c1-3-4-5-6-7-8-9-10-11-12-2/h3-11H2,1-2H3"
CC(C)CCOCCC(C)C,"InChI=1S/C10H22O/c1-9(2)5-7-11-8-6-10(3)4/h9-10H,5-8H2,1-4H3"
CCCCCCOC,"InChI=1S/C7H16O/c1-3-4-5-6-7-8-2/h3-7H2,1-2H3"
CCC=CCCOC,"InChI=1S/C7H14O/c1-3-4-5-6-7-8-2/h4-5H,3,6-7H2,1-2H3/b5-4+"
C=CCOCC=C,"InChI=1S/C6H10O/c1-3-5-7-6-4-2/h3-4H,1-2,5-6H2"
CC(C)c(c1)ccc(C)c1,"InChI=1S/C10H14/c1-8(2)10-6-4-9(3)5-7-10/h4-8H,1-3H3"
CC=Cc(c1)ccc(C)c1,"InChI=1S/C10H12/c1-3-4-10-7-5-9(2)6-8-10/h3-8H,1-2H3/b4-3+"
c(c2)ccc(c2)Cc(c1)cccc1,"InChI=1S/C13H12/c1-3-7-12(8-4-1)11-13-9-5-2-6-10-13/h1-10H,11H2"
CCCCCCCCCC(=O)OCCCCCCC,"InChI=1S/C17H34O2/c1-3-5-7-9-10-11-13-15-17(18)19-16-14-12-8-6-4-2/h3-16H2,1-2H3"
CCCCCCCCCC(=O)OCCC=CCC,"InChI=1S/C16H30O2/c1-3-5-7-9-10-11-12-14-16(17)18-15-13-8-6-4-2/h6,8H,3-5,7,9-15H2,1-2H3/b8-6-"
CCCCCCCCCC(=O)OCCCCCC,"InChI=1S/C16H32O2/c1-3-5-7-9-10-11-12-14-16(17)18-15-13-8-6-4-2/h3-15H2,1-2H3"
CCCCCCCCCC(=O)OCCC(C)C,"InChI=1S/C15H30O2/c1-4-5-6-7-8-9-10-11-15(16)17-13-12-14(2)3/h14H,4-13H2,1-3H3"
CCCCCCCCCC(=O)OCCCCC,"InChI=1S/C15H30O2/c1-3-5-7-8-9-10-11-13-15(16)17-14-12-6-4-2/h3-14H2,1-2H3"
CCCCCCCCCC(=O)OCC(C)C,"InChI=1S/C14H28O2/c1-4-5-6-7-8-9-10-11-14(15)16-12-13(2)3/h13H,4-12H2,1-3H3"
CCCCCCCCCC(=O)OCCCC,"InChI=1S/C14H28O2/c1-3-5-7-8-9-10-11-12-14(15)16-13-6-4-2/h3-13H2,1-2H3"
CCCCCCCCCC(=O)OC(C)C,"InChI=1S/C13H26O2/c1-4-5-6-7-8-9-10-11-13(14)15-12(2)3/h12H,4-11H2,1-3H3"
CCCCCCCCCC(=O)OCCC,"InChI=1S/C13H26O2/c1-3-5-6-7-8-9-10-11-13(14)15-12-4-2/h3-12H2,1-2H3"
CCCCCCCCCC(=O)OCC=C,"InChI=1S/C13H24O2/c1-3-5-6-7-8-9-10-11-13(14)15-12-4-2/h4H,2-3,5-12H2,1H3"
CCCCCCCCCC(=O)OCC,"InChI=1S/C12H24O2/c1-3-5-6-7-8-9-10-11-12(13)14-4-2/h3-11H2,1-2H3"
CCCCCCCCCC(=O)OC,"InChI=1S/C11H22O2/c1-3-4-5-6-7-8-9-10-11(12)13-2/h3-10H2,1-2H3"
CCCCCCCCC(=O)OCCc(c1)cccc1,"InChI=1S/C17H26O2/c1-2-3-4-5-6-10-13-17(18)19-15-14-16-11-8-7-9-12-16/h7-9,11-12H,2-6,10,13-15H2,1H3"
CCCCCCCCC(=O)OCc(c1)cccc1,"InChI=1S/C16H24O2/c1-2-3-4-5-6-10-13-16(17)18-14-15-11-8-7-9-12-15/h7-9,11-12H,2-6,10,13-14H2,1H3"
CCCCCCCCCCOC(=O)CCCCCCCC,"InChI=1S/C19H38O2/c1-3-5-7-9-11-12-14-16-18-21-19(20)17-15-13-10-8-6-4-2/h3-18H2,1-2H3"
CCCCCCCCC(=O)OCCCCCCCC,"InChI=1S/C17H34O2/c1-3-5-7-9-11-13-15-17(18)19-16-14-12-10-8-6-4-2/h3-16H2,1-2H3"
CCC=CCCOC(=O)CCCC,"InChI=1S/C11H20O2/c1-3-5-7-8-10-13-11(12)9-6-4-2/h5,7H,3-4,6,8-10H2,1-2H3/b7-5-"
CCCCC(=O)OCCC(C)C,"InChI=1S/C10H20O2/c1-4-5-6-10(11)12-8-7-9(2)3/h9H,4-8H2,1-3H3"
CCCCCOC(=O)CCCC,"InChI=1S/C10H20O2/c1-3-5-7-9-12-10(11)8-6-4-2/h3-9H2,1-2H3"
CCCCC(=O)OCC(C)C,"InChI=1S/C9H18O2/c1-4-5-6-9(10)11-7-8(2)3/h8H,4-7H2,1-3H3"
CCCCOC(=O)CCCC,"InChI=1S/C9H18O2/c1-3-5-7-9(10)11-8-6-4-2/h3-8H2,1-2H3"
CCCCC(=O)OC(C)C,"InChI=1S/C8H16O2/c1-4-5-6-8(9)10-7(2)3/h7H,4-6H2,1-3H3"
CCCCC(=O)OCCC,"InChI=1S/C8H16O2/c1-3-5-6-8(9)10-7-4-2/h3-7H2,1-2H3"
CCCCC(=O)OCC=C,"InChI=1S/C8H14O2/c1-3-5-6-8(9)10-7-4-2/h4H,2-3,5-7H2,1H3"
CC(C)C(=O)OC(C)(C)CCc(c1)cccc1,"InChI=1S/C15H22O2/c1-12(2)14(16)17-15(3,4)11-10-13-8-6-5-7-9-13/h5-9,12H,10-11H2,1-4H3"
CC(C)C(=O)OC(C)(C)Cc(c1)cccc1,"InChI=1S/C14H20O2/c1-11(2)13(15)16-14(3,4)10-12-8-6-5-7-9-12/h5-9,11H,10H2,1-4H3"
CC(C)C(=O)OCCCc(c1)cccc1,"InChI=1S/C13H18O2/c1-11(2)13(14)15-10-6-9-12-7-4-3-5-8-12/h3-5,7-8,11H,6,9-10H2,1-2H3"
CC(C)C(=O)OC(C)(C)c(c1)cccc1,"InChI=1S/C13H18O2/c1-10(2)12(14)15-13(3,4)11-8-6-5-7-9-11/h5-10H,1-4H3"
CC(C)C(=O)OCC=Cc(c1)cccc1,"InChI=1S/C13H16O2/c1-11(2)13(14)15-10-6-9-12-7-4-3-5-8-12/h3-9,11H,10H2,1-2H3/b9-6+"
CC(C)C(=O)OCCc(c1)cccc1,"InChI=1S/C12H16O2/c1-10(2)12(13)14-9-8-11-6-4-3-5-7-11/h3-7,10H,8-9H2,1-2H3"
CC(C)C(=O)OC(C)c(c1)cccc1,"InChI=1S/C12H16O2/c1-9(2)12(13)14-10(3)11-7-5-4-6-8-11/h4-10H,1-3H3"
CC(C)C(=O)Oc(c1)ccc(C)c1,"InChI=1S/C11H14O2/c1-8(2)11(12)13-10-6-4-9(3)5-7-10/h4-8H,1-3H3"
CC(C)C(=O)OCc(c1)cccc1,"InChI=1S/C11H14O2/c1-9(2)11(12)13-8-10-6-4-3-5-7-10/h3-7,9H,8H2,1-2H3"
CC(C)C(=O)OC(C1)CC(C)(C)CC(C)1,"InChI=1S/C13H24O2/c1-9(2)12(14)15-11-6-10(3)7-13(4,5)8-11/h9-11H,6-8H2,1-5H3"
CCCCCCOC(=O)C(C)C,"InChI=1S/C10H20O2/c1-4-5-6-7-8-12-10(11)9(2)3/h9H,4-8H2,1-3H3"
CCC=CCCOC(=O)C(C)C,"InChI=1S/C10H18O2/c1-4-5-6-7-8-12-10(11)9(2)3/h5-6,9H,4,7-8H2,1-3H3/b6-5+"
CC(C)C(=O)OC(C1)C(C)=CCC(C(C)=C)1,"InChI=1S/C14H22O2/c1-9(2)12-7-6-11(5)13(8-12)16-14(15)10(3)4/h6,10,12-13H,1,7-8H2,2-5H3/t12-,13+/m1/s1"
CC(C)=CCCC(C)CCOC(=O)C(C)C,"InChI=1S/C14H26O2/c1-11(2)7-6-8-13(5)9-10-16-14(15)12(3)4/h7,12-13H,6,8-10H2,1-5H3"
CC(C)=CCCC(C)(C=C)OC(C)=O,"InChI=1S/C12H20O2/c1-6-12(5,14-11(4)13)9-7-8-10(2)3/h6,8H,1,7,9H2,2-5H3"
CC(C)=CCC([H])(COC(C)=O)C(C)=C,"InChI=1S/C12H20O2/c1-9(2)6-7-12(10(3)4)8-14-11(5)13/h6,12H,3,7-8H2,1-2,4-5H3/t12-/m0/s1"
CC(=O)OC([H])(C(C)21)C(C)(C)C([H])(CC2)C1,"InChI=1S/C12H20O2/c1-8(13)14-10-11(2,3)9-5-6-12(10,4)7-9/h9-10H,5-7H2,1-4H3/t9?,10-,12?/m1/s1"
CC(=O)OC([H])(C1)C([H])(C)CCC([H])(C(C)=C)1,"InChI=1S/C12H20O2/c1-8(2)11-6-5-9(3)12(7-11)14-10(4)13/h9,11-12H,1,5-7H2,2-4H3/t9-,11-,12-/m1/s1"
CC(=O)OCC(=C2)C(C1)C(C)(C)C(C2)1,"InChI=1S/C12H18O2/c1-8(13)14-7-9-4-5-10-6-11(9)12(10,2)3/h4,10-11H,5-7H2,1-3H3/t10-,11-/m0/s1"
CC(=O)OC(C1)C(C)=CCC(C(C)=C)1,"InChI=1S/C12H18O2/c1-8(2)11-6-5-9(3)12(7-11)14-10(4)13/h5,11-12H,1,6-7H2,2-4H3/t11-,12+/m1/s1"
CC(=O)OC([H])(C(C)=1)CC([H])(C(C)=C)CC1,"InChI=1S/C12H18O2/c1-8(2)11-6-5-9(3)12(7-11)14-10(4)13/h5,11-12H,1,6-7H2,2-4H3/t11-,12-/m1/s1"
CC(=O)OCc(c1)ccc(C(C)C)c1,"InChI=1S/C12H16O2/c1-9(2)12-6-4-11(5-7-12)8-14-10(3)13/h4-7,9H,8H2,1-3H3"
COCCOC(C)=O,"InChI=1S/C5H10O3/c1-5(6)8-4-3-7-2/h3-4H2,1-2H3"
CC(=O)OCC(COC(C)=O)OC(C)=O,"InChI=1S/C9H14O6/c1-6(10)13-4-9(15-8(3)12)5-14-7(2)11/h9H,4-5H2,1-3H3"
CC(=O)OCCOC(C)=O,"InChI=1S/C6H10O4/c1-5(7)9-3-4-10-6(2)8/h3-4H2,1-2H3"
CCCCCC(=O)c(c1)cccc1,"InChI=1S/C12H16O/c1-2-3-5-10-12(13)11-8-6-4-7-9-11/h4,6-9H,2-3,5,10H2,1H3"
CCCCC(=O)c(c1)cccc1,"InChI=1S/C11H14O/c1-2-3-9-11(12)10-7-5-4-6-8-10/h4-8H,2-3,9H2,1H3"
CC(=O)CC(=O)c(c1)cccc1,"InChI=1S/C10H10O2/c1-8(11)7-10(12)9-5-3-2-4-6-9/h2-6H,7H2,1H3"
Cc(c1)cc(C)c(c1)C(C)=O,"InChI=1S/C10H12O/c1-7-4-5-10(9(3)11)8(2)6-7/h4-6H,1-3H3"
CCCC(=O)c(c1)cccc1,"InChI=1S/C10H12O/c1-2-6-10(11)9-7-4-3-5-8-9/h3-5,7-8H,2,6H2,1H3"
CC(=O)CCc(c1)cccc1,"InChI=1S/C10H12O/c1-9(11)7-8-10-5-3-2-4-6-10/h2-6H,7-8H2,1H3"
CCC(=O)c(c1)cccc1,"InChI=1S/C9H10O/c1-2-9(10)8-6-4-3-5-7-8/h3-7H,2H2,1H3"
CC(=O)Cc(c1)cccc1,"InChI=1S/C9H10O/c1-8(10)7-9-5-3-2-4-6-9/h2-6H,7H2,1H3"
CC(=O)c(c1)cc(C)cc1,"InChI=1S/C9H10O/c1-7-4-3-5-9(6-7)8(2)10/h3-6H,1-2H3"
CC(=O)c(c1)c(C)ccc1,"InChI=1S/C9H10O/c1-7-5-3-4-6-9(7)8(2)10/h3-6H,1-2H3"
CC(=C)C(C2)CC(C)(C(C)1)C(C2)=CC(=O)C1,"InChI=1S/C15H22O/c1-10(2)12-5-6-13-8-14(16)7-11(3)15(13,4)9-12/h8,11-12H,1,5-7,9H2,2-4H3/t11-,12-,15+/m1/s1"
CC(=O)C=CC(=C(C)1)C(C)(C)CCC1,"InChI=1S/C13H20O/c1-10-6-5-9-13(3,4)12(10)8-7-11(2)14/h7-8H,5-6,9H2,1-4H3/b8-7+"
CC(C)(C)c(c1)cccc1,"InChI=1S/C10H14/c1-10(2,3)9-7-5-4-6-8-9/h4-8H,1-3H3"
CCC(C)c(c1)cccc1,"InChI=1S/C10H14/c1-3-9(2)10-7-5-4-6-8-10/h4-9H,3H2,1-2H3"
CCCCc(c1)cccc1,"InChI=1S/C10H14/c1-2-3-7-10-8-5-4-6-9-10/h4-6,8-9H,2-3,7H2,1H3"
CCCc(c1)cccc1,"InChI=1S/C9H12/c1-2-6-9-7-4-3-5-8-9/h3-5,7-8H,2,6H2,1H3"
CC(C)c(c1)cccc1,"InChI=1S/C9H12/c1-8(2)9-6-4-3-5-7-9/h3-8H,1-2H3"
CC(=C3)C(C1)C(C)(C)C(C2)C(C3)(C(C)C2)1,"InChI=1S/C15H24/c1-10-7-8-15-9-12(10)14(3,4)13(15)6-5-11(15)2/h7,11-13H,5-6,8-9H2,1-4H3"
CC(C)C([H])(C1)CCC([H])(C)C1,"InChI=1S/C10H20/c1-8(2)10-6-4-9(3)5-7-10/h8-10H,4-7H2,1-3H3/t9-,10+"
CC(C1)CCC(C1)C(C)C,"InChI=1S/C10H20/c1-8(2)10-6-4-9(3)5-7-10/h8-10H,4-7H2,1-3H3/t9-,10-"
CC(C1)=CCC(C1)=C(C)C,"InChI=1S/C10H16/c1-8(2)10-6-4-9(3)5-7-10/h4H,5-7H2,1-3H3"
CC(C)C(C1)=C([H])CC(C)=C([H])1,"InChI=1S/C10H16/c1-8(2)10-6-4-9(3)5-7-10/h4,7-8H,5-6H2,1-3H3"
CC(C)C(C1)=C([H])C([H])=C(C)C1,"InChI=1S/C10H16/c1-8(2)10-6-4-9(3)5-7-10/h4,6,8H,5,7H2,1-3H3"
C=C(C2)C(C1)C(C)(C)C(C2)1,"InChI=1S/C10H16/c1-7-4-5-8-6-9(7)10(8,2)3/h8-9H,1,4-6H2,2-3H3"
CC(=C2)C(C1)C(C)(C)C(C2)1,"InChI=1S/C10H16/c1-7-4-5-8-6-9(7)10(8,2)3/h4,8-9H,5-6H2,1-3H3"
CC(C)C(C1)C=CC(C)=C1,"InChI=1S/C10H16/c1-8(2)10-6-4-9(3)5-7-10/h4-6,8,10H,7H2,1-3H3"
CCC(C)CO,"InChI=1S/C5H12O/c1-3-5(2)4-6/h5-6H,3-4H2,1-2H3"
CCCCCO,"InChI=1S/C5H12O/c1-2-3-4-5-6/h6H,2-5H2,1H3"
CCC(O)C=C,"InChI=1S/C5H10O/c1-3-5(6)4-2/h3,5-6H,1,4H2,2H3"
CCC(C)O,"InChI=1S/C4H10O/c1-3-4(2)5/h4-5H,3H2,1-2H3"
OCC(C)C,"InChI=1S/C4H10O/c1-4(2)3-5/h4-5H,3H2,1-2H3"
CCCCO,"InChI=1S/C4H10O/c1-2-3-4-5/h5H,2-4H2,1H3"
CCCO,"InChI=1S/C3H8O/c1-2-3-4/h4H,2-3H2,1H3"
CCCCCCCCCCCCCCCC(=O)OCCC,"InChI=1S/C19H38O2/c1-3-5-6-7-8-9-10-11-12-13-14-15-16-17-19(20)21-18-4-2/h3-18H2,1-2H3"
CCCCCCCCCCCCCC(=O)OC(C)C,"InChI=1S/C17H34O2/c1-4-5-6-7-8-9-10-11-12-13-14-15-17(18)19-16(2)3/h16H,4-15H2,1-3H3"
CCCCCCCCCCCCCC(=O)OC,"InChI=1S/C15H30O2/c1-3-4-5-6-7-8-9-10-11-12-13-14-15(16)17-2/h3-14H2,1-2H3"
CCC(C)C(=O)OCCc(c1)cccc1,"InChI=1S/C13H18O2/c1-3-11(2)13(14)15-10-9-12-7-5-4-6-8-12/h4-8,11H,3,9-10H2,1-2H3"
CCC(C)C(=O)OC([H])(C1)C([H])(C(C)C)CCC([H])(C)1,"InChI=1S/C15H28O2/c1-6-12(5)15(16)17-14-9-11(4)7-8-13(14)10(2)3/h10-14H,6-9H2,1-5H3/t11-,12?,13+,14-/m0/s1"
CCCCCCCCOC(=O)C(C)CC,"InChI=1S/C13H26O2/c1-4-6-7-8-9-10-11-15-13(14)12(3)5-2/h12H,4-11H2,1-3H3"
CCCCCCOC(=O)C(C)CC,"InChI=1S/C11H22O2/c1-4-6-7-8-9-13-11(12)10(3)5-2/h10H,4-9H2,1-3H3"
CCC=CCCOC(=O)C(C)CC,"InChI=1S/C11H20O2/c1-4-6-7-8-9-13-11(12)10(3)5-2/h6-7,10H,4-5,8-9H2,1-3H3/b7-6-"
CCC(C)COC(=O)C(C)CC,"InChI=1S/C10H20O2/c1-5-8(3)7-12-10(11)9(4)6-2/h8-9H,5-7H2,1-4H3"
CCC(C)C(=O)OCCC(C)C,"InChI=1S/C10H20O2/c1-5-9(4)10(11)12-7-6-8(2)3/h8-9H,5-7H2,1-4H3"
CCCCCOC(=O)C(C)CC,"InChI=1S/C10H20O2/c1-4-6-7-8-12-10(11)9(3)5-2/h9H,4-8H2,1-3H3"
CCC(C)C(=O)OCC(C)C,"InChI=1S/C9H18O2/c1-5-8(4)9(10)11-6-7(2)3/h7-8H,5-6H2,1-4H3"
CCCCOC(=O)C(C)CC,"InChI=1S/C9H18O2/c1-4-6-7-11-9(10)8(3)5-2/h8H,4-7H2,1-3H3"
CCC(C)C(=O)OC(C)C,"InChI=1S/C8H16O2/c1-5-7(4)8(9)10-6(2)3/h6-7H,5H2,1-4H3"
CCCOC(=O)C(C)CC,"InChI=1S/C8H16O2/c1-4-6-10-8(9)7(3)5-2/h7H,4-6H2,1-3H3"
CCOC(=O)C(C)CC,"InChI=1S/C7H14O2/c1-4-6(3)7(8)9-5-2/h6H,4-5H2,1-3H3"
CCC(C)C(=O)OC,"InChI=1S/C6H12O2/c1-4-5(2)6(7)8-3/h5H,4H2,1-3H3"
CC(C)CC(=O)OCc(c1)occ1,"InChI=1S/C10H14O3/c1-8(2)6-10(11)13-7-9-4-3-5-12-9/h3-5,8H,6-7H2,1-2H3"
CC(C)CC(=O)OCCCc(c1)cccc1,"InChI=1S/C14H20O2/c1-12(2)11-14(15)16-10-6-9-13-7-4-3-5-8-13/h3-5,7-8,12H,6,9-11H2,1-2H3"
CC(C)CC(=O)OCC=Cc(c1)cccc1,"InChI=1S/C14H18O2/c1-12(2)11-14(15)16-10-6-9-13-7-4-3-5-8-13/h3-9,12H,10-11H2,1-2H3/b9-6+"
CC(C)CC(=O)OCCc(c1)cccc1,"InChI=1S/C13H18O2/c1-11(2)10-13(14)15-9-8-12-6-4-3-5-7-12/h3-7,11H,8-10H2,1-2H3"
CC(C)CC(=O)Oc(c1)ccc(C)c1,"InChI=1S/C12H16O2/c1-9(2)8-12(13)14-11-6-4-10(3)5-7-11/h4-7,9H,8H2,1-3H3"
CC(C)CC(=O)OCc(c1)cccc1,"InChI=1S/C12H16O2/c1-10(2)8-12(13)14-9-11-6-4-3-5-7-11/h3-7,10H,8-9H2,1-2H3"
CC(C)CC(=O)OC(C1)C(CCC(C)1)C(C)C,"InChI=1S/C15H28O2/c1-10(2)8-15(16)17-14-9-12(5)6-7-13(14)11(3)4/h10-14H,6-9H2,1-5H3"
CC(C)=CCCC(C)(C=C)OC(=O)CC(C)C,"InChI=1S/C15H26O2/c1-7-15(6,10-8-9-12(2)3)17-14(16)11-13(4)5/h7,9,13H,1,8,10-11H2,2-6H3"
CCCC=CCOC(C)=O,"InChI=1S/C8H14O2/c1-3-4-5-6-7-10-8(2)9/h5-6H,3-4,7H2,1-2H3/b6-5+"
CC=CC=CCOC(C)=O,"InChI=1S/C8H12O2/c1-3-4-5-6-7-10-8(2)9/h3-6H,7H2,1-2H3/b4-3+,6-5+"
CC(C)CCOC(C)=O,"InChI=1S/C7H14O2/c1-6(2)4-5-9-7(3)8/h6H,4-5H2,1-3H3"
CCCCCOC(C)=O,"InChI=1S/C7H14O2/c1-3-4-5-6-9-7(2)8/h3-6H2,1-2H3"
CC(=O)OC(C)(C)C,"InChI=1S/C6H12O2/c1-5(7)8-6(2,3)4/h1-4H3"
CC(C)COC(C)=O,"InChI=1S/C6H12O2/c1-5(2)4-8-6(3)7/h5H,4H2,1-3H3"
CCCCOC(C)=O,"InChI=1S/C6H12O2/c1-3-4-5-8-6(2)7/h3-5H2,1-2H3"
CC(C)OC(C)=O,"InChI=1S/C5H10O2/c1-4(2)7-5(3)6/h4H,1-3H3"
CCCOC(C)=O,"InChI=1S/C5H10O2/c1-3-4-7-5(2)6/h3-4H2,1-2H3"
C=CCOC(C)=O,"InChI=1S/C5H8O2/c1-3-4-7-5(2)6/h3H,1,4H2,2H3"
CCOC(C)=O,"InChI=1S/C4H8O2/c1-3-6-4(2)5/h3H2,1-2H3"
COC(C)=O,InChI=1S/C3H6O2/c1-3(4)5-2/h1-2H3
O=COCc(c1)ccc(OC)c1,"InChI=1S/C9H10O3/c1-11-9-4-2-8(3-5-9)6-12-7-10/h2-5,7H,6H2,1H3"
O=COCCc(c1)cccc1,"InChI=1S/C9H10O2/c10-8-11-7-6-9-4-2-1-3-5-9/h1-5,8H,6-7H2"
O=COCC=Cc(c1)cccc1,"InChI=1S/C10H10O2/c11-9-12-8-4-7-10-5-2-1-3-6-10/h1-7,9H,8H2/b7-4+"
O=COc(c1)ccc(C)c1,"InChI=1S/C8H8O2/c1-7-2-4-8(5-3-7)10-6-9/h2-6H,1H3"
O=COC(C1)CCC(C1)C(C)(C)C,"InChI=1S/C11H20O2/c1-11(2,3)9-4-6-10(7-5-9)13-8-12/h8-10H,4-7H2,1-3H3"
O=COC(C1)CCCC1,"InChI=1S/C7H12O2/c8-6-9-7-4-2-1-3-5-7/h6-7H,1-5H2"
O=COC(C)(C=C)CCC=C(C)CCC=C(C)C,"InChI=1S/C16H26O2/c1-6-16(5,18-13-17)12-8-11-15(4)10-7-9-14(2)3/h6,9,11,13H,1,7-8,10,12H2,2-5H3/b15-11+"
O=COCCC(C)CCCC(C)C,"InChI=1S/C11H22O2/c1-10(2)5-4-6-11(3)7-8-13-9-12/h9-11H,4-8H2,1-3H3"
CCCCCCCCCCCC(C)=O,"InChI=1S/C13H26O/c1-3-4-5-6-7-8-9-10-11-12-13(2)14/h3-12H2,1-2H3"
CCCCCCCCCCC(C)=O,"InChI=1S/C12H24O/c1-3-4-5-6-7-8-9-10-11-12(2)13/h3-11H2,1-2H3"
CC(C)CCC(=O)CCC(C)C,"InChI=1S/C11H22O/c1-9(2)5-7-11(12)8-6-10(3)4/h9-10H,5-8H2,1-4H3"
CCCCCCC(=O)CCCC,"InChI=1S/C11H22O/c1-3-5-7-8-10-11(12)9-6-4-2/h3-10H2,1-2H3"
CCCCCCCC(=O)CCC,"InChI=1S/C11H22O/c1-3-5-6-7-8-10-11(12)9-4-2/h3-10H2,1-2H3"
CCCCCCCCC(=O)CC,"InChI=1S/C11H22O/c1-3-5-6-7-8-9-10-11(12)4-2/h3-10H2,1-2H3"
CCCCCCCCCC(C)=O,"InChI=1S/C11H22O/c1-3-4-5-6-7-8-9-10-11(2)12/h3-10H2,1-2H3"
CCC(=O)CCC(C)C,"InChI=1S/C8H16O/c1-4-8(9)6-5-7(2)3/h7H,4-6H2,1-3H3"
CCCCCCCC(=O)CC,"InChI=1S/C10H20O/c1-3-5-6-7-8-9-10(11)4-2/h3-9H2,1-2H3"
CCCCCCCCC(C)=O,"InChI=1S/C10H20O/c1-3-4-5-6-7-8-9-10(2)11/h3-9H2,1-2H3"
CC(C)CC(=O)CC(C)C,"InChI=1S/C9H18O/c1-7(2)5-9(10)6-8(3)4/h7-8H,5-6H2,1-4H3"
CCCCC(=O)CCCC,"InChI=1S/C9H18O/c1-3-5-7-9(10)8-6-4-2/h3-8H2,1-2H3"
CCCCCCC(=O)CC,"InChI=1S/C9H18O/c1-3-5-6-7-8-9(10)4-2/h3-8H2,1-2H3"
CCCCCCCC(C)=O,"InChI=1S/C9H18O/c1-3-4-5-6-7-8-9(2)10/h3-8H2,1-2H3"
CCC(C)CC(=O)CC,"InChI=1S/C8H16O/c1-4-7(3)6-8(9)5-2/h7H,4-6H2,1-3H3"
CCCCCC(=O)CC,"InChI=1S/C8H16O/c1-3-5-6-7-8(9)4-2/h3-7H2,1-2H3"
CCCCCCC(C)=O,"InChI=1S/C8H16O/c1-3-4-5-6-7-8(2)9/h3-7H2,1-2H3"
CC(C)=CCCC(C)=O,"InChI=1S/C8H14O/c1-7(2)5-4-6-8(3)9/h5H,4,6H2,1-3H3"
CC(C)C(=O)C(C)C,"InChI=1S/C7H14O/c1-5(2)7(8)6(3)4/h5-6H,1-4H3"
OCC(=C2)C(C1)C(C)(C)C(C2)1,"InChI=1S/C10H16O/c1-10(2)8-4-3-7(6-11)9(10)5-8/h3,8-9,11H,4-6H2,1-2H3"
Cc(c1)ccc(c1)C(C)(C)O,"InChI=1S/C10H14O/c1-8-4-6-9(7-5-8)10(2,3)11/h4-7,11H,1-3H3"
OCc(c1)ccc(C(C)C)c1,"InChI=1S/C10H14O/c1-8(2)10-5-3-9(7-11)4-6-10/h3-6,8,11H,7H2,1-2H3"
OCC(CCC(C)C)C(C)C,"InChI=1S/C10H22O/c1-8(2)5-6-10(7-11)9(3)4/h8-11H,5-7H2,1-4H3"
CC(C)CCCC(C)(O)CC,"InChI=1S/C10H22O/c1-5-10(4,11)8-6-7-9(2)3/h9,11H,5-8H2,1-4H3"
CCCCOCCO,"InChI=1S/C6H14O2/c1-2-3-5-8-6-4-7/h7H,2-6H2,1H3"
OCC(C)=O,"InChI=1S/C3H6O2/c1-3(5)2-4/h4H,2H2,1H3"
CC(C)(O)CCC(C)(C)O,"InChI=1S/C8H18O2/c1-7(2,9)5-6-8(3,4)10/h9-10H,5-6H2,1-4H3"
OCCCCO,"InChI=1S/C4H10O2/c5-3-1-2-4-6/h5-6H,1-4H2"
CCCCCCCCCCCCCO,"InChI=1S/C13H28O/c1-2-3-4-5-6-7-8-9-10-11-12-13-14/h14H,2-13H2,1H3"
CCCCCCC(O)CCC,"InChI=1S/C10H22O/c1-3-5-6-7-9-10(11)8-4-2/h10-11H,3-9H2,1-2H3"
CCCCCCCC(O)CC,"InChI=1S/C10H22O/c1-3-5-6-7-8-9-10(11)4-2/h10-11H,3-9H2,1-2H3"
CCCCCCCCC(C)O,"InChI=1S/C10H22O/c1-3-4-5-6-7-8-9-10(2)11/h10-11H,3-9H2,1-2H3"
CCCCCCCCC(=O)OCCCCCCC,"InChI=1S/C16H32O2/c1-3-5-7-9-10-12-14-16(17)18-15-13-11-8-6-4-2/h3-15H2,1-2H3"
CCCCCCCCC(=O)OCCCCCC,"InChI=1S/C15H30O2/c1-3-5-7-9-10-11-13-15(16)17-14-12-8-6-4-2/h3-14H2,1-2H3"
CCCCCCCCC(=O)OCCC(C)C,"InChI=1S/C14H28O2/c1-4-5-6-7-8-9-10-14(15)16-12-11-13(2)3/h13H,4-12H2,1-3H3"
CCCCCCCCC(=O)OCCCCC,"InChI=1S/C14H28O2/c1-3-5-7-8-9-10-12-14(15)16-13-11-6-4-2/h3-13H2,1-2H3"
CCCCCCCCC(=O)OCC(C)C,"InChI=1S/C13H26O2/c1-4-5-6-7-8-9-10-13(14)15-11-12(2)3/h12H,4-11H2,1-3H3"
CCCCCCCCC(=O)OCCCC,"InChI=1S/C13H26O2/c1-3-5-7-8-9-10-11-13(14)15-12-6-4-2/h3-12H2,1-2H3"
CCCCCCCCC(=O)OC(C)C,"InChI=1S/C12H24O2/c1-4-5-6-7-8-9-10-12(13)14-11(2)3/h11H,4-10H2,1-3H3"
CCCCCCCCC(=O)OCCC,"InChI=1S/C12H24O2/c1-3-5-6-7-8-9-10-12(13)14-11-4-2/h3-11H2,1-2H3"
CCCCCCCCC(=O)OCC=C,"InChI=1S/C12H22O2/c1-3-5-6-7-8-9-10-12(13)14-11-4-2/h4H,2-3,5-11H2,1H3"
CCCCCCCCC(=O)OC,"InChI=1S/C10H20O2/c1-3-4-5-6-7-8-9-10(11)12-2/h3-9H2,1-2H3"
CCCCCC(=O)OC(C)(C=C)CCC=C(C)C,"InChI=1S/C16H28O2/c1-6-8-9-12-15(17)18-16(5,7-2)13-10-11-14(3)4/h7,11H,2,6,8-10,12-13H2,1,3-5H3"
CCCCCCCCCCOC(=O)CCCCCCC,"InChI=1S/C18H36O2/c1-3-5-7-9-10-11-13-15-17-20-18(19)16-14-12-8-6-4-2/h3-17H2,1-2H3"
CCCCCCCCOC(=O)CCCCCCC,"InChI=1S/C16H32O2/c1-3-5-7-9-11-13-15-18-16(17)14-12-10-8-6-4-2/h3-15H2,1-2H3"
CCCCCCCC(=O)OCCCCCCC,"InChI=1S/C15H30O2/c1-3-5-7-9-11-13-15(16)17-14-12-10-8-6-4-2/h3-14H2,1-2H3"
CCCCCCCC(=O)Oc(c1)ccc(C)c1,"InChI=1S/C15H22O2/c1-3-4-5-6-7-8-15(16)17-14-11-9-13(2)10-12-14/h9-12H,3-8H2,1-2H3"
CCCCCC(=O)OCCCc(c1)cccc1,"InChI=1S/C15H22O2/c1-2-3-5-12-15(16)17-13-8-11-14-9-6-4-7-10-14/h4,6-7,9-10H,2-3,5,8,11-13H2,1H3"
CCCCCC(=O)OCCc(c1)cccc1,"InChI=1S/C14H20O2/c1-2-3-5-10-14(15)16-12-11-13-8-6-4-7-9-13/h4,6-9H,2-3,5,10-12H2,1H3"
CCCCCC(=O)OC(C1)CCCC1,"InChI=1S/C12H22O2/c1-2-3-5-10-12(13)14-11-8-6-4-7-9-11/h11H,2-10H2,1H3"
CCCCCC(=O)OCCC(C)CCC=C(C)C,"InChI=1S/C16H30O2/c1-5-6-7-11-16(17)18-13-12-15(4)10-8-9-14(2)3/h9,15H,5-8,10-13H2,1-4H3"
CCCCCC(=O)OCC=C(C)CCC=C(C)C,"InChI=1S/C16H28O2/c1-5-6-7-11-16(17)18-13-12-15(4)10-8-9-14(2)3/h9,12H,5-8,10-11,13H2,1-4H3/b15-12+"
CCCCCCCCCOC(=O)CCCCC,"InChI=1S/C15H30O2/c1-3-5-7-8-9-10-12-14-17-15(16)13-11-6-4-2/h3-14H2,1-2H3"
CCCCCCCCOC(=O)CCCCC,"InChI=1S/C14H28O2/c1-3-5-7-8-9-11-13-16-14(15)12-10-6-4-2/h3-13H2,1-2H3"
CCCCCCCOC(=O)CCCCC,"InChI=1S/C13H26O2/c1-3-5-7-8-10-12-15-13(14)11-9-6-4-2/h3-12H2,1-2H3"
CCCCCCOC(=O)CCCCC,"InChI=1S/C12H24O2/c1-3-5-7-9-11-14-12(13)10-8-6-4-2/h3-11H2,1-2H3"
CCCCCC(=O)OCCC(C)C,"InChI=1S/C11H22O2/c1-4-5-6-7-11(12)13-9-8-10(2)3/h10H,4-9H2,1-3H3"
CCCCCC(=O)OCCCCC,"InChI=1S/C11H22O2/c1-3-5-7-9-11(12)13-10-8-6-4-2/h3-10H2,1-2H3"
CCCCCC(=O)OCC(C)C,"InChI=1S/C10H20O2/c1-4-5-6-7-10(11)12-8-9(2)3/h9H,4-8H2,1-3H3"
CCCCCC(=O)OCCCC,"InChI=1S/C10H20O2/c1-3-5-7-8-10(11)12-9-6-4-2/h3-9H2,1-2H3"
CCCCCC(=O)OC(C)C,"InChI=1S/C9H18O2/c1-4-5-6-7-9(10)11-8(2)3/h8H,4-7H2,1-3H3"
CCCCCC(=O)OCCC,"InChI=1S/C9H18O2/c1-3-5-6-7-9(10)11-8-4-2/h3-8H2,1-2H3"
CCCCCC(=O)OCC,"InChI=1S/C8H16O2/c1-3-5-6-7-8(9)10-4-2/h3-7H2,1-2H3"
CCCCCC(=O)OC,"InChI=1S/C7H14O2/c1-3-4-5-6-7(8)9-2/h3-6H2,1-2H3"
CC(C)=CCCC(C)=CCOC(=O)C(C)C,"InChI=1S/C14H24O2/c1-11(2)7-6-8-13(5)9-10-16-14(15)12(3)4/h7,9,12H,6,8,10H2,1-5H3/b13-9-"
CC(C)=CCCC(C)(C=C)OC(=O)C(C)C,"InChI=1S/C14H24O2/c1-7-14(6,10-8-9-11(2)3)16-13(15)12(4)5/h7,9,12H,1,8,10H2,2-6H3"
CC(C)C(=O)OC(C1)C(C)(C2)C(C)(C)C(C2)1,"InChI=1S/C14H24O2/c1-9(2)12(15)16-11-8-10-6-7-14(11,5)13(10,3)4/h9-11H,6-8H2,1-5H3"
CC(C)C(=O)OCC(C1)=CCC(C(C)=C)C1,"InChI=1S/C14H22O2/c1-10(2)13-7-5-12(6-8-13)9-16-14(15)11(3)4/h5,11,13H,1,6-9H2,2-4H3"
CCCCCCCOC(=O)C(C)C,"InChI=1S/C11H22O2/c1-4-5-6-7-8-9-13-11(12)10(2)3/h10H,4-9H2,1-3H3"
CCCC(CC)OC(=O)C(C)C,"InChI=1S/C10H20O2/c1-5-7-9(6-2)12-10(11)8(3)4/h8-9H,5-7H2,1-4H3"
CCCCC(C)OC(=O)C(C)C,"InChI=1S/C10H20O2/c1-5-6-7-9(4)12-10(11)8(2)3/h8-9H,5-7H2,1-4H3"
CC(C)CC(C)OC(=O)C(C)C,"InChI=1S/C10H20O2/c1-7(2)6-9(5)12-10(11)8(3)4/h7-9H,6H2,1-5H3"
CCCC=CCOC(=O)C(C)C,"InChI=1S/C10H18O2/c1-4-5-6-7-8-12-10(11)9(2)3/h6-7,9H,4-5,8H2,1-3H3/b7-6+"
CC(C)CCOC(=O)C(C)C,"InChI=1S/C9H18O2/c1-7(2)5-6-11-9(10)8(3)4/h7-8H,5-6H2,1-4H3"
CCCCCOC(=O)C(C)C,"InChI=1S/C9H18O2/c1-4-5-6-7-11-9(10)8(2)3/h8H,4-7H2,1-3H3"
CC(C)COC(=O)C(C)C,"InChI=1S/C8H16O2/c1-6(2)5-10-8(9)7(3)4/h6-7H,5H2,1-4H3"
CCCCOC(=O)C(C)C,"InChI=1S/C8H16O2/c1-4-5-6-10-8(9)7(2)3/h7H,4-6H2,1-3H3"
CC(C)OC(=O)C(C)C,"InChI=1S/C7H14O2/c1-5(2)7(8)9-6(3)4/h5-6H,1-4H3"
CCCOC(=O)C(C)C,"InChI=1S/C7H14O2/c1-4-5-9-7(8)6(2)3/h6H,4-5H2,1-3H3"
C=CCOC(=O)C(C)C,"InChI=1S/C7H12O2/c1-4-5-9-7(8)6(2)3/h4,6H,1,5H2,2-3H3"
CCOC(=O)C(C)C,"InChI=1S/C6H12O2/c1-4-8-6(7)5(2)3/h5H,4H2,1-3H3"
COC(=O)C(C)C,"InChI=1S/C5H10O2/c1-4(2)5(6)7-3/h4H,1-3H3"
COc(c1)ccc(COC(=O)C(C)C)c1,"InChI=1S/C12H16O3/c1-9(2)12(13)15-8-10-4-6-11(14-3)7-5-10/h4-7,9H,8H2,1-3H3"
CC(C)C(=O)OCCOc(c1)cccc1,"InChI=1S/C12H16O3/c1-10(2)12(13)15-9-8-14-11-6-4-3-5-7-11/h3-7,10H,8-9H2,1-2H3"
CCCC(=O)OC(C)(C)Cc(c1)cccc1,"InChI=1S/C14H20O2/c1-4-8-13(15)16-14(2,3)11-12-9-6-5-7-10-12/h5-7,9-10H,4,8,11H2,1-3H3"
CCCC(=O)OCCCc(c1)cccc1,"InChI=1S/C13H18O2/c1-2-7-13(14)15-11-6-10-12-8-4-3-5-9-12/h3-5,8-9H,2,6-7,10-11H2,1H3"
O=C(C1)CCC(C1)C(C)(C)C,"InChI=1S/C10H18O/c1-10(2,3)8-4-6-9(11)7-5-8/h8H,4-7H2,1-3H3"
CCCCCC(C1)C(=O)CC1,"InChI=1S/C10H18O/c1-2-3-4-6-9-7-5-8-10(9)11/h9H,2-8H2,1H3"
CCCCCC(=C1)C(=O)CC1,"InChI=1S/C10H16O/c1-2-3-4-6-9-7-5-8-10(9)11/h7H,2-6,8H2,1H3"
CC(C1)CC(C)(C)CC(=O)1,"InChI=1S/C9H16O/c1-7-4-8(10)6-9(2,3)5-7/h7H,4-6H2,1-3H3"
CCCC(C1)C(=O)CCC1,"InChI=1S/C9H16O/c1-2-5-8-6-3-4-7-9(8)10/h8H,2-7H2,1H3"
CC(=C1)CC(C)(C)CC(=O)1,"InChI=1S/C9H14O/c1-7-4-8(10)6-9(2,3)5-7/h4H,5-6H2,1-3H3"
CC(C1)CC(=O)CC1,"InChI=1S/C7H12O/c1-6-3-2-4-7(8)5-6/h6H,2-5H2,1H3"
O=C(C1)CCCC1,InChI=1S/C6H10O/c7-6-4-2-1-3-5-6/h1-5H2
CCCCCC(=O)c(c1)occ1,"InChI=1S/C10H14O2/c1-2-3-4-6-9(11)10-7-5-8-12-10/h5,7-8H,2-4,6H2,1H3"
CC(=O)C=Cc(o1)c([H])c([H])c([H])1,"InChI=1S/C8H8O2/c1-7(9)4-5-8-3-2-6-10-8/h2-6H,1H3/b5-4+"
CCC(=O)c(c1)occ1,"InChI=1S/C7H8O2/c1-2-6(8)7-4-3-5-9-7/h3-5H,2H2,1H3"
[H]c(o1)c([H])c([H])c1C(C)=O,"InChI=1S/C6H6O2/c1-5(7)6-3-2-4-8-6/h2-4H,1H3"
CCC(=O)C(=O)CC,"InChI=1S/C6H10O2/c1-3-5(7)6(8)4-2/h3-4H2,1-2H3"
CCCC(=O)C(C)=O,"InChI=1S/C6H10O2/c1-3-4-6(8)5(2)7/h3-4H2,1-2H3"
CCC(=O)C(C)=O,"InChI=1S/C5H8O2/c1-3-5(7)4(2)6/h3H2,1-2H3"
CCCCCCCCCCCCCC(=O)CC,"InChI=1S/C16H32O/c1-3-5-6-7-8-9-10-11-12-13-14-15-16(17)4-2/h3-15H2,1-2H3"
CCCCCCCCCCCCCC(C)=O,"InChI=1S/C15H30O/c1-3-4-5-6-7-8-9-10-11-12-13-14-15(2)16/h3-14H2,1-2H3"
CC(O)C=CC(C(C)=1)C(C)(C)CCC1,"InChI=1S/C13H22O/c1-10-6-5-9-13(3,4)12(10)8-7-11(2)14/h6-8,11-12,14H,5,9H2,1-4H3/b8-7+"
CC(C1)CCC(O)(C1)C(C)C,"InChI=1S/C10H20O/c1-8(2)10(11)6-4-9(3)5-7-10/h8-9,11H,4-7H2,1-3H3"
CC(C1)CC(O)C(C1)C(C)C,"InChI=1S/C10H20O/c1-7(2)9-5-4-8(3)6-10(9)11/h7-11H,4-6H2,1-3H3"
CC(C)C([H])(C1)C([H])(O)CC([H])(C)C1,"InChI=1S/C10H20O/c1-7(2)9-5-4-8(3)6-10(9)11/h7-11H,4-6H2,1-3H3/t8-,9-,10+/m0/s1"
CC(C1)=CCC(O)(C1)C(C)C,"InChI=1S/C10H18O/c1-8(2)10(11)6-4-9(3)5-7-10/h4,8,11H,5-7H2,1-3H3"
CC(=C)C(C1)CCC(C)(O)C1,"InChI=1S/C10H18O/c1-8(2)9-4-6-10(3,11)7-5-9/h9,11H,1,4-7H2,2-3H3"
C=CC(=C)CCCC(C)(C)O,"InChI=1S/C10H18O/c1-5-9(2)7-6-8-10(3,4)11/h5,11H,1-2,6-8H2,3-4H3"
OCC(CC=C(C)C)C(C)=C,"InChI=1S/C10H18O/c1-8(2)5-6-10(7-11)9(3)4/h5,10-11H,3,6-7H2,1-2,4H3"
OC(C1)C(C)(C2)C(C)(C)C(C2)1,"InChI=1S/C10H18O/c1-9(2)7-4-5-10(9,3)8(11)6-7/h7-8,11H,4-6H2,1-3H3/t7-,8-,10+/m0/s1"
OCCC(C)CCCC(C)C,"InChI=1S/C10H22O/c1-9(2)5-4-6-10(3)7-8-11/h9-11H,4-8H2,1-3H3"
CCC(=O)OC(C)c(c1)cccc1,"InChI=1S/C11H14O2/c1-3-11(12)13-9(2)10-7-5-4-6-8-10/h4-9H,3H2,1-2H3"
CCC(=O)Oc(c1)cccc1,"InChI=1S/C9H10O2/c1-2-9(10)11-8-6-4-3-5-7-8/h3-7H,2H2,1H3"
CCC(=O)OCC(C1)OCC1,"InChI=1S/C8H14O3/c1-2-8(9)11-6-7-4-3-5-10-7/h7H,2-6H2,1H3"
CCC(=O)OC(C1)CCCCCCCC1,"InChI=1S/C13H24O2/c1-2-13(14)15-12-10-8-6-4-3-5-7-9-11-12/h12H,2-11H2,1H3"
CCC(=O)OCCC(C)CC(C)(C)C,"InChI=1S/C12H24O2/c1-6-11(13)14-8-7-10(2)9-12(3,4)5/h10H,6-9H2,1-5H3"
COC(=O)CCC(C1)CCCC1,"InChI=1S/C10H18O2/c1-12-10(11)8-7-9-5-3-2-4-6-9/h9H,2-8H2,1H3"
CCC(=O)OC(C1)C(CCC(C)1)C(C)C,"InChI=1S/C13H24O2/c1-5-13(14)15-12-8-10(4)6-7-11(12)9(2)3/h9-12H,5-8H2,1-4H3"
CCC(=O)OCCC(C)CCC=C(C)C,"InChI=1S/C13H24O2/c1-5-13(14)15-10-9-12(4)8-6-7-11(2)3/h7,12H,5-6,8-10H2,1-4H3"
CCC(=O)OC(C)(C)C(C1)CC=C(C)C1,"InChI=1S/C13H22O2/c1-5-12(14)15-13(3,4)11-8-6-10(2)7-9-11/h6,11H,5,7-9H2,1-4H3"
CCC(=O)OCC([H])=C(C)CCC=C(C)C,"InChI=1S/C13H22O2/c1-5-13(14)15-10-9-12(4)8-6-7-11(2)3/h7,9H,5-6,8,10H2,1-4H3/b12-9-"
CCC(=O)OC(C)(C=C)CCC=C(C)C,"InChI=1S/C13H22O2/c1-6-12(14)15-13(5,7-2)10-8-9-11(3)4/h7,9H,2,6,8,10H2,1,3-5H3"
CCC(=O)OC(C1)C(C)(C2)C(C)(C)C(C2)1,"InChI=1S/C13H22O2/c1-5-11(14)15-10-8-9-6-7-13(10,4)12(9,2)3/h9-10H,5-8H2,1-4H3/t9-,10?,13+/m0/s1"
CCC(=O)OC(C1)C(C)=CCC(C(C)=C)1,"InChI=1S/C13H20O2/c1-5-13(14)15-12-8-11(9(2)3)7-6-10(12)4/h6,11-12H,2,5,7-8H2,1,3-4H3"
CCOCCC(=O)OCC,"InChI=1S/C7H14O3/c1-3-9-6-5-7(8)10-4-2/h3-6H2,1-2H3"
CCCCCCCCOC(=O)CC,"InChI=1S/C11H22O2/c1-3-5-6-7-8-9-10-13-11(12)4-2/h3-10H2,1-2H3"
CCCCCCCOC(=O)CC,"InChI=1S/C10H20O2/c1-3-5-6-7-8-9-12-10(11)4-2/h3-9H2,1-2H3"
CC(=O)OCc(c1)c(C)ccc1,"InChI=1S/C10H12O2/c1-8-5-3-4-6-10(8)7-12-9(2)11/h3-6H,7H2,1-2H3"
CC(=O)OCc(c1)cc(C)cc1,"InChI=1S/C10H12O2/c1-8-4-3-5-10(6-8)7-12-9(2)11/h3-6H,7H2,1-2H3"
CC(=O)OCc(c1)ccc(C)c1,"InChI=1S/C10H12O2/c1-8-3-5-10(6-4-8)7-12-9(2)11/h3-6H,7H2,1-2H3"
CC(=O)OC(C)c(c1)cccc1,"InChI=1S/C10H12O2/c1-8(12-9(2)11)10-6-4-3-5-7-10/h3-8H,1-2H3"
CC(=O)Oc(c1)c(C)ccc1,"InChI=1S/C9H10O2/c1-7-5-3-4-6-9(7)11-8(2)10/h3-6H,1-2H3"
CC(=O)OC(C(C)C)Cc(c1)cccc1,"InChI=1S/C13H18O2/c1-10(2)13(15-11(3)14)9-12-7-5-4-6-8-12/h4-8,10,13H,9H2,1-3H3"
CC(=O)OCC=Cc(c1)cccc1,"InChI=1S/C11H12O2/c1-10(12)13-9-5-8-11-6-3-2-4-7-11/h2-8H,9H2,1H3/b8-5+"
CC(=O)Oc(c1)cccc1,"InChI=1S/C8H8O2/c1-7(9)10-8-5-3-2-4-6-8/h2-6H,1H3"
CC(=O)OCCC(C1)CCCC1,"InChI=1S/C10H18O2/c1-9(11)12-8-7-10-5-3-2-4-6-10/h10H,2-8H2,1H3"
CC(=O)OC(C1)CCCC1,"InChI=1S/C8H14O2/c1-7(9)10-8-5-3-2-4-6-8/h8H,2-6H2,1H3"
CC(=O)OCc(c1)occ1,"InChI=1S/C7H8O3/c1-6(8)10-5-7-3-2-4-9-7/h2-4H,5H2,1H3"
CC1=CC[C@@H](CC1)C(=C)C,"InChI=1S/C10H16/c1-8(2)10-6-4-9(3)5-7-10/h4,10H,1,5-7H2,2-3H3/t10-/m0/s1"
C=C(C21)C(C)(C)C(CC2)C1,"InChI=1S/C10H16/c1-7-8-4-5-9(6-8)10(7,2)3/h8-9H,1,4-6H2,2-3H3"
C(C1)CCCC1,InChI=1S/C6H12/c1-2-4-6-5-3-1/h1-6H2
CCCCCCCCCCCCCCCCCCC,"InChI=1S/C19H40/c1-3-5-7-9-11-13-15-17-19-18-16-14-12-10-8-6-4-2/h3-19H2,1-2H3"
CCCCCCCCCCCCCCCC=C,"InChI=1S/C17H34/c1-3-5-7-9-11-13-15-17-16-14-12-10-8-6-4-2/h3H,1,4-17H2,2H3"
CCCCCCCCCCCCCCC=C,"InChI=1S/C16H32/c1-3-5-7-9-11-13-15-16-14-12-10-8-6-4-2/h3H,1,4-16H2,2H3"
CCCCCCCCCCCCC=C,"InChI=1S/C14H28/c1-3-5-7-9-11-13-14-12-10-8-6-4-2/h3H,1,4-14H2,2H3"
CCCCCCCCC=C,"InChI=1S/C10H20/c1-3-5-7-9-10-8-6-4-2/h3H,1,4-10H2,2H3"
CCCCCCCCC,"InChI=1S/C9H20/c1-3-5-7-9-8-6-4-2/h3-9H2,1-2H3"
CCCCCCCC,"InChI=1S/C8H18/c1-3-5-7-8-6-4-2/h3-8H2,1-2H3"
CCCCCC=CC,"InChI=1S/C8H16/c1-3-5-7-8-6-4-2/h3,5H,4,6-8H2,1-2H3/b5-3+"
CCCCCCC=C,"InChI=1S/C8H16/c1-3-5-7-8-6-4-2/h3H,1,4-8H2,2H3"
CCCCCCCCCCCC(C)O,"InChI=1S/C13H28O/c1-3-4-5-6-7-8-9-10-11-12-13(2)14/h13-14H,3-12H2,1-2H3"
CCCCCCCCCCCCO,"InChI=1S/C12H26O/c1-2-3-4-5-6-7-8-9-10-11-12-13/h13H,2-12H2,1H3"
CCCCCCCCC(O)CC,"InChI=1S/C11H24O/c1-3-5-6-7-8-9-10-11(12)4-2/h11-12H,3-10H2,1-2H3"
CCCCCCCCCC(C)O,"InChI=1S/C11H24O/c1-3-4-5-6-7-8-9-10-11(2)12/h11-12H,3-10H2,1-2H3"
CCCCCCC(O)CC,"InChI=1S/C9H20O/c1-3-5-6-7-8-9(10)4-2/h9-10H,3-8H2,1-2H3"
CCCCCCCC(C)O,"InChI=1S/C9H20O/c1-3-4-5-6-7-8-9(2)10/h9-10H,3-8H2,1-2H3"
CCCCC(CC)CO,"InChI=1S/C8H18O/c1-3-5-6-8(4-2)7-9/h8-9H,3-7H2,1-2H3"
CCCCCC(O)CC,"InChI=1S/C8H18O/c1-3-5-6-7-8(9)4-2/h8-9H,3-7H2,1-2H3"
CCCCCCC(C)O,"InChI=1S/C8H18O/c1-3-4-5-6-7-8(2)9/h8-9H,3-7H2,1-2H3"
CCCC(O)C(C)C,"InChI=1S/C7H16O/c1-4-5-7(8)6(2)3/h6-8H,4-5H2,1-3H3"
CCCCCCCO,"InChI=1S/C7H16O/c1-2-3-4-5-6-7-8/h8H,2-7H2,1H3"
CCCCC=CCO,"InChI=1S/C7H14O/c1-2-3-4-5-6-7-8/h5-6,8H,2-4,7H2,1H3/b6-5+"
CCC(CC)CO,"InChI=1S/C6H14O/c1-3-6(4-2)5-7/h6-7H,3-5H2,1-2H3"
CCCC(O)CC,"InChI=1S/C6H14O/c1-3-5-6(7)4-2/h6-7H,3-5H2,1-2H3"
CCCCC(C)O,"InChI=1S/C6H14O/c1-3-4-5-6(2)7/h6-7H,3-5H2,1-2H3"
CCC=CCCO,"InChI=1S/C6H12O/c1-2-3-4-5-6-7/h3-4,7H,2,5-6H2,1H3/b4-3+"
CCCC=CCO,"InChI=1S/C6H12O/c1-2-3-4-5-6-7/h4-5,7H,2-3,6H2,1H3/b5-4+"
OCCC(C)C,"InChI=1S/C5H12O/c1-5(2)3-4-6/h5-6H,3-4H2,1-2H3"
CC=C(C)C(=O)OCc(c1)cccc1,"InChI=1S/C12H14O2/c1-3-10(2)12(13)14-9-11-7-5-4-6-8-11/h3-8H,9H2,1-2H3/b10-3+"
CCCCCCOC(=O)C(C)=CC,"InChI=1S/C11H20O2/c1-4-6-7-8-9-13-11(12)10(3)5-2/h5H,4,6-9H2,1-3H3/b10-5+"
CC=C(C)C(=O)OCCC(C)C,"InChI=1S/C10H18O2/c1-5-9(4)10(11)12-7-6-8(2)3/h5,8H,6-7H2,1-4H3/b9-5+"
CC=C(C)C(=O)OCC(C)C,"InChI=1S/C9H16O2/c1-5-8(4)9(10)11-6-7(2)3/h5,7H,6H2,1-4H3/b8-5+"
CC=C(C)C(=O)OC(C)C,"InChI=1S/C8H14O2/c1-5-7(4)8(9)10-6(2)3/h5-6H,1-4H3/b7-5+"
C=CCOC(=O)C(C)=CC,"InChI=1S/C8H12O2/c1-4-6-10-8(9)7(3)5-2/h4-5H,1,6H2,2-3H3/b7-5+"
CCOC(=O)C(C)=CC,"InChI=1S/C7H12O2/c1-4-6(3)7(8)9-5-2/h4H,5H2,1-3H3/b6-4+"
CC=C(C)C(=O)OC,"InChI=1S/C6H10O2/c1-4-5(2)6(7)8-3/h4H,1-3H3/b5-4+"
CC=CC(=O)OCCc(c1)cccc1,"InChI=1S/C12H14O2/c1-2-6-12(13)14-10-9-11-7-4-3-5-8-11/h2-8H,9-10H2,1H3/b6-2+"
CC=CC(=O)OCc(c1)cccc1,"InChI=1S/C11H12O2/c1-2-6-11(12)13-9-10-7-4-3-5-8-10/h2-8H,9H2,1H3/b6-2+"
CCCCCCCCOC(=O)C=CC,"InChI=1S/C12H22O2/c1-3-5-6-7-8-9-11-14-12(13)10-4-2/h4,10H,3,5-9,11H2,1-2H3/b10-4+"
CCC=CCCOC(=O)C=CC,"InChI=1S/C10H16O2/c1-3-5-6-7-9-12-10(11)8-4-2/h4-6,8H,3,7,9H2,1-2H3/b6-5-,8-4+"
CC=CC(=O)OCCC(C)C,"InChI=1S/C9H16O2/c1-4-5-9(10)11-7-6-8(2)3/h4-5,8H,6-7H2,1-3H3/b5-4+"
CCCCCOC(=O)C=CC,"InChI=1S/C9H16O2/c1-3-5-6-8-11-9(10)7-4-2/h4,7H,3,5-6,8H2,1-2H3/b7-4+"
CCCCOC(=O)C=CC,"InChI=1S/C8H14O2/c1-3-5-7-10-8(9)6-4-2/h4,6H,3,5,7H2,1-2H3/b6-4+"
C=CCOC(=O)C=CC,"InChI=1S/C7H10O2/c1-3-5-7(8)9-6-4-2/h3-5H,2,6H2,1H3/b5-3+"
CCCCOCCOC(C)=O,"InChI=1S/C8H16O3/c1-3-4-5-10-6-7-11-8(2)9/h3-7H2,1-2H3"
CCOCC(=O)OCC,"InChI=1S/C6H12O3/c1-3-8-5-6(7)9-4-2/h3-5H2,1-2H3"
CC(C)=CCOC(C)=O,"InChI=1S/C7H12O2/c1-6(2)4-5-9-7(3)8/h4H,5H2,1-3H3"
C=CCCCCCCCCCOC(C)=O,"InChI=1S/C13H24O2/c1-3-4-5-6-7-8-9-10-11-12-15-13(2)14/h3H,1,4-12H2,2H3"
CCCCCCCCCCOC(C)=O,"InChI=1S/C12H24O2/c1-3-4-5-6-7-8-9-10-11-14-12(2)13/h3-11H2,1-2H3"
CCCCCCC(CC)OC(C)=O,"InChI=1S/C11H22O2/c1-4-6-7-8-9-11(5-2)13-10(3)12/h11H,4-9H2,1-3H3"
CCCCCCCCCOC(C)=O,"InChI=1S/C11H22O2/c1-3-4-5-6-7-8-9-10-13-11(2)12/h3-10H2,1-2H3"
CCCCCC(C)(CC)OC(C)=O,"InChI=1S/C11H22O2/c1-5-7-8-9-11(4,6-2)13-10(3)12/h5-9H2,1-4H3"
CCCCCC(CC)OC(C)=O,"InChI=1S/C10H20O2/c1-4-6-7-8-10(5-2)12-9(3)11/h10H,4-8H2,1-3H3"
CCCCCCCCOC(C)=O,"InChI=1S/C10H20O2/c1-3-4-5-6-7-8-9-12-10(2)11/h3-9H2,1-2H3"
CCCCC(CC)COC(C)=O,"InChI=1S/C10H20O2/c1-4-6-7-10(5-2)8-12-9(3)11/h10H,4-8H2,1-3H3"
CCCCCCCOC(C)=O,"InChI=1S/C9H18O2/c1-3-4-5-6-7-8-11-9(2)10/h3-8H2,1-2H3"
CCCC=CCCOC(C)=O,"InChI=1S/C9H16O2/c1-3-4-5-6-7-8-11-9(2)10/h5-6H,3-4,7-8H2,1-2H3/b6-5-"
CCCC(C)COC(C)=O,"InChI=1S/C8H16O2/c1-4-5-7(2)6-10-8(3)9/h7H,4-6H2,1-3H3"
CCCCCCOC(C)=O,"InChI=1S/C8H16O2/c1-3-4-5-6-7-10-8(2)9/h3-7H2,1-2H3"
CCC(CC)COC(C)=O,"InChI=1S/C8H16O2/c1-4-8(5-2)6-10-7(3)9/h8H,4-6H2,1-3H3"
CCC=CCCOC(C)=O,"InChI=1S/C8H14O2/c1-3-4-5-6-7-10-8(2)9/h4-5H,3,6-7H2,1-2H3/b5-4-"
Cc(c1)cccc1,"InChI=1S/C7H8/c1-7-5-3-2-4-6-7/h2-6H,1H3"
CC(C)CI,"InChI=1S/C4H9I/c1-4(2)3-5/h4H,3H2,1-2H3"
CO[Si](C)(OC)OC,"InChI=1S/C4H12O3Si/c1-5-8(4,6-2)7-3/h1-4H3"
CO[Si](OC)(OC)c(c1)cccc1,"InChI=1S/C9H14O3Si/c1-10-13(11-2,12-3)9-7-5-4-6-8-9/h4-8H,1-3H3"
CCC(C(C)=O)C(C)=O,"InChI=1S/C7H12O2/c1-4-7(5(2)8)6(3)9/h7H,4H2,1-3H3"
CC(C)CC(=O)CC(C)=O,"InChI=1S/C8H14O2/c1-6(2)4-8(10)5-7(3)9/h6H,4-5H2,1-3H3"
CCCCl,"InChI=1S/C3H7Cl/c1-2-3-4/h2-3H2,1H3"
O=C(F)c(c1)cccc1,InChI=1S/C7H5FO/c8-7(9)6-4-2-1-3-5-6/h1-5H
Fc(c1)cccc1,InChI=1S/C6H5F/c7-6-4-2-1-3-5-6/h1-5H
C(C1)CCCCCC1,InChI=1S/C8H16/c1-2-4-6-8-7-5-3-1/h1-8H2
C(C1)CCCCC1,InChI=1S/C7H14/c1-2-4-6-7-5-3-1/h1-7H2
C(C1)CCC1,InChI=1S/C5H10/c1-2-4-5-3-1/h1-5H2
Cc(c1)cc(c2)c(ccc2)c1,"InChI=1S/C11H10/c1-9-6-7-10-4-2-3-5-11(10)8-9/h2-8H,1H3"
C=COc(c1)cccc1,"InChI=1S/C8H8O/c1-2-9-8-6-4-3-5-7-8/h2-7H,1H2"
C(C1)CC=CC1,"InChI=1S/C6H10/c1-2-4-6-5-3-1/h1-2H,3-6H2"
CCOC(C)(C)OCC,"InChI=1S/C7H16O2/c1-5-8-7(3,4)9-6-2/h5-6H2,1-4H3"
C(C1)OCCO1,InChI=1S/C4H8O2/c1-2-6-4-3-5-1/h1-4H2
OC(C1)CCCCCC1,"InChI=1S/C8H16O/c9-8-6-4-2-1-3-5-7-8/h8-9H,1-7H2"
C(C1)CCC=CCC1,"InChI=1S/C8H14/c1-2-4-6-8-7-5-3-1/h1-2H,3-8H2/b2-1-"
C(C1)CC=C1,"InChI=1S/C5H8/c1-2-4-5-3-1/h1-2H,3-5H2"
CCO,"InChI=1S/C2H6O/c1-2-3/h3H,2H2,1H3"
O=C(CC(=O)C(F)(F)F)c(c1)cccc1,"InChI=1S/C10H7F3O2/c11-10(12,13)9(15)6-8(14)7-4-2-1-3-5-7/h1-5H,6H2"
BrCCOc(c1)cccc1,"InChI=1S/C8H9BrO/c9-6-7-10-8-4-2-1-3-5-8/h1-5H,6-7H2"
c(c2)ccc(c2)Sc(c1)cccc1,InChI=1S/C12H10S/c1-3-7-11(8-4-1)13-12-9-5-2-6-10-12/h1-10H
N#CCCOCCOCCC#N,"InChI=1S/C8H12N2O2/c9-3-1-5-11-7-8-12-6-2-4-10/h1-2,5-8H2"
CCCCOCCOCCCC,"InChI=1S/C10H22O2/c1-3-5-7-11-9-10-12-8-6-4-2/h3-10H2,1-2H3"
OCCOC(C)(C)C,"InChI=1S/C6H14O2/c1-6(2,3)8-5-4-7/h7H,4-5H2,1-3H3"
OCCOCC(C)C,"InChI=1S/C6H14O2/c1-6(2)5-8-4-3-7/h6-7H,3-5H2,1-2H3"
CCCC(=O)OCCOC(=O)CCC,"InChI=1S/C10H18O4/c1-3-5-9(11)13-7-8-14-10(12)6-4-2/h3-8H2,1-2H3"
CCC(CC)C=O,"InChI=1S/C6H12O/c1-3-6(4-2)5-7/h5-6H,3-4H2,1-2H3"
CCOCCO,"InChI=1S/C4H10O2/c1-2-6-4-3-5/h5H,2-4H2,1H3"
OCCO,"InChI=1S/C2H6O2/c3-1-2-4/h3-4H,1-2H2"
CCCCCCOCCO,"InChI=1S/C8H18O2/c1-2-3-4-5-7-10-8-6-9/h9H,2-8H2,1H3"
C=CC(C)=C,"InChI=1S/C5H8/c1-4-5(2)3/h4H,1-2H2,3H3"
C=CCOCCO,"InChI=1S/C5H10O2/c1-2-4-7-5-3-6/h2,6H,1,3-5H2"
O=Cc(c1)cc(Br)c(O)c(O)1,"InChI=1S/C7H5BrO3/c8-5-1-4(3-9)2-6(10)7(5)11/h1-3,10-11H"
O=Cc(c1)cc(Br)c(O)c1,"InChI=1S/C7H5BrO2/c8-6-3-5(4-9)1-2-7(6)10/h1-4,10H"
O=Cc(c(O)1)cc(Br)cc1,"InChI=1S/C7H5BrO2/c8-6-1-2-7(10)5(3-6)4-9/h1-4,10H"
O=Cc(c1)cc(Br)cc1,InChI=1S/C7H5BrO/c8-7-3-1-2-6(4-7)5-9/h1-5H
Oc(c1)c(Br)ccc1,"InChI=1S/C6H5BrO/c7-5-3-1-2-4-6(5)8/h1-4,8H"
c(c1)ccc(Br)c1,InChI=1S/C6H5Br/c7-6-4-2-1-3-5-6/h1-5H
COC(C1)=C([H])C(=O)C(O)1C(=O)OC,"InChI=1S/C8H10O5/c1-12-5-3-6(9)8(11,4-5)7(10)13-2/h3,11H,4H2,1-2H3/t8-/m1/s1"
CCCCCCCCCCCCCC(=O)CC(=O)OC,"InChI=1S/C17H32O3/c1-3-4-5-6-7-8-9-10-11-12-13-14-16(18)15-17(19)20-2/h3-15H2,1-2H3"
CCCCCCCCCCCCCC(OC(C)=O)CC(=O)OC,"InChI=1S/C19H36O4/c1-4-5-6-7-8-9-10-11-12-13-14-15-18(23-17(2)20)16-19(21)22-3/h18H,4-16H2,1-3H3"
CCCCCCCCCCCCCC(O)CC(=O)OC,"InChI=1S/C17H34O3/c1-3-4-5-6-7-8-9-10-11-12-13-14-16(18)15-17(19)20-2/h16,18H,3-15H2,1-2H3"
COCc(c1)c(CS(C)(=O)=O)c(OC)c(OC)c(OC)1,"InChI=1S/C13H20O6S/c1-16-7-9-6-11(17-2)13(19-4)12(18-3)10(9)8-20(5,14)15/h6H,7-8H2,1-5H3"
COCc(c1)c(CS(C)(=O)=O)c(OC(C)=O)c(OC(C)=O)c(OC(C)=O)1,"InChI=1S/C16H20O9S/c1-9(17)23-14-6-12(7-22-4)13(8-26(5,20)21)15(24-10(2)18)16(14)25-11(3)19/h6H,7-8H2,1-5H3"
COCc(c1)c(CS(C)(=O)=O)c(O)c(O)c(O)1,"InChI=1S/C10H14O6S/c1-16-4-6-3-8(11)10(13)9(12)7(6)5-17(2,14)15/h3,11-13H,4-5H2,1-2H3"
COCc(c1)c(CSC)c(OC)c(OC)c(OC)1,"InChI=1S/C13H20O4S/c1-14-7-9-6-11(15-2)13(17-4)12(16-3)10(9)8-18-5/h6H,7-8H2,1-5H3"
CSCc(c(CO)1)c(OC)c(OC)c(OC)c1,"InChI=1S/C12H18O4S/c1-14-10-5-8(6-13)9(7-17-4)11(15-2)12(10)16-3/h5,13H,6-7H2,1-4H3"
COCc(c1)cc(OC)c(OC)c(OC)1,"InChI=1S/C11H16O4/c1-12-7-8-5-9(13-2)11(15-4)10(6-8)14-3/h5-6H,7H2,1-4H3"
COCc(c1)cc(OC(C)=O)c(OC(C)=O)c(OC(C)=O)1,"InChI=1S/C14H16O7/c1-8(15)19-12-5-11(7-18-4)6-13(20-9(2)16)14(12)21-10(3)17/h5-6H,7H2,1-4H3"
COCc(c1)cc(O)c(O)c(O)1,"InChI=1S/C8H10O4/c1-12-4-5-2-6(9)8(11)7(10)3-5/h2-3,9-11H,4H2,1H3"
COc(c2)cc(O1)c(c2)C(C=O)=CC(=O)1,"InChI=1S/C11H8O4/c1-14-8-2-3-9-7(6-12)4-11(13)15-10(9)5-8/h2-6H,1H3"
COC(=O)C(C2)(C1CC(O3)(OCC3)C2)C(C)(OC(C)=O)C(=O)O1,"InChI=1S/C15H20O8/c1-9(16)23-13(2)11(17)22-10-8-14(20-6-7-21-14)4-5-15(10,13)12(18)19-3/h10H,4-8H2,1-3H3"
CC(=O)OCCN(C(C)=O)c(c1)c(C)ccc1,"InChI=1S/C13H17NO3/c1-10-6-4-5-7-13(10)14(11(2)15)8-9-17-12(3)16/h4-7H,8-9H2,1-3H3"
CC(=O)OCCN(C(C)=O)c(c1)cccc1,"InChI=1S/C12H15NO3/c1-10(14)13(8-9-16-11(2)15)12-6-4-3-5-7-12/h3-7H,8-9H2,1-2H3"
CC(=O)OCCN(C(C)=O)c(c1)c(C)c(OC(C)=O)c(C)c(OC)1,"InChI=1S/C17H23NO6/c1-10-15(18(12(3)19)7-8-23-13(4)20)9-16(22-6)11(2)17(10)24-14(5)21/h9H,7-8H2,1-6H3"
CCC([H])(C)C(=O)OC(C)(C(=O)1)C(OC(C)=O)=C(C)C(OC)=C1,"InChI=1S/C16H22O6/c1-7-9(2)15(19)22-16(5)13(18)8-12(20-6)10(3)14(16)21-11(4)17/h8-9H,7H2,1-6H3/t9-,16-/m1/s1"
CCC([H])(C)C(=O)OC(C)(C(=O)1)C(OC(C)=O)=CC(OC)=C(C)1,"InChI=1S/C16H22O6/c1-7-9(2)15(19)22-16(5)13(21-11(4)17)8-12(20-6)10(3)14(16)18/h8-9H,7H2,1-6H3/t9-,16-/m1/s1"
CCC([H])(C)C(=O)OC(C)(C(=O)1)C(OC(=O)c(c2)ccc([N+1]([O-1])=O)c2)=CC(OC)=C(C)1,"InChI=1S/C21H23NO8/c1-6-12(2)19(24)30-21(4)17(11-16(28-5)13(3)18(21)23)29-20(25)14-7-9-15(10-8-14)22(26)27/h7-12H,6H2,1-5H3/t12-,21-/m1/s1"
CC(=O)OCCNC(=C1)C(C)(OC(=O)C([H])(C)CC)C(=O)C(C)=C(OC)1,"InChI=1S/C18H27NO6/c1-7-11(2)17(22)25-18(5)15(19-8-9-24-13(4)20)10-14(23-6)12(3)16(18)21/h10-11,19H,7-9H2,1-6H3/t11-,18-/m1/s1"
OCCNC(=C1)C(C)(OC(=O)C([H])(C)CC)C(=O)C(C)=C(OC)1,"InChI=1S/C16H25NO5/c1-6-10(2)15(20)22-16(4)13(17-7-8-18)9-12(21-5)11(3)14(16)19/h9-10,17-18H,6-8H2,1-5H3/t10-,16-/m1/s1"
COc(c1)c(C)c(OC)c(C)c(O)1,"InChI=1S/C10H14O3/c1-6-8(11)5-9(12-3)7(2)10(6)13-4/h5,11H,1-4H3"
CCC([H])(C)C(=O)OC(C)(C(O)=1)C(=O)C(C)=C(OC)C1,"InChI=1S/C14H20O5/c1-6-8(2)13(17)19-14(4)11(15)7-10(18-5)9(3)12(14)16/h7-8,15H,6H2,1-5H3/t8-,14-/m1/s1"
ClCCOC(=C1)C(C)(OC(=O)C([H])(C)CC)C(=O)C(C)=C(OC)1,"InChI=1S/C16H23ClO5/c1-6-10(2)15(19)22-16(4)13(21-8-7-17)9-12(20-5)11(3)14(16)18/h9-10H,6-8H2,1-5H3/t10-,16-/m1/s1"
CCOC(=C([H])1)C(C)(OC(=O)C(C)CC)C(=O)C(C)=C(OC)1,"InChI=1S/C16H24O5/c1-7-10(3)15(18)21-16(5)13(20-8-2)9-12(19-6)11(4)14(16)17/h9-10H,7-8H2,1-6H3/t10-,16-/m1/s1"
CCC([H])(C)C(=O)OC(C)(C(=O)1)C(OC)=C(C)C(OC)=C([H])1,"InChI=1S/C15H22O5/c1-7-9(2)14(17)20-15(4)12(16)8-11(18-5)10(3)13(15)19-6/h8-9H,7H2,1-6H3/t9-,15-/m1/s1"
CCC([H])(C)C(=O)OC(C)(C(=O)1)C(OC)=C([H])C(OC)=C(C)1,"InChI=1S/C15H22O5/c1-7-9(2)14(17)20-15(4)12(19-6)8-11(18-5)10(3)13(15)16/h8-9H,7H2,1-6H3/t9-,15-/m1/s1"
CC(=O)C([H])=C([H])C([H])(C(C)=1)C(C)(C)CCC([H])1,"InChI=1S/C13H20O/c1-10-6-5-9-13(3,4)12(10)8-7-11(2)14/h6-8,12H,5,9H2,1-4H3/b8-7+/t12-/m0/s1"
CC(=C)C([H])(C2)CC(O1)C(C)(C(=O)2)1,"InChI=1S/C10H14O2/c1-6(2)7-4-8(11)10(3)9(5-7)12-10/h7,9H,1,4-5H2,2-3H3/t7-,9?,10?/m1/s1"
CC(C)C(C2)(C1)C([H])1C([H])(C)C(=O)2,"InChI=1S/C10H16O/c1-6(2)10-4-8(10)7(3)9(11)5-10/h6-8H,4-5H2,1-3H3/t7-,8-,10+/m1/s1"
CC(C1)CC(=O)C(C1)=C(C)C,"InChI=1S/C10H16O/c1-7(2)9-5-4-8(3)6-10(9)11/h8H,4-6H2,1-3H3"
CC(C)C(C1)C(=O)C=C(C)C1,"InChI=1S/C10H16O/c1-7(2)9-5-4-8(3)6-10(9)11/h6-7,9H,4-5H2,1-3H3"
O=C(C(C)(C)1)C(C)(C2)CC(C2)1,"InChI=1S/C10H16O/c1-9(2)7-4-5-10(3,6-7)8(9)11/h7H,4-6H2,1-3H3"
O=C(C1)C(C)(C2)C(C)(C)C(C2)1,"InChI=1S/C10H16O/c1-9(2)7-4-5-10(9,3)8(11)6-7/h7H,4-6H2,1-3H3"
CC(=C2)C(C1)C(C)(C)C(C(=O)2)1,"InChI=1S/C10H14O/c1-6-4-9(11)8-5-7(6)10(8,2)3/h4,7-8H,5H2,1-3H3"
CC(=C)C(C1)CC(=O)C(C)=C1,"InChI=1S/C10H14O/c1-7(2)9-5-4-8(3)10(11)6-9/h4,9H,1,5-6H2,2-3H3"
O=C(C1)C(=O)CCC1,InChI=1S/C6H8O2/c7-5-3-1-2-4-6(5)8/h1-4H2
CCCCCCCCC(C1)CCC(=O)C1,"InChI=1S/C14H26O/c1-2-3-4-5-6-7-8-13-9-11-14(15)12-10-13/h13H,2-12H2,1H3"
CCCCCCCC(C1)C(=O)CC1,"InChI=1S/C12H22O/c1-2-3-4-5-6-8-11-9-7-10-12(11)13/h11H,2-10H2,1H3"
O=C(C1)CCCCCCCCCC1,InChI=1S/C12H22O/c13-12-10-8-6-4-2-1-3-5-7-9-11-12/h1-11H2
O=C(C2)C(CCC2)C(C1)CCCC1,"InChI=1S/C12H20O/c13-12-9-5-4-8-11(12)10-6-2-1-3-7-10/h10-11H,1-9H2"
CC(C)C(C2)(C1)OC(C)(C2)C1,"InChI=1S/C10H18O/c1-8(2)10-6-4-9(3,11-10)5-7-10/h8H,4-7H2,1-3H3"
CC(C)(C23)C(C3)C(C)(O1)C(C2)1,"InChI=1S/C10H16O/c1-9(2)6-4-7(9)10(3)8(5-6)11-10/h6-8H,4-5H2,1-3H3"
CC(=C)C(C2)CC([H])(O1)C(C)(C2)1,"InChI=1S/C10H16O/c1-7(2)8-4-5-10(3)9(6-8)11-10/h8-9H,1,4-6H2,2-3H3/t8?,9-,10-/m0/s1"
C=CCOCC(C1)O1,"InChI=1S/C6H10O2/c1-2-3-7-4-6-5-8-6/h2,6H,1,3-5H2"
CC(C)COc(c1)cc(c2)c(ccc2)c1,"InChI=1S/C14H16O/c1-11(2)10-15-14-8-7-12-5-3-4-6-13(12)9-14/h3-9,11H,10H2,1-2H3"
CC(C)CCOCCc(c1)cccc1,"InChI=1S/C13H20O/c1-12(2)8-10-14-11-9-13-6-4-3-5-7-13/h3-7,12H,8-11H2,1-2H3"
O(C=1C=CC=2C=CC=CC2C1)CC,"InChI=1S/C12H12O/c1-2-13-12-8-7-10-5-3-4-6-11(10)9-12/h3-9H,2H2,1H3"
CCOc(c1)ccc(OCC)c1,"InChI=1S/C10H14O2/c1-3-11-9-5-7-10(8-6-9)12-4-2/h5-8H,3-4H2,1-2H3"
CCOc(c1)c(OCC)ccc1,"InChI=1S/C10H14O2/c1-3-11-9-7-5-6-8-10(9)12-4-2/h5-8H,3-4H2,1-2H3"
OCc(c1)c(OC)ccc1,"InChI=1S/C8H10O2/c1-10-8-5-3-2-4-7(8)6-9/h2-5,9H,6H2,1H3"
OCc(c1)ccc(OC)c1,"InChI=1S/C8H10O2/c1-10-8-4-2-7(6-9)3-5-8/h2-5,9H,6H2,1H3"
CC(C)CC(O)Cc(c1)cccc1,"InChI=1S/C12H18O/c1-10(2)8-12(13)9-11-6-4-3-5-7-11/h3-7,10,12-13H,8-9H2,1-2H3"
CCC(C)(O)CCc(c1)cccc1,"InChI=1S/C12H18O/c1-3-12(2,13)10-9-11-7-5-4-6-8-11/h4-8,13H,3,9-10H2,1-2H3"
CCC(C)(O)Cc(c1)cccc1,"InChI=1S/C11H16O/c1-3-11(2,12)9-10-7-5-4-6-8-10/h4-8,12H,3,9H2,1-2H3"
CC(C)(O)Cc(c1)cccc1,"InChI=1S/C10H14O/c1-10(2,11)8-9-6-4-3-5-7-9/h3-7,11H,8H2,1-2H3"
OCCc(c1)cccc1,"InChI=1S/C8H10O/c9-7-6-8-4-2-1-3-5-8/h1-5,9H,6-7H2"
OC(C1)CCCCCCCCCC1,"InChI=1S/C12H24O/c13-12-10-8-6-4-2-1-3-5-7-9-11-12/h12-13H,1-11H2"
OC(C1)C(CCC1)C(C)(C)C,"InChI=1S/C10H20O/c1-10(2,3)8-6-4-5-7-9(8)11/h8-9,11H,4-7H2,1-3H3"
OC(C1)CC([H])(C2)C([H])(CCC2)C1,"InChI=1S/C10H18O/c11-10-6-5-8-3-1-2-4-9(8)7-10/h8-11H,1-7H2/t8-,9-,10?/m0/s1"
OC(C1)CCCC1,"InChI=1S/C6H12O/c7-6-4-2-1-3-5-6/h6-7H,1-5H2"
OCc(c1)cccc1,"InChI=1S/C7H8O/c8-6-7-4-2-1-3-5-7/h1-5,8H,6H2"
OCCC(C)CC(C)(C)C,"InChI=1S/C9H20O/c1-8(5-6-10)7-9(2,3)4/h8,10H,5-7H2,1-4H3"
CCCCC(O)CCCC,"InChI=1S/C9H20O/c1-3-5-7-9(10)8-6-4-2/h9-10H,3-8H2,1-2H3"
CCC(C)(O)CC,"InChI=1S/C6H14O/c1-4-6(3,7)5-2/h7H,4-5H2,1-3H3"
CCC(O)C(C)C,"InChI=1S/C6H14O/c1-4-6(7)5(2)3/h5-7H,4H2,1-3H3"
CCCC(C)(C)O,"InChI=1S/C6H14O/c1-4-5-6(2,3)7/h7H,4-5H2,1-3H3"
OCCCC(C)C,"InChI=1S/C6H14O/c1-6(2)4-3-5-7/h6-7H,3-5H2,1-2H3"
CCCC(C)CO,"InChI=1S/C6H14O/c1-3-4-6(2)5-7/h6-7H,3-5H2,1-2H3"
CCCC(C)O,"InChI=1S/C5H12O/c1-3-4-5(2)6/h5-6H,3-4H2,1-2H3"
CCCCCCCCCCCC(=O)OC(C)C,"InChI=1S/C15H30O2/c1-4-5-6-7-8-9-10-11-12-13-15(16)17-14(2)3/h14H,4-13H2,1-3H3"
CCCCCCCCCCCC(=O)OCCC,"InChI=1S/C15H30O2/c1-3-5-6-7-8-9-10-11-12-13-15(16)17-14-4-2/h3-14H2,1-2H3"
CCCCCCCCCCC(=O)OC,"InChI=1S/C12H24O2/c1-3-4-5-6-7-8-9-10-11-12(13)14-2/h3-11H2,1-2H3"
CCCCC(CC)C(=O)OCC,"InChI=1S/C10H20O2/c1-4-7-8-9(5-2)10(11)12-6-3/h9H,4-8H2,1-3H3"
CCCCCCC(=O)OCC(C)C,"InChI=1S/C11H22O2/c1-4-5-6-7-8-11(12)13-9-10(2)3/h10H,4-9H2,1-3H3"
CCCCCCC(=O)OCC=C,"InChI=1S/C10H18O2/c1-3-5-6-7-8-10(11)12-9-4-2/h4H,2-3,5-9H2,1H3"
CCCCCCC(=O)OCC,"InChI=1S/C9H18O2/c1-3-5-6-7-8-9(10)11-4-2/h3-8H2,1-2H3"
CCCCCCC(=O)OC,"InChI=1S/C8H16O2/c1-3-4-5-6-7-8(9)10-2/h3-7H2,1-2H3"
CCCCCC(=O)OC(C)c(c1)cccc1,"InChI=1S/C14H20O2/c1-3-4-6-11-14(15)16-12(2)13-9-7-5-8-10-13/h5,7-10,12H,3-4,6,11H2,1-2H3"
CCCC(=O)OC(C1)C(C)(C2)C(C)(C)C(C2)1,"InChI=1S/C14H24O2/c1-5-6-12(15)16-11-9-10-7-8-14(11,4)13(10,2)3/h10-11H,5-9H2,1-4H3"
CCCC(=O)OCC=C(C)CCC=C(C)C,"InChI=1S/C14H24O2/c1-5-7-14(15)16-11-10-13(4)9-6-8-12(2)3/h8,10H,5-7,9,11H2,1-4H3/b13-10-"
CCCC=CCOC(=O)CC,"InChI=1S/C9H16O2/c1-3-5-6-7-8-11-9(10)4-2/h6-7H,3-5,8H2,1-2H3/b7-6+"
CCOC(=O)CCC(C)C,"InChI=1S/C8H16O2/c1-4-10-8(9)6-5-7(2)3/h7H,4-6H2,1-3H3"
CCCC(C)C(=O)OCC,"InChI=1S/C8H16O2/c1-4-6-7(3)8(9)10-5-2/h7H,4-6H2,1-3H3"
CC(C)CCOC(=O)CCC(C)C,"InChI=1S/C11H22O2/c1-9(2)5-6-11(12)13-8-7-10(3)4/h9-10H,5-8H2,1-4H3"
C=CCOC(=O)CCC(C)C,"InChI=1S/C9H16O2/c1-4-7-11-9(10)6-5-8(2)3/h4,8H,1,5-7H2,2-3H3"
CCCCC(=O)OCC=C(C)CCC=C(C)C,"InChI=1S/C15H26O2/c1-5-6-10-15(16)17-12-11-14(4)9-7-8-13(2)3/h8,11H,5-7,9-10,12H2,1-4H3/b14-11+"
CCCCCOC(=O)CC(C)C,"InChI=1S/C10H20O2/c1-4-5-6-7-12-10(11)8-9(2)3/h9H,4-8H2,1-3H3"
O=C(OCCCCCCCCC)CC(C)C,"InChI=1S/C14H28O2/c1-4-5-6-7-8-9-10-11-16-14(15)12-13(2)3/h13H,4-12H2,1-3H3"
CCCCCCCCOC(=O)CC(C)C,"InChI=1S/C13H26O2/c1-4-5-6-7-8-9-10-15-13(14)11-12(2)3/h12H,4-11H2,1-3H3"
CCCCCCCOC(=O)CC(C)C,"InChI=1S/C12H24O2/c1-4-5-6-7-8-9-14-12(13)10-11(2)3/h11H,4-10H2,1-3H3"
CCCCCCOC(=O)CC(C)C,"InChI=1S/C11H22O2/c1-4-5-6-7-8-13-11(12)9-10(2)3/h10H,4-9H2,1-3H3"
CCCC=CCOC(=O)CC(C)C,"InChI=1S/C11H20O2/c1-4-5-6-7-8-13-11(12)9-10(2)3/h6-7,10H,4-5,8-9H2,1-3H3/b7-6+"
CCC(C)COC(=O)CC(C)C,"InChI=1S/C10H20O2/c1-5-9(4)7-12-10(11)6-8(2)3/h8-9H,5-7H2,1-4H3"
CC(C)CCOC(=O)CC(C)C,"InChI=1S/C10H20O2/c1-8(2)5-6-12-10(11)7-9(3)4/h8-9H,5-7H2,1-4H3"
CC(C)COC(=O)CC(C)C,"InChI=1S/C9H18O2/c1-7(2)5-9(10)11-6-8(3)4/h7-8H,5-6H2,1-4H3"
CCCCOC(=O)CC(C)C,"InChI=1S/C9H18O2/c1-4-5-6-11-9(10)7-8(2)3/h8H,4-7H2,1-3H3"
CC(C)CC(=O)OC(C)C,"InChI=1S/C8H16O2/c1-6(2)5-8(9)10-7(3)4/h6-7H,5H2,1-4H3"
CCCOC(=O)CC(C)C,"InChI=1S/C8H16O2/c1-4-5-10-8(9)6-7(2)3/h7H,4-6H2,1-3H3"
C=CCOC(=O)CC(C)C,"InChI=1S/C8H14O2/c1-4-5-10-8(9)6-7(2)3/h4,7H,1,5-6H2,2-3H3"
CCCCC(=O)OC(C1)CCCC1,"InChI=1S/C11H20O2/c1-2-3-9-11(12)13-10-7-5-4-6-8-10/h10H,2-9H2,1H3"
CCCCC(=O)OCc(c1)occ1,"InChI=1S/C10H14O3/c1-2-3-6-10(11)13-8-9-5-4-7-12-9/h4-5,7H,2-3,6,8H2,1H3"
CCCCC(=O)Oc(c1)ccc(C)c1,"InChI=1S/C12H16O2/c1-3-4-5-12(13)14-11-8-6-10(2)7-9-11/h6-9H,3-5H2,1-2H3"
CCCCC(=O)OCc(c1)cccc1,"InChI=1S/C12H16O2/c1-2-3-9-12(13)14-10-11-7-5-4-6-8-11/h4-8H,2-3,9-10H2,1H3"
CCCCC(=O)OC(C1)C(CCC(C)1)C(C)C,"InChI=1S/C15H28O2/c1-5-6-7-15(16)17-14-10-12(4)8-9-13(14)11(2)3/h11-14H,5-10H2,1-4H3"
CCCCC(=O)OCCC(C)CCC=C(C)C,"InChI=1S/C15H28O2/c1-5-6-10-15(16)17-12-11-14(4)9-7-8-13(2)3/h8,14H,5-7,9-12H2,1-4H3"
CC(C)=CCCC(C)=CCOC(=O)CC(C)C,"InChI=1S/C15H26O2/c1-12(2)7-6-8-14(5)9-10-17-15(16)11-13(3)4/h7,9,13H,6,8,10-11H2,1-5H3/b14-9+"
CCCCC(=O)OC(C1)C(C)(C2)C(C)(C)C(C2)1,"InChI=1S/C15H26O2/c1-5-6-7-13(16)17-12-10-11-8-9-15(12,4)14(11,2)3/h11-12H,5-10H2,1-4H3"
CCCCCCOC(=O)CCCC,"InChI=1S/C11H22O2/c1-3-5-7-8-10-13-11(12)9-6-4-2/h3-10H2,1-2H3"
CCCC=CCOC(=O)CCCC,"InChI=1S/C11H20O2/c1-3-5-7-8-10-13-11(12)9-6-4-2/h7-8H,3-6,9-10H2,1-2H3/b8-7+"
CCCCCCCOC(=O)CCC,"InChI=1S/C11H22O2/c1-3-5-6-7-8-10-13-11(12)9-4-2/h3-10H2,1-2H3"
CCCC(C)COC(=O)CCC,"InChI=1S/C10H20O2/c1-4-6-9(3)8-12-10(11)7-5-2/h9H,4-8H2,1-3H3"
CCCC(=O)OC(CC)CCC,"InChI=1S/C10H20O2/c1-4-7-9(6-3)12-10(11)8-5-2/h9H,4-8H2,1-3H3"
CCCCC(C)OC(=O)CCC,"InChI=1S/C10H20O2/c1-4-6-8-9(3)12-10(11)7-5-2/h9H,4-8H2,1-3H3"
CCCCCCOC(=O)CCC,"InChI=1S/C10H20O2/c1-3-5-6-7-9-12-10(11)8-4-2/h3-9H2,1-2H3"
CCC=CCCOC(=O)CCC,"InChI=1S/C10H18O2/c1-3-5-6-7-9-12-10(11)8-4-2/h5-6H,3-4,7-9H2,1-2H3/b6-5-"
CCCC=CCOC(=O)CCC,"InChI=1S/C10H18O2/c1-3-5-6-7-9-12-10(11)8-4-2/h6-7H,3-5,8-9H2,1-2H3/b7-6+"
CCCC(=O)OCCC(C)C,"InChI=1S/C9H18O2/c1-4-5-9(10)11-7-6-8(2)3/h8H,4-7H2,1-3H3"
CCCCCOC(=O)CCC,"InChI=1S/C9H18O2/c1-3-5-6-8-11-9(10)7-4-2/h3-8H2,1-2H3"
CCCC(=O)OCC(C)C,"InChI=1S/C8H16O2/c1-4-5-8(9)10-6-7(2)3/h7H,4-6H2,1-3H3"
CCCCOC(=O)CCC,"InChI=1S/C8H16O2/c1-3-5-7-10-8(9)6-4-2/h3-7H2,1-2H3"
CCCC(=O)OCC(C)=C,"InChI=1S/C8H14O2/c1-4-5-8(9)10-6-7(2)3/h2,4-6H2,1,3H3"
CCCC(=O)OC(C)C,"InChI=1S/C7H14O2/c1-4-5-7(8)9-6(2)3/h6H,4-5H2,1-3H3"
CCCOC(=O)CCC,"InChI=1S/C7H14O2/c1-3-5-7(8)9-6-4-2/h3-6H2,1-2H3"
C=CCOC(=O)CCC,"InChI=1S/C7H12O2/c1-3-5-7(8)9-6-4-2/h4H,2-3,5-6H2,1H3"
CCCC(=O)OCC,"InChI=1S/C6H12O2/c1-3-5-6(7)8-4-2/h3-5H2,1-2H3"
CC(C)COC(=O)CCc(c1)occ1,"InChI=1S/C11H16O3/c1-9(2)8-14-11(12)6-5-10-4-3-7-13-10/h3-4,7,9H,5-6,8H2,1-2H3"
C=CCOC(=O)CCC(C1)CCCC1,"InChI=1S/C12H20O2/c1-2-10-14-12(13)9-8-11-6-4-3-5-7-11/h2,11H,1,3-10H2"
CCC(=O)OCC(COC(=O)CC)OC(=O)CC,"InChI=1S/C12H20O6/c1-4-10(13)16-7-9(18-12(15)6-3)8-17-11(14)5-2/h9H,4-8H2,1-3H3"
CCC(=O)OCC=Cc(c1)cccc1,"InChI=1S/C12H14O2/c1-2-12(13)14-10-6-9-11-7-4-3-5-8-11/h3-9H,2,10H2,1H3/b9-6+"
CC(C)=CCCC(C)=C([H])CCC(C)(C=C)OC(C)=O,"InChI=1S/C17H28O2/c1-7-17(6,19-16(5)18)13-9-12-15(4)11-8-10-14(2)3/h7,10,12H,1,8-9,11,13H2,2-6H3/b15-12+"
CC(=O)OC(C)(C3)C([H])(C1)C(C)(C)C([H])(C2)C(C3)(C([H])(C)C2)1,"InChI=1S/C17H28O2/c1-11-6-7-13-15(3,4)14-10-17(11,13)9-8-16(14,5)19-12(2)18/h11,13-14H,6-10H2,1-5H3/t11-,13+,14-,16-,17?/m1/s1"
CC(=O)OC(C1)C(CCC(C)1)C(C)C,"InChI=1S/C12H22O2/c1-8(2)11-6-5-9(3)7-12(11)14-10(4)13/h8-9,11-12H,5-7H2,1-4H3"
CC(C)=CCCC(C)CCOC(C)=O,"InChI=1S/C12H22O2/c1-10(2)6-5-7-11(3)8-9-14-12(4)13/h6,11H,5,7-9H2,1-4H3"
CC(=O)OC(C1)(CC=C(C)C1)C(C)C,"InChI=1S/C12H20O2/c1-9(2)12(14-11(4)13)7-5-10(3)6-8-12/h5,9H,6-8H2,1-4H3"
CC(=O)OC(C)(C1)CCC(C(C)=C)C1,"InChI=1S/C12H20O2/c1-9(2)11-5-7-12(4,8-6-11)14-10(3)13/h11H,1,5-8H2,2-4H3"
CC(=O)OC(C)(C)C(C1)CC=C(C)C1,"InChI=1S/C12H20O2/c1-9-5-7-11(8-6-9)12(3,4)14-10(2)13/h5,11H,6-8H2,1-4H3"
O=COCCC(C)CCC=C(C)C,"InChI=1S/C11H20O2/c1-10(2)5-4-6-11(3)7-8-13-9-12/h5,9,11H,4,6-8H2,1-3H3"
O=COC(C)(C)C(C1)CC=C(C)C1,"InChI=1S/C11H18O2/c1-9-4-6-10(7-5-9)11(2,3)13-8-12/h4,8,10H,5-7H2,1-3H3"
O=COCC([H])=C(C)CCC=C(C)C,"InChI=1S/C11H18O2/c1-10(2)5-4-6-11(3)7-8-13-9-12/h5,7,9H,4,6,8H2,1-3H3/b11-7-"
O=COC(C1)C(CCC(C)1)C(C)C,"InChI=1S/C11H20O2/c1-8(2)10-5-4-9(3)6-11(10)13-7-12/h7-11H,4-6H2,1-3H3"
O=COC(C)(C=C)CCC=C(C)C,"InChI=1S/C11H18O2/c1-5-11(4,13-9-12)8-6-7-10(2)3/h5,7,9H,1,6,8H2,2-4H3"
O=COC(C1)C(C)(C2)C(C)(C)C(C2)1,"InChI=1S/C11H18O2/c1-10(2)8-4-5-11(10,3)9(6-8)13-7-12/h7-9H,4-6H2,1-3H3"
CCCCCCCCCCCCOC=O,"InChI=1S/C13H26O2/c1-2-3-4-5-6-7-8-9-10-11-12-15-13-14/h13H,2-12H2,1H3"
CCCCCCCCOC=O,"InChI=1S/C9H18O2/c1-2-3-4-5-6-7-8-11-9-10/h9H,2-8H2,1H3"
CCCCCCCOC=O,"InChI=1S/C8H16O2/c1-2-3-4-5-6-7-10-8-9/h8H,2-7H2,1H3"
CCCCCCOC=O,"InChI=1S/C7H14O2/c1-2-3-4-5-6-9-7-8/h7H,2-6H2,1H3"
CCC=CCCOC=O,"InChI=1S/C7H12O2/c1-2-3-4-5-6-9-7-8/h3-4,7H,2,5-6H2,1H3/b4-3-"
O=COCCC(C)C,"InChI=1S/C6H12O2/c1-6(2)3-4-8-5-7/h5-6H,3-4H2,1-2H3"
CCCCCOC=O,"InChI=1S/C6H12O2/c1-2-3-4-5-8-6-7/h6H,2-5H2,1H3"
O=COCC(C)C,"InChI=1S/C5H10O2/c1-5(2)3-7-4-6/h4-5H,3H2,1-2H3"
CCCCOC=O,"InChI=1S/C5H10O2/c1-2-3-4-7-5-6/h5H,2-4H2,1H3"
C=CCOC=O,"InChI=1S/C4H6O2/c1-2-3-6-4-5/h2,4H,1,3H2"
CCC(=O)CC(C)C,"InChI=1S/C7H14O/c1-4-7(8)5-6(2)3/h6H,4-5H2,1-3H3"
CCCC(=O)CC,"InChI=1S/C6H12O/c1-3-5-6(7)4-2/h3-5H2,1-2H3"
CCCC(=O)CCC,"InChI=1S/C7H14O/c1-3-5-7(8)6-4-2/h3-6H2,1-2H3"
CCCCCC(C)=O,"InChI=1S/C7H14O/c1-3-4-5-6-7(2)8/h3-6H2,1-2H3"
O=C(C)C(C)(C)C,"InChI=1S/C6H12O/c1-5(7)6(2,3)4/h1-4H3"
CC(C)CC(C)=O,"InChI=1S/C6H12O/c1-5(2)4-6(3)7/h5H,4H2,1-3H3"
CC(C)=CC(C)=O,"InChI=1S/C6H10O/c1-5(2)4-6(3)7/h4H,1-3H3"
CC(C)C(C)=O,"InChI=1S/C5H10O/c1-4(2)5(3)6/h4H,1-3H3"
CCC(=O)CC,"InChI=1S/C5H10O/c1-3-5(6)4-2/h3-4H2,1-2H3"
CCCC(C)=O,"InChI=1S/C5H10O/c1-3-4-5(2)6/h3-4H2,1-2H3"
CCC(=O)C=C,"InChI=1S/C5H8O/c1-3-5(6)4-2/h3H,1,4H2,2H3"
CCC(C)=O,"InChI=1S/C4H8O/c1-3-4(2)5/h3H2,1-2H3"
c(c2)cc(o2)COCc(c1)occ1,"InChI=1S/C10H10O3/c1-3-9(12-5-1)7-11-8-10-4-2-6-13-10/h1-6H,7-8H2"
CCCCCCCC(=O)OCc(c1)cccc1,"InChI=1S/C15H22O2/c1-2-3-4-5-9-12-15(16)17-13-14-10-7-6-8-11-14/h6-8,10-11H,2-5,9,12-13H2,1H3"
CCCCCCCC(=O)OCCCCCC,"InChI=1S/C14H28O2/c1-3-5-7-9-10-12-14(15)16-13-11-8-6-4-2/h3-13H2,1-2H3"
CCCCCCCC(=O)OCCC(C)C,"InChI=1S/C13H26O2/c1-4-5-6-7-8-9-13(14)15-11-10-12(2)3/h12H,4-11H2,1-3H3"
CCCCCCCC(=O)OCCCCC,"InChI=1S/C13H26O2/c1-3-5-7-8-9-11-13(14)15-12-10-6-4-2/h3-12H2,1-2H3"
CCCCCCCC(=O)OCC(C)C,"InChI=1S/C12H24O2/c1-4-5-6-7-8-9-12(13)14-10-11(2)3/h11H,4-10H2,1-3H3"
CCCCCCCC(=O)OCCCC,"InChI=1S/C12H24O2/c1-3-5-7-8-9-10-12(13)14-11-6-4-2/h3-11H2,1-2H3"
CCCCCCCC(=O)OC(C)C,"InChI=1S/C11H22O2/c1-4-5-6-7-8-9-11(12)13-10(2)3/h10H,4-9H2,1-3H3"
CCCCCCCC(=O)OCCC,"InChI=1S/C11H22O2/c1-3-5-6-7-8-9-11(12)13-10-4-2/h3-10H2,1-2H3"
CCCCCCCC(=O)OCC=C,"InChI=1S/C11H20O2/c1-3-5-6-7-8-9-11(12)13-10-4-2/h4H,2-3,5-10H2,1H3"
CCCCCCCC(=O)OCC,"InChI=1S/C10H20O2/c1-3-5-6-7-8-9-10(11)12-4-2/h3-9H2,1-2H3"
CCCCCCCC(=O)OC,"InChI=1S/C9H18O2/c1-3-4-5-6-7-8-9(10)11-2/h3-8H2,1-2H3"
CCCCC=CC(=O)OC,"InChI=1S/C8H14O2/c1-3-4-5-6-7-8(9)10-2/h6-7H,3-5H2,1-2H3/b7-6+"
CCCCCCC(=O)Oc(c1)ccc(C)c1,"InChI=1S/C14H20O2/c1-3-4-5-6-7-14(15)16-13-10-8-12(2)9-11-13/h8-11H,3-7H2,1-2H3"
CCCCCCCOC(=O)CCCCCC,"InChI=1S/C14H28O2/c1-3-5-7-9-11-13-16-14(15)12-10-8-6-4-2/h3-13H2,1-2H3"
CCCCCCC(=O)OCCC(C)C,"InChI=1S/C12H24O2/c1-4-5-6-7-8-12(13)14-10-9-11(2)3/h11H,4-10H2,1-3H3"
CCCCCCC(=O)OCCCCC,"InChI=1S/C12H24O2/c1-3-5-7-8-10-12(13)14-11-9-6-4-2/h3-11H2,1-2H3"
CCCCCCC(=O)OCCCC,"InChI=1S/C11H22O2/c1-3-5-7-8-9-11(12)13-10-6-4-2/h3-10H2,1-2H3"
CCCCCCC(=O)OC(C)C,"InChI=1S/C10H20O2/c1-4-5-6-7-8-10(11)12-9(2)3/h9H,4-8H2,1-3H3"
CCCCCCC(=O)OCCC,"InChI=1S/C10H20O2/c1-3-5-6-7-8-10(11)12-9-4-2/h3-9H2,1-2H3"
CCCC(=O)OCC=Cc(c1)cccc1,"InChI=1S/C13H16O2/c1-2-7-13(14)15-11-6-10-12-8-4-3-5-9-12/h3-6,8-10H,2,7,11H2,1H3/b10-6+"
CCCC(=O)OC(C)c(c1)cccc1,"InChI=1S/C12H16O2/c1-3-7-12(13)14-10(2)11-8-5-4-6-9-11/h4-6,8-10H,3,7H2,1-2H3"
CCCC(=O)OCCc(c1)cccc1,"InChI=1S/C12H16O2/c1-2-6-12(13)14-10-9-11-7-4-3-5-8-11/h3-5,7-8H,2,6,9-10H2,1H3"
CCCC(=O)Oc(c1)ccc(C)c1,"InChI=1S/C11H14O2/c1-3-4-11(12)13-10-7-5-9(2)6-8-10/h5-8H,3-4H2,1-2H3"
CCCC(=O)OCc(c1)cccc1,"InChI=1S/C11H14O2/c1-2-6-11(12)13-9-10-7-4-3-5-8-10/h3-5,7-8H,2,6,9H2,1H3"
CCCC(=O)OCc(c1)occ1,"InChI=1S/C9H12O3/c1-2-4-9(10)12-7-8-5-3-6-11-8/h3,5-6H,2,4,7H2,1H3"
CCCC(=O)OC(C1)CCCC1,"InChI=1S/C10H18O2/c1-2-6-10(11)12-9-7-4-3-5-8-9/h9H,2-8H2,1H3"
CCCC(=O)OCCC(C)CCCC(C)C,"InChI=1S/C14H28O2/c1-5-7-14(15)16-11-10-13(4)9-6-8-12(2)3/h12-13H,5-11H2,1-4H3"
CCCC(=O)OC(C1)C(CCC(C)1)C(C)C,"InChI=1S/C14H26O2/c1-5-6-14(15)16-13-9-11(4)7-8-12(13)10(2)3/h10-13H,5-9H2,1-4H3"
CCCC(=O)OCCC(C)CCC=C(C)C,"InChI=1S/C14H26O2/c1-5-7-14(15)16-11-10-13(4)9-6-8-12(2)3/h8,13H,5-7,9-11H2,1-4H3"
CCCC(=O)OC(C)(C)C([H])(C1)CC=C(C)C1,"InChI=1S/C14H24O2/c1-5-6-13(15)16-14(3,4)12-9-7-11(2)8-10-12/h7,12H,5-6,8-10H2,1-4H3/t12-/m0/s1"
CCCC(=O)OC(C1)C(C)=CCC(C(C)=C)1,"InChI=1S/C14H22O2/c1-5-6-14(15)16-13-9-12(10(2)3)8-7-11(13)4/h7,12-13H,2,5-6,8-9H2,1,3-4H3/t12-,13+/m1/s1"
CCCC(=O)OC(C)(C=C)CCC=C(C)C,"InChI=1S/C14H24O2/c1-6-9-13(15)16-14(5,7-2)11-8-10-12(3)4/h7,10H,2,6,8-9,11H2,1,3-5H3"
CCCC(=O)OCC(C1)=CCC(C(C)=C)C1,"InChI=1S/C14H22O2/c1-4-5-14(15)16-10-12-6-8-13(9-7-12)11(2)3/h6,13H,2,4-5,7-10H2,1,3H3"
CCCCCCCCCCCOC(=O)CCC,"InChI=1S/C15H30O2/c1-3-5-6-7-8-9-10-11-12-14-17-15(16)13-4-2/h3-14H2,1-2H3"
CCCCCCCCCCOC(=O)CCC,"InChI=1S/C14H28O2/c1-3-5-6-7-8-9-10-11-13-16-14(15)12-4-2/h3-13H2,1-2H3"
CCCCCCCCOC(=O)CCC,"InChI=1S/C12H24O2/c1-3-5-6-7-8-9-11-14-12(13)10-4-2/h3-11H2,1-2H3"
CCCC(CC)OC(=O)CC,"InChI=1S/C9H18O2/c1-4-7-8(5-2)11-9(10)6-3/h8H,4-7H2,1-3H3"
CCCCCCOC(=O)CC,"InChI=1S/C9H18O2/c1-3-5-6-7-8-11-9(10)4-2/h3-8H2,1-2H3"
CCC=CCCOC(=O)CC,"InChI=1S/C9H16O2/c1-3-5-6-7-8-11-9(10)4-2/h5-6H,3-4,7-8H2,1-2H3/b6-5-"
CCC(=O)OCCC(C)C,"InChI=1S/C8H16O2/c1-4-8(9)10-6-5-7(2)3/h7H,4-6H2,1-3H3"
CCCCCOC(=O)CC,"InChI=1S/C8H16O2/c1-3-5-6-7-10-8(9)4-2/h3-7H2,1-2H3"
CCC(=O)OC(C)(C)C,"InChI=1S/C7H14O2/c1-5-6(8)9-7(2,3)4/h5H2,1-4H3"
CCC(=O)OCC(C)C,"InChI=1S/C7H14O2/c1-4-7(8)9-5-6(2)3/h6H,4-5H2,1-3H3"
CCCCOC(=O)CC,"InChI=1S/C7H14O2/c1-3-5-6-9-7(8)4-2/h3-6H2,1-2H3"
CCC(=O)OC(C)C,"InChI=1S/C6H12O2/c1-4-6(7)8-5(2)3/h5H,4H2,1-3H3"
CCCOC(=O)CC,"InChI=1S/C6H12O2/c1-3-5-8-6(7)4-2/h3-5H2,1-2H3"
C=CCOC(=O)CC,"InChI=1S/C6H10O2/c1-3-5-8-6(7)4-2/h3H,1,4-5H2,2H3"
CCC(=O)OC,"InChI=1S/C4H8O2/c1-3-4(5)6-2/h3H2,1-2H3"
CCC(=O)OC(C1)CCCC1,"InChI=1S/C9H16O2/c1-2-9(10)11-8-6-4-3-5-7-8/h8H,2-7H2,1H3"
CC=Cc(c1)cc(OC)c(OC(C)=O)c1,"InChI=1S/C12H14O3/c1-4-5-10-6-7-11(15-9(2)13)12(8-10)14-3/h4-8H,1-3H3/b5-4+"
CC(=O)OCc(c1)cc(O2)c(OC2)c1,"InChI=1S/C10H10O4/c1-7(11)12-5-8-2-3-9-10(4-8)14-6-13-9/h2-4H,5-6H2,1H3"
CC(=O)Oc(c1)c(ccc(C)1)C(C)C,"InChI=1S/C12H16O2/c1-8(2)11-6-5-9(3)7-12(11)14-10(4)13/h5-8H,1-4H3"
CC(=O)OCCCc(c1)cccc1,"InChI=1S/C11H14O2/c1-10(12)13-9-5-8-11-6-3-2-4-7-11/h2-4,6-7H,5,8-9H2,1H3"
C=CCOC(=O)Cc(c1)cccc1,"InChI=1S/C11H12O2/c1-2-8-13-11(12)9-10-6-4-3-5-7-10/h2-7H,1,8-9H2"
CC(=O)OCCc(c1)cccc1,"InChI=1S/C10H12O2/c1-9(11)12-8-7-10-5-3-2-4-6-10/h2-6H,7-8H2,1H3"
O=C(C1)C(C)C(=O)C1,"InChI=1S/C6H8O2/c1-4-5(7)2-3-6(4)8/h4H,2-3H2,1H3"
CC(=O)C(C1)C1,"InChI=1S/C5H8O/c1-4(6)5-2-3-5/h5H,2-3H2,1H3"
CCOC(=O)C(C1)(C1)C(=O)OCC,"InChI=1S/C9H14O4/c1-3-12-7(10)9(5-6-9)8(11)13-4-2/h3-6H2,1-2H3"
C(C1)OCCOCCOCCO1,InChI=1S/C8H16O4/c1-2-10-5-6-12-8-7-11-4-3-9-1/h1-8H2
C=CCCBr,"InChI=1S/C4H7Br/c1-2-3-4-5/h2H,1,3-4H2"
O=C(C1)C(C)=C(C2)C(C)(CCC2)C1,"InChI=1S/C12H18O/c1-9-10-5-3-4-7-12(10,2)8-6-11(9)13/h3-8H2,1-2H3"
O=C(C2)C(C)=C(C1)C(C)(C2)C(=O)C1,"InChI=1S/C11H14O2/c1-7-8-3-4-10(13)11(8,2)6-5-9(7)12/h3-6H2,1-2H3/t11-/m0/s1"
Brc(c3)ccc(c3)C(=O)OC([H])(C2)C(C)(C1)C(CC2)=C(C)C(=O)C1,"InChI=1S/C19H21BrO3/c1-12-15-4-3-5-17(19(15,2)11-10-16(12)21)23-18(22)13-6-8-14(20)9-7-13/h6-9,17H,3-5,10-11H2,1-2H3/t17-,19-/m0/s1"
C=CC(=O)OC([H])(C1)C([H])(C(C)C)CCC([H])(C)1,"InChI=1S/C13H22O2/c1-5-13(14)15-12-8-10(4)6-7-11(12)9(2)3/h5,9-12H,1,6-8H2,2-4H3/t10-,11+,12-/m1/s1"
COc(c2)ccc(c2)C(C)(C)C([H])(C1)C([H])(O)CC([H])(C)C1,"InChI=1S/C17H26O2/c1-12-5-10-15(16(18)11-12)17(2,3)13-6-8-14(19-4)9-7-13/h6-9,12,15-16,18H,5,10-11H2,1-4H3/t12-,15-,16-/m1/s1"
c(c12)cccc(ccc(c2c(c4C=CC(O)=O)c(c3)c(cc4)ccc3)C=CC(O)=O)1,"InChI=1S/C26H18O4/c27-23(28)15-13-19-11-9-17-5-1-3-7-21(17)25(19)26-20(14-16-24(29)30)12-10-18-6-2-4-8-22(18)26/h1-16H,(H,27,28)(H,29,30)/b15-13+,16-14+"
C=CC(=O)OC([H])(C3)C([H])(CCC([H])(C)3)C(C)(C)c(c1)cc(c2)c(ccc2)c1,"InChI=1S/C23H28O2/c1-5-22(24)25-21-14-16(2)10-13-20(21)23(3,4)19-12-11-17-8-6-7-9-18(17)15-19/h5-9,11-12,15-16,20-21H,1,10,13-14H2,2-4H3/t16-,20-,21-/m1/s1"
C([H])(C([H])1C(C)(C)c(c4)cc(c3c4)cccc3)(OC(=O)c(c2)cccc2)CC(CC1)([H])C,"InChI=1S/C27H30O2/c1-19-13-16-24(25(17-19)29-26(28)21-10-5-4-6-11-21)27(2,3)23-15-14-20-9-7-8-12-22(20)18-23/h4-12,14-15,18-19,24-25H,13,16-17H2,1-3H3/t19-,24-,25-/m1/s1"
[H]C(C)(C3)CC([H])(O)C([H])(C3)C(C)(C)c(c1)cc(c2)c(ccc2)c1,"InChI=1S/C20H26O/c1-14-8-11-18(19(21)12-14)20(2,3)17-10-9-15-6-4-5-7-16(15)13-17/h4-7,9-10,13-14,18-19,21H,8,11-12H2,1-3H3/t14-,18-,19-/m1/s1"
C=CC(=O)OC([H])(C2)C([H])(CCC([H])(C)2)C(C)(C)c(c1)ccc(OC)c1,"InChI=1S/C20H28O3/c1-6-19(21)23-18-13-14(2)7-12-17(18)20(3,4)15-8-10-16(22-5)11-9-15/h6,8-11,14,17-18H,1,7,12-13H2,2-5H3/t14-,17-,18-/m1/s1"
COc(c2)ccc(c2)C(C)(C)C([H])(C1)C(=O)CC([H])(C)C1,"InChI=1S/C17H24O2/c1-12-5-10-15(16(18)11-12)17(2,3)13-6-8-14(19-4)9-7-13/h6-9,12,15H,5,10-11H2,1-4H3/t12-,15-/m1/s1"
COC(=O)C(C1)C(C2)C(CCC2)C(=O)C1,"InChI=1S/C12H18O3/c1-15-12(14)10-6-7-11(13)9-5-3-2-4-8(9)10/h8-10H,2-7H2,1H3"
CC(=O)C(C1)=C([H])CC(O2)(OCC2)C1,"InChI=1S/C10H14O3/c1-8(11)9-2-4-10(5-3-9)12-6-7-13-10/h2H,3-7H2,1H3"
CC(=O)C(C1)=C([H])CCC1,"InChI=1S/C8H12O/c1-7(9)8-5-3-2-4-6-8/h5H,2-4,6H2,1H3"
OCCC([H])(C)CCCC(C)=C,"InChI=1S/C10H20O/c1-9(2)5-4-6-10(3)7-8-11/h10-11H,1,4-8H2,2-3H3/t10-/m0/s1"
O=CCC([H])(C)CCC=C(C)C,"InChI=1S/C10H18O/c1-9(2)5-4-6-10(3)7-8-11/h5,8,10H,4,6-7H2,1-3H3/t10-/m0/s1"
O=C(C1)C(C)C(=O)CC1,"InChI=1S/C7H10O2/c1-5-6(8)3-2-4-7(5)9/h5H,2-4H2,1H3"
CC(C1)C(=O)C(C)=CC1,"InChI=1S/C8H12O/c1-6-4-3-5-7(2)8(6)9/h4,7H,3,5H2,1-2H3"
CC(=O)c(c1)c(O)c(O)c(O)c1,"InChI=1S/C8H8O4/c1-4(9)5-2-3-6(10)8(12)7(5)11/h2-3,10-12H,1H3"
COc(c1)cc(OC)c(C(C)=O)c(O)1,"InChI=1S/C10H12O4/c1-6(11)10-8(12)4-7(13-2)5-9(10)14-3/h4-5,12H,1-3H3"
[2H]C([2H])([2H])Oc(c1)c(C(C)=O)c(O)cc1,"InChI=1S/C9H10O3/c1-6(10)9-7(11)4-3-5-8(9)12-2/h3-5,11H,1-2H3/i2D3"
COc(c1)c(C(C)=O)c(O)cc1,"InChI=1S/C9H10O3/c1-6(10)9-7(11)4-3-5-8(9)12-2/h3-5,11H,1-2H3"
[2H]C([2H])([2H])Oc(c1)cc(C(C)=O)c(O)c1,"InChI=1S/C9H10O3/c1-6(10)8-5-7(12-2)3-4-9(8)11/h3-5,11H,1-2H3/i2D3"
COc(c1)cc(C(C)=O)c(O)c1,"InChI=1S/C9H10O3/c1-6(10)8-5-7(12-2)3-4-9(8)11/h3-5,11H,1-2H3"
[2H]C([2H])([2H])Oc(c1)cc(O)c(c1)C(C)=O,"InChI=1S/C9H10O3/c1-6(10)8-4-3-7(12-2)5-9(8)11/h3-5,11H,1-2H3/i2D3"
COC(=O)C(C)(C4)C([H])(C3)C(C)(CC4)C([H])(C2)C(C3)(C1)C(=O)C([H])(C)C([H])(C2)1,"InChI=1S/C21H32O3/c1-13-14-6-7-16-19(2)9-5-10-20(3,18(23)24-4)15(19)8-11-21(16,12-14)17(13)22/h13-16H,5-12H2,1-4H3/t13-,14+,15-,16-,19+,20-,21+/m1/s1"
OC(=O)C(C)(C4)C([H])(C3)C(C)(CC4)C([H])(C2)C(C3)(C1)C(=O)C([H])(C)C([H])(C2)1,"InChI=1S/C20H30O3/c1-12-13-5-6-15-18(2)8-4-9-19(3,17(22)23)14(18)7-10-20(15,11-13)16(12)21/h12-15H,4-11H2,1-3H3,(H,22,23)/t12-,13+,14-,15-,18+,19+,20+/m1/s1"
OCC(C)(C4)C([H])(C3)C(C)(CC4)C([H])(C2)C(C3)(C1)C(=O)C([H])(C)C([H])(C2)1,"InChI=1S/C20H32O2/c1-13-14-5-6-16-19(3)9-4-8-18(2,12-21)15(19)7-10-20(16,11-14)17(13)22/h13-16,21H,4-12H2,1-3H3/t13-,14+,15+,16-,18-,19?,20+/m1/s1"
COCC([H])(C(=O)1)C([H])(C4)CC(C3)1C([H])(C4)C(C)(C2)C([H])(C3)C(C)(C)CC2,"InChI=1S/C21H34O2/c1-19(2)9-5-10-20(3)16(19)8-11-21-12-14(6-7-17(20)21)15(13-23-4)18(21)22/h14-17H,5-13H2,1-4H3/t14-,15-,16-,17+,20-,21-/m0/s1"
CC(C)(C4)C([H])(C3)C(C)(CC4)C([H])(C2)C(C3)(C1)C(=O)C([H])(C)C([H])(C2)1,"InChI=1S/C20H32O/c1-13-14-6-7-16-19(4)10-5-9-18(2,3)15(19)8-11-20(16,12-14)17(13)21/h13-16H,5-12H2,1-4H3/t13-,14+,15+,16-,19+,20+/m1/s1"
COC(O2)C(O)C([H])(O1)C([H])(C(C)2)OC(C([2H])([2H])[2H])(C([2H])([2H])[2H])1,"InChI=1S/C10H18O5/c1-5-7-8(15-10(2,3)14-7)6(11)9(12-4)13-5/h5-9,11H,1-4H3/t5-,6-,7+,8-,9-/m1/s1/i2D3,3D3"
COC(O2)C([H])(O1)C([H])(C(O)C(C)2)OC(C([2H])([2H])[2H])(C([2H])([2H])[2H])1,"InChI=1S/C10H18O5/c1-5-6(11)7-8(9(12-4)13-5)15-10(2,3)14-7/h5-9,11H,1-4H3/t5-,6-,7+,8+,9+/m0/s1/i2D3,3D3"
COC(O1)C(O)C([H])(O2)C([H])(OC(C)(C)2)C(C)1,"InChI=1S/C10H18O5/c1-5-7-8(15-10(2,3)14-7)6(11)9(12-4)13-5/h5-9,11H,1-4H3/t5-,6-,7+,8-,9-/m1/s1"
COC(O1)C(O2)C(OC(C)(C)2)C(O)C(C)1,"InChI=1S/C10H18O5/c1-5-6(11)7-8(9(12-4)13-5)15-10(2,3)14-7/h5-9,11H,1-4H3/t5-,6-,7+,8+,9+/m0/s1"
C(C=4C)(C(C3)(C)C([H])(CC([H])4)C(CC3)(C)C)(CCC(C=C)(OC(C([H])(O)2)([H])OC([H])(C)C([H])(C12[H])OC(O1)(C([2H])([2H])[2H])C([2H])([2H])[2H])C)[H],"InChI=1S/C29H48O5/c1-10-28(8,34-25-22(30)24-23(19(3)31-25)32-27(6,7)33-24)17-14-20-18(2)12-13-21-26(4,5)15-11-16-29(20,21)9/h10,12,19-25,30H,1,11,13-17H2,2-9H3/t19-,20+,21+,22-,23+,24-,25+,28+,29-/m1/s1/i6D3,7D3"
CC(C)(C2OC([H])(O4)C([H])(O)C(C(C([H])(C)4)3[H])(OC(C)(C)O3)[H])C([H])(C1(C)CC2)CC([H])=C(C)C(CCC([H])(C)C=C)1[H],"InChI=1S/C29H48O5/c1-10-17(2)11-13-20-18(3)12-14-21-27(5,6)22(15-16-29(20,21)9)32-26-23(30)25-24(19(4)31-26)33-28(7,8)34-25/h10,12,17,19-26,30H,1,11,13-16H2,2-9H3/t17-,19-,20+,21+,22?,23-,24+,25-,26+,29-/m1/s1"
C(C=4C)(C(C3)(C)C([H])(CC([H])4)C(CC3)(C)C)([H])CCC(C=C)(OC([H])(O2)C(O1)(C(C([H])(O)C2([H])C)(OC(C)(C)1)[H])[H])C,"InChI=1S/C29H48O5/c1-10-28(8,34-25-24-23(22(30)19(3)31-25)32-27(6,7)33-24)17-14-20-18(2)12-13-21-26(4,5)15-11-16-29(20,21)9/h10,12,19-25,30H,1,11,13-17H2,2-9H3/t19-,20-,21-,22-,23+,24+,25-,28-,29+/m0/s1"
CC(C)(C3)C([H])(C(C)1CC3)CC(=C(C([H])(CCC(OC([H])(C([H])(O)2)OC([H])(C)C([H])(O)C([H])(O)2)(C)C=C)1)C)[H],"InChI=1S/C26H44O5/c1-8-25(6,31-23-22(29)21(28)20(27)17(3)30-23)15-12-18-16(2)10-11-19-24(4,5)13-9-14-26(18,19)7/h8,10,17-23,27-29H,1,9,11-15H2,2-7H3/t17?,18-,19-,20+,21+,22?,23-,25-,26+/m0/s1"
[H]C(C)(C([H])(O)3)OC([H])(C([H])(O)C3([H])O)OC(CCC([H])(C(C)12)C(=CCC([H])1C(CCC2)(C)C)C)(C)C=C,"InChI=1S/C26H44O5/c1-8-25(6,31-23-22(29)21(28)20(27)17(3)30-23)15-12-18-16(2)10-11-19-24(4,5)13-9-14-26(18,19)7/h8,10,17-23,27-29H,1,9,11-15H2,2-7H3/t17?,18-,19-,20-,21+,22?,23-,25-,26+/m0/s1"
C=CC(C)(O)CCC([H])(C(C)=2)C(C)(C1)C([H])(CC([H])2)C(C)(C)CC1,"InChI=1S/C20H34O/c1-7-19(5,21)14-11-16-15(2)9-10-17-18(3,4)12-8-13-20(16,17)6/h7,9,16-17,21H,1,8,10-14H2,2-6H3/t16-,17-,19-,20+/m0/s1"
CC(=C2)C(C(=O)1)C(C2)C(C)(C)1,"InChI=1S/C10H14O/c1-6-4-5-7-8(6)9(11)10(7,2)3/h4,7-8H,5H2,1-3H3"
CC(=C2)C(C(=O)1)C(C)(C)C(C2)1,"InChI=1S/C10H14O/c1-6-4-5-7-9(11)8(6)10(7,2)3/h4,7-8H,5H2,1-3H3"
CC(=C1)C([H])(O2)CC([H])(C(=O)2)C(C)(C)1,"InChI=1S/C10H14O2/c1-6-5-10(2,3)7-4-8(6)12-9(7)11/h5,7-8H,4H2,1-3H3/t7-,8-/m0/s1"
O=C(C(C)(C)3)C([H])(C([H])23)C(C)(O1)C([H])(C2)1,"InChI=1S/C10H14O2/c1-9(2)5-4-6-10(3,12-6)7(5)8(9)11/h5-7H,4H2,1-3H3/t5-,6-,7+,10-/m0/s1"
O=C(C32)C(C3)C(C)(O1)C1C(C)(C)2,"InChI=1S/C10H14O2/c1-9(2)5-4-6(7(5)11)10(3)8(9)12-10/h5-6,8H,4H2,1-3H3"
O=C(C([H])23)C([H])(C(C)(C)3)C(C)(O1)C([H])(C2)1,"InChI=1S/C10H14O2/c1-9(2)5-4-6-10(3,12-6)8(9)7(5)11/h5-6,8H,4H2,1-3H3/t5-,6-,8+,10-/m0/s1"
CC(C)(C4)C(C32)C(C(=O)1)C(C)(CC4)C1C(C)(O3)2,"InChI=1S/C15H22O2/c1-13(2)6-5-7-14(3)8-9(13)12-15(4,17-12)11(14)10(8)16/h8-9,11-12H,5-7H2,1-4H3"
Cc(c1)cc(C)c(N)c(C)1,"InChI=1S/C9H13N/c1-6-4-7(2)9(10)8(3)5-6/h4-5H,10H2,1-3H3"
OC(=O)C(N)CSC,"InChI=1S/C4H9NO2S/c1-8-2-3(5)4(6)7/h3H,2,5H2,1H3,(H,6,7)/t3-/m0/s1"
O=C(Nc(c2)cccc2)c(c1)cccc1,"InChI=1S/C13H11NO/c15-13(11-7-3-1-4-8-11)14-12-9-5-2-6-10-12/h1-10H,(H,14,15)"
c(c2)ccc(c2)CNCc(c1)cccc1,"InChI=1S/C14H15N/c1-3-7-13(8-4-1)11-15-12-14-9-5-2-6-10-14/h1-10,15H,11-12H2"
BrCc(c1)c(C)ccc1,"InChI=1S/C8H9Br/c1-7-4-2-3-5-8(7)6-9/h2-5H,6H2,1H3"
CNC=O,"InChI=1S/C2H5NO/c1-3-2-4/h2H,1H3,(H,3,4)"
BrCC(=O)c(c1)ccc(Br)c1,"InChI=1S/C8H6Br2O/c9-5-8(11)6-1-3-7(10)4-2-6/h1-4H,5H2"
OCC(O)C(O1)C(O)=C(O)C(=O)1,"InChI=1S/C6H8O6/c7-1-2(8)5-3(9)4(10)6(11)12-5/h2,5,7-10H,1H2/t2-,5+/m0/s1"
Nc(c1)ccc(c1)S(N)(=O)=O,"InChI=1S/C6H8N2O2S/c7-5-1-3-6(4-2-5)11(8,9)10/h1-4H,7H2,(H2,8,9,10)"
COC(=O)NS(=O)(=O)c(c1)ccc(N)c1,"InChI=1S/C8H10N2O4S/c1-14-8(11)10-15(12,13)7-4-2-6(9)3-5-7/h2-5H,9H2,1H3,(H,10,11)"
Nc(c2)ccc(c2)S(=O)(=O)Nc(n1)cc(C)o1,"InChI=1S/C10H11N3O3S/c1-7-6-10(12-16-7)13-17(14,15)9-4-2-8(11)3-5-9/h2-6H,11H2,1H3,(H,12,13)"
Cc(c(Cl)1)c(Cl)ccc1,"InChI=1S/C7H6Cl2/c1-5-6(8)3-2-4-7(5)9/h2-4H,1H3"
ClCc(c1)c(c2)c(ccc2)cc1,"InChI=1S/C11H9Cl/c12-8-10-6-3-5-9-4-1-2-7-11(9)10/h1-7H,8H2"
CN(C)c(c1)nccc1,"InChI=1S/C7H10N2/c1-9(2)7-5-3-4-6-8-7/h3-6H,1-2H3"
c(c3)cc(C1)c(c32)c(ccc2)C1,"InChI=1S/C12H10/c1-3-9-4-2-6-11-8-7-10(5-1)12(9)11/h1-6H,7-8H2"
OC(=O)c(c1)ccc(I)c1,"InChI=1S/C7H5IO2/c8-6-3-1-5(2-4-6)7(9)10/h1-4H,(H,9,10)"
C(C1)OCCOCCOCCOCCO1,InChI=1S/C10H20O5/c1-2-12-5-6-14-9-10-15-8-7-13-4-3-11-1/h1-10H2
[O-1][N+1](=O)c(c(O)1)c(O)ccc1,"InChI=1S/C6H5NO4/c8-4-2-1-3-5(9)6(4)7(10)11/h1-3,8-9H"
OC(=O)c(c1)c(C(O)=O)c(cc1)[N+1]([O-1])=O,"InChI=1S/C8H5NO6/c10-7(11)4-2-1-3-5(9(14)15)6(4)8(12)13/h1-3H,(H,10,11)(H,12,13)"
COc(c1)cc(cc1)[N+1]([O-1])=O,"InChI=1S/C7H7NO3/c1-11-7-4-2-3-6(5-7)8(9)10/h2-5H,1H3"
Cc(c1)ccc(c1)[N+1]([O-1])=O,"InChI=1S/C7H7NO2/c1-6-2-4-7(5-3-6)8(9)10/h2-5H,1H3"
C=Cc(c1)cc(c2)c(ccc2)c1,"InChI=1S/C12H10/c1-2-10-7-8-11-5-3-4-6-12(11)9-10/h2-9H,1H2"
OCc(c1)c(CO)c(O)c(C)n1,"InChI=1S/C8H11NO3/c1-5-8(12)7(4-11)6(3-10)2-9-5/h2,10-12H,3-4H2,1H3"
OCc(c1)c(ccc1)[N+1]([O-1])=O,"InChI=1S/C7H7NO3/c9-5-6-3-1-2-4-7(6)8(10)11/h1-4,9H,5H2"
[O-1][N+1](=O)c(c2)ccc(c2)Cc(c1)ccnc1,"InChI=1S/C12H10N2O2/c15-14(16)12-3-1-10(2-4-12)9-11-5-7-13-8-6-11/h1-8H,9H2"
CCCCCCCCCCCCCCCC(O)=O,"InChI=1S/C16H32O2/c1-2-3-4-5-6-7-8-9-10-11-12-13-14-15-16(17)18/h2-15H2,1H3,(H,17,18)"
CCCCCCCCOC(=O)c(c1)c(ccc1)C(=O)OCCCCCCCC,"InChI=1S/C24H38O4/c1-3-5-7-9-11-15-19-27-23(25)21-17-13-14-18-22(21)24(26)28-20-16-12-10-8-6-4-2/h13-14,17-18H,3-12,15-16,19-20H2,1-2H3"
c(c1CC=C(CCCC(CCCC(CCCC(C)C)([H])C)([H])C)C)(=O)c(c2)c(ccc2)c(=O)c(C)1,"InChI=1S/C31H46O2/c1-22(2)12-9-13-23(3)14-10-15-24(4)16-11-17-25(5)20-21-27-26(6)30(32)28-18-7-8-19-29(28)31(27)33/h7-8,18-20,22-24H,9-17,21H2,1-6H3/b25-20+/t23-,24-/m1/s1"
C(C)(CCC=C(C)CCC=C(C)C)=CCCC(C)=CCc(c(=O)1)c(C)c(=O)c(c2)c1ccc2,"InChI=1S/C31H40O2/c1-22(2)12-9-13-23(3)14-10-15-24(4)16-11-17-25(5)20-21-27-26(6)30(32)28-18-7-8-19-29(28)31(27)33/h7-8,12,14,16,18-20H,9-11,13,15,17,21H2,1-6H3/b23-14+,24-16+,25-20+"
CCCC[SiH2]C,"InChI=1S/C5H14Si/c1-3-4-5-6-2/h3-6H2,1-2H3"
CC(C)(C)C(C)(C)C,"InChI=1S/C8H18/c1-7(2,3)8(4,5)6/h1-6H3"
CC(C)C(C)C,"InChI=1S/C6H14/c1-5(2)6(3)4/h5-6H,1-4H3"
CC(=O)OC(C1)C(CCC(C)1)C(C)=C,"InChI=1S/C12H20O2/c1-8(2)11-6-5-9(3)7-12(11)14-10(4)13/h9,11-12H,1,5-7H2,2-4H3/t9-,11+,12-/m1/s1"
CC(=O)OC([H])(C1)C(C)CCC(C(C)=C)1,"InChI=1S/C12H20O2/c1-8(2)11-6-5-9(3)12(7-11)14-10(4)13/h9,11-12H,1,5-7H2,2-4H3/t9?,11?,12-/m1/s1"
CC(C2)CC(C(C2)1)C(C)(C)1,"InChI=1S/C10H18/c1-7-4-5-8-9(6-7)10(8,2)3/h7-9H,4-6H2,1-3H3"
CCCCCC(C(=O)1)C(CC1)CC(=O)OC,"InChI=1S/C13H22O3/c1-3-4-5-6-11-10(7-8-12(11)14)9-13(15)16-2/h10-11H,3-9H2,1-2H3"
CCC=CCC(=C(C)1)C(=O)CC1,"InChI=1S/C11H16O/c1-3-4-5-6-10-9(2)7-8-11(10)12/h4-5H,3,6-8H2,1-2H3/b5-4-"
CC(C1)CCC1,"InChI=1S/C6H12/c1-6-4-2-3-5-6/h6H,2-5H2,1H3"
CCC(C1)CCC1,"InChI=1S/C7H14/c1-2-7-5-3-4-6-7/h7H,2-6H2,1H3"
CC(C1)CC(=O)C1,"InChI=1S/C6H10O/c1-5-2-3-6(7)4-5/h5H,2-4H2,1H3"
CC(Cl)c(c1)cccc1,"InChI=1S/C8H9Cl/c1-7(9)8-5-3-2-4-6-8/h2-7H,1H3"
CCOC(=O)Nc(c1)cccc1,"InChI=1S/C9H11NO2/c1-2-12-9(11)10-8-6-4-3-5-7-8/h3-7H,2H2,1H3,(H,10,11)"
COC(=O)C(=O)OC,InChI=1S/C4H6O4/c1-7-3(5)4(6)8-2/h1-2H3
CCC(C(O)=O)c(c1)cccc1,"InChI=1S/C10H12O2/c1-2-9(10(11)12)8-6-4-3-5-7-8/h3-7,9H,2H2,1H3,(H,11,12)"
ClCCc(c1)cccc1,"InChI=1S/C8H9Cl/c9-7-6-8-4-2-1-3-5-8/h1-5H,6-7H2"
CC(C)(C)C(=O)Cl,"InChI=1S/C5H9ClO/c1-5(2,3)4(6)7/h1-3H3"
C#CCCl,"InChI=1S/C3H3Cl/c1-2-3-4/h1H,3H2"
CCC(=O)Cl,"InChI=1S/C3H5ClO/c1-2-3(4)5/h2H2,1H3"
CC(C)Br,"InChI=1S/C3H7Br/c1-3(2)4/h3H,1-2H3"
CCCBr,"InChI=1S/C3H7Br/c1-2-3-4/h2-3H2,1H3"
C#CCBr,"InChI=1S/C3H3Br/c1-2-3-4/h1H,3H2"
CC(=O)OCC(C)OC(C)=O,"InChI=1S/C7H12O4/c1-5(11-7(3)9)4-10-6(2)8/h5H,4H2,1-3H3"
OC(=O)C(C)(C)C,"InChI=1S/C5H10O2/c1-5(2,3)4(6)7/h1-3H3,(H,6,7)"
CCC=O,"InChI=1S/C3H6O/c1-2-3-4/h3H,2H2,1H3"
CCCCOC(=O)C(=O)OCCCC,"InChI=1S/C10H18O4/c1-3-5-7-13-9(11)10(12)14-8-6-4-2/h3-8H2,1-2H3"
CCOc(c1)ccc(N)c1,"InChI=1S/C8H11NO/c1-2-10-8-5-3-7(9)4-6-8/h3-6H,2,9H2,1H3"
CCOc(c1)c(N)ccc1,"InChI=1S/C8H11NO/c1-2-10-8-6-4-3-5-7(8)9/h3-6H,2,9H2,1H3"
CC(N)c(c1)cccc1,"InChI=1S/C8H11N/c1-7(9)8-5-3-2-4-6-8/h2-7H,9H2,1H3"
CC(C1)CCNC1,"InChI=1S/C6H13N/c1-6-2-4-7-5-3-6/h6-7H,2-5H2,1H3"
CC(C1)CNCC1,"InChI=1S/C6H13N/c1-6-3-2-4-7-5-6/h6-7H,2-5H2,1H3"
CC(C1)NCCC1,"InChI=1S/C6H13N/c1-6-4-2-3-5-7-6/h6-7H,2-5H2,1H3"
C#CCO,"InChI=1S/C3H4O/c1-2-3-4/h1,4H,3H2"
OCCCO,"InChI=1S/C3H8O2/c4-2-1-3-5/h4-5H,1-3H2"
OCCCCCO,"InChI=1S/C5H12O2/c6-4-2-1-3-5-7/h6-7H,1-5H2"
C(C1)CO1,InChI=1S/C3H6O/c1-2-4-3-1/h1-3H2
CCCCCCCC=CCC(=O)OC,"InChI=1S/C12H22O2/c1-3-4-5-6-7-8-9-10-11-12(13)14-2/h9-10H,3-8,11H2,1-2H3/b10-9+"
O=C(C(C)21)C(C)(C)C([H])(CC2)C1,"InChI=1S/C10H16O/c1-9(2)7-4-5-10(3,6-7)8(9)11/h7H,4-6H2,1-3H3/t7-,10+/m1/s1"
CC(=C)C([H])(C1)CC(=O)C(C)=C([H])1,"InChI=1S/C10H14O/c1-7(2)9-5-4-8(3)10(11)6-9/h4,9H,1,5-6H2,2-3H3/t9-/m1/s1"
CC(=C)C([H])(C1)CC([H])(O)C(C)=C([H])1,"InChI=1S/C10H16O/c1-7(2)9-5-4-8(3)10(11)6-9/h4,9-11H,1,5-6H2,2-3H3/t9-,10+/m1/s1"
CC(=C)C([H])(C1)C([H])(O)CC([H])(C)C1,"InChI=1S/C10H18O/c1-7(2)9-5-4-8(3)6-10(9)11/h8-11H,1,4-6H2,2-3H3/t8-,9+,10-/m1/s1"
CC(C1)=C([H])C([H])(O)C([H])(C1)C(C)C,"InChI=1S/C10H18O/c1-7(2)9-5-4-8(3)6-10(9)11/h6-7,9-11H,4-5H2,1-3H3/t9-,10-/m0/s1"
CCCC(=O)OCC([H])=C(C)CCC=C(C)C,"InChI=1S/C14H24O2/c1-5-7-14(15)16-11-10-13(4)9-6-8-12(2)3/h8,10H,5-7,9,11H2,1-4H3/b13-10+"
CC(C)=CCCC(C)=C([H])COC(=O)C(C)C,"InChI=1S/C14H24O2/c1-11(2)7-6-8-13(5)9-10-16-14(15)12(3)4/h7,9,12H,6,8,10H2,1-5H3/b13-9+"
CC(C)=CCCC(C)=C([H])COC(C)=O,"InChI=1S/C12H20O2/c1-10(2)6-5-7-11(3)8-9-14-12(4)13/h6,8H,5,7,9H2,1-4H3/b11-8+"
OCC([H])=C(C)CCC=C(C)C,"InChI=1S/C10H18O/c1-9(2)5-4-6-10(3)7-8-11/h5,7,11H,4,6,8H2,1-3H3/b10-7+"
CC(=O)C([H])=C([H])C(O1)(C(C)(C)2)C(C)(CCC2)1,"InChI=1S/C13H20O2/c1-10(14)6-9-13-11(2,3)7-5-8-12(13,4)15-13/h6,9H,5,7-8H2,1-4H3/b9-6+"
CC(=O)OC([H])=C([H])C(=C(C)1)C(C)(C)CCC1,"InChI=1S/C13H20O2/c1-10-6-5-8-13(3,4)12(10)7-9-15-11(2)14/h7,9H,5-6,8H2,1-4H3/b9-7+"
CC(=O)C([H])=C([H])C(=C(C)1)C(C)(C)CCC1,"InChI=1S/C13H20O/c1-10-6-5-9-13(3,4)12(10)8-7-11(2)14/h7-8H,5-6,9H2,1-4H3/b8-7+"
CN(C)CCCN(c21)c(c3)c(ccc(C(F)(F)F)3)Sc(cccc2)1,"InChI=1S/C18H19F3N2S/c1-22(2)10-5-11-23-14-6-3-4-7-16(14)24-17-9-8-13(12-15(17)23)18(19,20)21/h3-4,6-9,12H,5,10-11H2,1-2H3"
CSc(c4)cc(c(c4)1)N(CCC(C3)N(C)CCC3)c(c2)c(ccc2)S1,"InChI=1S/C21H26N2S2/c1-22-13-6-5-7-16(22)12-14-23-18-8-3-4-9-20(18)25-21-11-10-17(24-2)15-19(21)23/h3-4,8-11,15-16H,5-7,12-14H2,1-2H3"
CCN(CC)C(C)CN(c21)c(c3)c(ccc3)Sc(cccc2)1,"InChI=1S/C19H24N2S/c1-4-20(5-2)15(3)14-21-16-10-6-8-12-18(16)22-19-13-9-7-11-17(19)21/h6-13,15H,4-5,14H2,1-3H3"
CN(C)C(C)CN(c21)c(c3)c(ccc3)Sc(cccc2)1,"InChI=1S/C17H20N2S/c1-13(18(2)3)12-19-14-8-4-6-10-16(14)20-17-11-7-5-9-15(17)19/h4-11,13H,12H2,1-3H3"
CN(C4)CCN(C4)CCCN(c21)c(c3)c(ccc(C(F)(F)F)3)Sc(cccc2)1,"InChI=1S/C21H24F3N3S/c1-25-11-13-26(14-12-25)9-4-10-27-17-5-2-3-6-19(17)28-20-8-7-16(15-18(20)27)21(22,23)24/h2-3,5-8,15H,4,9-14H2,1H3"
CN(C4)CCN(C4)CCCN(c21)c(c3)c(ccc(Cl)3)Sc(cccc2)1,"InChI=1S/C20H24ClN3S/c1-22-11-13-23(14-12-22)9-4-10-24-17-5-2-3-6-19(17)25-20-8-7-16(21)15-18(20)24/h2-3,5-8,15H,4,9-14H2,1H3"
CN(C4)CCN(C4)CCCN(c21)c(c3)c(ccc3)Sc(cccc2)1,"InChI=1S/C20H25N3S/c1-21-13-15-22(16-14-21)11-6-12-23-17-7-2-4-9-19(17)24-20-10-5-3-8-18(20)23/h2-5,7-10H,6,11-16H2,1H3"
N#Cc(c4)cc(c(c4)1)N(CCCN(C3)CCC(O)C3)c(c2)c(ccc2)S1,"InChI=1S/C21H23N3OS/c22-15-16-6-7-21-19(14-16)24(18-4-1-2-5-20(18)26-21)11-3-10-23-12-8-17(25)9-13-23/h1-2,4-7,14,17,25H,3,8-13H2"
CN(C)CC(C)CN(c21)c(c3)c(ccc(OC)3)Sc(cccc2)1,"InChI=1S/C19H24N2OS/c1-14(12-20(2)3)13-21-16-7-5-6-8-18(16)23-19-10-9-15(22-4)11-17(19)21/h5-11,14H,12-13H2,1-4H3"
CN(C)C(C)CN(c21)c(n3)c(ccc3)Sc(cccc2)1,"InChI=1S/C16H19N3S/c1-12(18(2)3)11-19-13-7-4-5-8-14(13)20-15-9-6-10-17-16(15)19/h4-10,12H,11H2,1-3H3"
CN(C4)CCN(C4)CCCN(c21)c(c3)c(ccc3S(=O)(=O)N(C)C)Sc(cccc2)1,"InChI=1S/C22H30N4O2S2/c1-23(2)30(27,28)18-9-10-22-20(17-18)26(19-7-4-5-8-21(19)29-22)12-6-11-25-15-13-24(3)14-16-25/h4-5,7-10,17H,6,11-16H2,1-3H3"
CN(C)CC(C)CN(c21)c(c3)c(ccc3)Sc(cccc2)1,"InChI=1S/C18H22N2S/c1-14(12-19(2)3)13-20-15-8-4-6-10-17(15)21-18-11-7-5-9-16(18)20/h4-11,14H,12-13H2,1-3H3"
CN(C)CCCN(c21)c(c3)c(ccc3)Sc(cccc2)1,"InChI=1S/C17H20N2S/c1-18(2)12-7-13-19-14-8-3-5-10-16(14)20-17-11-6-4-9-15(17)19/h3-6,8-11H,7,12-13H2,1-2H3"
CN(C)CCCN(c21)c(c3)c(ccc(Cl)3)Sc(cccc2)1,"InChI=1S/C17H19ClN2S/c1-19(2)10-5-11-20-14-6-3-4-7-16(14)21-17-9-8-13(18)12-15(17)20/h3-4,6-9,12H,5,10-11H2,1-2H3"
CCCC(C1)C(O)CCC1,"InChI=1S/C9H18O/c1-2-5-8-6-3-4-7-9(8)10/h8-10H,2-7H2,1H3"
C(C32[H])(C(C4)([H])C(C([H])(C4)C([H])(C)C=CC(CC)([H])C(C)C)(C)CC3)(CC=C(C21C)CC(CC1)(O[Si](C)(C)C)[H])[H],"InChI=1S/C32H56OSi/c1-10-24(22(2)3)12-11-23(4)28-15-16-29-27-14-13-25-21-26(33-34(7,8)9)17-19-31(25,5)30(27)18-20-32(28,29)6/h11-13,22-24,26-30H,10,14-21H2,1-9H3/b12-11+/t23-,24-,26+,27+,28-,29+,30+,31+,32-/m1/s1"
CC(C4([H])C(CCC([H])(CC)C(C)C)([H])C)(C([H])1CC4)CCC(C3(C)2)(C([H])(CC=C2CC([H])(O)CC3)1)[H],"InChI=1S/C29H50O/c1-7-21(19(2)3)9-8-20(4)25-12-13-26-24-11-10-22-18-23(30)14-16-28(22,5)27(24)15-17-29(25,26)6/h10,19-21,23-27,30H,7-9,11-18H2,1-6H3/t20-,21-,23+,24+,25-,26+,27+,28+,29-/m1/s1"
O=C(O[Si](C)(C)C)c(c1)ccc(c1)O[Si](C)(C)C,"InChI=1S/C13H22O3Si2/c1-17(2,3)15-12-9-7-11(8-10-12)13(14)16-18(4,5)6/h7-10H,1-6H3"
C(C1)C([H])(O)CC(=C([H])4)C1(C([H])(C3([H])C4)CCC(C)(C23[H])C(CC2)([H])C(CCC([H])(C)C(C)C)([H])C)C,"InChI=1S/C28H48O/c1-18(2)19(3)7-8-20(4)24-11-12-25-23-10-9-21-17-22(29)13-15-27(21,5)26(23)14-16-28(24,25)6/h9,18-20,22-26,29H,7-8,10-17H2,1-6H3/t19-,20-,22+,23+,24-,25+,26+,27?,28?/m1/s1"
C1=CN=CN1,"InChI=1S/C3H4N2/c1-2-5-3-4-1/h1-3H,(H,4,5)"
CCOC(OCC)(OCC)c(c1)cccc1,"InChI=1S/C13H20O3/c1-4-14-13(15-5-2,16-6-3)12-10-8-7-9-11-12/h7-11H,4-6H2,1-3H3"
Oc(c3)c(O)c(O1)c(c3)C(=O)CC(c(c2)cccc2)1,"InChI=1S/C15H12O4/c16-11-7-6-10-12(17)8-13(19-15(10)14(11)18)9-4-2-1-3-5-9/h1-7,13,16,18H,8H2"
CCOc(c1)cc(O2)c(C=CC(=O)2)c1,"InChI=1S/C11H10O3/c1-2-13-9-5-3-8-4-6-11(12)14-10(8)7-9/h3-7H,2H2,1H3"
NCC(O1)=CC(=O)N1,"InChI=1S/C4H6N2O2/c5-2-3-1-4(7)6-8-3/h1H,2,5H2,(H,6,7)"
Oc(n1)nc(O)nc(O)1,"InChI=1S/C3H3N3O3/c7-1-4-2(8)6-3(9)5-1/h(H3,4,5,6,7,8,9)"
O=C(CNC(=O)c(c2)cccc2)NC([H])(C(O)=O)Cc(c1)cccc1,"InChI=1S/C18H18N2O4/c21-16(12-19-17(22)14-9-5-2-6-10-14)20-15(18(23)24)11-13-7-3-1-4-8-13/h1-10,15H,11-12H2,(H,19,22)(H,20,21)(H,23,24)/t15-/m1/s1"
Nc(c1)ccc(c1)S(O)(=O)=O,"InChI=1S/C6H7NO3S/c7-5-1-3-6(4-2-5)11(8,9)10/h1-4H,7H2,(H,8,9,10)"
O=c(c(Cl)1)c(c2)c(ccc2)c(=O)c(Cl)1,InChI=1S/C10H4Cl2O2/c11-7-8(12)10(14)6-4-2-1-3-5(6)9(7)13/h1-4H
O=Cc(c1)c(OC)c(OC)cc1,"InChI=1S/C9H10O3/c1-11-8-5-3-4-7(6-10)9(8)12-2/h3-6H,1-2H3"
O=Cc(c1)ccc(c1)N(C)C,"InChI=1S/C9H11NO/c1-10(2)9-5-3-8(7-11)4-6-9/h3-7H,1-2H3"
O=C(C4)C([H])=C(C3)C(C)(C4)C([H])(C2)C([H])(C3)C([H])(C1)C(C)(C2)C(O)(C(C)=O)C1,"InChI=1S/C21H30O3/c1-13(22)21(24)11-8-18-16-5-4-14-12-15(23)6-9-19(14,2)17(16)7-10-20(18,21)3/h12,16-18,24H,4-11H2,1-3H3/t16-,17+,18+,19+,20+,21+/m1/s1"
C=C(C2)C([H])(C1)C(C)(C)C([H])(C2)1,"InChI=1S/C10H16/c1-7-4-5-8-6-9(7)10(8,2)3/h8-9H,1,4-6H2,2-3H3/t8-,9-/m0/s1"
[H]C(C1)=C(C)C([H])(C2)C(C)(C)C([H])12,"InChI=1S/C10H16/c1-7-4-5-8-6-9(7)10(8,2)3/h4,8-9H,5-6H2,1-3H3/t8-,9-/m1/s1"
CN(C)c(c1)cc[n+1]([O-1])c1,"InChI=1S/C7H10N2O/c1-8(2)7-3-5-9(10)6-4-7/h3-6H,1-2H3"
COc(c1)cc[n+1]([O-1])c1,"InChI=1S/C6H7NO2/c1-9-6-2-4-7(8)5-3-6/h2-5H,1H3"
OCC(=O)C(C4)C(C)(C3)C([H])(C4)C([H])(C1)C([H])(C3)C(C)(C2)C(=CC(=O)C2)C1,"InChI=1S/C21H30O3/c1-20-9-7-14(23)11-13(20)3-4-15-16-5-6-18(19(24)12-22)21(16,2)10-8-17(15)20/h11,15-18,22H,3-10,12H2,1-2H3/t15-,16-,17-,18+,20-,21-/m0/s1"
[O-1][n+1](c1)cccc1,InChI=1S/C5H5NO/c7-6-4-2-1-3-5-6/h1-5H
COc(c1)ccc(C=CC(O)=O)c1,"InChI=1S/C10H10O3/c1-13-9-5-2-8(3-6-9)4-7-10(11)12/h2-7H,1H3,(H,11,12)/b7-4+"
O=C(C4)C=C(C3)C(C)(C4)C([H])(C2)C([H])(C3)C([H])(C1)C(C)(C2)C(=O)C1,"InChI=1S/C19H26O2/c1-18-9-7-13(20)11-12(18)3-4-14-15-5-6-17(21)19(15,2)10-8-16(14)18/h11,14-16H,3-10H2,1-2H3/t14-,15-,16-,18-,19-/m0/s1"
COc(c1)ccc(c1)[N+1]([O-1])=O,"InChI=1S/C7H7NO3/c1-11-7-4-2-6(3-5-7)8(9)10/h2-5H,1H3"
COc(c1)ccc(N)c1,"InChI=1S/C7H9NO/c1-9-7-4-2-6(8)3-5-7/h2-5H,8H2,1H3"
[O-1][N+1](=O)c(c1)c(c2)c(ccc2)[n+1]([O-1])c1,InChI=1S/C9H6N2O3/c12-10-6-5-9(11(13)14)7-3-1-2-4-8(7)10/h1-6H
N#Cc(c1)ccc(c1)[N+1]([O-1])=O,InChI=1S/C7H4N2O2/c8-5-6-1-3-7(4-2-6)9(10)11/h1-4H
O=Cc(c1)ccc(c1)[N+1]([O-1])=O,InChI=1S/C7H5NO3/c9-5-6-1-3-7(4-2-6)8(10)11/h1-5H
O=C(Cc(c2)cccc2)c(c1)cccc1,"InChI=1S/C14H12O/c15-14(13-9-5-2-6-10-13)11-12-7-3-1-4-8-12/h1-10H,11H2"
c(c2)ccc(c2)NN=Nc(c1)cccc1,"InChI=1S/C12H11N3/c1-3-7-11(8-4-1)13-15-14-12-9-5-2-6-10-12/h1-10H,(H,13,14)"
Cc(c(C)1)c(N)c(C)c(C)c(N)1,"InChI=1S/C10H16N2/c1-5-6(2)10(12)8(4)7(3)9(5)11/h11-12H2,1-4H3"
OC(C1)CC(C)(C)NC(C)(C)1,"InChI=1S/C9H19NO/c1-8(2)5-7(11)6-9(3,4)10-8/h7,10-11H,5-6H2,1-4H3"
C1CCC(CC1)NO.Cl,InChI=1S/C6H13NO.ClH/c8-7-6-4-2-1-3-5-6
OCCN(CCO)CCO,"InChI=1S/C6H15NO3/c8-4-1-7(2-5-9)3-6-10/h8-10H,1-6H2"
OC(=O)c(c1)cncc1,"InChI=1S/C6H5NO2/c8-6(9)5-2-1-3-7-4-5/h1-4H,(H,8,9)"
CN(C)C(=O)c(c1)cncc1,"InChI=1S/C8H10N2O/c1-10(2)8(11)7-4-3-5-9-6-7/h3-6H,1-2H3"
OCc(c1)cc(cc1)[N+1]([O-1])=O,"InChI=1S/C7H7NO3/c9-5-6-2-1-3-7(4-6)8(10)11/h1-4,9H,5H2"
OC(=O)c(c1)cc(C(O)=O)cc(C(O)=O)1,"InChI=1S/C9H6O6/c10-7(11)4-1-5(8(12)13)3-6(2-4)9(14)15/h1-3H,(H,10,11)(H,12,13)(H,14,15)"
ON=c(c1)ccc(=NO)c1,"InChI=1S/C6H6N2O2/c9-7-5-1-2-6(8-10)4-3-5/h1-4,9-10H/b7-5-,8-6-"
[O-1][n+1](c1)ccc(c1)[N+1]([O-1])=O,InChI=1S/C5H4N2O3/c8-6-3-1-5(2-4-6)7(9)10/h1-4H
CN(C)c(c1)ccc(c1)[N+1]([O-1])=O,"InChI=1S/C8H10N2O2/c1-9(2)7-3-5-8(6-4-7)10(11)12/h3-6H,1-2H3"
CN(C)c(c1)ccnc1,"InChI=1S/C7H10N2/c1-9(2)7-3-5-8-6-4-7/h3-6H,1-2H3"
N#CC(c(c2)cccc2)c(c1)cccc1,"InChI=1S/C14H11N/c15-11-14(12-7-3-1-4-8-12)13-9-5-2-6-10-13/h1-10,14H"
Oc(c1)cc(cc1C(C)(C)C)C(C)(C)C,"InChI=1S/C14H22O/c1-13(2,3)10-7-11(14(4,5)6)9-12(15)8-10/h7-9,15H,1-6H3"
CCn(c(=O)1)c(=O)cc1,"InChI=1S/C6H7NO2/c1-2-7-5(8)3-4-6(7)9/h3-4H,2H2,1H3"
ClCc(c(C)1)c(c2)c(ccc2)cc1,"InChI=1S/C12H11Cl/c1-9-6-7-10-4-2-3-5-11(10)12(9)8-13/h2-7H,8H2,1H3"
CC(=C2)N(C)N(C(=O)2)c(c1)cccc1,"InChI=1S/C11H12N2O/c1-9-8-11(14)13(12(9)2)10-6-4-3-5-7-10/h3-8H,1-2H3"
c(c3)cc(O1)c(c3)C(=C)C(C)(C2)C(C)12,"InChI=1S/C13H14O/c1-9-10-6-4-5-7-11(10)14-13(3)8-12(9,13)2/h4-7H,1,8H2,2-3H3"
c(c3)cc(O1)c(c3)C(=C)C(C)(C2)C12,"InChI=1S/C12H12O/c1-8-9-5-3-4-6-10(9)13-11-7-12(8,11)2/h3-6,11H,1,7H2,2H3"
[2H]C([2H])([2H])C(O1)=C(C)C(=O)c(c2)c(ccc2)1,"InChI=1S/C11H10O2/c1-7-8(2)13-10-6-4-3-5-9(10)11(7)12/h3-6H,1-2H3/i2D3"
CC(O1)=C(C)C(=O)c(c2)c(ccc2)1,"InChI=1S/C11H10O2/c1-7-8(2)13-10-6-4-3-5-9(10)11(7)12/h3-6H,1-2H3"
c(c3)cc(c(c3)2)C(=C)C(C)(C1)C(C)(S2)1,"InChI=1S/C13H14S/c1-9-10-6-4-5-7-11(10)14-13(3)8-12(9,13)2/h4-7H,1,8H2,2-3H3"
c(c4)cc(S1)c(c4)C(=O)C(C3)(C2)C(CC3)12,"InChI=1S/C13H12OS/c14-11-9-4-1-2-5-10(9)15-13-7-3-6-12(11,13)8-13/h1-2,4-5H,3,6-8H2"
c(c3)cc(S1)c(c3)C(=O)C(C)(C2)C(C)12,"InChI=1S/C12H12OS/c1-11-7-12(11,2)14-9-6-4-3-5-8(9)10(11)13/h3-6H,7H2,1-2H3"
OC(C3)CC(CC3)(C1)Sc(c2)c(ccc2)1,"InChI=1S/C13H16OS/c14-11-5-3-7-13(9-11)8-10-4-1-2-6-12(10)15-13/h1-2,4,6,11,14H,3,5,7-9H2"
CC(=O)CCC(=O)CC(C)=O,"InChI=1S/C8H12O3/c1-6(9)3-4-8(11)5-7(2)10/h3-5H2,1-2H3"
CC(=O)CC(c(c2)cccc2)C(=O)C(C(=O)C([2H])([2H])[2H])c(c1)cccc1,"InChI=1S/C20H20O3/c1-14(21)13-18(16-9-5-3-6-10-16)20(23)19(15(2)22)17-11-7-4-8-12-17/h3-12,18-19H,13H2,1-2H3/i2D3"
CC(=O)CC(c(c2)cccc2)C(=O)C(C(C)=O)c(c1)cccc1,"InChI=1S/C20H20O3/c1-14(21)13-18(16-9-5-3-6-10-16)20(23)19(15(2)22)17-11-7-4-8-12-17/h3-12,18-19H,13H2,1-2H3"
[2H]C([2H])([2H])C(=O)C(c(c3)cccc3)c(o2)c(cc(C)2)c(c1)cccc1,"InChI=1S/C20H18O2/c1-14-13-18(16-9-5-3-6-10-16)20(22-14)19(15(2)21)17-11-7-4-8-12-17/h3-13,19H,1-2H3/i2D3"
c(c3)ccc(c3)C(C(C)=O)c(o2)c(cc(C)2)c(c1)cccc1,"InChI=1S/C20H18O2/c1-14-13-18(16-9-5-3-6-10-16)20(22-14)19(15(2)21)17-11-7-4-8-12-17/h3-13,19H,1-2H3"
c(c4)ccc(c4)C(=C(C)2)C(=O)C(c(c3)cccc3)(C1)C(C)(O2)1,"InChI=1S/C20H18O2/c1-14-17(15-9-5-3-6-10-15)18(21)20(13-19(20,2)22-14)16-11-7-4-8-12-16/h3-12H,13H2,1-2H3"
c(c3)ccc(c3)C(=C(C)1)C(=S)C(c(c2)cccc2)=C(C)O1,"InChI=1S/C19H16OS/c1-13-17(15-9-5-3-6-10-15)19(21)18(14(2)20-13)16-11-7-4-8-12-16/h3-12H,1-2H3"
c(c3)ccc(c3)C(=C(C)1)C(=O)C(c(c2)cccc2)=C(C)O1,"InChI=1S/C19H16O2/c1-13-17(15-9-5-3-6-10-15)19(20)18(14(2)21-13)16-11-7-4-8-12-16/h3-12H,1-2H3"
CC(=C(C)2)OC(C)(C1)C(C)(C(=O)2)1,"InChI=1S/C10H14O2/c1-6-7(2)12-10(4)5-9(10,3)8(6)11/h5H2,1-4H3"
CC(=C([H])2)OC(C)(C1)C(C(=O)2)1,"InChI=1S/C8H10O2/c1-5-3-7(9)6-4-8(6,2)10-5/h3,6H,4H2,1-2H3"
C(C4)CC(=C42)C(=O)C(C3)(C1)C(CC3)(O2)1,"InChI=1S/C12H14O2/c13-10-8-3-1-4-9(8)14-12-6-2-5-11(10,12)7-12/h1-7H2"
O=C(C2=1)C(C3)=C(CC3)OC(CCC2)1,InChI=1S/C11H12O2/c12-11-7-3-1-5-9(7)13-10-6-2-4-8(10)11/h1-6H2
O=C(C=1)C(C2)=C(CC2)OC1,"InChI=1S/C8H8O2/c9-7-4-5-10-8-3-1-2-6(7)8/h4-5H,1-3H2"
c(c2)cc(C1)c(c2)OC1,"InChI=1S/C8H8O/c1-2-4-8-7(3-1)5-6-9-8/h1-4H,5-6H2"
NCCC[Si](C)(OCC)OCC,"InChI=1S/C8H21NO2Si/c1-4-10-12(3,11-5-2)8-6-7-9/h4-9H2,1-3H3"
CCOC(=O)C(C1)(CC1)C(=O)OCC,"InChI=1S/C10H16O4/c1-3-13-8(11)10(6-5-7-10)9(12)14-4-2/h3-7H2,1-2H3"
NCC(C)O,"InChI=1S/C3H9NO/c1-3(5)2-4/h3,5H,2,4H2,1H3"
Cc(c1)cc(O)cc1,"InChI=1S/C7H8O/c1-6-3-2-4-7(8)5-6/h2-5,8H,1H3"
Cc(c1)c(O)ccc1,"InChI=1S/C7H8O/c1-6-4-2-3-5-7(6)8/h2-5,8H,1H3"
c(c2)ccc(c2)OCCOc(c1)cccc1,"InChI=1S/C14H14O2/c1-3-7-13(8-4-1)15-11-12-16-14-9-5-2-6-10-14/h1-10H,11-12H2"
CCC(C)(O)C#C,"InChI=1S/C6H10O/c1-4-6(3,7)5-2/h1,7H,5H2,2-3H3"
NCCNCCO,"InChI=1S/C4H12N2O/c5-1-2-6-3-4-7/h6-7H,1-5H2"
NCc(c1)cccc1,"InChI=1S/C7H9N/c8-6-7-4-2-1-3-5-7/h1-5H,6,8H2"
CC(C1)OCOC1,"InChI=1S/C5H10O2/c1-5-2-3-6-4-7-5/h5H,2-4H2,1H3"
OCC(C)(C)N,"InChI=1S/C4H11NO/c1-4(2,5)3-6/h6H,3,5H2,1-2H3"
ClCCOCCOCCCl,InChI=1S/C6H12Cl2O2/c7-1-3-9-5-6-10-4-2-8/h1-6H2
O=C(CC(=O)C(F)(F)F)C(F)(F)F,"InChI=1S/C5H2F6O2/c6-4(7,8)2(12)1-3(13)5(9,10)11/h1H2"
CC(=O)CC(=O)C(F)(F)F,"InChI=1S/C5H5F3O2/c1-3(9)2-4(10)5(6,7)8/h2H2,1H3"
ClCCOc(c1)cccc1,"InChI=1S/C8H9ClO/c9-6-7-10-8-4-2-1-3-5-8/h1-5H,6-7H2"
CCOC(=O)C(F)(F)F,"InChI=1S/C4H5F3O2/c1-2-9-3(8)4(5,6)7/h2H2,1H3"
CC(C)N,"InChI=1S/C3H9N/c1-3(2)4/h3H,4H2,1-2H3"
OC(C1)CCC1,"InChI=1S/C5H10O/c6-5-3-1-2-4-5/h5-6H,1-4H2"
OC(=O)CC(O)=O,"InChI=1S/C3H4O4/c4-2(5)1-3(6)7/h1H2,(H,4,5)(H,6,7)"
O=C(Cl)CCC(=O)OC,"InChI=1S/C5H7ClO3/c1-9-5(8)3-2-4(6)7/h2-3H2,1H3"
FCCCCCCCCCCCCOC(C)=O,"InChI=1S/C14H27FO2/c1-14(16)17-13-11-9-7-5-3-2-4-6-8-10-12-15/h2-13H2,1H3"
CCCCCC([H])=C([H])CC([H])=C([H])CCO,"InChI=1S/C12H22O/c1-2-3-4-5-6-7-8-9-10-11-12-13/h6-7,9-10,13H,2-5,8,11-12H2,1H3/b7-6-,10-9-"
FCCCCCCCCC([H])=C([H])CCOC(C)=O,"InChI=1S/C14H25FO2/c1-14(16)17-13-11-9-7-5-3-2-4-6-8-10-12-15/h7,9H,2-6,8,10-13H2,1H3/b9-7-"
CCCCCCCCC([H])=C([H])CCO,"InChI=1S/C12H24O/c1-2-3-4-5-6-7-8-9-10-11-12-13/h9-10,13H,2-8,11-12H2,1H3/b10-9-"
CCC(=O)OCCCCCCCC([H])=C([H])C([H])=C([H])C,"InChI=1S/C15H26O2/c1-3-5-6-7-8-9-10-11-12-13-14-17-15(16)4-2/h3,5-7H,4,8-14H2,1-2H3/b5-3+,7-6+"
CCCCCCC([H])=C([H])CCCCCCCC(=O)OC,"InChI=1S/C17H32O2/c1-3-4-5-6-7-8-9-10-11-12-13-14-15-16-17(18)19-2/h8-9H,3-7,10-16H2,1-2H3/b9-8-"
CCCCC([H])=C([H])CCC([H])=C([H])CCCCCCOC(C)=O,"InChI=1S/C18H32O2/c1-3-4-5-6-7-8-9-10-11-12-13-14-15-16-17-20-18(2)19/h6-7,10-11H,3-5,8-9,12-17H2,1-2H3/b7-6-,11-10-"
CCCCCCCCC([H])=C([H])CCCCCCOC(C)=O,"InChI=1S/C18H34O2/c1-3-4-5-6-7-8-9-10-11-12-13-14-15-16-17-20-18(2)19/h10-11H,3-9,12-17H2,1-2H3/b11-10-"
CCCCCCC([H])=C([H])CCCCCCCCO,"InChI=1S/C16H32O/c1-2-3-4-5-6-7-8-9-10-11-12-13-14-15-16-17/h7-8,17H,2-6,9-16H2,1H3/b8-7-"
OCCCCCCCC([H])=C([H])C([H])=C([H])C,"InChI=1S/C12H22O/c1-2-3-4-5-6-7-8-9-10-11-12-13/h2-5,13H,6-12H2,1H3/b3-2+,5-4+"
CCCCCCCCCCCC(O1)C(CCCCC(=O)OC)1,"InChI=1S/C19H36O3/c1-3-4-5-6-7-8-9-10-11-14-17-18(22-17)15-12-13-16-19(20)21-2/h17-18H,3-16H2,1-2H3"
CCCCCCCCCCCC([H])=C([H])CCCCC(=O)OC,"InChI=1S/C19H36O2/c1-3-4-5-6-7-8-9-10-11-12-13-14-15-16-17-18-19(20)21-2/h13-14H,3-12,15-18H2,1-2H3/b14-13-"
CCC([H])=C([H])CC([H])=C([H])CC([H])=C([H])CC([H])=C([H])CCCCC(=O)OC,"InChI=1S/C19H30O2/c1-3-4-5-6-7-8-9-10-11-12-13-14-15-16-17-18-19(20)21-2/h4-5,7-8,10-11,13-14H,3,6,9,12,15-18H2,1-2H3/b5-4-,8-7-,11-10-,14-13-"
CCC([H])=C([H])CC([H])=C([H])CCCCC([H])=C([H])CCCCC(=O)OC,"InChI=1S/C19H32O2/c1-3-4-5-6-7-8-9-10-11-12-13-14-15-16-17-18-19(20)21-2/h4-5,7-8,13-14H,3,6,9-12,15-18H2,1-2H3/b5-4-,8-7-,14-13-"
CCC([H])=C([H])CCCCC([H])=C([H])CC([H])=C([H])CCCCC(=O)OC,"InChI=1S/C19H32O2/c1-3-4-5-6-7-8-9-10-11-12-13-14-15-16-17-18-19(20)21-2/h4-5,10-11,13-14H,3,6-9,12,15-18H2,1-2H3/b5-4-,11-10-,14-13-"
CCC([H])=C([H])CC([H])=C([H])CC([H])=C([H])CCCCCCCC(=O)OC,"InChI=1S/C19H32O2/c1-3-4-5-6-7-8-9-10-11-12-13-14-15-16-17-18-19(20)21-2/h4-5,7-8,10-11H,3,6,9,12-18H2,1-2H3/b5-4-,8-7-,11-10-"
CCC([H])=C([H])CC([H])=C([H])CCCCCCCCCCC(=O)OC,"InChI=1S/C19H34O2/c1-3-4-5-6-7-8-9-10-11-12-13-14-15-16-17-18-19(20)21-2/h4-5,7-8H,3,6,9-18H2,1-2H3/b5-4-,8-7-"
CCC([H])=C([H])CCCCC([H])=C([H])CCCCCCCC(=O)OC,"InChI=1S/C19H34O2/c1-3-4-5-6-7-8-9-10-11-12-13-14-15-16-17-18-19(20)21-2/h4-5,10-11H,3,6-9,12-18H2,1-2H3/b5-4-,11-10-"
CCCCCC([H])=C([H])CC([H])=C([H])CC([H])=C([H])CCCCC(=O)OC,"InChI=1S/C19H32O2/c1-3-4-5-6-7-8-9-10-11-12-13-14-15-16-17-18-19(20)21-2/h7-8,10-11,13-14H,3-6,9,12,15-18H2,1-2H3/b8-7-,11-10-,14-13-"
CCCCCC([H])=C([H])CC([H])=C([H])CCCCCCCC(=O)OC,"InChI=1S/C19H34O2/c1-3-4-5-6-7-8-9-10-11-12-13-14-15-16-17-18-19(20)21-2/h7-8,10-11H,3-6,9,12-18H2,1-2H3/b8-7-,11-10-"
CCCCCC([H])=C([H])CCCCCCCCCCC(=O)OC,"InChI=1S/C19H36O2/c1-3-4-5-6-7-8-9-10-11-12-13-14-15-16-17-18-19(20)21-2/h7-8H,3-6,9-18H2,1-2H3/b8-7-"
[H]C(C1)=C(C)CCC1,"InChI=1S/C7H12/c1-7-5-3-2-4-6-7/h5H,2-4,6H2,1H3"
CC(C1)C=CCC1,"InChI=1S/C7H12/c1-7-5-3-2-4-6-7/h3,5,7H,2,4,6H2,1H3"
CC(C1)CC=CC1,"InChI=1S/C7H12/c1-7-5-3-2-4-6-7/h2-3,7H,4-6H2,1H3"
CCC[SiH2]C,"InChI=1S/C4H12Si/c1-3-4-5-2/h3-5H2,1-2H3"
CC[SiH2]C,"InChI=1S/C3H10Si/c1-3-4-2/h3-4H2,1-2H3"
CC[SiH2]CC,"InChI=1S/C4H12Si/c1-3-5-4-2/h3-5H2,1-2H3"
CC[Si](C)(C)C,"InChI=1S/C5H14Si/c1-5-6(2,3)4/h5H2,1-4H3"
CCCCC(C)CO,"InChI=1S/C7H16O/c1-3-4-5-7(2)6-8/h7-8H,3-6H2,1-2H3"
C#CC(C)(C)O,"InChI=1S/C5H8O/c1-4-5(2,3)6/h1,6H,2-3H3"
CC(C)CC(C)(C)C,"InChI=1S/C8H18/c1-7(2)6-8(3,4)5/h7H,6H2,1-5H3"
CCOC(=O)CC(C)C,"InChI=1S/C7H14O2/c1-4-9-7(8)5-6(2)3/h6H,4-5H2,1-3H3"
COC(=O)CC(C)C,"InChI=1S/C6H12O2/c1-5(2)4-6(7)8-3/h5H,4H2,1-3H3"
Cc(c1)ccnc1,"InChI=1S/C6H7N/c1-6-2-4-7-5-3-6/h2-5H,1H3"
ClCc(c1)cccc1,"InChI=1S/C7H7Cl/c8-6-7-4-2-1-3-5-7/h1-5H,6H2"
ClC(C1)CCCC1,"InChI=1S/C6H11Cl/c7-6-4-2-1-3-5-6/h6H,1-5H2"
CC(C)(C)Cl,"InChI=1S/C4H9Cl/c1-4(2,3)5/h1-3H3"
CCC(C)Cl,"InChI=1S/C4H9Cl/c1-3-4(2)5/h4H,3H2,1-2H3"
CCCCCl,"InChI=1S/C4H9Cl/c1-2-3-4-5/h2-4H2,1H3"
C=CCOC(=O)CCl,"InChI=1S/C5H7ClO2/c1-2-3-8-5(7)4-6/h2H,1,3-4H2"
CCCCOC(=O)CCl,"InChI=1S/C6H11ClO2/c1-2-3-4-9-6(8)5-7/h2-5H2,1H3"
CC(C)OC(=O)CCl,"InChI=1S/C5H9ClO2/c1-4(2)8-5(7)3-6/h4H,3H2,1-2H3"
COC(=O)CCl,"InChI=1S/C3H5ClO2/c1-6-3(5)2-4/h2H2,1H3"
OC(=O)c(c1)ccc(Cl)c1,"InChI=1S/C7H5ClO2/c8-6-3-1-5(2-4-6)7(9)10/h1-4H,(H,9,10)"
O=Cc(c1)ccc(Cl)c1,InChI=1S/C7H5ClO/c8-7-3-1-6(5-9)2-4-7/h1-5H
ClC1=CC=C(C=C1)C,"InChI=1S/C7H7Cl/c1-6-2-4-7(8)5-3-6/h2-5H,1H3"
Cc(c1)c(Cl)ccc1,"InChI=1S/C7H7Cl/c1-6-4-2-3-5-7(6)8/h2-5H,1H3"
Nc(c1)cc(Cl)cc1,"InChI=1S/C6H6ClN/c7-5-2-1-3-6(8)4-5/h1-4H,8H2"
Nc(c1)c(Cl)ccc1,"InChI=1S/C6H6ClN/c7-5-3-1-2-4-6(5)8/h1-4H,8H2"
CCCCCCCCCC(CO)(C1)OC(=O)C(C)=C1,"InChI=1S/C16H28O3/c1-3-4-5-6-7-8-9-11-16(13-17)12-10-14(2)15(18)19-16/h10,17H,3-9,11-13H2,1-2H3"
CCCCCCCCCC(CO)(C1)OC(=O)C([H])(C)C1,"InChI=1S/C16H30O3/c1-3-4-5-6-7-8-9-11-16(13-17)12-10-14(2)15(18)19-16/h14,17H,3-13H2,1-2H3/t14-,16-/m1/s1"
CC(C)=CCCC(C)(C3)C(C1)C(C)(CC3)C(CCC(C)(O2)OCC2)=C(C)C1,"InChI=1S/C25H42O2/c1-19(2)9-7-13-23(4)14-8-15-24(5)21(20(3)10-11-22(23)24)12-16-25(6)26-17-18-27-25/h9,22H,7-8,10-18H2,1-6H3/t22?,23-,24-/m1/s1"
CC(C)=CCCC(C)(C3)C([H])(C1)C(CC3)(C(O2)OCC2)C(=O)C(C)C1,"InChI=1S/C21H34O3/c1-15(2)7-5-10-20(4)11-6-12-21(19-23-13-14-24-19)17(20)9-8-16(3)18(21)22/h7,16-17,19H,5-6,8-14H2,1-4H3/t16?,17-,20+,21+/m0/s1"
CC(=O)CCC=C(C)C=CC(=C(C)1)C(C)(CCC(=O)1)C(=O)OC,"InChI=1S/C19H26O4/c1-13(7-6-8-14(2)20)9-10-16-15(3)17(21)11-12-19(16,4)18(22)23-5/h7,9-10H,6,8,11-12H2,1-5H3/b10-9+,13-7+/t19-/m0/s1"
OCCC(C=2)=C(C=1)C(C=C(C(C)C)C2)=C(C)C1,"InChI=1S/C16H20O/c1-11(2)14-6-5-13(8-9-17)15-7-4-12(3)16(15)10-14/h4-7,10-11,17H,8-9H2,1-3H3"
CC(C)(C)NCC(O[Si](C)(C)C)c(c1)cc(O[Si](C)(C)C)cc(O[Si](C)(C)C)1,"InChI=1S/C21H43NO3Si3/c1-21(2,3)22-16-20(25-28(10,11)12)17-13-18(23-26(4,5)6)15-19(14-17)24-27(7,8)9/h13-15,20,22H,16H2,1-12H3"
[O-1][N+1](=O)c(c1)cc([N+1]([O-1])=O)c(NN=CC(C)C(C2)C(C=NNc(c3)c([N+1]([O-1])=O)cc([N+1]([O-1])=O)c3)C(C)C2)c1,"InChI=1S/C22H24N8O8/c1-13-3-6-17(14(2)11-23-25-19-7-4-15(27(31)32)9-21(19)29(35)36)18(13)12-24-26-20-8-5-16(28(33)34)10-22(20)30(37)38/h4-5,7-14,17-18,25-26H,3,6H2,1-2H3/b23-11+,24-12+"
CC(=C)C(C1)CC(=C(C)2)C(C)(CCC(=O)2)C1,"InChI=1S/C15H22O/c1-10(2)12-5-7-15(4)8-6-14(16)11(3)13(15)9-12/h12H,1,5-9H2,2-4H3"
CC(=C)C(C1)CC(C(=C)2)C(C)(CCC2)C1,"InChI=1S/C15H24/c1-11(2)13-7-9-15(4)8-5-6-12(3)14(15)10-13/h13-14H,1,3,5-10H2,2,4H3"
OC(=O)COC(C(=O)1)=C(c(c3)cccc3)c(c2)c(ccc2)N1,"InChI=1S/C17H13NO4/c19-14(20)10-22-16-15(11-6-2-1-3-7-11)12-8-4-5-9-13(12)18-17(16)21/h1-9H,10H2,(H,18,21)(H,19,20)"
Cc(c4)c(ccc4)C(=N1)C(C(=O)3)=C(CC(C)(C)C3)Nc(c2)c(ccc2)1,"InChI=1S/C22H22N2O/c1-14-8-4-5-9-15(14)21-20-18(12-22(2,3)13-19(20)25)23-16-10-6-7-11-17(16)24-21/h4-11,23H,12-13H2,1-3H3"
CC(C)Nc(c2)c(ccc2)NC(=C1)CC(C)(C)CC(=O)1,"InChI=1S/C17H24N2O/c1-12(2)18-15-7-5-6-8-16(15)19-13-9-14(20)11-17(3,4)10-13/h5-9,12,18-19H,10-11H2,1-4H3"
CC(=O)CC(C)(C)Cc(n1)sc(c2)c(ccc2)1,"InChI=1S/C14H17NOS/c1-10(16)8-14(2,3)9-13-15-11-6-4-5-7-12(11)17-13/h4-7H,8-9H2,1-3H3"
c(c4)ccc(c4)C(N(C(C)C)1)C(C(=O)3)=C(CC(C)(C)C3)Nc(c2)c(ccc2)1,"InChI=1S/C24H28N2O/c1-16(2)26-20-13-9-8-12-18(20)25-19-14-24(3,4)15-21(27)22(19)23(26)17-10-6-5-7-11-17/h5-13,16,23,25H,14-15H2,1-4H3"
c(c3)ccc(c3)C(=O)Nc(c2)c(ccc2)SC(C1)CC(C)(C)CC(=O)1,"InChI=1S/C21H23NO2S/c1-21(2)13-16(23)12-17(14-21)25-19-11-7-6-10-18(19)22-20(24)15-8-4-3-5-9-15/h3-11,17H,12-14H2,1-2H3,(H,22,24)"
COc(c2)c(OC)cc(c2)C(C#N)(Cc(c1)cccc1)C(=O)OC,"InChI=1S/C19H19NO4/c1-22-16-10-9-15(11-17(16)23-2)19(13-20,18(21)24-3)12-14-7-5-4-6-8-14/h4-11H,12H2,1-3H3"
COc(c2)c(OC)cc(c2)C(Cc(c1)cccc1)(C(=O)OC)C(=O)OC,"InChI=1S/C20H22O6/c1-23-16-11-10-15(12-17(16)24-2)20(18(21)25-3,19(22)26-4)13-14-8-6-5-7-9-14/h5-12H,13H2,1-4H3"
COC(=O)C(C#N)c(c1)cc(OC)c(OC)c1,"InChI=1S/C12H13NO4/c1-15-10-5-4-8(6-11(10)16-2)9(7-13)12(14)17-3/h4-6,9H,1-3H3"
COC(=O)C(C(=O)OC)c(c1)cc(OC)c(OC)c1,"InChI=1S/C13H16O6/c1-16-9-6-5-8(7-10(9)17-2)11(12(14)18-3)13(15)19-4/h5-7,11H,1-4H3"
COc(c2)c(OC)c(cc2)C(C(N)=O)Cc(c1)cccc1,"InChI=1S/C17H19NO3/c1-20-15-10-6-9-13(16(15)21-2)14(17(18)19)11-12-7-4-3-5-8-12/h3-10,14H,11H2,1-2H3,(H2,18,19)"
CC(=O)OCC(=O)C(Cc(c2)cccc2)c(c1)c(Cl)c(OC)c(OC)c1,"InChI=1S/C20H21ClO5/c1-13(22)26-12-17(23)16(11-14-7-5-4-6-8-14)15-9-10-18(24-2)20(25-3)19(15)21/h4-10,16H,11-12H2,1-3H3"
COC(=O)C(Cc(c2)cccc2)c(c1)cc(OC)c(OC)c1,"InChI=1S/C18H20O4/c1-20-16-10-9-14(12-17(16)21-2)15(18(19)22-3)11-13-7-5-4-6-8-13/h4-10,12,15H,11H2,1-3H3"
OC(=O)Cc(c2)c(ccc2)Nc(c(Cl)1)c(Cl)ccc1,"InChI=1S/C14H11Cl2NO2/c15-10-5-3-6-11(16)14(10)17-12-7-2-1-4-9(12)8-13(18)19/h1-7,17H,8H2,(H,18,19)"
CC(=O)c(c1)c(O)cc(OCc(c2)cccc2)c1,"InChI=1S/C15H14O3/c1-11(16)14-8-7-13(9-15(14)17)18-10-12-5-3-2-4-6-12/h2-9,17H,10H2,1H3"
c(c2)ccc(c2)SSc(c1)cccc1,InChI=1S/C12H10S2/c1-3-7-11(8-4-1)13-14-12-9-5-2-6-10-12/h1-10H
CCCCCCCCCCCCCc(c1)c(C(O)=O)c(OC)cc1,"InChI=1S/C21H34O3/c1-3-4-5-6-7-8-9-10-11-12-13-15-18-16-14-17-19(24-2)20(18)21(22)23/h14,16-17H,3-13,15H2,1-2H3,(H,22,23)"
CCCCCCCCCCCCCc(c1)c(C(O)=O)c(O)cc1,"InChI=1S/C20H32O3/c1-2-3-4-5-6-7-8-9-10-11-12-14-17-15-13-16-18(21)19(17)20(22)23/h13,15-16,21H,2-12,14H2,1H3,(H,22,23)"
C(CCCCCCc(c2)c(O)c(OC)cc2)CCCCCc(c1)cccc1,"InChI=1S/C25H36O2/c1-27-24-21-15-20-23(25(24)26)19-14-9-7-5-3-2-4-6-8-11-16-22-17-12-10-13-18-22/h10,12-13,15,17-18,20-21,26H,2-9,11,14,16,19H2,1H3"
C(CCCCCc(c2)c(O)c(OC)cc2)CCCCc(c1)cccc1,"InChI=1S/C23H32O2/c1-25-22-19-13-18-21(23(22)24)17-12-7-5-3-2-4-6-9-14-20-15-10-8-11-16-20/h8,10-11,13,15-16,18-19,24H,2-7,9,12,14,17H2,1H3"
OCCCCCCCCCCCCc(c1)cccc1,"InChI=1S/C18H30O/c19-17-13-8-6-4-2-1-3-5-7-10-14-18-15-11-9-12-16-18/h9,11-12,15-16,19H,1-8,10,13-14,17H2"
OCCCCCCCCCCc(c1)cccc1,"InChI=1S/C16H26O/c17-15-11-6-4-2-1-3-5-8-12-16-13-9-7-10-14-16/h7,9-10,13-14,17H,1-6,8,11-12,15H2"
CCCCCCCCCCC([H])=C([H])CO,"InChI=1S/C13H26O/c1-2-3-4-5-6-7-8-9-10-11-12-13-14/h11-12,14H,2-10,13H2,1H3/b12-11-"
[H]C(c(c2)nccc2)=C([H])c(c1)nccc1,InChI=1S/C12H10N2/c1-3-9-13-11(5-1)7-8-12-6-2-4-10-14-12/h1-10H/b8-7+
n(c2)ccc(c2)C=Cc(c1)ccnc1,InChI=1S/C12H10N2/c1(11-3-7-13-8-4-11)2-12-5-9-14-10-6-12/h1-10H/b2-1+
[H]C(c(c2)cccc2)=C([H])c(c1)nccc1,InChI=1S/C13H11N/c1-2-6-12(7-3-1)9-10-13-8-4-5-11-14-13/h1-11H/b10-9+
C(CC)CCCOc(c1)ccc(c(n4)ncc(c4)N=Nc(c3)cnc(n3)c(c2)ccc(OCCCCCC)c2)c1,"InChI=1S/C32H38N6O2/c1-3-5-7-9-19-39-29-15-11-25(12-16-29)31-33-21-27(22-34-31)37-38-28-23-35-32(36-24-28)26-13-17-30(18-14-26)40-20-10-8-6-4-2/h11-18,21-24H,3-10,19-20H2,1-2H3/b38-37+"
c(c5c(c6)cccc6)c(nc(n5)OCCOc(n3)nc(cc3c(c4)cccc4)c(c2)cccc2)c(c1)cccc1,"InChI=1S/C34H26N4O2/c1-5-13-25(14-6-1)29-23-30(26-15-7-2-8-16-26)36-33(35-29)39-21-22-40-34-37-31(27-17-9-3-10-18-27)24-32(38-34)28-19-11-4-12-20-28/h1-20,23-24H,21-22H2"
COc(n1)nc(C(Br)C(Br)c(c4)cccc4)c(c(c3)cccc3)c1c(c2)cccc2,"InChI=1S/C25H20Br2N2O/c1-30-25-28-23(19-15-9-4-10-16-19)20(17-11-5-2-6-12-17)24(29-25)22(27)21(26)18-13-7-3-8-14-18/h2-16,21-22H,1H3"
Brc(c5)ccc(c5)c(n1)nc(c(c4)ccc(Br)c4)c(c32)c(ccc(cccc3)2)1,InChI=1S/C24H14Br2N2/c25-18-10-5-16(6-11-18)23-22-20-4-2-1-3-15(20)9-14-21(22)27-24(28-23)17-7-12-19(26)13-8-17/h1-14H
c(c15)cccc(c(c3cc5)c(nc(c(c4)cc(c(OC)c4)OC)n3)c(c2)cc(c(OC)c2)OC)1,"InChI=1S/C28H24N2O4/c1-31-22-13-10-18(15-24(22)33-3)27-26-20-8-6-5-7-17(20)9-12-21(26)29-28(30-27)19-11-14-23(32-2)25(16-19)34-4/h5-16H,1-4H3"
c(c12)cccc(ccc(n4)c2c(nc(c(c(OC)5)cccc5)4)c(c(OC)3)cccc3)1,"InChI=1S/C26H20N2O2/c1-29-22-13-7-5-11-19(22)25-24-18-10-4-3-9-17(18)15-16-21(24)27-26(28-25)20-12-6-8-14-23(20)30-2/h3-16H,1-2H3"
c(c(c(c6)cccc6)4)(c(nc(c(c5)cccc5)n4)1)c(c32)c(ccc2=CC=CC3)=N1,"InChI=1S/C26H17N3/c1-3-10-18(11-4-1)24-23-22-20-14-8-7-9-17(20)15-16-21(22)27-26(23)29-25(28-24)19-12-5-2-6-13-19/h1-13,15-16H,14H2"
COc(n1)nc(c(c4)cccc4)c(c(c3)cccc3)c(CCc(c2)cccc2)1,"InChI=1S/C25H22N2O/c1-28-25-26-22(18-17-19-11-5-2-6-12-19)23(20-13-7-3-8-14-20)24(27-25)21-15-9-4-10-16-21/h2-16H,17-18H2,1H3"
COc(n1)nc(c(c4)cccc4)c(c(c3)cccc3)c(C=Cc(c2)cccc2)1,"InChI=1S/C25H20N2O/c1-28-25-26-22(18-17-19-11-5-2-6-12-19)23(20-13-7-3-8-14-20)24(27-25)21-15-9-4-10-16-21/h2-18H,1H3/b18-17+"
c(c4)ccc(c4)C=CC(N2)=C(c(c3)cccc3)C(=NC(=O)2)c(c1)cccc1,"InChI=1S/C24H18N2O/c27-24-25-21(17-16-18-10-4-1-5-11-18)22(19-12-6-2-7-13-19)23(26-24)20-14-8-3-9-15-20/h1-17H,(H,25,26,27)/b17-16+"
c(c5)ccc(c5)c(n3)c(C1)c(nc(c(c4)c(O)ccc4)3)c(c2)c(ccc2)C1,"InChI=1S/C24H18N2O/c27-21-13-7-6-12-19(21)24-25-22(17-9-2-1-3-10-17)20-15-14-16-8-4-5-11-18(16)23(20)26-24/h1-13,27H,14-15H2"
c(c3)ccc(c3)c(n2)cc(nc(Cl)2)c(c(Cl)1)c(Cl)ncn1,InChI=1S/C14H7Cl3N4/c15-12-11(13(16)19-7-18-12)10-6-9(20-14(17)21-10)8-4-2-1-3-5-8/h1-7H
c(c5)ccc(c5)C(=N1)NC(c(c4)cccc4)c(c32)c(ccc(cccc3)2)1,"InChI=1S/C24H18N2/c1-3-10-18(11-4-1)23-22-20-14-8-7-9-17(20)15-16-21(22)25-24(26-23)19-12-5-2-6-13-19/h1-16,23H,(H,25,26)"
COc(c3)ccc(c3)c(n2)cc(nc(Cl)2)c(c1)ccc(OC)c1,"InChI=1S/C18H15ClN2O2/c1-22-14-7-3-12(4-8-14)16-11-17(21-18(19)20-16)13-5-9-15(23-2)10-6-13/h3-11H,1-2H3"
c(c4)ccc(c4)Oc(n1)nc(c(c3)cccc3)cc1c(c2)cccc2,InChI=1S/C22H16N2O/c1-4-10-17(11-5-1)20-16-21(18-12-6-2-7-13-18)24-22(23-20)25-19-14-8-3-9-15-19/h1-16H
C(C3)CCN(C3)c(c2)nc(nc2C(F)(F)F)c(c1)c(O)ccc1,"InChI=1S/C16H16F3N3O/c17-16(18,19)13-10-14(22-8-4-1-5-9-22)21-15(20-13)11-6-2-3-7-12(11)23/h2-3,6-7,10,23H,1,4-5,8-9H2"
O=C(Nc(c3)cccc3)Nc([n+1]([O-1])2)nc(cc2)c(c1)cccc1,"InChI=1S/C17H14N4O2/c22-17(18-14-9-5-2-6-10-14)20-16-19-15(11-12-21(16)23)13-7-3-1-4-8-13/h1-12H,(H2,18,19,20,22)"
CN(C)c(c4)ccc(c4)c(n3)nc(c1)c(c3)c(c2)c(ccc2)c1,"InChI=1S/C20H17N3/c1-23(2)16-10-7-15(8-11-16)20-21-13-18-17-6-4-3-5-14(17)9-12-19(18)22-20/h3-13H,1-2H3"
CCCCOC(=O)C(=C([H])3)C(=O)N(c21)C(=N3)C([H])=C([H])c(cccc2)1,"InChI=1S/C17H16N2O3/c1-2-3-10-22-17(21)13-11-18-15-9-8-12-6-4-5-7-14(12)19(15)16(13)20/h4-9,11H,2-3,10H2,1H3"
COc(c4)ccc(c4)c(n3)nc(c1)c(c3)c(c2)c(ccc2)c1,"InChI=1S/C19H14N2O/c1-22-15-9-6-14(7-10-15)19-20-12-17-16-5-3-2-4-13(16)8-11-18(17)21-19/h2-12H,1H3"
[O-1][N+1](=O)c(c2)c(ccc2)C([H])=C([H])c(c1)nccc1,InChI=1S/C13H10N2O2/c16-15(17)13-7-2-1-5-11(13)8-9-12-6-3-4-10-14-12/h1-10H/b9-8+
[O-1][N+1](=O)c(c2)cc(cc2)C([H])=C([H])c(c1)nccc1,InChI=1S/C13H10N2O2/c16-15(17)13-6-3-4-11(10-13)7-8-12-5-1-2-9-14-12/h1-10H/b8-7+
[O-1][N+1](=O)c(c2)ccc(c2)C([H])=C([H])c(c1)nccc1,InChI=1S/C13H10N2O2/c16-15(17)13-8-5-11(6-9-13)4-7-12-3-1-2-10-14-12/h1-10H/b7-4+
CN(C)c(c2)ccc(c2)C([H])=C([H])c(c1)nccc1,"InChI=1S/C15H16N2/c1-17(2)15-10-7-13(8-11-15)6-9-14-5-3-4-12-16-14/h3-12H,1-2H3/b9-6+"
Clc(c2)ccc(c2)C([H])=C([H])c(c1)nccc1,InChI=1S/C13H10ClN/c14-12-7-4-11(5-8-12)6-9-13-3-1-2-10-15-13/h1-10H/b9-6+
COc(c2)ccc(c2)C([H])=C([H])c(c1)nccc1,"InChI=1S/C14H13NO/c1-16-14-9-6-12(7-10-14)5-8-13-4-2-3-11-15-13/h2-11H,1H3/b8-5+"
CCCCCCCC=CCC[Si](C)(C)C,"InChI=1S/C14H30Si/c1-5-6-7-8-9-10-11-12-13-14-15(2,3)4/h11-12H,5-10,13-14H2,1-4H3/b12-11+"
CCCCCCC=C[Si](OCC)(OCC)OCC,"InChI=1S/C14H30O3Si/c1-5-9-10-11-12-13-14-18(15-6-2,16-7-3)17-8-4/h13-14H,5-12H2,1-4H3/b14-13+"
CCCCCCCC[Si](O2)(O1)OCCN(CC2)CC1,"InChI=1S/C14H29NO3Si/c1-2-3-4-5-6-7-14-19-16-11-8-15(9-12-17-19)10-13-18-19/h2-14H2,1H3"
[H]C(C3)=C([H])CC(C3)CC[Si](O2)(O1)OCCN(CC2)CC1,"InChI=1S/C14H25NO3Si/c1-2-4-14(5-3-1)6-13-19-16-10-7-15(8-11-17-19)9-12-18-19/h1-2,14H,3-13H2"
CCC(CC[Si](C)(C)C)Sc(c1)cccc1,"InChI=1S/C14H24SSi/c1-5-13(11-12-16(2,3)4)15-14-9-7-6-8-10-14/h6-10,13H,5,11-12H2,1-4H3"
CCCCCCCC[Si](OCC)(OCC)OCC,"InChI=1S/C14H32O3Si/c1-5-9-10-11-12-13-14-18(15-6-2,16-7-3)17-8-4/h5-14H2,1-4H3"
CCCCCCC=CCC[Si](C)(C)C,"InChI=1S/C13H28Si/c1-5-6-7-8-9-10-11-12-13-14(2,3)4/h10-11H,5-9,12-13H2,1-4H3/b11-10+"
Cc(c1)ccc(Cl)c1,"InChI=1S/C7H7Cl/c1-6-2-4-7(8)5-3-6/h2-5H,1H3"
Cc(c1)cc(Cl)cc1,"InChI=1S/C7H7Cl/c1-6-3-2-4-7(8)5-6/h2-5H,1H3"
[H]C(=C([H])1)C([H])=C([H])[B](C)C([H])=C([H])1,"InChI=1S/C7H9B/c1-8-6-4-2-3-5-7-8/h2-7H,1H3"
COC(OC)c(c1)ccc(C)c1,"InChI=1S/C10H14O2/c1-8-4-6-9(7-5-8)10(11-2)12-3/h4-7,10H,1-3H3"
C=CCN(C)c(c1)cccc1,"InChI=1S/C10H13N/c1-3-9-11(2)10-7-5-4-6-8-10/h3-8H,1,9H2,2H3"
N#Cc(c1)ccc(c1)C(OC)OC,"InChI=1S/C10H11NO2/c1-12-10(13-2)9-5-3-8(7-11)4-6-9/h3-6,10H,1-2H3"
C=CC(Br)[Si](C)(C)C,"InChI=1S/C6H13BrSi/c1-5-6(7)8(2,3)4/h5-6H,1H2,2-4H3"
c(c1)ccc(c1)C=CCC[Si](C)(C)C,"InChI=1S/C13H20Si/c1-14(2,3)12-8-7-11-13-9-5-4-6-10-13/h4-7,9-11H,8,12H2,1-3H3/b11-7+"
c(c1)ccc(c1)CC=CC[Si](C)(C)C,"InChI=1S/C13H20Si/c1-14(2,3)12-8-7-11-13-9-5-4-6-10-13/h4-10H,11-12H2,1-3H3/b8-7+"
c(c1)ccc(c1)CCC(O)C(Cl)(Cl)[Si](C)(C)C,"InChI=1S/C13H20Cl2OSi/c1-17(2,3)13(14,15)12(16)10-9-11-7-5-4-6-8-11/h4-8,12,16H,9-10H2,1-3H3"
c(c1)ccc(c1)SCCC[Sn](C)(C)C,InChI=1S/C9H11S.3CH3.Sn/c1-2-8-10-9-6-4-3-5-7-9
C[Si](C)(C)CCCSc(c1)cccc1,"InChI=1S/C12H20SSi/c1-14(2,3)11-7-10-13-12-8-5-4-6-9-12/h4-6,8-9H,7,10-11H2,1-3H3"
CCO[Si](OCC)(OCC)c(c1)cccc1,"InChI=1S/C12H20O3Si/c1-4-13-16(14-5-2,15-6-3)12-10-8-7-9-11-12/h7-11H,4-6H2,1-3H3"
c(c2)ccc(c2)C(C1)C1[Si](C)(C)C,"InChI=1S/C12H18Si/c1-13(2,3)12-9-11(12)10-7-5-4-6-8-10/h4-8,11-12H,9H2,1-3H3"
c(c1)ccc(c1)C(C)(C(Cl)Cl)O[Si](C)(C)C,"InChI=1S/C12H18Cl2OSi/c1-12(11(13)14,15-16(2,3)4)10-8-6-5-7-9-10/h5-9,11H,1-4H3"
O=C(C2)CC(CC2)Sc(c1)cccc1,"InChI=1S/C12H14OS/c13-10-5-4-8-12(9-10)14-11-6-2-1-3-7-11/h1-3,6-7,12H,4-5,8-9H2"
Fc(c2)c(ccc2)[Hg]c(c1)c(F)ccc1,InChI=1S/2C6H4F.Hg/c2*7-6-4-2-1-3-5-6
ClCCCCN([Si](C)(C)1)[Si](C)(C)CCC1,"InChI=1S/C11H26ClNSi2/c1-14(2)10-7-11-15(3,4)13(14)9-6-5-8-12/h5-11H2,1-4H3"
c(c1)ccc(c1)C(O)C(Cl)(Cl)[Si](C)(C)C,"InChI=1S/C11H16Cl2OSi/c1-15(2,3)11(12,13)10(14)9-7-5-4-6-8-9/h4-8,10,14H,1-3H3"
c(c1)ccc(c1)C(C(Cl)Cl)O[Si](C)(C)C,"InChI=1S/C11H16Cl2OSi/c1-15(2,3)14-10(11(12)13)9-7-5-4-6-8-9/h4-8,10-11H,1-3H3"
CCN(CC)C(=O)c(c1)cccc1,"InChI=1S/C11H15NO/c1-3-12(4-2)11(13)10-8-6-5-7-9-10/h5-9H,3-4H2,1-2H3"
Clc(c1)ccc(c1)C(O)C(Cl)(Cl)[Si](C)(C)C,"InChI=1S/C11H15Cl3OSi/c1-16(2,3)11(13,14)10(15)8-4-6-9(12)7-5-8/h4-7,10,15H,1-3H3"
C[Si](C)(C1)N[Si](C)(C)C[Si](C)(C)N[Si](C)(C)1,"InChI=1S/C10H30N2Si4/c1-13(2)9-14(3,4)12-16(7,8)10-15(5,6)11-13/h11-12H,9-10H2,1-8H3"
CCCCC=CC[Si](C)(C)C,"InChI=1S/C10H22Si/c1-5-6-7-8-9-10-11(2,3)4/h8-9H,5-7,10H2,1-4H3/b9-8+"
CCCCN([Si](C)(C)C)[Si](C)(C)C,"InChI=1S/C10H27NSi2/c1-8-9-10-11(12(2,3)4)13(5,6)7/h8-10H2,1-7H3"
CCCN([Si](C)(C)1)[Si](C)(C)CCC1,"InChI=1S/C10H25NSi2/c1-6-8-11-12(2,3)9-7-10-13(11,4)5/h6-10H2,1-5H3"
CCCCN([Si](C)(C)1)[Si](C)(C)CC1,"InChI=1S/C10H25NSi2/c1-6-7-8-11-12(2,3)9-10-13(11,4)5/h6-10H2,1-5H3"
C=CCN([Si](C)(C)1)[Si](C)(C)CCC1,"InChI=1S/C10H23NSi2/c1-6-8-11-12(2,3)9-7-10-13(11,4)5/h6H,1,7-10H2,2-5H3"
CCCC=CCC[Sn](C)(C)C,InChI=1S/C7H13.3CH3.Sn/c1-3-5-7-6-4-2
CC(C)C=CCC[Si](C)(C)C,"InChI=1S/C10H22Si/c1-10(2)8-6-7-9-11(3,4)5/h6,8,10H,7,9H2,1-5H3/b8-6+"
C=CCC(CC[Si](C)(C)C)Sc(c1)cccc1,"InChI=1S/C15H24SSi/c1-5-9-14(12-13-17(2,3)4)16-15-10-7-6-8-11-15/h5-8,10-11,14H,1,9,12-13H2,2-4H3"
CCCC(C)C(O)C(Cl)(Cl)[Si](C)(C)C,"InChI=1S/C10H22Cl2OSi/c1-6-7-8(2)9(13)10(11,12)14(3,4)5/h8-9,13H,6-7H2,1-5H3"
CCCCCC(O)C(Cl)(Cl)[Si](C)(C)C,"InChI=1S/C10H22Cl2OSi/c1-5-6-7-8-9(13)10(11,12)14(2,3)4/h9,13H,5-8H2,1-4H3"
CCO[Si](OC)(OC)c(c1)cccc1,"InChI=1S/C10H16O3Si/c1-4-13-14(11-2,12-3)10-8-6-5-7-9-10/h5-9H,4H2,1-3H3"
c(c1)ccc(c1)SC(Cl)[Si](C)(C)C,"InChI=1S/C10H15ClSSi/c1-13(2,3)10(11)12-9-7-5-4-6-8-9/h4-8,10H,1-3H3"
CC(C)CC(O)C(Cl)(Cl)[Si](C)(C)C,"InChI=1S/C9H20Cl2OSi/c1-7(2)6-8(12)9(10,11)13(3,4)5/h7-8,12H,6H2,1-5H3"
CCC=CCC[Si](C)(C)C,"InChI=1S/C9H20Si/c1-5-6-7-8-9-10(2,3)4/h6-7H,5,8-9H2,1-4H3/b7-6+"
CCN([Si](C)(C)1)[Si](C)(C)CCC1,"InChI=1S/C9H23NSi2/c1-6-10-11(2,3)8-7-9-12(10,4)5/h6-9H2,1-5H3"
Clc(c1)ccc(c1)C=C(Cl)Cl,InChI=1S/C8H5Cl3/c9-7-3-1-6(2-4-7)5-8(10)11/h1-5H
ClC(Cl)C(O)CCc(c1)cccc1,"InChI=1S/C10H12Cl2O/c11-10(12)9(13)7-6-8-4-2-1-3-5-8/h1-5,9-10,13H,6-7H2"
CC(C1)=CCC(C)(C)C(=O)C1,"InChI=1S/C10H16O/c1-8-4-5-9(11)10(2,3)7-6-8/h6H,4-5,7H2,1-3H3"
CC(=C)OC(C)=O,"InChI=1S/C5H8O2/c1-4(2)7-5(3)6/h1H2,2-3H3"
CCOC(=O)C=C,"InChI=1S/C5H8O2/c1-3-5(6)7-4-2/h3H,1,4H2,2H3"
COC(=O)C(C)=C,"InChI=1S/C5H8O2/c1-4(2)5(6)7-3/h1H2,2-3H3"
C=COC(C)=O,"InChI=1S/C4H6O2/c1-3-6-4(2)5/h3H,1H2,2H3"
Clc(c1)c(c2)c(ccc2)cc1,InChI=1S/C10H7Cl/c11-10-7-3-5-8-4-1-2-6-9(8)10/h1-7H
CCOC(OCC)OCC,"InChI=1S/C7H16O3/c1-4-8-7(9-5-2)10-6-3/h7H,4-6H2,1-3H3"
BrCCCCCBr,InChI=1S/C5H10Br2/c6-4-2-1-3-5-7/h1-5H2
COC(=O)CC(C)=O,"InChI=1S/C5H8O3/c1-4(6)3-5(7)8-2/h3H2,1-2H3"
COC(OC)OC,"InChI=1S/C4H10O3/c1-5-4(6-2)7-3/h4H,1-3H3"
ClCCCCCl,InChI=1S/C4H8Cl2/c5-3-1-2-4-6/h1-4H2
ClCCOCCCl,InChI=1S/C4H8Cl2O/c5-1-3-7-4-2-6/h1-4H2
ClCC=CCCl,"InChI=1S/C4H6Cl2/c5-3-1-2-4-6/h1-2H,3-4H2/b2-1+"
ClCCCl,InChI=1S/C2H4Cl2/c3-1-2-4/h1-2H2
C(C2)CCC(C1)C(CC2)1,"InChI=1S/C9H16/c1-2-4-6-9-7-8(9)5-3-1/h8-9H,1-7H2"
C=CC(C1)C(C)(C)C(=O)C1,"InChI=1S/C9H14O/c1-4-7-5-6-8(10)9(7,2)3/h4,7H,1,5-6H2,2-3H3"
BrCCCSc(c1)cccc1,"InChI=1S/C9H11BrS/c10-7-4-8-11-9-5-2-1-3-6-9/h1-3,5-6H,4,7-8H2"
CN([Si](C)(C)1)[Si](C)(C)CCC1,"InChI=1S/C8H21NSi2/c1-9-10(2,3)7-6-8-11(9,4)5/h6-8H2,1-5H3"
N#Cc(c21)c(c3)c(ccc3)c(C#N)c(cccc2)1,InChI=1S/C16H8N2/c17-9-15-11-5-1-2-6-12(11)16(10-18)14-8-4-3-7-13(14)15/h1-8H
c(c2)ccc(c2)Oc(c1)cccc1,InChI=1S/C12H10O/c1-3-7-11(8-4-1)13-12-9-5-2-6-10-12/h1-10H
CC(C)(C)[SiH](C)[Si](C)(Cl)C(C)(C)C,"InChI=1S/C10H25ClSi2/c1-9(2,3)12(7)13(8,11)10(4,5)6/h12H,1-8H3"
CC(C)(C)[Si](C)(F)[Si](C)(F)C(C)(C)C,"InChI=1S/C10H24F2Si2/c1-9(2,3)13(7,11)14(8,12)10(4,5)6/h1-8H3"
CC(C)(C)[Si](C)(Cl)[Si](C)(Cl)C(C)(C)C,"InChI=1S/C10H24Cl2Si2/c1-9(2,3)13(7,11)14(8,12)10(4,5)6/h1-8H3"
CC(C)(C)[Si](C)(F)[Si](C)(Cl)C(C)(C)C,"InChI=1S/C10H24ClFSi2/c1-9(2,3)13(7,11)14(8,12)10(4,5)6/h1-8H3"
CC(C)CBr,"InChI=1S/C4H9Br/c1-4(2)3-5/h4H,3H2,1-2H3"
[O-1][N+1](=O)c(c1)ccc(Br)c1,InChI=1S/C6H4BrNO2/c7-5-1-3-6(4-2-5)8(9)10/h1-4H
C[Si](C)(C)N([Si](C)(C)C)c(c1)ccc(c1)N([Si](C)(C)C)[Si](C)(C)C,"InChI=1S/C18H40N2Si4/c1-21(2,3)19(22(4,5)6)17-13-15-18(16-14-17)20(23(7,8)9)24(10,11)12/h13-16H,1-12H3"
COc(c1)ccc(c1)N([Si](C)(C)C)[Si](C)(C)C,"InChI=1S/C13H25NOSi2/c1-15-13-10-8-12(9-11-13)14(16(2,3)4)17(5,6)7/h8-11H,1-7H3"
Clc(c1)ccc(c1)N([Si](C)(C)C)[Si](C)(C)C,"InChI=1S/C12H22ClNSi2/c1-15(2,3)14(16(4,5)6)12-9-7-11(13)8-10-12/h7-10H,1-6H3"
Brc(c1)ccc(c1)N([Si](C)(C)C)[Si](C)(C)C,"InChI=1S/C12H22BrNSi2/c1-15(2,3)14(16(4,5)6)12-9-7-11(13)8-10-12/h7-10H,1-6H3"
Clc(c1)ccc(Br)c1,InChI=1S/C6H4BrCl/c7-5-1-3-6(8)4-2-5/h1-4H
Cc(c2)cc(C)c(c(C)2)[Si](F)(F)c(c(C)1)c(C)cc(C)c1,"InChI=1S/C18H22F2Si/c1-11-7-13(3)17(14(4)8-11)21(19,20)18-15(5)9-12(2)10-16(18)6/h7-10H,1-6H3"
Cc(c2)cc(C)c(c(C)2)[Si](Cl)(Cl)c(c(C)1)c(C)cc(C)c1,"InChI=1S/C18H22Cl2Si/c1-11-7-13(3)17(14(4)8-11)21(19,20)18-15(5)9-12(2)10-16(18)6/h7-10H,1-6H3"
Cc(c1)cc(C)c(c(C)1)[Si](Cl)(Cl)C(C)(C)C,"InChI=1S/C13H20Cl2Si/c1-9-7-10(2)12(11(3)8-9)16(14,15)13(4,5)6/h7-8H,1-6H3"
Cc(c1)cc(C)c(c(C)1)[Si](Cl)(Cl)Cl,"InChI=1S/C9H11Cl3Si/c1-6-4-7(2)9(8(3)5-6)13(10,11)12/h4-5H,1-3H3"
C[Si](C)(C)[Si](C)(C)Oc(c1)ccc(c1)[Si](C)(C)[Si](C)(C)C,"InChI=1S/C16H34OSi4/c1-18(2,3)20(7,8)16-13-11-15(12-14-16)17-21(9,10)19(4,5)6/h11-14H,1-10H3"
O=C(CCC(=O)c(c2)cccc2)c(c1)cccc1,"InChI=1S/C16H14O2/c17-15(13-7-3-1-4-8-13)11-12-16(18)14-9-5-2-6-10-14/h1-10H,11-12H2"
C[Si](C)(C)Oc(c1)ccc(c1)[Si](C)(C)[Si](C)(C)C,"InChI=1S/C14H28OSi3/c1-16(2,3)15-13-9-11-14(12-10-13)18(7,8)17(4,5)6/h9-12H,1-8H3"
ClC[SiH](C=1C=CC=CC1)C=2C=CC=CC2,"InChI=1S/C13H13ClSi/c14-11-15(12-7-3-1-4-8-12)13-9-5-2-6-10-13/h1-10,15H,11H2"
C[Si](C)(C)C=C([Si](C)(C)C)[Si](C)(C)C,"InChI=1S/C11H28Si3/c1-12(2,3)10-11(13(4,5)6)14(7,8)9/h10H,1-9H3"
c(c1)ccc(c1)CCO[Si](C)(C)C,"InChI=1S/C11H18OSi/c1-13(2,3)12-10-9-11-7-5-4-6-8-11/h4-8H,9-10H2,1-3H3"
CO[Si]([Si](C)(C)C)([Si](C)(C)C)[Si](C)(C)C,"InChI=1S/C10H30OSi4/c1-11-15(12(2,3)4,13(5,6)7)14(8,9)10/h1-10H3"
C[Si](C)(C)C([H])=C([H])[Si](C)(C)[Si](C)(C)C,"InChI=1S/C10H26Si3/c1-11(2,3)9-10-13(7,8)12(4,5)6/h9-10H,1-8H3/b10-9+"
CC(C)[Si](C)(Cl)c(c1)cccc1,"InChI=1S/C10H15ClSi/c1-9(2)12(3,11)10-7-5-4-6-8-10/h4-9H,1-3H3"
CO[Si](C)(OC)c(c1)cccc1,"InChI=1S/C9H14O2Si/c1-10-12(3,11-2)9-7-5-4-6-8-9/h4-8H,1-3H3"
Oc(c1)ccc(c1)[Si](C)(C)C,"InChI=1S/C9H14OSi/c1-11(2,3)9-6-4-8(10)5-7-9/h4-7,10H,1-3H3"
C[Si](C)(C)Oc(c1)ccc(Br)c1,"InChI=1S/C9H13BrOSi/c1-12(2,3)11-9-6-4-8(10)5-7-9/h4-7H,1-3H3"
C[Si](C)(C)[Si](C)(C)[Si](C)(C)C,"InChI=1S/C8H24Si3/c1-9(2,3)11(7,8)10(4,5)6/h1-8H3"
C[SiH](C)[Si](C)(C)[Si](C)(C)C,"InChI=1S/C7H22Si3/c1-8(2)10(6,7)9(3,4)5/h8H,1-7H3"
CC[Si](C)(C)[Si](C)(C)C,"InChI=1S/C7H20Si2/c1-7-9(5,6)8(2,3)4/h7H2,1-6H3"
CC[Si](C)(CC)[SiH](C)C,"InChI=1S/C7H20Si2/c1-6-9(5,7-2)8(3)4/h8H,6-7H2,1-5H3"
CC[Si](C)(CC)[Si](C)(C)Cl,"InChI=1S/C7H19ClSi2/c1-6-10(5,7-2)9(3,4)8/h6-7H2,1-5H3"
C[Si](C)(Cl)[Si](C)(C)[Si](C)(C)Cl,"InChI=1S/C6H18Cl2Si3/c1-9(2,7)11(5,6)10(3,4)8/h1-6H3"
Oc(c1)ccc(Br)c1,"InChI=1S/C6H5BrO/c7-5-1-3-6(8)4-2-5/h1-4,8H"
C[Ge](C)(C)Cl,"InChI=1S/C3H9ClGe/c1-5(2,3)4/h1-3H3"
C[Ge](C)(Cl)Cl,"InChI=1S/C2H6Cl2Ge/c1-5(2,3)4/h1-2H3"
C=CCC(C)(C1)OC(=O)C1,"InChI=1S/C8H12O2/c1-3-5-8(2)6-4-7(9)10-8/h3H,1,4-6H2,2H3"
Cc(c3)ccc(c3)C(C)(C1)CC(C2)(CCCC2)C(=O)1,"InChI=1S/C18H24O/c1-14-6-8-15(9-7-14)17(2)12-16(19)18(13-17)10-4-3-5-11-18/h6-9H,3-5,10-13H2,1-2H3"
Cc(c3)ccc(c3)C(C)(C1)C(C2)(CCCC2)C(=O)C1,"InChI=1S/C18H24O/c1-14-6-8-15(9-7-14)17(2)13-10-16(19)18(17)11-4-3-5-12-18/h6-9H,3-5,10-13H2,1-2H3"
C(C3)CCc(c([H])1)c(CC3)n(C(C2)CCCC2)c(C)1,"InChI=1S/C17H27N/c1-14-13-15-9-5-2-3-8-12-17(15)18(14)16-10-6-4-7-11-16/h13,16H,2-12H2,1H3"
C(C3)CCC(C3)n(c(C)1)c(C2)c(CCCC2)c([H])1,"InChI=1S/C16H25N/c1-13-12-14-8-4-2-7-11-16(14)17(13)15-9-5-3-6-10-15/h12,15H,2-11H2,1H3"
CCCCCCCCN([Si](C)(C)1)[Si](C)(C)CCC1,"InChI=1S/C15H35NSi2/c1-6-7-8-9-10-11-13-16-17(2,3)14-12-15-18(16,4)5/h6-15H2,1-5H3"
CCCCCCCCOS(=O)(=O)c(c1)ccc(C)c1,"InChI=1S/C15H24O3S/c1-3-4-5-6-7-8-13-18-19(16,17)15-11-9-14(2)10-12-15/h9-12H,3-8,13H2,1-2H3"
CCCCCCCCN([Si](C)(C)C)[Si](C)(C)C,"InChI=1S/C14H35NSi2/c1-8-9-10-11-12-13-14-15(16(2,3)4)17(5,6)7/h8-14H2,1-7H3"
CCCCCCCCN([Si](C)(C)1)[Si](C)(C)CC1,"InChI=1S/C14H33NSi2/c1-6-7-8-9-10-11-12-15-16(2,3)13-14-17(15,4)5/h6-14H2,1-5H3"
c(c2)ccc(c2)CN([Si](C)(C)1)[Si](C)(C)CCC1,"InChI=1S/C14H25NSi2/c1-16(2)11-8-12-17(3,4)15(16)13-14-9-6-5-7-10-14/h5-7,9-10H,8,11-13H2,1-4H3"
CCCCCCCCN[Si](C)(C)C(C)(C)C,"InChI=1S/C14H33NSi/c1-7-8-9-10-11-12-13-15-16(5,6)14(2,3)4/h15H,7-13H2,1-6H3"
C(C2)CCCC(CC2)=NC(C1)CCCC1,"InChI=1S/C14H25N/c1-2-5-9-13(10-6-3-1)15-14-11-7-4-8-12-14/h14H,1-12H2"
c(c2)ccc(c2)C(C)(C1)CC(C)(C)C(=O)1,"InChI=1S/C14H18O/c1-13(2)10-14(3,9-12(13)15)11-7-5-4-6-8-11/h4-8H,9-10H2,1-3H3"
c(c1)ccc(c1)CN([Si](C)(C)C)[Si](C)(C)C,"InChI=1S/C13H25NSi2/c1-15(2,3)14(16(4,5)6)12-13-10-8-7-9-11-13/h7-11H,12H2,1-6H3"
CCOC(=O)C(CC(=C)O[Si](C)(C)C)C(=O)OCC,"InChI=1S/C13H24O5Si/c1-7-16-12(14)11(13(15)17-8-2)9-10(3)18-19(4,5)6/h11H,3,7-9H2,1-2,4-6H3"
CC(=C)C(C1)CC=C(C1)C[Si](C)(C)C,"InChI=1S/C13H24Si/c1-11(2)13-8-6-12(7-9-13)10-14(3,4)5/h6,13H,1,7-10H2,2-5H3"
c(c2)ccc(c2)CN([Si](C)(C)1)[Si](C)(C)CC1,"InChI=1S/C13H23NSi2/c1-15(2)10-11-16(3,4)14(15)12-13-8-6-5-7-9-13/h5-9H,10-12H2,1-4H3"
CCOC(=O)C(CC(C)=O)c(c1)cccc1,"InChI=1S/C13H16O3/c1-3-16-13(15)12(9-10(2)14)11-7-5-4-6-8-11/h4-8,12H,3,9H2,1-2H3"
CC[Si](CC)(CC)N[Si](CC)(CC)CC,"InChI=1S/C12H31NSi2/c1-7-14(8-2,9-3)13-15(10-4,11-5)12-6/h13H,7-12H2,1-6H3"
CC(C)(C)[Si](C)(C)N[Si](C)(C)C(C)(C)C,"InChI=1S/C12H31NSi2/c1-11(2,3)14(7,8)13-15(9,10)12(4,5)6/h13H,1-10H3"
CC(C)=CCCC(C)(C=C)[Si](C)(C)F,"InChI=1S/C12H23FSi/c1-7-12(4,14(5,6)13)10-8-9-11(2)3/h7,9H,1,8,10H2,2-6H3"
COC(=O)C(C1)CC(=CC1)C[Si](C)(C)C,"InChI=1S/C12H22O2Si/c1-14-12(13)11-7-5-6-10(8-11)9-15(2,3)4/h6,11H,5,7-9H2,1-4H3"
CCCCN([Si](C)(C)1)[Si](C)(C)CCC1,"InChI=1S/C11H27NSi2/c1-6-7-9-12-13(2,3)10-8-11-14(12,4)5/h6-11H2,1-5H3"
O=CC1CC=C(CC1)C[Si](C)(C)C,"InChI=1S/C11H20OSi/c1-13(2,3)9-11-6-4-10(8-12)5-7-11/h6,8,10H,4-5,7,9H2,1-3H3"
COC(=O)C(=C(C)1)C(=O)CC(C)(C)C1,"InChI=1S/C11H16O3/c1-7-5-11(2,3)6-8(12)9(7)10(13)14-4/h5-6H2,1-4H3"
COC(=O)C(C(=O)1)C(C)(C)CC(C)=C1,"InChI=1S/C11H16O3/c1-7-5-8(12)9(10(13)14-4)11(2,3)6-7/h5,9H,6H2,1-4H3"
CC(=O)COC(=O)Cc(c1)cccc1,"InChI=1S/C11H12O3/c1-9(12)8-14-11(13)7-10-5-3-2-4-6-10/h2-6H,7-8H2,1H3"
CC(=O)CCC(=O)c(c1)cccc1,"InChI=1S/C11H12O2/c1-9(12)7-8-11(13)10-5-3-2-4-6-10/h2-6H,7-8H2,1H3"
CCOC(=O)C(CC(C)=O)C(=O)OCC,"InChI=1S/C10H16O5/c1-4-14-9(12)8(6-7(3)11)10(13)15-5-2/h8H,4-6H2,1-3H3"
COC(=O)C(CC)(CC(C)=O)C(=O)OC,"InChI=1S/C10H16O5/c1-5-10(6-7(2)11,8(12)14-3)9(13)15-4/h5-6H2,1-4H3"
CC(=O)CC(C)(C1)C(=O)CCC1,"InChI=1S/C10H16O2/c1-8(11)7-10(2)6-4-3-5-9(10)12/h3-7H2,1-2H3"
CC(=O)CC(C1)C(=O)CCCC1,"InChI=1S/C10H16O2/c1-8(11)7-9-5-3-2-4-6-10(9)12/h9H,2-7H2,1H3"
CC(=C)C(C1)CCC(=C)C1,"InChI=1S/C10H16/c1-8(2)10-6-4-9(3)5-7-10/h10H,1,3-7H2,2H3"
O=C(C1)C=C(C2)C(CCCC2)1,"InChI=1S/C10H14O/c11-10-6-8-4-2-1-3-5-9(8)7-10/h6,9H,1-5,7H2"
COC(=O)C(C1)CCC(=C)C1,"InChI=1S/C9H14O2/c1-7-3-5-8(6-4-7)9(10)11-2/h8H,1,3-6H2,2H3"
CCOCC(=O)C[Si](C)(C)C,"InChI=1S/C8H18O2Si/c1-5-10-6-8(9)7-11(2,3)4/h5-7H2,1-4H3"
CCOCC(=C)O[Si](C)(C)C,"InChI=1S/C8H18O2Si/c1-6-9-7-8(2)10-11(3,4)5/h2,6-7H2,1,3-5H3"
CC(=O)CC(=O)C(C)(C)C,"InChI=1S/C8H14O2/c1-6(9)5-7(10)8(2,3)4/h5H2,1-4H3"
COC(=O)CC(=O)C=C(C)C,"InChI=1S/C8H12O3/c1-6(2)4-7(9)5-8(10)11-3/h4H,5H2,1-3H3"
CC(C1)=C(C)C(=O)C(C)1,"InChI=1S/C8H12O/c1-5-4-6(2)8(9)7(5)3/h6H,4H2,1-3H3"
CCOC(=O)C(C#N)CC(C)=O,"InChI=1S/C8H11NO3/c1-3-12-8(11)7(5-9)4-6(2)10/h7H,3-4H2,1-2H3"
C[Si](C)(C1)N[Si](C)(C)CC1,"InChI=1S/C7H19NSi2/c1-9(2)6-5-7-10(3,4)8-9/h8H,5-7H2,1-4H3"
C[Si](C)(C1)N[Si](C)(C)C1,"InChI=1S/C6H17NSi2/c1-8(2)5-6-9(3,4)7-8/h7H,5-6H2,1-4H3"
CC(C)(C)[Si](C)(C)N,"InChI=1S/C6H17NSi/c1-6(2,3)8(4,5)7/h7H2,1-5H3"
C[Si](C)(C)C(Cl)Cl,"InChI=1S/C4H10Cl2Si/c1-7(2,3)4(5)6/h4H,1-3H3"
CC(C)(C)[Si](C)(C)O,"InChI=1S/C6H16OSi/c1-6(2,3)8(4,5)7/h7H,1-5H3"
CC[Si](Cl)(CC)CC,"InChI=1S/C6H15ClSi/c1-4-8(7,5-2)6-3/h4-6H2,1-3H3"
ClCC(=C)O[Si](C)(C)C,"InChI=1S/C6H13ClOSi/c1-6(5-7)8-9(2,3)4/h1,5H2,2-4H3"
ClCC(=O)C[Si](C)(C)C,"InChI=1S/C6H13ClOSi/c1-9(2,3)5-6(8)4-7/h4-5H2,1-3H3"
ClCC(=CCl)O[Si](C)(C)C,"InChI=1S/C6H12Cl2OSi/c1-10(2,3)9-6(4-7)5-8/h4H,5H2,1-3H3/b6-4-"
C[Si](C)(Cl)CC[Si](C)(Cl)Cl,"InChI=1S/C5H13Cl3Si2/c1-9(2,6)4-5-10(3,7)8/h4-5H2,1-3H3"
C=CCCCO,"InChI=1S/C5H10O/c1-2-3-4-5-6/h2,6H,1,3-5H2"
CC(C)=CCCC(C)(O)C(C1)CC=C(C1)C[Si](C)(C)C,"InChI=1S/C18H34OSi/c1-15(2)8-7-13-18(3,19)17-11-9-16(10-12-17)14-20(4,5)6/h8-9,17,19H,7,10-14H2,1-6H3"
CC(C)=CCCC(O)C(C1)CC([H])=C(C1)C[Si](C)(C)C,"InChI=1S/C17H32OSi/c1-14(2)7-6-8-17(18)16-11-9-15(10-12-16)13-19(3,4)5/h7,9,16-18H,6,8,10-13H2,1-5H3"
COC(=O)C(=C(C)C)C(C)=O,InChI=1S/C8H12O3/c1-5(2)7(6(3)9)8(10)11-4/h1-4H3
O=C1CCCC2CC(=CCC12)C[Si](C)(C)C,"InChI=1S/C14H24OSi/c1-16(2,3)10-11-7-8-13-12(9-11)5-4-6-14(13)15/h7,12-13H,4-6,8-10H2,1-3H3"
CC(C)=CCCC(O)C(C1)CCC(=C)C1,"InChI=1S/C14H24O/c1-11(2)5-4-6-14(15)13-9-7-12(3)8-10-13/h5,13-15H,3-4,6-10H2,1-2H3"
CC(C)=CCCC(=O)C(C1)CCC(=C)C1,"InChI=1S/C14H22O/c1-11(2)5-4-6-14(15)13-9-7-12(3)8-10-13/h5,13H,3-4,6-10H2,1-2H3"
CC(C)C(C1)C(C2)C(CCC(=C)2)C(=O)C1,"InChI=1S/C14H22O/c1-9(2)11-6-7-14(15)12-5-4-10(3)8-13(11)12/h9,11-13H,3-8H2,1-2H3"
CC(C)(O)C(C1)CC=C(C1)C[Si](C)(C)C,"InChI=1S/C13H26OSi/c1-13(2,14)12-8-6-11(7-9-12)10-15(3,4)5/h6,12,14H,7-10H2,1-5H3"
COC(=O)C(C2)CC(O1)C(C2)(C[Si](C)(C)C)1,"InChI=1S/C12H22O3Si/c1-14-11(13)9-5-6-12(8-16(2,3)4)10(7-9)15-12/h9-10H,5-8H2,1-4H3"
c(c3)cc(c1)c(c3)c(c(c2)c(ccc2)1)[Si](C)(C)[Si](C)(C)C,"InChI=1S/C19H24Si2/c1-20(2,3)21(4,5)19-17-12-8-6-10-15(17)14-16-11-7-9-13-18(16)19/h6-14H,1-5H3"
Cc(c1)c(C)cc(C)c(C)1,"InChI=1S/C10H14/c1-7-5-9(3)10(4)6-8(7)2/h5-6H,1-4H3"
C=CCc(c1)cccc1,"InChI=1S/C9H10/c1-2-6-9-7-4-3-5-8-9/h2-5,7-8H,1,6H2"
[H]c(c([H])1)c(=O)c([H])c([H])c(=O)1,InChI=1S/C6H4O2/c7-5-1-2-6(8)4-3-5/h1-4H
CC(C)(C)c(c1)cc(C(C)(C)C)c(c1C(C)(C)C)[Si](O)(F)C(C)C,"InChI=1S/C21H37FOSi/c1-14(2)24(22,23)18-16(20(6,7)8)12-15(19(3,4)5)13-17(18)21(9,10)11/h12-14,23H,1-11H3"
CC(C)(C)c(c1)cc(C(C)(C)C)c([Si](C)(O)F)c1C(C)(C)C,"InChI=1S/C19H33FOSi/c1-17(2,3)13-11-14(18(4,5)6)16(22(10,20)21)15(12-13)19(7,8)9/h11-12,21H,1-10H3"
CC(C)c(c1)cc(C(C)C)c(c(C(C)C)1)[Si](O)(F)C(C)(C)C,"InChI=1S/C19H33FOSi/c1-12(2)15-10-16(13(3)4)18(17(11-15)14(5)6)22(20,21)19(7,8)9/h10-14,21H,1-9H3"
CC(C)(C)c(c1)cc(C(C)(C)C)c([Si](C)(F)F)c1C(C)(C)C,"InChI=1S/C19H32F2Si/c1-17(2,3)13-11-14(18(4,5)6)16(22(10,20)21)15(12-13)19(7,8)9/h11-12H,1-10H3"
CC(C)(C)c(c1)cc(C(C)(C)C)c(Br)c1C(C)(C)C,"InChI=1S/C18H29Br/c1-16(2,3)12-10-13(17(4,5)6)15(19)14(11-12)18(7,8)9/h10-11H,1-9H3"
CC(C)c(c1)cc(C(C)C)cc(C(C)C)1,"InChI=1S/C15H24/c1-10(2)13-7-14(11(3)4)9-15(8-13)12(5)6/h7-12H,1-6H3"
CC(C)c(c1)cc(C(C)C)c(Br)c(C(C)C)1,"InChI=1S/C15H23Br/c1-9(2)12-7-13(10(3)4)15(16)14(8-12)11(5)6/h7-11H,1-6H3"
Cc(c1)cc(C)c(Br)c(C)1,"InChI=1S/C9H11Br/c1-6-4-7(2)9(10)8(3)5-6/h4-5H,1-3H3"
CC[Si](F)(F)c(c1C(C)(C)C)c(cc(C(C)(C)C)c1)C(C)(C)C,"InChI=1S/C20H34F2Si/c1-11-23(21,22)17-15(19(5,6)7)12-14(18(2,3)4)13-16(17)20(8,9)10/h12-13H,11H2,1-10H3"
CC(C)(C)c(c1)cc(C(C)(C)C)c(c1C(C)(C)C)[Si](F)(F)C(C)C,"InChI=1S/C21H36F2Si/c1-14(2)24(22,23)18-16(20(6,7)8)12-15(19(3,4)5)13-17(18)21(9,10)11/h12-14H,1-11H3"
C[Si](C)(C#1)[Si](C)(C)C#C[Si](C)(C)[Si](C)(C)C#C[Si](C)(C)[Si](C)(C)C1,"InChI=1S/C18H36Si6/c1-19(2)13-14-21(5,6)23(9,10)17-18-24(11,12)22(7,8)16-15-20(19,3)4/h1-12H3"
C[Si](C)(C#1)O[Si](C)(C)C#C[Si](C)(C)O[Si](C)(C)C#C[Si](C)(C)O[Si](C)(C)C1,"InChI=1S/C18H36O3Si6/c1-22(2)13-14-24(5,6)20-26(9,10)17-18-27(11,12)21-25(7,8)16-15-23(3,4)19-22/h1-12H3"
C[Si](C)(C)C([Si](C)(C)F)=C([Si](C)(C)C)[Si](C)(C)F,"InChI=1S/C12H30F2Si4/c1-15(2,3)11(17(7,8)13)12(16(4,5)6)18(9,10)14/h1-10H3/b12-11-"
Cc(c1)ccc(Br)c1,"InChI=1S/C7H7Br/c1-6-2-4-7(8)5-3-6/h2-5H,1H3"
Cc(c1)c(Br)ccc1,"InChI=1S/C7H7Br/c1-6-4-2-3-5-7(6)8/h2-5H,1H3"
C[Si](C)(F)C#C[Si](C)(C)F,"InChI=1S/C6H12F2Si2/c1-9(2,7)5-6-10(3,4)8/h1-4H3"
C[Si](C)(C)C=C[Si](C)(C)C,"InChI=1S/C8H20Si2/c1-9(2,3)7-8-10(4,5)6/h7-8H,1-6H3"
CCCCCCCCN,"InChI=1S/C8H19N/c1-2-3-4-5-6-7-8-9/h2-9H2,1H3"
CCCC(C(Cl)Cl)O[Si](C)(C)C,"InChI=1S/C8H18Cl2OSi/c1-5-6-7(8(9)10)11-12(2,3)4/h7-8H,5-6H2,1-4H3"
CCCC(O)C(Cl)(Cl)[Si](C)(C)C,"InChI=1S/C8H18Cl2OSi/c1-5-6-7(11)8(9,10)12(2,3)4/h7,11H,5-6H2,1-4H3"
CCCCCCCCI,"InChI=1S/C8H17I/c1-2-3-4-5-6-7-8-9/h2-8H2,1H3"
CCCCCCCCBr,"InChI=1S/C8H17Br/c1-2-3-4-5-6-7-8-9/h2-8H2,1H3"
OCCC(C1)CC=CC1,"InChI=1S/C8H14O/c9-7-6-8-4-2-1-3-5-8/h1-2,8-9H,3-7H2"
ClC(Cl)C(O)c(c1)cccc1,"InChI=1S/C8H8Cl2O/c9-8(10)7(11)6-4-2-1-3-5-6/h1-5,7-8,11H"
COC(=O)c(c1)cc(Cl)cc1,"InChI=1S/C8H7ClO2/c1-11-8(10)6-3-2-4-7(9)5-6/h2-5H,1H3"
ClC(Cl)=Cc(c1)cccc1,InChI=1S/C8H6Cl2/c9-8(10)6-7-4-2-1-3-5-7/h1-6H
ClC(Cl)=CCCc(c1)cccc1,"InChI=1S/C10H10Cl2/c11-10(12)8-4-7-9-5-2-1-3-6-9/h1-3,5-6,8H,4,7H2"
C[Si](C)(C)CCC[SiH2]C(Cl)Cl,"InChI=1S/C7H18Cl2Si2/c1-11(2,3)6-4-5-10-7(8)9/h7H,4-6,10H2,1-3H3"
C[Si](C)(Cl)CCC[Si](C)(C)Cl,"InChI=1S/C7H18Cl2Si2/c1-10(2,8)6-5-7-11(3,4)9/h5-7H2,1-4H3"
CC(=C)C[Si](C)(C)C,"InChI=1S/C7H16Si/c1-7(2)6-8(3,4)5/h1,6H2,2-5H3"
CCCC(C)C=C(Cl)Cl,"InChI=1S/C7H12Cl2/c1-3-4-6(2)5-7(8)9/h5-6H,3-4H2,1-2H3"
CCCCCC=C(Cl)Cl,"InChI=1S/C7H12Cl2/c1-2-3-4-5-6-7(8)9/h6H,2-5H2,1H3"
C(C2)CC(C1)C(C2)1,"InChI=1S/C7H12/c1-2-4-7-5-6(7)3-1/h6-7H,1-5H2"
C[Si](C)(C)CCC[Si](C)(C)C,"InChI=1S/C9H24Si2/c1-10(2,3)8-7-9-11(4,5)6/h7-9H2,1-6H3"
BrCCC[Si](C)(C)C,"InChI=1S/C6H15BrSi/c1-8(2,3)6-4-5-7/h4-6H2,1-3H3"
C[Si](C)(Cl)C[Si](C)(C)Cl,"InChI=1S/C5H14Cl2Si2/c1-8(2,6)5-9(3,4)7/h5H2,1-4H3"
CCCC=C(Cl)Cl,"InChI=1S/C5H8Cl2/c1-2-3-4-5(6)7/h4H,2-3H2,1H3"
C[Si](C)(C)C(I)I,"InChI=1S/C4H10I2Si/c1-7(2,3)4(5)6/h4H,1-3H3"
C[Si](C)(C)C(Cl)I,"InChI=1S/C4H10ClISi/c1-7(2,3)4(5)6/h4H,1-3H3"
ClC[Si](C)(Cl)Cl,"InChI=1S/C2H5Cl3Si/c1-6(4,5)2-3/h2H2,1H3"
Clc(c1)cc(Cl)cc1,InChI=1S/C6H4Cl2/c7-5-2-1-3-6(8)4-5/h1-4H
Clc(c1)ccc(Cl)c1,InChI=1S/C6H4Cl2/c7-5-1-2-6(8)4-3-5/h1-4H
c(c3)ccc(c3)C(=C(c(c2)cccc2)1)[Si](C)(C)[Si](C)(CC)[Si](C)(C)1,"InChI=1S/C21H30Si3/c1-7-24(6)22(2,3)20(18-14-10-8-11-15-18)21(23(24,4)5)19-16-12-9-13-17-19/h8-17H,7H2,1-6H3"
CC[Si](CC)(CC)[Si](CC)(CC)CC,"InChI=1S/C12H30Si2/c1-7-13(8-2,9-3)14(10-4,11-5)12-6/h7-12H2,1-6H3"
c(c2)ccc(c2)[Si](Cl)(C1)CCC1,"InChI=1S/C10H13ClSi/c11-12(8-4-5-9-12)10-6-2-1-3-7-10/h1-3,6-7H,4-5,8-9H2"
c(c1)ccc(c1)CI,"InChI=1S/C7H7I/c8-6-7-4-2-1-3-5-7/h1-5H,6H2"
CCCCC(CC)COC(=O)c(c1)c(ccc1)C(=O)OC(C)C,"InChI=1S/C19H28O4/c1-5-7-10-15(6-2)13-22-18(20)16-11-8-9-12-17(16)19(21)23-14(3)4/h8-9,11-12,14-15H,5-7,10,13H2,1-4H3"
C(C4)CC([H])(C3)C(C)(C4)C([H])(C1)C([H])(C3)C([H])(C2)C(C)(CC2)C1,"InChI=1S/C19H32/c1-18-11-5-7-16(18)15-9-8-14-6-3-4-12-19(14,2)17(15)10-13-18/h14-17H,3-13H2,1-2H3/t14-,15-,16-,17-,18-,19-/m0/s1"
CCCCCCCCCCCCCCC(O1)c(c2)c(c(OC)cc2)C(=O)1,"InChI=1S/C23H36O3/c1-3-4-5-6-7-8-9-10-11-12-13-14-17-20-19-16-15-18-21(25-2)22(19)23(24)26-20/h15-16,18,20H,3-14,17H2,1-2H3"
CC(C)CNC(=O)C=CC=CCCCCc(c2)ccc(c2)Oc(c1)cccc1,"InChI=1S/C25H31NO2/c1-21(2)20-26-25(27)15-11-6-4-3-5-8-12-22-16-18-24(19-17-22)28-23-13-9-7-10-14-23/h4,6-7,9-11,13-19,21H,3,5,8,12,20H2,1-2H3,(H,26,27)/b6-4+,15-11+"
CCOC(=O)C=CC=CCCCCc(c2)ccc(c2)Oc(c1)cccc1,"InChI=1S/C23H26O3/c1-2-25-23(24)15-11-6-4-3-5-8-12-20-16-18-22(19-17-20)26-21-13-9-7-10-14-21/h4,6-7,9-11,13-19H,2-3,5,8,12H2,1H3/b6-4+,15-11+"
OC(=O)C=CC=CCCCCc(c2)ccc(c2)Oc(c1)cccc1,"InChI=1S/C21H22O3/c22-21(23)13-9-4-2-1-3-6-10-18-14-16-20(17-15-18)24-19-11-7-5-8-12-19/h2,4-5,7-9,11-17H,1,3,6,10H2,(H,22,23)/b4-2+,13-9+"
O=CCCCCc(c2)ccc(c2)Oc(c1)cccc1,"InChI=1S/C17H18O2/c18-14-6-2-3-7-15-10-12-17(13-11-15)19-16-8-4-1-5-9-16/h1,4-5,8-14H,2-3,6-7H2"
CCCCC=CCCCCCCCCCc(c(OC)1)c(O)c(OC)cc1,"InChI=1S/C23H38O3/c1-4-5-6-7-8-9-10-11-12-13-14-15-16-17-20-21(25-2)18-19-22(26-3)23(20)24/h7-8,18-19,24H,4-6,9-17H2,1-3H3/b8-7+"
CCCCC=CCCCCCCCCCc(c(O)1)c(=O)c(OC)cc(=O)1,"InChI=1S/C22H34O4/c1-3-4-5-6-7-8-9-10-11-12-13-14-15-16-18-21(24)19(23)17-20(26-2)22(18)25/h6-7,17,24H,3-5,8-16H2,1-2H3/b7-6+"
CCCCCCCCCCCCCC=Cc(c1)c(C(=O)OCC)c(OC)cc1,"InChI=1S/C25H40O3/c1-4-6-7-8-9-10-11-12-13-14-15-16-17-19-22-20-18-21-23(27-3)24(22)25(26)28-5-2/h17-21H,4-16H2,1-3H3/b19-17+"
CCCCCCCCCCCCCCCc(c1)c(C(=O)OCC)c(OC)cc1,"InChI=1S/C25H42O3/c1-4-6-7-8-9-10-11-12-13-14-15-16-17-19-22-20-18-21-23(27-3)24(22)25(26)28-5-2/h18,20-21H,4-17,19H2,1-3H3"
CCOC(=O)C=CC=CCCCCCOc(c1)cccc1,"InChI=1S/C18H24O3/c1-2-20-18(19)15-11-6-4-3-5-7-12-16-21-17-13-9-8-10-14-17/h4,6,8-11,13-15H,2-3,5,7,12,16H2,1H3/b6-4+,15-11+"
CCCC=CC=CC(O)=O,"InChI=1S/C8H12O2/c1-2-3-4-5-6-7-8(9)10/h4-7H,2-3H2,1H3,(H,9,10)/b5-4+,7-6+"
CCCCC=CCCCCCCCCC=O,"InChI=1S/C15H28O/c1-2-3-4-5-6-7-8-9-10-11-12-13-14-15-16/h5-6,15H,2-4,7-14H2,1H3/b6-5+"
CCCCC=CCCCCCCCCC(=O)OC,"InChI=1S/C16H30O2/c1-3-4-5-6-7-8-9-10-11-12-13-14-15-16(17)18-2/h6-7H,3-5,8-15H2,1-2H3/b7-6-"
CCCCC([H])=C([H])CCCCCCCCCO,"InChI=1S/C15H30O/c1-2-3-4-5-6-7-8-9-10-11-12-13-14-15-16/h5-6,16H,2-4,7-15H2,1H3/b6-5-"
O=C(OCc(c1)cccc1)N(C)CCP(O)(O)=O,"InChI=1S/C11H16NO5P/c1-12(7-8-18(14,15)16)11(13)17-9-10-5-3-2-4-6-10/h2-6H,7-9H2,1H3,(H2,14,15,16)"
O=C(CC(=O)c(c3)cccc3)CC(C)(C)Cc(n1)sc(c2)c(ccc2)1,"InChI=1S/C21H21NO2S/c1-21(2,14-20-22-17-10-6-7-11-19(17)25-20)13-16(23)12-18(24)15-8-4-3-5-9-15/h3-11H,12-14H2,1-2H3"
O=C(C1)OCCC1,InChI=1S/C5H8O2/c6-5-3-1-2-4-7-5/h1-4H2
OC(C2)C(O1)C(CC2)C(=C)C(=O)1,"InChI=1S/C9H12O3/c1-5-6-3-2-4-7(10)8(6)12-9(5)11/h6-8,10H,1-4H2"
CC(C=1)=C(O)C(C)=C(C=2)C(=C(O)C2)C(C)1,"InChI=1S/C13H14O2/c1-7-6-8(2)13(15)9(3)10-4-5-11(14)12(7)10/h4-6,14-15H,1-3H3"
COC(=O)c(c(C(=O)OC)1)c(C([H])=4)n(C(=C([H])C([H])4)2)c(C(=O)C([H])=C(c(c3)cccc3)2)1,"InChI=1S/C21H15NO5/c1-26-20(24)17-15-10-6-9-14-13(12-7-4-3-5-8-12)11-16(23)19(22(14)15)18(17)21(25)27-2/h3-11H,1-2H3"
CC(C)(C=3)OC(=C(C3)1)c(c2)c(ccc2)N(C)C(=O)1,"InChI=1S/C15H15NO2/c1-15(2)9-8-11-13(18-15)10-6-4-5-7-12(10)16(3)14(11)17/h4-9H,1-3H3"
C1=CC=C2C(=C1)C(=O)NS2(=O)=O,"InChI=1S/C7H5NO3S/c9-7-5-3-1-2-4-6(5)12(10,11)8-7/h1-4H,(H,8,9)"
COCC(C)COC(=O)C=C,"InChI=1S/C8H14O3/c1-4-8(9)11-6-7(2)5-10-3/h4,7H,1,5-6H2,2-3H3"
COC(=O)c(c1)cc(O)c(O)c1,"InChI=1S/C8H8O4/c1-12-8(11)5-2-3-6(9)7(10)4-5/h2-4,9-10H,1H3"
COC(=O)C=Cc(c1)ccc(O)c1,"InChI=1S/C10H10O3/c1-13-10(12)7-4-8-2-5-9(11)6-3-8/h2-7,11H,1H3/b7-4+"
O=C(OC)C1=CC=C(O)C=C1,"InChI=1S/C8H8O3/c1-11-8(10)6-2-4-7(9)5-3-6/h2-5,9H,1H3"
COc(c1)cc(cc1)CC(C)O,"InChI=1S/C10H14O2/c1-8(11)6-9-4-3-5-10(7-9)12-2/h3-5,7-8,11H,6H2,1-2H3"
COC(=O)c(c1)cc(OC)c(O)c1,"InChI=1S/C9H10O4/c1-12-8-5-6(9(11)13-2)3-4-7(8)10/h3-5,10H,1-2H3"
Clc(c2)ccc(c2)C(Cl)(c(c1)ccc(Cl)c1)C(Cl)(Cl)Cl,"InChI=1S/C14H8Cl6/c15-11-5-1-9(2-6-11)13(17,14(18,19)20)10-3-7-12(16)8-4-10/h1-8H"
ClC=C(c(c2)ccc(Cl)c2)c(c1)ccc(Cl)c1,InChI=1S/C14H9Cl3/c15-9-14(10-1-5-12(16)6-2-10)11-3-7-13(17)8-4-11/h1-9H
Clc(c2)ccc(c2)C(=C(Cl)Cl)c(c1)ccc(Cl)c1,InChI=1S/C14H8Cl4/c15-11-5-1-9(2-6-11)13(14(17)18)10-3-7-12(16)8-4-10/h1-8H
Clc(c2)ccc(c2)C(C)c(c1)cccc1,"InChI=1S/C14H13Cl/c1-11(12-5-3-2-4-6-12)13-7-9-14(15)10-8-13/h2-11H,1H3"
C[Si](C)(C)OP(=O)(CCN([Si](C)(C)C)[Si](C)(C)C)O[Si](C)(C)C,"InChI=1S/C14H40NO3PSi4/c1-20(2,3)15(21(4,5)6)13-14-19(16,17-22(7,8)9)18-23(10,11)12/h13-14H2,1-12H3"
CCCCOP(=O)(OCCCC)CCNC(=O)C(F)(F)F,"InChI=1S/C12H23F3NO4P/c1-3-5-8-19-21(18,20-9-6-4-2)10-7-16-11(17)12(13,14)15/h3-10H2,1-2H3,(H,16,17)"
C[Si](C)(C)OCC([H])(O[Si](C)(C)C)C([H])(O[Si](C)(C)C)C([H])(O[Si](C)(C)C)C([H])(C=O)N[Si](C)(C)C,"InChI=1S/C21H53NO5Si5/c1-28(2,3)22-18(16-23)20(26-31(10,11)12)21(27-32(13,14)15)19(25-30(7,8)9)17-24-29(4,5)6/h16,18-22H,17H2,1-15H3/t18-,19+,20+,21+/m0/s1"
COCC(O1)C(OC)C(OC)C(O)C(OC)1,"InChI=1S/C10H20O6/c1-12-5-6-8(13-2)9(14-3)7(11)10(15-4)16-6/h6-11H,5H2,1-4H3/t6-,7+,8-,9-,10+/m1/s1"
C[Si](C)(C)OC(C(O[Si](C)(C)C)1)C(O[Si](C)(C)C)C(O[Si](C)(C)C)C(O[Si](C)(C)C)C(O[Si](C)(C)C)1,"InChI=1S/C24H60O6Si6/c1-31(2,3)25-19-20(26-32(4,5)6)22(28-34(10,11)12)24(30-36(16,17)18)23(29-35(13,14)15)21(19)27-33(7,8)9/h19-24H,1-18H3"
C[Si](C)(C)OCC([H])(N[Si](C)(C)C)C(=O)O[Si](C)(C)C,"InChI=1S/C12H31NO3Si3/c1-17(2,3)13-11(10-15-18(4,5)6)12(14)16-19(7,8)9/h11,13H,10H2,1-9H3"
CCCCOP(=O)(OCCCC)C(CCCC)NC(=O)C(F)(F)F,"InChI=1S/C15H29F3NO4P/c1-4-7-10-13(19-14(20)15(16,17)18)24(21,22-11-8-5-2)23-12-9-6-3/h13H,4-12H2,1-3H3,(H,19,20)"
CCCCOP(=O)(OCCCC)C(CC(C)C)NC(=O)C(F)(F)F,"InChI=1S/C15H29F3NO4P/c1-5-7-9-22-24(21,23-10-8-6-2)13(11-12(3)4)19-14(20)15(16,17)18/h12-13H,5-11H2,1-4H3,(H,19,20)"
CCCCOP(=O)(OCCCC)C(CCC)NC(=O)C(F)(F)F,"InChI=1S/C14H27F3NO4P/c1-4-7-10-21-23(20,22-11-8-5-2)12(9-6-3)18-13(19)14(15,16)17/h12H,4-11H2,1-3H3,(H,18,19)"
CCCCOP(=O)(OCCCC)C(CC)NC(=O)C(F)(F)F,"InChI=1S/C13H25F3NO4P/c1-4-7-9-20-22(19,21-10-8-5-2)11(6-3)17-12(18)13(14,15)16/h11H,4-10H2,1-3H3,(H,17,18)"
CCCCOP(=O)(OCCCC)CCN(C)C(=O)C(F)(F)F,"InChI=1S/C13H25F3NO4P/c1-4-6-9-20-22(19,21-10-7-5-2)11-8-17(3)12(18)13(14,15)16/h4-11H2,1-3H3"
CCCCOP(=O)(OCCCC)C(C)NC(=O)C(F)(F)F,"InChI=1S/C12H23F3NO4P/c1-4-6-8-19-21(18,20-9-7-5-2)10(3)16-11(17)12(13,14)15/h10H,4-9H2,1-3H3,(H,16,17)"
CCCCOP(=O)(OCCCC)CNC(=O)C(F)(F)F,"InChI=1S/C11H21F3NO4P/c1-3-5-7-18-20(17,19-8-6-4-2)9-15-10(16)11(12,13)14/h3-9H2,1-2H3,(H,15,16)"
COCC(O1)C(O)C(OC)C(OC)C(OC)1,"InChI=1S/C10H20O6/c1-12-5-6-7(11)8(13-2)9(14-3)10(15-4)16-6/h6-11H,5H2,1-4H3/t6-,7-,8+,9-,10+/m1/s1"
COC(O1)C(OC)C(O)C(O)C(C)1,"InChI=1S/C8H16O5/c1-4-5(9)6(10)7(11-2)8(12-3)13-4/h4-10H,1-3H3/t4-,5+,6+,7-,8+/m1/s1"
COCC(O1)C(OC)C(O)C(O)C(OC)1,"InChI=1S/C9H18O6/c1-12-4-5-8(13-2)6(10)7(11)9(14-3)15-5/h5-11H,4H2,1-3H3/t5-,6-,7+,8-,9+/m1/s1"
COC(C1)C(OC)C(OC)C(OC)O1,"InChI=1S/C9H18O5/c1-10-6-5-14-9(13-4)8(12-3)7(6)11-2/h6-9H,5H2,1-4H3/t6-,7+,8-,9-/m1/s1"
COC(O1)C(OC)C(OC)C(O)C1,"InChI=1S/C8H16O5/c1-10-6-5(9)4-13-8(12-3)7(6)11-2/h5-9H,4H2,1-3H3/t5-,6+,7-,8+/m1/s1"
CCCCCCCCCCCCCCCC([H])(O[Si](C)(C)C)C([H])(N)CO[Si](C)(C)C,"InChI=1S/C24H55NO2Si2/c1-8-9-10-11-12-13-14-15-16-17-18-19-20-21-24(27-29(5,6)7)23(25)22-26-28(2,3)4/h23-24H,8-22,25H2,1-7H3/t23-,24+/m0/s1"
CC(=O)C(C)(C1)CC(=O)O1,"InChI=1S/C7H10O3/c1-5(8)7(2)3-6(9)10-4-7/h3-4H2,1-2H3"
C(C1([H])O[Si](C)(C)C)(C(C(C(C1([H])O[Si](C)(C)C)([H])O[Si](C)(C)C)([H])O[Si](C)(C)C)([H])O[Si](C)(C)C)([H])O[Si](C)(C)C,"InChI=1S/C24H60O6Si6/c1-31(2,3)25-19-20(26-32(4,5)6)22(28-34(10,11)12)24(30-36(16,17)18)23(29-35(13,14)15)21(19)27-33(7,8)9/h19-24H,1-18H3/t19-,20-,21-,22+,23-,24-"
S=C=NC([2H])([2H])C([2H])([2H])c(c1)cccc1,"InChI=1S/C9H9NS/c11-8-10-7-6-9-4-2-1-3-5-9/h1-5H,6-7H2/i6D2,7D2"
COc(c(O)1)c([2H])c(c([2H])c([2H])1)C([2H])([2H])C(O)=O,"InChI=1S/C9H10O4/c1-13-8-4-6(5-9(11)12)2-3-7(8)10/h2-4,10H,5H2,1H3,(H,11,12)/i2D,3D,4D,5D2"
C(C([H])14)C(OC(=O)c(c5)cccc5)CCC1(C)C(C(CC4)3)CCC(C)(C23)C(C(CCCC(C)C)C)CC2,"InChI=1S/C34H52O2/c1-23(2)10-9-11-24(3)29-16-17-30-28-15-14-26-22-27(36-32(35)25-12-7-6-8-13-25)18-20-33(26,4)31(28)19-21-34(29,30)5/h6-8,12-13,23-24,26-31H,9-11,14-22H2,1-5H3/t24-,26+,27-,28?,29?,30?,31?,33+,34-/m1/s1"
CCCCCCCC([H])=C([H])CCCCCCCCCCC(=O)OCc(c1)cncc1,"InChI=1S/C26H43NO2/c1-2-3-4-5-6-7-8-9-10-11-12-13-14-15-16-17-18-21-26(28)29-24-25-20-19-22-27-23-25/h8-9,19-20,22-23H,2-7,10-18,21,24H2,1H3/b9-8-"
CCCCCC([H])=C([H])CC([H])=C([H])CCCCCCCC(=O)OCc(c1)cncc1,"InChI=1S/C24H37NO2/c1-2-3-4-5-6-7-8-9-10-11-12-13-14-15-16-19-24(26)27-22-23-18-17-20-25-21-23/h6-7,9-10,17-18,20-21H,2-5,8,11-16,19,22H2,1H3/b7-6-,10-9-"
CCCCCCCCC([H])=C([H])CCCCCCCC(=O)OCc(c1)cncc1,"InChI=1S/C24H39NO2/c1-2-3-4-5-6-7-8-9-10-11-12-13-14-15-16-19-24(26)27-22-23-18-17-20-25-21-23/h9-10,17-18,20-21H,2-8,11-16,19,22H2,1H3/b10-9-"
CCCCCCCCCCCCCCC(=O)OCc(c1)cncc1,"InChI=1S/C21H35NO2/c1-2-3-4-5-6-7-8-9-10-11-12-13-16-21(23)24-19-20-15-14-17-22-18-20/h14-15,17-18H,2-13,16,19H2,1H3"
CCCCCCCCCCCCCC(=O)OCc(c1)cncc1,"InChI=1S/C20H33NO2/c1-2-3-4-5-6-7-8-9-10-11-12-15-20(22)23-18-19-14-13-16-21-17-19/h13-14,16-17H,2-12,15,18H2,1H3"
CC(C)CCCCCCCCCC(CC)CCC(=O)OCc(c1)cncc1,"InChI=1S/C24H41NO2/c1-4-22(14-11-9-7-5-6-8-10-13-21(2)3)16-17-24(26)27-20-23-15-12-18-25-19-23/h12,15,18-19,21-22H,4-11,13-14,16-17,20H2,1-3H3"
CC(=O)OCC(OC(C)=O)C(OC(C)=O)C(OC(C)=O)C(OC)C([2H])OC(C)=O,"InChI=1S/C17H26O11/c1-9(18)24-7-14(23-6)16(27-12(4)21)17(28-13(5)22)15(26-11(3)20)8-25-10(2)19/h14-17H,7-8H2,1-6H3/i7D"
COCC(OC(C)=O)C(OC)C(OC)C(OC(C)=O)C([H])([2H])OC(C)=O,"InChI=1S/C15H26O9/c1-9(16)22-8-13(24-11(3)18)15(21-6)14(20-5)12(7-19-4)23-10(2)17/h12-15H,7-8H2,1-6H3/i8D"
COCC(OC(C)=O)C(OC)C(OC)C(OC)C([H])([2H])OC(C)=O,"InChI=1S/C14H26O8/c1-9(15)21-8-11(18-4)13(19-5)14(20-6)12(7-17-3)22-10(2)16/h11-14H,7-8H2,1-6H3/i8D"
COCC(OC(C)=O)C(OC(C)=O)C(OC)C(C([2H])OC(C)=O)N(C)C(C)=O,"InChI=1S/C17H29NO9/c1-10(19)18(5)14(8-25-11(2)20)16(24-7)17(27-13(4)22)15(9-23-6)26-12(3)21/h14-17H,8-9H2,1-7H3/i8D"
COCC(OC(C)=O)C(OC)C(OC)C(N(C)C(C)=O)C([H])([2H])OC(C)=O,"InChI=1S/C16H29NO8/c1-10(18)17(4)13(8-24-11(2)19)15(22-6)16(23-7)14(9-21-5)25-12(3)20/h13-16H,8-9H2,1-7H3/i8D"
CC(=O)OCC(OC(C)=O)C(OC)C(OC(C)=O)C(OC)C([2H])OC(C)=O,"InChI=1S/C16H26O10/c1-9(17)23-7-13(21-5)16(26-12(4)20)15(22-6)14(25-11(3)19)8-24-10(2)18/h13-16H,7-8H2,1-6H3/i7D"
COCC(OC(C)=O)C(OC(C)=O)C(OC)C(OC(C)=O)C([H])([2H])OC(C)=O,"InChI=1S/C16H26O10/c1-9(17)23-8-14(25-11(3)19)15(22-6)16(26-12(4)20)13(7-21-5)24-10(2)18/h13-16H,7-8H2,1-6H3/i8D"
COCC(OC)C(OC(C)=O)C(OC)C(COC)N(C)C(C)=O,"InChI=1S/C15H29NO7/c1-10(17)16(3)12(8-19-4)14(22-7)15(23-11(2)18)13(21-6)9-20-5/h12-15H,8-9H2,1-7H3"
CC(=O)OCC(OC(C)=O)C(OC)C(OC)C(OC)C([H])([2H])OC(C)=O,"InChI=1S/C15H26O9/c1-9(16)22-7-12(19-4)14(20-5)15(21-6)13(24-11(3)18)8-23-10(2)17/h12-15H,7-8H2,1-6H3/i7D"
OC(=O)C(=C3)C(=O)N(C1=N3)c(c2)c(ccc2)CC1,"InChI=1S/C13H10N2O3/c16-12-9(13(17)18)7-14-11-6-5-8-3-1-2-4-10(8)15(11)12/h1-4,7H,5-6H2,(H,17,18)"
OC(=O)C(=C([H])3)C(=O)N(C(=N3)1)c(c2)c(ccc2)C([H])=C([H])1,"InChI=1S/C13H8N2O3/c16-12-9(13(17)18)7-14-11-6-5-8-3-1-2-4-10(8)15(11)12/h1-7H,(H,17,18)"
c(c3)ccc(c3)C(=C1)C(=O)N(C(C)=2)C(C=CC2)=N1,"InChI=1S/C15H12N2O/c1-11-6-5-9-14-16-10-13(15(18)17(11)14)12-7-3-2-4-8-12/h2-10H,1H3"
CCOC(=O)C(=C([H])1)C(=O)N(C2)C(=C([H])CC2)N(C)1,"InChI=1S/C12H16N2O3/c1-3-17-12(16)9-8-13(2)10-6-4-5-7-14(10)11(9)15/h6,8H,3-5,7H2,1-2H3"
CCOC(=O)CC(=C1)C(=O)N(C2)C(CCC2)=N1,"InChI=1S/C12H16N2O3/c1-2-17-11(15)7-9-8-13-10-5-3-4-6-14(10)12(9)16/h8H,2-7H2,1H3"
[O-1][N+1](=O)c(c2)cc(cc2)c(n1)nc(Cl)cc1,InChI=1S/C10H6ClN3O2/c11-9-4-5-12-10(13-9)7-2-1-3-8(6-7)14(15)16/h1-6H
CCOC(=O)C(=C2)C(=O)N(C=1)C(=N2)C(O)=CC1,"InChI=1S/C11H10N2O4/c1-2-17-11(16)7-6-12-9-8(14)4-3-5-13(9)10(7)15/h3-6,14H,2H2,1H3"
CCOC(=O)CC(=C1)C(=O)N(C=2)C(C=CC2)=N1,"InChI=1S/C12H12N2O3/c1-2-17-11(15)7-9-8-13-10-5-3-4-6-14(10)12(9)16/h3-6,8H,2,7H2,1H3"
CCOC(=O)C(=C2)C(=O)N(C=1)C(=N2)C(C)=CC1,"InChI=1S/C12H12N2O3/c1-3-17-12(16)9-7-13-10-8(2)5-4-6-14(10)11(9)15/h4-7H,3H2,1-2H3"
CCOC(=O)C(=C1)C(=O)N(C=2)C(C=C(C)C2)=N1,"InChI=1S/C12H12N2O3/c1-3-17-12(16)9-7-13-10-6-8(2)4-5-14(10)11(9)15/h4-7H,3H2,1-2H3"
CCOC(=O)C(=C1)C(=O)N(C=2)C(C=CC(C)2)=N1,"InChI=1S/C12H12N2O3/c1-3-17-12(16)9-6-13-10-5-4-8(2)7-14(10)11(9)15/h4-7H,3H2,1-2H3"
CCOC(=O)C(=C1)C(=O)N(C(C)=2)C(C=CC2)=N1,"InChI=1S/C12H12N2O3/c1-3-17-12(16)9-7-13-10-6-4-5-8(2)14(10)11(9)15/h4-7H,3H2,1-2H3"
COc(c2)ccc(c2)c(n1)ncc([N+1]([O-1])=O)c1,"InChI=1S/C11H9N3O3/c1-17-10-4-2-8(3-5-10)11-12-6-9(7-13-11)14(15)16/h2-7H,1H3"
CN(C)C=Nc(c1)cnc(n1)S(C)(=O)=O,"InChI=1S/C8H12N4O2S/c1-12(2)6-11-7-4-9-8(10-5-7)15(3,13)14/h4-6H,1-3H3/b11-6+"
CCOC(=O)C(=C1)C(=O)N(C2)C(CCC2)N1,"InChI=1S/C11H16N2O3/c1-2-16-11(15)8-7-12-9-5-3-4-6-13(9)10(8)14/h7,9,12H,2-6H2,1H3"
OC(=O)C(=C([H])1)C(=O)N(C(C)2)C(=C([H])CC2)N(C)1,"InChI=1S/C11H14N2O3/c1-7-4-3-5-9-12(2)6-8(11(15)16)10(14)13(7)9/h5-7H,3-4H2,1-2H3,(H,15,16)"
CCOC(=O)C(=C1)C(=O)N(C2)C(CCC2)=N1,"InChI=1S/C11H14N2O3/c1-2-16-11(15)8-7-12-9-5-3-4-6-13(9)10(8)14/h7H,2-6H2,1H3"
OC(=O)CC(=C1)C(=O)N(C(C)2)C(CCC2)=N1,"InChI=1S/C11H14N2O3/c1-7-3-2-4-9-12-6-8(5-10(14)15)11(16)13(7)9/h6-7H,2-5H2,1H3,(H,14,15)"
NC(=O)C(=C([H])1)C(=O)N(C(C)2)C(=C([H])CC2)N(C)1,"InChI=1S/C11H15N3O2/c1-7-4-3-5-9-13(2)6-8(10(12)15)11(16)14(7)9/h5-7H,3-4H2,1-2H3,(H2,12,15)"
CCOC(=O)C(=C1)C(=O)N(C=2)C(C=CC2)=N1,"InChI=1S/C11H10N2O3/c1-2-16-11(15)8-7-12-9-5-3-4-6-13(9)10(8)14/h3-7H,2H2,1H3"
OC(=O)CC(=C1)C(=O)N(C(C)=2)C(C=CC2)=N1,"InChI=1S/C11H10N2O3/c1-7-3-2-4-9-12-6-8(5-10(14)15)11(16)13(7)9/h2-4,6H,5H2,1H3,(H,14,15)"
CN(C)c(c2)nc(nc2)c(c1)cc(F)cc1,"InChI=1S/C12H12FN3/c1-16(2)11-6-7-14-12(15-11)9-4-3-5-10(13)8-9/h3-8H,1-2H3"
CN(C)c(c2)nc(nc2)c(c1)ccc(F)c1,"InChI=1S/C12H12FN3/c1-16(2)11-7-8-14-12(15-11)9-3-5-10(13)6-4-9/h3-8H,1-2H3"
Fc(c2)ccc(c2)c(c1)nc(nc1)N(C)C,"InChI=1S/C12H12FN3/c1-16(2)12-14-8-7-11(15-12)9-3-5-10(13)6-4-9/h3-8H,1-2H3"
[O-1][N+1](=O)c(c2)cc(c(O)c2)c(c1)ncnc1,"InChI=1S/C10H7N3O3/c14-10-2-1-7(13(15)16)5-8(10)9-3-4-11-6-12-9/h1-6,14H"
NC(=O)Cc(n2)nc(cc2)c(c1)cccc1,"InChI=1S/C12H11N3O/c13-11(16)8-12-14-7-6-10(15-12)9-4-2-1-3-5-9/h1-7H,8H2,(H2,13,16)"
O=C(O1)N=C(N=2)N(C=CC2c(c3)cccc3)1,InChI=1S/C11H7N3O2/c15-11-13-10-12-9(6-7-14(10)16-11)8-4-2-1-3-5-8/h1-7H
OC(=O)CC(=C1)C(=O)N(C2)C(CCC2)=N1,"InChI=1S/C10H12N2O3/c13-9(14)5-7-6-11-8-3-1-2-4-12(8)10(7)15/h6H,1-5H2,(H,13,14)"
Fc(c2)cc(cc2)c(n1)cc(Cl)nc1,InChI=1S/C10H6ClFN2/c11-10-5-9(13-6-14-10)7-2-1-3-8(12)4-7/h1-6H
Fc(c2)ccc(c2)c(n1)cc(Cl)nc1,InChI=1S/C10H6ClFN2/c11-10-5-9(13-6-14-10)7-1-3-8(12)4-2-7/h1-6H
Fc(c2)ccc(c2)c(c1)nc(Cl)nc1,InChI=1S/C10H6ClFN2/c11-10-13-6-5-9(14-10)7-1-3-8(12)4-2-7/h1-6H
Oc(c2)c(ccc2)c(c1)nc(Cl)nc1,"InChI=1S/C10H7ClN2O/c11-10-12-6-5-8(13-10)7-3-1-2-4-9(7)14/h1-6,14H"
Clc(n2)cc([n+1]([O-1])c2)c(c1)cccc1,InChI=1S/C10H7ClN2O/c11-10-6-9(13(14)7-12-10)8-4-2-1-3-5-8/h1-7H
COc(n2)cc(nc2)c(c1)cc(F)cc1,"InChI=1S/C11H9FN2O/c1-15-11-6-10(13-7-14-11)8-3-2-4-9(12)5-8/h2-7H,1H3"
OC(=O)CC(=C1)C(=O)N(C=2)C(C=CC2)=N1,"InChI=1S/C10H8N2O3/c13-9(14)5-7-6-11-8-3-1-2-4-12(8)10(7)15/h1-4,6H,5H2,(H,13,14)"
N#Cc(n2)nc(cc2)c(c1)ccc(F)c1,InChI=1S/C11H6FN3/c12-9-3-1-8(2-4-9)10-5-6-14-11(7-13)15-10/h1-6H
N#Cc(n2)cc(nc2)c(c1)ccc(F)c1,"InChI=1S/C11H6FN3/c12-9-3-1-8(2-4-9)11-5-10(6-13)14-7-15-11/h1-5,7H"
CN(C)C=Nc(c1)cnc(SC)n1,"InChI=1S/C8H12N4S/c1-12(2)6-11-7-4-9-8(13-3)10-5-7/h4-6H,1-3H3/b11-6+"
N#Cc(c2)ccc(c2)c(n1)ncc(N)c1,"InChI=1S/C11H8N4/c12-5-8-1-3-9(4-2-8)11-14-6-10(13)7-15-11/h1-4,6-7H,13H2"
[H]C(N=3)=C([H])C(=O)N(C31)c(c2)c(ccc2)C([H])=C([H])1,InChI=1S/C12H8N2O/c15-12-7-8-13-11-6-5-9-3-1-2-4-10(9)14(11)12/h1-8H
NC(=O)c(c(Cl)1)c(Cl)ncn1,"InChI=1S/C5H3Cl2N3O/c6-3-2(5(8)11)4(7)10-1-9-3/h1H,(H2,8,11)"
O=C(N2)C=C(N=C2)c(c1)cc(F)cc1,"InChI=1S/C10H7FN2O/c11-8-3-1-2-7(4-8)9-5-10(14)13-6-12-9/h1-6H,(H,12,13,14)"
Fc(c2)ccc(c2)C(N=1)=CC(=O)NC1,"InChI=1S/C10H7FN2O/c11-8-3-1-7(2-4-8)9-5-10(14)13-6-12-9/h1-6H,(H,12,13,14)"
O=C(C=2)NC(=NC2)c(c1)cc(F)cc1,"InChI=1S/C10H7FN2O/c11-8-3-1-2-7(6-8)10-12-5-4-9(14)13-10/h1-6H,(H,12,13,14)"
Fc(c2)ccc(c2)C(=N1)NC(=O)C=C1,"InChI=1S/C10H7FN2O/c11-8-3-1-7(2-4-8)10-12-6-5-9(14)13-10/h1-6H,(H,12,13,14)"
CCC(=C1)C(=O)N(C(C)=2)C(C=CC2)=N1,"InChI=1S/C11H12N2O/c1-3-9-7-12-10-6-4-5-8(2)13(10)11(9)14/h4-7H,3H2,1-2H3"
CCC(=C2)N(C(=O)1)C(C=C2)=NC(C)=C1,"InChI=1S/C11H12N2O/c1-3-9-5-4-6-10-12-8(2)7-11(14)13(9)10/h4-7H,3H2,1-2H3"
[O-1][n+1](c2)c(N)nc(c2)c(c1)cccc1,"InChI=1S/C10H9N3O/c11-10-12-9(6-7-13(10)14)8-4-2-1-3-5-8/h1-7H,(H2,11,12)"
O=C(N1)NC(=O)C(=C1)[Si](C)(C)C,"InChI=1S/C7H12N2O2Si/c1-12(2,3)5-4-8-7(11)9-6(5)10/h4H,1-3H3,(H2,8,9,10,11)"
CN(C)C=Nc(c1)cnc(Cl)n1,"InChI=1S/C7H9ClN4/c1-12(2)5-11-6-3-9-7(8)10-4-6/h3-5H,1-2H3/b11-5+"
CC(=C1)C(=O)N(C(C)2)C(CCC2)=N1,"InChI=1S/C10H14N2O/c1-7-6-11-9-5-3-4-8(2)12(9)10(7)13/h6,8H,3-5H2,1-2H3"
CC(=C1)C(=O)N(C(C)=2)C(C=CC2)=N1,"InChI=1S/C10H10N2O/c1-7-6-11-9-5-3-4-8(2)12(9)10(7)13/h3-6H,1-2H3"
CC(=C1)N=C(C=2)N(C(C)=CC2)C(=O)1,"InChI=1S/C10H10N2O/c1-7-6-10(13)12-8(2)4-3-5-9(12)11-7/h3-6H,1-2H3"
Fc(c2)cc(cc2)c(c1)ncnc1,InChI=1S/C10H7FN2/c11-9-3-1-2-8(6-9)10-4-5-12-7-13-10/h1-7H
Fc(c2)ccc(c2)c(c1)ncnc1,InChI=1S/C10H7FN2/c11-9-3-1-8(2-4-9)10-5-6-12-7-13-10/h1-7H
Fc(c2)cc(cc2)c(n1)nccc1,InChI=1S/C10H7FN2/c11-9-4-1-3-8(7-9)10-12-5-2-6-13-10/h1-7H
Fc(c2)ccc(c2)c(n1)nccc1,InChI=1S/C10H7FN2/c11-9-4-2-8(3-5-9)10-12-6-1-7-13-10/h1-7H
Nc(c1)cnc(n1)S(C)(=O)=O,"InChI=1S/C5H7N3O2S/c1-11(9,10)5-7-2-4(6)3-8-5/h2-3H,6H2,1H3"
N#Cc(c(Cl)1)c(Cl)ncn1,InChI=1S/C5HCl2N3/c6-4-3(1-8)5(7)10-2-9-4/h2H
CCC(C)C(=C1)C(=O)NC(=O)N1,"InChI=1S/C8H12N2O2/c1-3-5(2)6-4-9-8(12)10-7(6)11/h4-5H,3H2,1-2H3,(H2,9,10,11,12)"
O=C(C3)C(C1)C(C2)C(C3)C(=O)C(C2)1,"InChI=1S/C11H14O2/c12-10-4-3-8-7-2-1-6(11(8)13)5-9(7)10/h6-9H,1-5H2"
COCOCC(C1)(c32)C([H])(CCc(cc(C(C)C)c(O)c3)2)C(C)(C)CC1,"InChI=1S/C22H34O3/c1-15(2)17-11-16-7-8-20-21(3,4)9-6-10-22(20,13-25-14-24-5)18(16)12-19(17)23/h11-12,15,20,23H,6-10,13-14H2,1-5H3/t20-,22-/m0/s1"
CC(=O)CCC(C1)=CC(=O)CC1,"InChI=1S/C10H14O2/c1-8(11)5-6-9-3-2-4-10(12)7-9/h7H,2-6H2,1H3"
CC(=O)CCC(C3)(C1)C(SCC)(C(=O)2)C(C)(CC3)C(O2)1,"InChI=1S/C16H24O3S/c1-4-20-16-13(18)19-12-10-15(16,9-6-11(2)17)8-5-7-14(12,16)3/h12H,4-10H2,1-3H3"
c(c3)ccc(c3)c(c1)oc(C2)c(CCC2)1,"InChI=1S/C14H14O/c1-2-6-11(7-3-1)14-10-12-8-4-5-9-13(12)15-14/h1-3,6-7,10H,4-5,8-9H2"
Cc(c1)c(C2)c(CCC2)o1,"InChI=1S/C9H12O/c1-7-6-10-9-5-3-2-4-8(7)9/h6H,2-5H2,1H3"
CCCCCCCCCC(COC(C2)OCCC2)(C1)OC(=O)C(C)C(=O)1,"InChI=1S/C21H36O5/c1-3-4-5-6-7-8-10-13-21(15-18(22)17(2)20(23)26-21)16-25-19-12-9-11-14-24-19/h17,19H,3-16H2,1-2H3"
CCCCCCCCCC(COC(C2)OCCC2)(C1)OC(=O)C(C)=C1,"InChI=1S/C21H36O4/c1-3-4-5-6-7-8-10-14-21(15-13-18(2)20(22)25-21)17-24-19-12-9-11-16-23-19/h13,19H,3-12,14-17H2,1-2H3"
CCC(C2)(C1)OC(C)(O2)CC(O)1,"InChI=1S/C9H16O3/c1-3-9-5-7(10)4-8(2,12-9)11-6-9/h7,10H,3-6H2,1-2H3"
C(C3)COC(C3)OC(c(c2)cccc2)C(=O)c(c1)cccc1,"InChI=1S/C19H20O3/c20-18(15-9-3-1-4-10-15)19(16-11-5-2-6-12-16)22-17-13-7-8-14-21-17/h1-6,9-12,17,19H,7-8,13-14H2"
CCc(c1)oc(CC(C)=O)c1,"InChI=1S/C9H12O2/c1-3-8-4-5-9(11-8)6-7(2)10/h4-5H,3,6H2,1-2H3"
CC(=O)CC(O2)(C1)OC(c(c4)cccc4)1C(c(c3)cccc3)2,"InChI=1S/C19H18O3/c1-14(20)12-18-13-19(22-18,16-10-6-3-7-11-16)17(21-18)15-8-4-2-5-9-15/h2-11,17H,12-13H2,1H3"
c(c4)ccc(c4)C(O1)C(C2)(c(c3)cccc3)OC(C)(CC(=O)2)1,"InChI=1S/C19H18O3/c1-18-12-16(20)13-19(22-18,15-10-6-3-7-11-15)17(21-18)14-8-4-2-5-9-14/h2-11,17H,12-13H2,1H3"
CC(=O)Cc(o2)cc(c2)c(c1)cccc1,"InChI=1S/C13H12O2/c1-10(14)7-13-8-12(9-15-13)11-5-3-2-4-6-11/h2-6,8-9H,7H2,1H3"
O=C(C2)CC(C3)(OC(C)2O3)c(c1)cccc1,"InChI=1S/C13H14O3/c1-12-7-11(14)8-13(16-12,9-15-12)10-5-3-2-4-6-10/h2-6H,7-9H2,1H3"
CCCCCCCCCC(C2)(C1)OC(C)(CC(=O)2)O1,"InChI=1S/C16H28O3/c1-3-4-5-6-7-8-9-10-16-12-14(17)11-15(2,19-16)18-13-16/h3-13H2,1-2H3"
CCOC(=O)CC(=C2)C(=O)N(C=1)C(=N2)C(C)=CC1,"InChI=1S/C13H14N2O3/c1-3-18-11(16)7-10-8-14-12-9(2)5-4-6-15(12)13(10)17/h4-6,8H,3,7H2,1-2H3"
CCOC(=O)CCC(=C1)C(=O)N(C=2)C(C=CC2)=N1,"InChI=1S/C13H14N2O3/c1-2-18-12(16)7-6-10-9-14-11-5-3-4-8-15(11)13(10)17/h3-5,8-9H,2,6-7H2,1H3"
COC(C)CCOC(C)=O,"InChI=1S/C7H14O3/c1-6(9-3)4-5-10-7(2)8/h6H,4-5H2,1-3H3"
CC(=O)C(C1)C(=O)OC1,"InChI=1S/C6H8O3/c1-4(7)5-2-3-9-6(5)8/h5H,2-3H2,1H3"
CC#N,InChI=1S/C2H3N/c1-2-3/h1H3
Nc(c1)c(C)c(N)cc1,"InChI=1S/C7H10N2/c1-5-6(8)3-2-4-7(5)9/h2-4H,8-9H2,1H3"
C[N+1]([O-1])=O,InChI=1S/CH3NO2/c1-2(3)4/h1H3
CCC(O)CC,"InChI=1S/C5H12O/c1-3-5(6)4-2/h5-6H,3-4H2,1-2H3"
CC(C)C(O)=O,"InChI=1S/C4H8O2/c1-3(2)4(5)6/h3H,1-2H3,(H,5,6)"
OCC([H])=C([H])CO,"InChI=1S/C4H8O2/c5-3-1-2-4-6/h1-2,5-6H,3-4H2/b2-1-"
O=C=Nc(c1)c(C)ccc1,"InChI=1S/C8H7NO/c1-7-4-2-3-5-8(7)9-6-10/h2-5H,1H3"
[2H]C([2H])([2H])OC(=O)C=CC(=O)OC([2H])([2H])[2H],"InChI=1S/C6H8O4/c1-9-5(7)3-4-6(8)10-2/h3-4H,1-2H3/b4-3+/i1D3,2D3"
O=C=Nc(c1)cc(C)cc1,"InChI=1S/C8H7NO/c1-7-3-2-4-8(5-7)9-6-10/h2-5H,1H3"
[2H]C([2H])([2H])OC(=O)COC,"InChI=1S/C4H8O3/c1-6-3-4(5)7-2/h3H2,1-2H3/i2D3"
O=C=Nc(c1)ccc(C)c1,"InChI=1S/C8H7NO/c1-7-2-4-8(5-3-7)9-6-10/h2-5H,1H3"
COC(=O)C=CC(O)=O,"InChI=1S/C5H6O4/c1-9-5(8)3-2-4(6)7/h2-3H,1H3,(H,6,7)/b3-2-"
CCCCOC(=O)C=C,"InChI=1S/C7H12O2/c1-3-5-6-9-7(8)4-2/h4H,2-3,5-6H2,1H3"
C=CC(=O)OCC(C)C,"InChI=1S/C7H12O2/c1-4-7(8)9-5-6(2)3/h4,6H,1,5H2,2-3H3"
C=CC(O)=O,"InChI=1S/C3H4O2/c1-2-3(4)5/h2H,1H2,(H,4,5)"
C=CC(=O)OC,"InChI=1S/C4H6O2/c1-3-4(5)6-2/h3H,1H2,2H3"
COC(=O)CN(CC(=O)OC)CC(=O)OC,"InChI=1S/C9H15NO6/c1-14-7(11)4-10(5-8(12)15-2)6-9(13)16-3/h4-6H2,1-3H3"
COC(=O)Cc(c1)cc(c2)c(ccc2)c1,"InChI=1S/C13H12O2/c1-15-13(14)9-10-6-7-11-4-2-3-5-12(11)8-10/h2-8H,9H2,1H3"
CCCCCCCCc(c1)ccc(c1)C(=O)OC,"InChI=1S/C16H24O2/c1-3-4-5-6-7-8-9-14-10-12-15(13-11-14)16(17)18-2/h10-13H,3-9H2,1-2H3"
COC(=O)c(c1)ccnc1,"InChI=1S/C7H7NO2/c1-10-7(9)6-2-4-8-5-3-6/h2-5H,1H3"
COC(=O)c(c1)cncc1,"InChI=1S/C7H7NO2/c1-10-7(9)6-3-2-4-8-5-6/h2-5H,1H3"
CCCCCC=CC(=O)OC,"InChI=1S/C9H16O2/c1-3-4-5-6-7-8-9(10)11-2/h7-8H,3-6H2,1-2H3/b8-7+"
COC(=O)Cc(c1)ccc(c1)[N+1]([O-1])=O,"InChI=1S/C9H9NO4/c1-14-9(11)6-7-2-4-8(5-3-7)10(12)13/h2-5H,6H2,1H3"
COC(=O)Cc(c1)cc(cc1)[N+1]([O-1])=O,"InChI=1S/C9H9NO4/c1-14-9(11)6-7-3-2-4-8(5-7)10(12)13/h2-5H,6H2,1H3"
COC(=O)Cc(c1)c(ccc1)[N+1]([O-1])=O,"InChI=1S/C9H9NO4/c1-14-9(11)6-7-4-2-3-5-8(7)10(12)13/h2-5H,6H2,1H3"
COC(=O)COc(c1)ccc(c1)[N+1]([O-1])=O,"InChI=1S/C9H9NO5/c1-14-9(11)6-15-8-4-2-7(3-5-8)10(12)13/h2-5H,6H2,1H3"
COC(=O)c(c1)c(C(=O)OC)c(cc1)[N+1]([O-1])=O,"InChI=1S/C10H9NO6/c1-16-9(12)6-4-3-5-7(11(14)15)8(6)10(13)17-2/h3-5H,1-2H3"
COC(=O)c(c1)scc1,"InChI=1S/C6H6O2S/c1-8-6(7)5-3-2-4-9-5/h2-4H,1H3"
COC(=O)CSCC(=O)OC,"InChI=1S/C6H10O4S/c1-9-5(7)3-11-4-6(8)10-2/h3-4H2,1-2H3"
COC(=O)CSc(c1)cccc1,"InChI=1S/C9H10O2S/c1-11-9(10)7-12-8-5-3-2-4-6-8/h2-6H,7H2,1H3"
COC(=O)COc(c1)c(Cl)cc(Cl)c(Cl)1,"InChI=1S/C9H7Cl3O3/c1-14-9(13)4-15-8-3-6(11)5(10)2-7(8)12/h2-3H,4H2,1H3"
COC(=O)C(C)Oc(c1)c(Cl)cc(Cl)c(Cl)1,"InChI=1S/C10H9Cl3O3/c1-5(10(14)15-2)16-9-4-7(12)6(11)3-8(9)13/h3-5H,1-2H3"
COC(=O)c(c1)c(SC)ccc1,"InChI=1S/C9H10O2S/c1-11-9(10)7-5-3-4-6-8(7)12-2/h3-6H,1-2H3"
COC(=O)Cc(c1)cc(C)cc1,"InChI=1S/C10H12O2/c1-8-4-3-5-9(6-8)7-10(11)12-2/h3-6H,7H2,1-2H3"
COC(=O)C(C)Oc(c1)cccc1,"InChI=1S/C10H12O3/c1-8(10(11)12-2)13-9-6-4-3-5-7-9/h3-8H,1-2H3"
CCCCCCCCOc(c1)ccc(c1)C(=O)OC,"InChI=1S/C16H24O3/c1-3-4-5-6-7-8-13-19-15-11-9-14(10-12-15)16(17)18-2/h9-12H,3-8,13H2,1-2H3"
CCCCCCCCC(CCCCCC)C(=O)OC,"InChI=1S/C17H34O2/c1-4-6-8-10-11-13-15-16(17(18)19-3)14-12-9-7-5-2/h16H,4-15H2,1-3H3"
COC(=O)C(C)(C1)CCCC1,"InChI=1S/C9H16O2/c1-9(8(10)11-2)6-4-3-5-7-9/h3-7H2,1-2H3"
COC(=O)CC(C)CC(=O)OC,"InChI=1S/C8H14O4/c1-6(4-7(9)11-2)5-8(10)12-3/h6H,4-5H2,1-3H3"
COC(=O)CNC(=O)Cc(c1)cccc1,"InChI=1S/C11H13NO3/c1-15-11(14)8-12-10(13)7-9-5-3-2-4-6-9/h2-6H,7-8H2,1H3,(H,12,13)"
COC(=O)CCCC(C)=O,"InChI=1S/C7H12O3/c1-6(8)4-3-5-7(9)10-2/h3-5H2,1-2H3"
COC(=O)CCCc(c1)cccc1,"InChI=1S/C11H14O2/c1-13-11(12)9-5-8-10-6-3-2-4-7-10/h2-4,6-7H,5,8-9H2,1H3"
COC(=O)CCC(CCC(=O)OC)C(=O)OC,"InChI=1S/C11H18O6/c1-15-9(12)6-4-8(11(14)17-3)5-7-10(13)16-2/h8H,4-7H2,1-3H3"
COC(=O)c(c1)nc(c2)c(ccc2)c1,"InChI=1S/C11H9NO2/c1-14-11(13)10-7-6-8-4-2-3-5-9(8)12-10/h2-7H,1H3"
CCCOc(c1)ccc(c1)C(=O)OC,"InChI=1S/C11H14O3/c1-3-8-14-10-6-4-9(5-7-10)11(12)13-2/h4-7H,3,8H2,1-2H3"
COC(=O)c(c1)nccc1,"InChI=1S/C7H7NO2/c1-10-7(9)6-4-2-3-5-8-6/h2-5H,1H3"
COC(=O)c(c1)ccc(N=Nc(c2)cccc2)c1,"InChI=1S/C14H12N2O2/c1-18-14(17)11-7-9-13(10-8-11)16-15-12-5-3-2-4-6-12/h2-10H,1H3/b16-15+"
COC(=O)c(c(Br)1)c(C(=O)OC)c(Br)c(Br)c(Br)1,InChI=1S/C10H6Br4O4/c1-17-9(15)3-4(10(16)18-2)6(12)8(14)7(13)5(3)11/h1-2H3
COC(=O)c(c(Cl)1)c(C(=O)OC)c(Cl)c(Cl)c(Cl)1,InChI=1S/C10H6Cl4O4/c1-17-9(15)3-4(10(16)18-2)6(12)8(14)7(13)5(3)11/h1-2H3
COC(=O)c(c(O)1)c(O)cc(O)c1,"InChI=1S/C8H8O5/c1-13-8(12)7-5(10)2-4(9)3-6(7)11/h2-3,9-11H,1H3"
COC(=O)c(c1)cc(OC)c(OC)c(OC)1,"InChI=1S/C11H14O5/c1-13-8-5-7(11(12)16-4)6-9(14-2)10(8)15-3/h5-6H,1-4H3"
CCCC(C)C(=O)OC,"InChI=1S/C7H14O2/c1-4-5-6(2)7(8)9-3/h6H,4-5H2,1-3H3"
CCCC(=O)C(=O)OC,"InChI=1S/C6H10O3/c1-3-4-5(7)6(8)9-2/h3-4H2,1-2H3"
COC(=O)C(C)C(=O)OC,"InChI=1S/C6H10O4/c1-4(5(7)9-2)6(8)10-3/h4H,1-3H3"
COC(=O)C(C)=C([H])C,"InChI=1S/C6H10O2/c1-4-5(2)6(7)8-3/h4H,1-3H3/b5-4+"
COC(=O)C=CC(C)C,"InChI=1S/C7H12O2/c1-6(2)4-5-7(8)9-3/h4-6H,1-3H3/b5-4+"
COC(=O)C(Br)(Br)Br,"InChI=1S/C3H3Br3O2/c1-8-2(7)3(4,5)6/h1H3"
COC(=O)C(C)SC,"InChI=1S/C5H10O2S/c1-4(8-3)5(6)7-2/h4H,1-3H3"
COC(=O)C(C)S,"InChI=1S/C4H8O2S/c1-3(7)4(5)6-2/h3,7H,1-2H3"
COC(=O)C(C)(Br)CBr,"InChI=1S/C5H8Br2O2/c1-5(7,3-6)4(8)9-2/h3H2,1-2H3"
COC(=O)c(c1)cc(cc1)[N+1]([O-1])=O,"InChI=1S/C8H7NO4/c1-13-8(10)6-3-2-4-7(5-6)9(11)12/h2-5H,1H3"
CC(=C)C(=O)OCC(C1)O1,"InChI=1S/C7H10O3/c1-5(2)7(8)10-4-6-3-9-6/h6H,1,3-4H2,2H3"
CCCCCCCCCCCCN(C1)C(=O)CC1,"InChI=1S/C16H31NO/c1-2-3-4-5-6-7-8-9-10-11-14-17-15-12-13-16(17)18/h2-15H2,1H3"
N#CCCC(C#N)(C1)CC=CC1,"InChI=1S/C10H12N2/c11-8-4-7-10(9-12)5-2-1-3-6-10/h1-2H,3-7H2"
CCCCCCCCCCCCNC(=O)CCCO,"InChI=1S/C16H33NO2/c1-2-3-4-5-6-7-8-9-10-11-14-17-16(19)13-12-15-18/h18H,2-15H2,1H3,(H,17,19)"
CCCCCCCCCCCCn(c(=O)1)c(=O)c(c2)c(ccc2)1,"InChI=1S/C20H29NO2/c1-2-3-4-5-6-7-8-9-10-13-16-21-19(22)17-14-11-12-15-18(17)20(21)23/h11-12,14-15H,2-10,13,16H2,1H3"
CCCCCCCCCCCCCN,"InChI=1S/C13H29N/c1-2-3-4-5-6-7-8-9-10-11-12-13-14/h2-14H2,1H3"
NCCCCCCCCCCCCN(C1)C(=O)CC1,"InChI=1S/C16H32N2O/c17-13-9-7-5-3-1-2-4-6-8-10-14-18-15-11-12-16(18)19/h1-15,17H2"
O=C(C3)N(CC3)c(c1)cc(c2)c(ccc2)c1,"InChI=1S/C14H13NO/c16-14-6-3-9-15(14)13-8-7-11-4-1-2-5-12(11)10-13/h1-2,4-5,7-8,10H,3,6,9H2"
CCCCCCCCCCCCCCCCCCN(C1)C(=O)C(C)C1,"InChI=1S/C23H45NO/c1-3-4-5-6-7-8-9-10-11-12-13-14-15-16-17-18-20-24-21-19-22(2)23(24)25/h22H,3-21H2,1-2H3"
CCCCCCCCCCCCCCCCN(C(C)1)C(=O)CC1,"InChI=1S/C21H41NO/c1-3-4-5-6-7-8-9-10-11-12-13-14-15-16-19-22-20(2)17-18-21(22)23/h20H,3-19H2,1-2H3"
CCCCCCCCCCCN(C(C)1)C(=O)CC1,"InChI=1S/C16H31NO/c1-3-4-5-6-7-8-9-10-11-14-17-15(2)12-13-16(17)18/h15H,3-14H2,1-2H3"
CCCCCCCCCCN(C1)C(=O)C(C)C1,"InChI=1S/C15H29NO/c1-3-4-5-6-7-8-9-10-12-16-13-11-14(2)15(16)17/h14H,3-13H2,1-2H3"
CCCCCCC(C1)CC(=O)O1,"InChI=1S/C10H18O2/c1-2-3-4-5-6-9-7-10(11)12-8-9/h9H,2-8H2,1H3"
Clc(c2)ccc(c2)NC(=O)N(C1)C(=O)CC1,"InChI=1S/C11H11ClN2O2/c12-8-3-5-9(6-4-8)13-11(16)14-7-1-2-10(14)15/h3-6H,1-2,7H2,(H,13,16)"
CCCCCCCCc(c1)ccc(N)c1,"InChI=1S/C14H23N/c1-2-3-4-5-6-7-8-13-9-11-14(15)12-10-13/h9-12H,2-8,15H2,1H3"
O=C(C1)N(CC1)CCl,InChI=1S/C5H8ClNO/c6-4-7-3-1-2-5(7)8/h1-4H2
CCOc(c2)ccc(c2)N(C1)C(=O)CC1,"InChI=1S/C12H15NO2/c1-2-15-11-7-5-10(6-8-11)13-9-3-4-12(13)14/h5-8H,2-4,9H2,1H3"
CCCCCCCCCCCCC(C1)CC(=O)O1,"InChI=1S/C16H30O2/c1-2-3-4-5-6-7-8-9-10-11-12-15-13-16(17)18-14-15/h15H,2-14H2,1H3"
CCCCCCCCCCCC(=O)NCCC,"InChI=1S/C15H31NO/c1-3-5-6-7-8-9-10-11-12-13-15(17)16-14-4-2/h3-14H2,1-2H3,(H,16,17)"
CCCCCCCCCCCC(=O)NCC,"InChI=1S/C14H29NO/c1-3-5-6-7-8-9-10-11-12-13-14(16)15-4-2/h3-13H2,1-2H3,(H,15,16)"
CCCCCCCCCCCC(=O)NC,"InChI=1S/C13H27NO/c1-3-4-5-6-7-8-9-10-11-12-13(15)14-2/h3-12H2,1-2H3,(H,14,15)"
OCN(C1)C(=O)CC1,"InChI=1S/C5H9NO2/c7-4-6-3-1-2-5(6)8/h7H,1-4H2"
CCCCCCCCCCCCNCC,"InChI=1S/C14H31N/c1-3-5-6-7-8-9-10-11-12-13-14-15-4-2/h15H,3-14H2,1-2H3"
CCCCCCCCCCCCNC,"InChI=1S/C13H29N/c1-3-4-5-6-7-8-9-10-11-12-13-14-2/h14H,3-13H2,1-2H3"
ClCCN(C1)C(=O)CC1,InChI=1S/C6H10ClNO/c7-3-5-8-4-1-2-6(8)9/h1-5H2
CCCCCCCCCCCNC(=O)N(C1)C(=O)CC1,"InChI=1S/C16H30N2O2/c1-2-3-4-5-6-7-8-9-10-13-17-16(20)18-14-11-12-15(18)19/h2-14H2,1H3,(H,17,20)"
O=C(C2)N(CC2)C(=O)NC(C1)CCCC1,"InChI=1S/C11H18N2O2/c14-10-7-4-8-13(10)11(15)12-9-5-2-1-3-6-9/h9H,1-8H2,(H,12,15)"
O=C(C2)N(CC2)C(=O)Nc(c1)cc(Cl)c(Cl)c1,"InChI=1S/C11H10Cl2N2O2/c12-8-4-3-7(6-9(8)13)14-11(17)15-5-1-2-10(15)16/h3-4,6H,1-2,5H2,(H,14,17)"
CCCCCCCCCCCCN(C=O)CCC,"InChI=1S/C16H33NO/c1-3-5-6-7-8-9-10-11-12-13-15-17(16-18)14-4-2/h16H,3-15H2,1-2H3"
CCCCCCCCN(C1)C(=O)C(C)C1,"InChI=1S/C13H25NO/c1-3-4-5-6-7-8-10-14-11-9-12(2)13(14)15/h12H,3-11H2,1-2H3"
CCCCCCN(C1)C(=O)C(C)C1,"InChI=1S/C11H21NO/c1-3-4-5-6-8-12-9-7-10(2)11(12)13/h10H,3-9H2,1-2H3"
CCCCCCNC(=O)CCCCCO,"InChI=1S/C12H25NO2/c1-2-3-4-7-10-13-12(15)9-6-5-8-11-14/h14H,2-11H2,1H3,(H,13,15)"
CCCCCCNC(=O)CCCCO,"InChI=1S/C11H23NO2/c1-2-3-4-6-9-12-11(14)8-5-7-10-13/h13H,2-10H2,1H3,(H,12,14)"
OC(=O)CN(C1)C(=O)CC1,"InChI=1S/C6H9NO3/c8-5-2-1-3-7(5)4-6(9)10/h1-4H2,(H,9,10)"
CCCCCCCCNC(=O)CCCCCO,"InChI=1S/C14H29NO2/c1-2-3-4-5-6-9-12-15-14(17)11-8-7-10-13-16/h16H,2-13H2,1H3,(H,15,17)"
CCCCCCCCCCCCN(C)C(=O)CC,"InChI=1S/C16H33NO/c1-4-6-7-8-9-10-11-12-13-14-15-17(3)16(18)5-2/h4-15H2,1-3H3"
c(c3)ccc(c3)Oc(c2)cc(cc2)N(C1)C(=O)CC1,"InChI=1S/C16H15NO2/c18-16-10-5-11-17(16)13-6-4-9-15(12-13)19-14-7-2-1-3-8-14/h1-4,6-9,12H,5,10-11H2"
c(c3)ccc(c3)Oc(c2)c(ccc2)N(C1)C(=O)CC1,"InChI=1S/C16H15NO2/c18-16-11-6-12-17(16)14-9-4-5-10-15(14)19-13-7-2-1-3-8-13/h1-5,7-10H,6,11-12H2"
c(c3)ccc(c3)Oc(c2)ccc(c2)N(C1)C(=O)CC1,"InChI=1S/C16H15NO2/c18-16-7-4-12-17(16)13-8-10-15(11-9-13)19-14-5-2-1-3-6-14/h1-3,5-6,8-11H,4,7,12H2"
CCCCCCCCN(C1)C(=O)CCCC1,"InChI=1S/C14H27NO/c1-2-3-4-5-6-9-12-15-13-10-7-8-11-14(15)16/h2-13H2,1H3"
CCCCCCN(C1)C(=O)CCCC1,"InChI=1S/C12H23NO/c1-2-3-4-7-10-13-11-8-5-6-9-12(13)14/h2-11H2,1H3"
CCCCCCCCCCN(C1)C(=O)CCCC1,"InChI=1S/C16H31NO/c1-2-3-4-5-6-7-8-11-14-17-15-12-9-10-13-16(17)18/h2-15H2,1H3"
O=C(Nc(c2)ccc(Cl)c2)Nc(c1)ccc(Cl)c1,"InChI=1S/C13H10Cl2N2O/c14-9-1-5-11(6-2-9)16-13(18)17-12-7-3-10(15)4-8-12/h1-8H,(H2,16,17,18)"
CCOC(=O)Nc(c1)ccc(Cl)c1,"InChI=1S/C9H10ClNO2/c1-2-13-9(12)11-8-5-3-7(10)4-6-8/h3-6H,2H2,1H3,(H,11,12)"
CCOC(=O)Nc(c1)cc(Cl)c(Cl)c1,"InChI=1S/C9H9Cl2NO2/c1-2-14-9(13)12-6-3-4-7(10)8(11)5-6/h3-5H,2H2,1H3,(H,12,13)"
CCCCCCCCc(c2)ccc(c2)N(C1)C(=O)CC1,"InChI=1S/C18H27NO/c1-2-3-4-5-6-7-9-16-11-13-17(14-12-16)19-15-8-10-18(19)20/h11-14H,2-10,15H2,1H3"
C(CCCCCCN(C2)C(=O)CC2)CCCCCN(C1)C(=O)CC1,InChI=1S/C20H36N2O2/c23-19-13-11-17-21(19)15-9-7-5-3-1-2-4-6-8-10-16-22-18-12-14-20(22)24/h1-18H2
CCCCCCCCCCCCN(C1)C(=S)CC1,"InChI=1S/C16H31NS/c1-2-3-4-5-6-7-8-9-10-11-14-17-15-12-13-16(17)18/h2-15H2,1H3"
CCCCCCCCCCCCCCCCCCN(C(C)1)C(=O)CC1,"InChI=1S/C23H45NO/c1-3-4-5-6-7-8-9-10-11-12-13-14-15-16-17-18-21-24-22(2)19-20-23(24)25/h22H,3-21H2,1-2H3"
CCCCCCCCCCCCN(C1)C(=O)CC(C(O)=O)1,"InChI=1S/C17H31NO3/c1-2-3-4-5-6-7-8-9-10-11-12-18-14-15(17(20)21)13-16(18)19/h15H,2-14H2,1H3,(H,20,21)"
CCCCCCCCCCCCN(C1)C(=O)C(C(C)=O)C1,"InChI=1S/C18H33NO2/c1-3-4-5-6-7-8-9-10-11-12-14-19-15-13-17(16(2)20)18(19)21/h17H,3-15H2,1-2H3"
CCCCCCCCCCCCN(C1)C(=O)C(C)C1,"InChI=1S/C17H33NO/c1-3-4-5-6-7-8-9-10-11-12-14-18-15-13-16(2)17(18)19/h16H,3-15H2,1-2H3"
CCCCCCCCCCCCN(C(C)1)C(=O)CC1,"InChI=1S/C17H33NO/c1-3-4-5-6-7-8-9-10-11-12-15-18-16(2)13-14-17(18)19/h16H,3-15H2,1-2H3"
O=C1N(CCCCCCCCC)C(C)CC1,"InChI=1S/C14H27NO/c1-3-4-5-6-7-8-9-12-15-13(2)10-11-14(15)16/h13H,3-12H2,1-2H3"
CCCCCCCCCCN(C(C)1)C(=O)CC1,"InChI=1S/C15H29NO/c1-3-4-5-6-7-8-9-10-13-16-14(2)11-12-15(16)17/h14H,3-13H2,1-2H3"
CCCCCCCCCCCCCCN(C(C)1)C(=O)CC1,"InChI=1S/C19H37NO/c1-3-4-5-6-7-8-9-10-11-12-13-14-17-20-18(2)15-16-19(20)21/h18H,3-17H2,1-2H3"
COC(=O)C(C)c(c1)ccc(c1)CC(C)(C)O,"InChI=1S/C14H20O3/c1-10(13(15)17-4)12-7-5-11(6-8-12)9-14(2,3)16/h5-8,10,16H,9H2,1-4H3"
c(c1)ccc(c1)CN[Si](C)(C)C,"InChI=1S/C10H17NSi/c1-12(2,3)11-9-10-7-5-4-6-8-10/h4-8,11H,9H2,1-3H3"
c(c1)ccc(c1)CN(C)[Si](C)(C)C,"InChI=1S/C11H19NSi/c1-12(13(2,3)4)10-11-8-6-5-7-9-11/h5-9H,10H2,1-4H3"
CCCCCCCCCCCCCCCC(=O)O[Si](C)(C)C,"InChI=1S/C19H40O2Si/c1-5-6-7-8-9-10-11-12-13-14-15-16-17-18-19(20)21-22(2,3)4/h5-18H2,1-4H3"
Oc(c4)cc(C3)c(c4)C([H])(C2)C([H])(C3)C([H])(C1)C(C)(C2)C(O)C1,"InChI=1S/C18H24O2/c1-18-9-8-14-13-5-3-12(19)10-11(13)2-4-15(14)16(18)6-7-17(18)20/h3,5,10,14-17,19-20H,2,4,6-9H2,1H3/t14-,15-,16+,17+,18+/m1/s1"
C(C1)CCC([H])(C4)C(C(C3([H])C4)([H])CCC(C3([H])2)(C)C([H])(CC2)C(CCCC(C)C)([H])C)(C)1,"InChI=1S/C27H48/c1-19(2)9-8-10-20(3)23-14-15-24-22-13-12-21-11-6-7-17-26(21,4)25(22)16-18-27(23,24)5/h19-25H,6-18H2,1-5H3/t20-,21-,22+,23-,24+,25+,26+,27-/m1/s1"
O=C(C4)C=C(C3)C(C)(C4)C([H])(C2)C([H])(C3)C([H])(C1)C(C)(C2)C(O)C1,"InChI=1S/C19H28O2/c1-18-9-7-13(20)11-12(18)3-4-14-15-5-6-17(21)19(15,2)10-8-16(14)18/h11,14-17,21H,3-10H2,1-2H3/t14-,15-,16-,17-,18-,19-/m0/s1"
N#Cc(c(Cl)1)c(Cl)ccc1,InChI=1S/C7H3Cl2N/c8-6-2-1-3-7(9)5(6)4-10/h1-3H
CN(C)C(=O)c(c1)cccc1,"InChI=1S/C9H11NO/c1-10(2)9(11)8-6-4-3-5-7-8/h3-7H,1-2H3"
CNC(=O)c(c1)cccc1,"InChI=1S/C8H9NO/c1-9-8(10)7-5-3-2-4-6-7/h2-6H,1H3,(H,9,10)"
CNCc(c1)cccc1,"InChI=1S/C8H11N/c1-9-7-8-5-3-2-4-6-8/h2-6,9H,7H2,1H3"
O=C(C4)CC([H])(C3)C(C)(C4)C([H])(C2)C([H])(C3)C([H])(C1)C(C)(C2)C([H])(O)C1,"InChI=1S/C19H30O2/c1-18-9-7-13(20)11-12(18)3-4-14-15-5-6-17(21)19(15,2)10-8-16(14)18/h12,14-17,21H,3-11H2,1-2H3/t12-,14-,15-,16-,17-,18-,19-/m0/s1"
Clc(c3)cc(c(c3)2)C(=NC(O)C(=O)N(C)2)c(c1)c(Cl)ccc1,"InChI=1S/C16H12Cl2N2O2/c1-20-13-7-6-9(17)8-11(13)14(19-15(21)16(20)22)10-4-2-3-5-12(10)18/h2-8,15,21H,1H3"
CC(C)Cc(c1)ccc(c1)C(C)C(O)=O,"InChI=1S/C13H18O2/c1-9(2)8-11-4-6-12(7-5-11)10(3)13(14)15/h4-7,9-10H,8H2,1-3H3,(H,14,15)"
Clc(c2)ccc(c2)C(O)c(c1)c(Cl)ccc1,"InChI=1S/C13H10Cl2O/c14-10-7-5-9(6-8-10)13(16)11-3-1-2-4-12(11)15/h1-8,13,16H"
Clc(c2)ccc(c2)C(=O)c(c1)c(Cl)ccc1,InChI=1S/C13H8Cl2O/c14-10-7-5-9(6-8-10)13(16)11-3-1-2-4-12(11)15/h1-8H
OC(=O)C=Cc(c1)cc(O)c(O)c1,"InChI=1S/C9H8O4/c10-7-3-1-6(5-8(7)11)2-4-9(12)13/h1-5,10-11H,(H,12,13)/b4-2+"
Oc(c1)c(O)cc(n(C)2)c1c(O)c2,"InChI=1S/C9H9NO3/c1-10-4-9(13)5-2-7(11)8(12)3-6(5)10/h2-4,11-13H,1H3"
CC(=O)CCc(c1)ccc(O)c1,"InChI=1S/C10H12O2/c1-8(11)2-3-9-4-6-10(12)7-5-9/h4-7,12H,2-3H2,1H3"
OC(=O)c(c1)ncc(O)n1,"InChI=1S/C5H4N2O3/c8-4-2-6-3(1-7-4)5(9)10/h1-2H,(H,7,8)(H,9,10)"
OC(=O)C(C)c(c1)cccc1,"InChI=1S/C9H10O2/c1-7(9(10)11)8-5-3-2-4-6-8/h2-7H,1H3,(H,10,11)/t7-/m1/s1"
OC(=O)c(c1)nccn1,"InChI=1S/C5H4N2O2/c8-5(9)4-3-6-1-2-7-4/h1-3H,(H,8,9)"
CCC(C(=O)2)(C(=O)NC(=O)N2)C(C1)=CCCC1,"InChI=1S/C12H16N2O3/c1-2-12(8-6-4-3-5-7-8)9(15)13-11(17)14-10(12)16/h6H,2-5,7H2,1H3,(H2,13,14,15,16,17)"
[H]C(C2)=C([H])CC(C2)(C(O)=O)C(C1)CCOC1,"InChI=1S/C12H18O3/c13-11(14)12(6-2-1-3-7-12)10-4-8-15-9-5-10/h1-2,10H,3-9H2,(H,13,14)"
COc(c4)cc(c(c4)1)C(C3)(C2)C([H])(CCC3)C(N(C)C2)C1,"InChI=1S/C18H25NO/c1-19-10-9-18-8-4-3-5-15(18)17(19)11-13-6-7-14(20-2)12-16(13)18/h6-7,12,15,17H,3-5,8-11H2,1-2H3/t15-,17+,18+/m0/s1"
COc(c1)cc(O2)c(C=CC(=O)2)c1,"InChI=1S/C10H8O3/c1-12-8-4-2-7-3-5-10(11)13-9(7)6-8/h2-6H,1H3"
C=Cc(c2)cc(cc2)Oc(c1)cccc1,"InChI=1S/C14H12O/c1-2-12-7-6-10-14(11-12)15-13-8-4-3-5-9-13/h2-11H,1H2"
OC(=O)C(C)(C)Oc(c1)ccc(Cl)c1,"InChI=1S/C10H11ClO3/c1-10(2,9(12)13)14-8-5-3-7(11)4-6-8/h3-6H,1-2H3,(H,12,13)"
O=C(C=1)C=CN(O)C1,"InChI=1S/C5H5NO2/c7-5-1-3-6(8)4-2-5/h1-4,8H"
OC(=O)C(C)c(c1)c(O)ccc(Oc(c2)cccc2)1,"InChI=1S/C15H14O4/c1-10(15(17)18)13-9-12(7-8-14(13)16)19-11-5-3-2-4-6-11/h2-10,16H,1H3,(H,17,18)"
COC(=O)c(n1)c(O)ncc1,"InChI=1S/C6H6N2O3/c1-11-6(10)4-5(9)8-3-2-7-4/h2-3H,1H3,(H,8,9)"
COC(=O)c(c1)ncc(Cl)n1,"InChI=1S/C6H5ClN2O2/c1-11-6(10)4-2-9-5(7)3-8-4/h2-3H,1H3"
NC(=O)c(c1)ncc(O)n1,"InChI=1S/C5H5N3O2/c6-5(10)3-1-8-4(9)2-7-3/h1-2H,(H2,6,10)(H,8,9)"
O=C(C=2)Oc(c1)c(C2)ccc(O)1,"InChI=1S/C9H6O3/c10-7-3-1-6-2-4-9(11)12-8(6)5-7/h1-5,10H"
c(c3)ccc(c3)P(=S)(c(c2)cccc2)c(c1)cccc1,"InChI=1S/C18H15PS/c20-19(16-10-4-1-5-11-16,17-12-6-2-7-13-17)18-14-8-3-9-15-18/h1-15H"
CC(=O)c(c2)ccc(c2)S(=O)(=O)NC(=O)NC(C1)CCCC1,"InChI=1S/C15H20N2O4S/c1-11(18)12-7-9-14(10-8-12)22(20,21)17-15(19)16-13-5-3-2-4-6-13/h7-10,13H,2-6H2,1H3,(H2,16,17,19)"
CC(C)Nc(n1)nc(SC)nc(NC(C)C)1,"InChI=1S/C10H19N5S/c1-6(2)11-8-13-9(12-7(3)4)15-10(14-8)16-5/h6-7H,1-5H3,(H2,11,12,13,14,15)"
COc(c1)c(O)cc(C=2)c(OC(=O)C2)1,"InChI=1S/C10H8O4/c1-13-9-5-8-6(4-7(9)11)2-3-10(12)14-8/h2-5,11H,1H3"
O=C1OC=2C=C(O)C(O)=CC2C=C1,"InChI=1S/C9H6O4/c10-6-3-5-1-2-9(12)13-8(5)4-7(6)11/h1-4,10-11H"
CN(C)C(=O)C(c(c2)cccc2)c(c1)cccc1,"InChI=1S/C16H17NO/c1-17(2)16(18)15(13-9-5-3-6-10-13)14-11-7-4-8-12-14/h3-12,15H,1-2H3"
N#CC(C)c(c2)cc(cc2)Oc(c1)cccc1,"InChI=1S/C15H13NO/c1-12(11-16)13-6-5-9-15(10-13)17-14-7-3-2-4-8-14/h2-10,12H,1H3"
CC(O)c(c2)cc(cc2)Oc(c1)cccc1,"InChI=1S/C14H14O2/c1-11(15)12-6-5-9-14(10-12)16-13-7-3-2-4-8-13/h2-11,15H,1H3"
c(c2)ccc(c2)Oc(c1)cc(cc1)C(C)Br,"InChI=1S/C14H13BrO/c1-11(15)12-6-5-9-14(10-12)16-13-7-3-2-4-8-13/h2-11H,1H3"
CC(=O)c(c2)cc(cc2)Oc(c1)cccc1,"InChI=1S/C14H12O2/c1-11(15)12-6-5-9-14(10-12)16-13-7-3-2-4-8-13/h2-10H,1H3"
COC(N=1)C(=O)N(C)c(c3)c(cc(Cl)c3)C1c(c2)c(Cl)ccc2,"InChI=1S/C17H14Cl2N2O2/c1-21-14-8-7-10(18)9-12(14)15(20-16(23-2)17(21)22)11-5-3-4-6-13(11)19/h3-9,16H,1-2H3"
Clc(c3)cc(c(c3)2)C(=NC(=O)N2)c(c1)c(Cl)ccc1,"InChI=1S/C14H8Cl2N2O/c15-8-5-6-12-10(7-8)13(18-14(19)17-12)9-3-1-2-4-11(9)16/h1-7H,(H,17,18,19)"
Clc(c2)cc(C=1c(c3)cccc3)c(c2)N(C)C(=O)CN1,"InChI=1S/C16H13ClN2O/c1-19-14-8-7-12(17)9-13(14)16(18-10-15(19)20)11-5-3-2-4-6-11/h2-9H,10H2,1H3"
Clc(c3)cc(c(c3)2)C(=NC(O)C(=O)N2)c(c1)cccc1,"InChI=1S/C15H11ClN2O2/c16-10-6-7-12-11(8-10)13(9-4-2-1-3-5-9)18-15(20)14(19)17-12/h1-8,15,20H,(H,17,19)"
CNc(c2)c(cc(Cl)c2)C(=O)c(c1)cccc1,"InChI=1S/C14H12ClNO/c1-16-13-8-7-11(15)9-12(13)14(17)10-5-3-2-4-6-10/h2-9,16H,1H3"
C1=CC=C2C(=C1)C(=CN2)CCCC(=O)O,"InChI=1S/C12H13NO2/c14-12(15)7-3-4-9-8-13-11-6-2-1-5-10(9)11/h1-2,5-6,8,13H,3-4,7H2,(H,14,15)"
COC(=O)CCCCCC(=O)OC,"InChI=1S/C9H16O4/c1-12-8(10)6-4-3-5-7-9(11)13-2/h3-7H2,1-2H3"
CCC(C)c(c1)c(O)ccc1,"InChI=1S/C10H14O/c1-3-8(2)9-6-4-5-7-10(9)11/h4-8,11H,3H2,1-2H3"
Oc(c1)c(ccc1)C(C)(C)C,"InChI=1S/C10H14O/c1-10(2,3)8-6-4-5-7-9(8)11/h4-7,11H,1-3H3"
Oc(c1)cc(C)c(O)c1,"InChI=1S/C7H8O2/c1-5-4-6(8)2-3-7(5)9/h2-4,8-9H,1H3"
Cc(c1)c(O)c(O)cc1,"InChI=1S/C7H8O2/c1-5-3-2-4-6(8)7(5)9/h2-4,8-9H,1H3"
Cc(c1)c(O)cc(C)c(O)1,"InChI=1S/C8H10O2/c1-5-3-8(10)6(2)4-7(5)9/h3-4,9-10H,1-2H3"
COc(c1)c(ccc1)OC(C)(C)C,"InChI=1S/C11H16O2/c1-11(2,3)13-10-8-6-5-7-9(10)12-4/h5-8H,1-4H3"
C(=C/C(=O)O)\C(=O)O,"InChI=1S/C4H4O4/c5-3(6)1-2-4(7)8/h1-2H,(H,5,6)(H,7,8)/b2-1+"
Cc(c1)cc(C)c(O)c(C)1,"InChI=1S/C9H12O/c1-6-4-7(2)9(10)8(3)5-6/h4-5,10H,1-3H3"
CCc(c1)c(O)ccc(C)1,"InChI=1S/C9H12O/c1-3-8-6-7(2)4-5-9(8)10/h4-6,10H,3H2,1-2H3"
CCc(c1)c(O)cc(C)c1,"InChI=1S/C9H12O/c1-3-8-5-4-7(2)6-9(8)10/h4-6,10H,3H2,1-2H3"
CCc(c1)cc(C)c(O)c1,"InChI=1S/C9H12O/c1-3-8-4-5-9(10)7(2)6-8/h4-6,10H,3H2,1-2H3"
CC(C)c(c1)ccc(O)c1,"InChI=1S/C9H12O/c1-7(2)8-3-5-9(10)6-4-8/h3-7,10H,1-2H3"
CC(C)c(c1)c(O)ccc1,"InChI=1S/C9H12O/c1-7(2)8-5-3-4-6-9(8)10/h3-7,10H,1-2H3"
CCCOc(c1)ccc(O)c1,"InChI=1S/C9H12O2/c1-2-7-11-9-5-3-8(10)4-6-9/h3-6,10H,2,7H2,1H3"
CCCCOc(c1)ccc(O)c1,"InChI=1S/C10H14O2/c1-2-3-8-12-10-6-4-9(11)5-7-10/h4-7,11H,2-3,8H2,1H3"
CCOC(C)c(c1)cccc1,"InChI=1S/C10H14O/c1-3-11-9(2)10-7-5-4-6-8-10/h4-9H,3H2,1-2H3"
COc(c1)ccc(C(C)C)c1,"InChI=1S/C10H14O/c1-8(2)9-4-6-10(11-3)7-5-9/h4-8H,1-3H3"
CC(C)(C)Oc(c1)cccc1,"InChI=1S/C10H14O/c1-10(2,3)11-9-7-5-4-6-8-9/h4-8H,1-3H3"
CCOc(c1)cc(C)cc1,"InChI=1S/C9H12O/c1-3-10-9-6-4-5-8(2)7-9/h4-7H,3H2,1-2H3"
CCOc(c1)c(C)ccc1,"InChI=1S/C9H12O/c1-3-10-9-7-5-4-6-8(9)2/h4-7H,3H2,1-2H3"
CCCOc(c1)cccc1,"InChI=1S/C9H12O/c1-2-8-10-9-6-4-3-5-7-9/h3-7H,2,8H2,1H3"
CCN(C)c(c1)cccc1,"InChI=1S/C9H13N/c1-3-10(2)9-7-5-4-6-8-9/h4-8H,3H2,1-2H3"
CCNc(c1)c(C)ccc1,"InChI=1S/C9H13N/c1-3-10-9-7-5-4-6-8(9)2/h4-7,10H,3H2,1-2H3"
CCCCCCC#N,"InChI=1S/C7H13N/c1-2-3-4-5-6-7-8/h2-6H2,1H3"
N#CCCC(C)C,"InChI=1S/C6H11N/c1-6(2)4-3-5-7/h6H,3-4H2,1-2H3"
CCCCCC#N,"InChI=1S/C6H11N/c1-2-3-4-5-6-7/h2-5H2,1H3"
CCCCC#N,"InChI=1S/C5H9N/c1-2-3-4-5-6/h2-4H2,1H3"
N#CC(C)C,"InChI=1S/C4H7N/c1-4(2)3-5/h4H,1-2H3"
CCCC#N,"InChI=1S/C4H7N/c1-2-3-4-5/h2-3H2,1H3"
CCC#N,"InChI=1S/C3H5N/c1-2-3-4/h2H2,1H3"
NCCN,InChI=1S/C2H8N2/c3-1-2-4/h1-4H2
Cc(c1)cc(C)c(c1)N(C)C,"InChI=1S/C10H15N/c1-8-5-6-10(11(3)4)9(2)7-8/h5-7H,1-4H3"
CCN(CC)c(c1)cccc1,"InChI=1S/C10H15N/c1-3-11(4-2)10-8-6-5-7-9-10/h5-9H,3-4H2,1-2H3"
CCCCNc(c1)cccc1,"InChI=1S/C10H15N/c1-2-3-9-11-10-7-5-4-6-8-10/h4-8,11H,2-3,9H2,1H3"
CCCCc(c1)ccc(N)c1,"InChI=1S/C10H15N/c1-2-3-4-9-5-7-10(11)8-6-9/h5-8H,2-4,11H2,1H3"
CNc(c1)c(C)ccc1,"InChI=1S/C8H11N/c1-7-5-3-4-6-8(7)9-2/h3-6,9H,1-2H3"
CCNc(c1)cccc1,"InChI=1S/C8H11N/c1-2-9-8-6-4-3-5-7-8/h3-7,9H,2H2,1H3"
Cc(c1)c(N)ccc1,"InChI=1S/C7H9N/c1-6-4-2-3-5-7(6)8/h2-5H,8H2,1H3"
CC(C1)OC(=O)1,"InChI=1S/C4H6O2/c1-3-2-4(5)6-3/h3H,2H2,1H3"
O=C(C1)OCCCC1,InChI=1S/C6H10O2/c7-6-4-2-1-3-5-8-6/h1-5H2
CCCCCCC(C)(C1)OC(=O)C1,"InChI=1S/C11H20O2/c1-3-4-5-6-8-11(2)9-7-10(12)13-11/h3-9H2,1-2H3"
CCCCCCc(c1)nccc1,"InChI=1S/C11H17N/c1-2-3-4-5-8-11-9-6-7-10-12-11/h6-7,9-10H,2-5,8H2,1H3"
CCCCCc(c1)ccnc1,"InChI=1S/C10H15N/c1-2-3-4-5-10-6-8-11-9-7-10/h6-9H,2-5H2,1H3"
CCCCCc(c1)nccc1,"InChI=1S/C10H15N/c1-2-3-4-7-10-8-5-6-9-11-10/h5-6,8-9H,2-4,7H2,1H3"
CCc(c1)cc(C)nc(C)1,"InChI=1S/C9H13N/c1-4-9-5-7(2)10-8(3)6-9/h5-6H,4H2,1-3H3"
Cc(c2)ccc(c2)Oc(c1)nccc1,"InChI=1S/C12H11NO/c1-10-5-7-11(8-6-10)14-12-4-2-3-9-13-12/h2-9H,1H3"
Fc(c(F)2)c(F)c(F)c(c(F)2)P(Cl)(Cl)(Cl)c(c(F)1)c(F)c(F)c(F)c(F)1,"InChI=1S/C12Cl3F10P/c13-26(14,15,11-7(22)3(18)1(16)4(19)8(11)23)12-9(24)5(20)2(17)6(21)10(12)25"
C=CCC(CC(C)C)(C(=O)1)C(=O)NC(=O)N1,"InChI=1S/C11H16N2O3/c1-4-5-11(6-7(2)3)8(14)12-10(16)13-9(11)15/h4,7H,1,5-6H2,2-3H3,(H2,12,13,14,15,16)"
CN(C)CCCN(c21)c(c3)c(ccc3)CCc(cccc2)1,"InChI=1S/C19H24N2/c1-20(2)14-7-15-21-18-10-5-3-8-16(18)12-13-17-9-4-6-11-19(17)21/h3-6,8-11H,7,12-15H2,1-2H3"
CCCC(C)(COC(N)=O)COC(=O)NC(C)C,"InChI=1S/C12H24N2O4/c1-5-6-12(4,7-17-10(13)15)8-18-11(16)14-9(2)3/h9H,5-8H2,1-4H3,(H2,13,15)(H,14,16)"
CCOC(=O)c(c2)c(ccc2)OC(=O)Oc(c1)c(ccc1)C(=O)OCC,"InChI=1S/C19H18O7/c1-3-23-17(20)13-9-5-7-11-15(13)25-19(22)26-16-12-8-6-10-14(16)18(21)24-4-2/h5-12H,3-4H2,1-2H3"
CN1C2=C(C(=O)N(C1=O)C)NC(=N2)Cl.CN(C)CCOC(C1=CC=CC=C1)C2=CC=CC=C2,InChI=1S/C17H21NO.C7H7ClN4O2/c1-18(2)13-14-19-17(15-9-5-3-6-10-15)16-11-7-4-8-12-16
CCCC(C)(COC(N)=O)COC(N)=O,"InChI=1S/C9H18N2O4/c1-3-4-9(2,5-14-7(10)12)6-15-8(11)13/h3-6H2,1-2H3,(H2,10,12)(H2,11,13)"
CCC(C)C(C)(COC(N)=O)COC(N)=O,"InChI=1S/C10H20N2O4/c1-4-7(2)10(3,5-15-8(11)13)6-16-9(12)14/h7H,4-6H2,1-3H3,(H2,11,13)(H2,12,14)"
CCC(C)(CC)OC(N)=O,"InChI=1S/C7H15NO2/c1-4-7(3,5-2)10-6(8)9/h4-5H2,1-3H3,(H2,8,9)"
CCOC(=O)C(C2)(CCN(C)CC2)c(c1)cccc1,"InChI=1S/C16H23NO2/c1-3-19-15(18)16(14-8-5-4-6-9-14)10-7-12-17(2)13-11-16/h4-6,8-9H,3,7,10-13H2,1-2H3"
CN(C)CCN(Cc(c2)sc(Cl)c2)c(c1)nccc1,"InChI=1S/C14H18ClN3S/c1-17(2)9-10-18(14-5-3-4-8-16-14)11-12-6-7-13(15)19-12/h3-8H,9-11H2,1-2H3"
CN(C)CCN(Cc(c2)scc2)c(c1)nccc1,"InChI=1S/C14H19N3S/c1-16(2)9-10-17(12-13-6-5-11-18-13)14-7-3-4-8-15-14/h3-8,11H,9-10,12H2,1-2H3"
CCC(C(C)C)(C(=O)1)C(=O)NC(=O)N1,"InChI=1S/C9H14N2O3/c1-4-9(5(2)3)6(12)10-8(14)11-7(9)13/h5H,4H2,1-3H3,(H2,10,11,12,13,14)"
COC(=O)C(C(C2)NCCC2)c(c1)cccc1,"InChI=1S/C14H19NO2/c1-17-14(16)13(11-7-3-2-4-8-11)12-9-5-6-10-15-12/h2-4,7-8,12-13,15H,5-6,9-10H2,1H3"
c(c4)ccc(c4)C(c(c3)cccc3)OC([H])(C1)CC([H])(C2)N(C)C([H])(C2)1,"InChI=1S/C21H25NO/c1-22-18-12-13-19(22)15-20(14-18)23-21(16-8-4-2-5-9-16)17-10-6-3-7-11-17/h2-11,18-21H,12-15H2,1H3/t18-,19+,20-"
CN(C)CCOc(c2)c(ccc2)Cc(c1)cccc1,"InChI=1S/C17H21NO/c1-18(2)12-13-19-17-11-7-6-10-16(17)14-15-8-4-3-5-9-15/h3-11H,12-14H2,1-2H3"
OC(CNc(c2)nccc2)c(c1)cccc1,"InChI=1S/C13H14N2O/c16-12(11-6-2-1-3-7-11)10-15-13-8-4-5-9-14-13/h1-9,12,16H,10H2,(H,14,15)"
CNCCC=C(c21)c(c3)c(ccc3)CCc(cccc2)1,"InChI=1S/C19H21N/c1-20-14-6-11-19-17-9-4-2-7-15(17)12-13-16-8-3-5-10-18(16)19/h2-5,7-11,20H,6,12-14H2,1H3"
CC(=O)OCCN(C4)CCN(C4)CCCN(c21)c(c3)c(ccc(Cl)3)Sc(cccc2)1,"InChI=1S/C23H28ClN3O2S/c1-18(28)29-16-15-26-13-11-25(12-14-26)9-4-10-27-20-5-2-3-6-22(20)30-23-8-7-19(24)17-21(23)27/h2-3,5-8,17H,4,9-16H2,1H3"
N(C3)CCC(C3)C(O)(c(c2)cccc2)c(c1)cccc1,"InChI=1S/C18H21NO/c20-18(15-7-3-1-4-8-15,16-9-5-2-6-10-16)17-11-13-19-14-12-17/h1-10,17,19-20H,11-14H2"
CNCCCN(c21)c(c3)c(ccc3)CCc(cccc2)1,"InChI=1S/C18H22N2/c1-19-13-6-14-20-17-9-4-2-7-15(17)11-12-16-8-3-5-10-18(16)20/h2-5,7-10,19H,6,11-14H2,1H3"
CN(C)CCC=C(c21)c(c3)c(ccc3)CCc(cccc2)1,"InChI=1S/C20H23N/c1-21(2)15-7-12-20-18-10-5-3-8-16(18)13-14-17-9-4-6-11-19(17)20/h3-6,8-12H,7,13-15H2,1-2H3"
CN(C5)C(C3)C([H])(C=4)C(C5)(C(C(O)C4)1)c(c23)c(c(O)cc(C)2)O1,"InChI=1S/C18H21NO3/c1-9-7-14(21)16-15-10(9)8-12-11-3-4-13(20)17(22-16)18(11,15)5-6-19(12)2/h3-4,7,11-13,17,20-21H,5-6,8H2,1-2H3/t11-,12?,13-,17-,18-/m0/s1"
Cc(o2)cc(n2)C(=O)NNCc(c1)cccc1,"InChI=1S/C12H13N3O2/c1-9-7-11(15-17-9)12(16)14-13-8-10-5-3-2-4-6-10/h2-7,13H,8H2,1H3,(H,14,16)"
Clc(c3)ccc(c3)CC(=CCN(C2)CCC2)c(c1)cccc1,"InChI=1S/C20H22ClN/c21-20-10-8-17(9-11-20)16-19(18-6-2-1-3-7-18)12-15-22-13-4-5-14-22/h1-3,6-12H,4-5,13-16H2/b19-12-"
CC(N2)C(OCC2)c(c1)cccc1,"InChI=1S/C11H15NO/c1-9-11(13-8-7-12-9)10-5-3-2-4-6-10/h2-6,9,11-12H,7-8H2,1H3"
Clc(c1)ccc(c1)C(C)(O)C(C)(C)O,"InChI=1S/C11H15ClO2/c1-10(2,13)11(3,14)8-4-6-9(12)7-5-8/h4-7,13-14H,1-3H3"
Clc(c4)ccc(c4)Cn(c(CN(C3)CCC3)1)c(c2)c(ccc2)n1,"InChI=1S/C19H20ClN3/c20-16-9-7-15(8-10-16)13-23-18-6-2-1-5-17(18)21-19(23)14-22-11-3-4-12-22/h1-2,5-10H,3-4,11-14H2"
NNCCc(c1)cccc1,"InChI=1S/C8H12N2/c9-10-7-6-8-4-2-1-3-5-8/h1-5,10H,6-7,9H2"
CCOC(=O)C(C2)(CCN(CCc(c3)ccc(N)c3)C2)c(c1)cccc1,"InChI=1S/C22H28N2O2/c1-2-26-21(25)22(19-6-4-3-5-7-19)13-16-24(17-14-22)15-12-18-8-10-20(23)11-9-18/h3-11H,2,12-17,23H2,1H3"
CN(C)CCN(Cc(c2)ccc(OC)c2)c(n1)nccc1,"InChI=1S/C16H22N4O/c1-19(2)11-12-20(16-17-9-4-10-18-16)13-14-5-7-15(21-3)8-6-14/h4-10H,11-13H2,1-3H3"
[H]C(=C(C)1)C(=O)N(c(c2)cccc2)N(C)1,"InChI=1S/C11H12N2O/c1-9-8-11(14)13(12(9)2)10-6-4-3-5-7-10/h3-8H,1-2H3"
CCC(C2)(C(=O)NC(=O)C2)c(c1)cccc1,"InChI=1S/C13H15NO2/c1-2-13(10-6-4-3-5-7-10)9-8-11(15)14-12(13)16/h3-7H,2,8-9H2,1H3,(H,14,15,16)"
CCCC(C)C(CC)(C(=O)1)C(=O)NC(=O)N1,"InChI=1S/C11H18N2O3/c1-4-6-7(3)11(5-2)8(14)12-10(16)13-9(11)15/h7H,4-6H2,1-3H3,(H2,12,13,14,15,16)"
CCC(C(=O)2)(C(=O)NC(=O)N2)C(C1)=CCCCC1,"InChI=1S/C13H18N2O3/c1-2-13(9-7-5-3-4-6-8-9)10(16)14-12(18)15-11(13)17/h7H,2-6,8H2,1H3,(H2,14,15,16,17,18)"
CC(C)CCC(CC)(C(=O)1)C(=O)NC(=O)N1,"InChI=1S/C11H18N2O3/c1-4-11(6-5-7(2)3)8(14)12-10(16)13-9(11)15/h7H,4-6H2,1-3H3,(H2,12,13,14,15,16)"
CNC(C2)=Nc(c3)c(cc(Cl)c3)C(=[N+1]([O-1])2)c(c1)cccc1,"InChI=1S/C16H14ClN3O/c1-18-15-10-20(21)16(11-5-3-2-4-6-11)13-9-12(17)7-8-14(13)19-15/h2-9H,10H2,1H3,(H,18,19)"
CCC(=O)OC(Cc(c2)cccc2)(c(c1)cccc1)C([H])(C)CN(C)C,"InChI=1S/C22H29NO2/c1-5-21(24)25-22(18(2)17-23(3)4,20-14-10-7-11-15-20)16-19-12-8-6-9-13-19/h6-15,18H,5,16-17H2,1-4H3/t18-,22+/m1/s1"
c(c3)ccc(c3)CN(CC(N2)=NCC2)c(c1)cccc1,"InChI=1S/C17H19N3/c1-3-7-15(8-4-1)13-20(14-17-18-11-12-19-17)16-9-5-2-6-10-16/h1-10H,11-14H2,(H,18,19)"
CCC(=O)c(c3)cc(c(c3)1)N(CC(C)N(C)C)c(c2)c(ccc2)S1,"InChI=1S/C20H24N2OS/c1-5-18(23)15-10-11-20-17(12-15)22(13-14(2)21(3)4)16-8-6-7-9-19(16)24-20/h6-12,14H,5,13H2,1-4H3"
CN(C)CCCN(c21)c(c3)c(ccc(Cl)3)Sc(ccc(O)c2)1,"InChI=1S/C17H19ClN2OS/c1-19(2)8-3-9-20-14-10-12(18)4-6-16(14)22-17-7-5-13(21)11-15(17)20/h4-7,10-11,21H,3,8-9H2,1-2H3"
CN(C)CCCN(c21)c(c3)c(cc(O)c(Cl)3)Sc(cccc2)1,"InChI=1S/C17H19ClN2OS/c1-19(2)8-5-9-20-13-6-3-4-7-16(13)22-17-11-15(21)12(18)10-14(17)20/h3-4,6-7,10-11,21H,5,8-9H2,1-2H3"
CN(C)CCCN(c21)c(c3)c(ccc(OC(C)=O)3)Sc(ccc(Cl)c2)1,"InChI=1S/C19H21ClN2O2S/c1-13(23)24-15-6-8-19-17(12-15)22(10-4-9-21(2)3)16-11-14(20)5-7-18(16)25-19/h5-8,11-12H,4,9-10H2,1-3H3"
CN(C)CCCN(c21)c(c3)c(cc(OC(C)=O)c(Cl)3)Sc(cccc2)1,"InChI=1S/C19H21ClN2O2S/c1-13(23)24-17-12-19-16(11-14(17)20)22(10-6-9-21(2)3)15-7-4-5-8-18(15)25-19/h4-5,7-8,11-12H,6,9-10H2,1-3H3"
CC(O)CC(C)C(CC)(C(=O)1)C(=O)NC(=O)N1,"InChI=1S/C11H18N2O4/c1-4-11(6(2)5-7(3)14)8(15)12-10(17)13-9(11)16/h6-7,14H,4-5H2,1-3H3,(H2,12,13,15,16,17)"
CCC(CC)(C(=O)1)C(=O)C(C)CN1,"InChI=1S/C10H17NO2/c1-4-10(5-2)8(12)7(3)6-11-9(10)13/h7H,4-6H2,1-3H3,(H,11,13)"
CN(C)C(=C(C)1)C(=O)N(c(c2)cccc2)N(C)1,"InChI=1S/C13H17N3O/c1-10-12(14(2)3)13(17)16(15(10)4)11-8-6-5-7-9-11/h5-9H,1-4H3"
CC(=O)NC(=C(C)1)C(=O)N(c(c2)cccc2)N(C)1,"InChI=1S/C13H15N3O2/c1-9-12(14-10(2)17)13(18)16(15(9)3)11-7-5-4-6-8-11/h4-8H,1-3H3,(H,14,17)"
CCC(N1)(c(c2)cccc2)C(=O)N(C)C(=O)1,"InChI=1S/C12H14N2O2/c1-3-12(9-7-5-4-6-8-9)10(15)14(2)11(16)13-12/h4-8H,3H2,1-2H3,(H,13,16)"
CN(C4)CC(C4)CN(c21)c(c3)c(ccc3)Sc(cccc2)1,"InChI=1S/C18H20N2S/c1-19-11-10-14(12-19)13-20-15-6-2-4-8-17(15)21-18-9-5-3-7-16(18)20/h2-9,14H,10-13H2,1H3"
OCC(O)COc(c1)c(C)ccc1,"InChI=1S/C10H14O3/c1-8-4-2-3-5-10(8)13-7-9(12)6-11/h2-5,9,11-12H,6-7H2,1H3"
C=CCC(C(=O)2)(C(=O)NC(=O)N2)c(c1)cccc1,"InChI=1S/C13H12N2O3/c1-2-8-13(9-6-4-3-5-7-9)10(16)14-12(18)15-11(13)17/h2-7H,1,8H2,(H2,14,15,16,17,18)"
C[Si](C)(C)c(c(Cl)1)c(Cl)c(Cl)c(Cl)c(Cl)1,"InChI=1S/C9H9Cl5Si/c1-15(2,3)9-7(13)5(11)4(10)6(12)8(9)14/h1-3H3"
Fc(c(F)1)c(F)c(F)c(c(F)1)[Si](C)(C)C,"InChI=1S/C9H9F5Si/c1-15(2,3)9-7(13)5(11)4(10)6(12)8(9)14/h1-3H3"
Fc(c(F)3)c(F)c(F)c(c(F)3)P(Cl)(Cl)(c(c(F)2)c(F)c(F)c(F)c(F)2)c(c(F)1)c(F)c(F)c(F)c(F)1,"InChI=1S/C18Cl2F15P/c19-36(20,16-10(30)4(24)1(21)5(25)11(16)31,17-12(32)6(26)2(22)7(27)13(17)33)18-14(34)8(28)3(23)9(29)15(18)35"
Fc(c(F)3)c(F)c(F)c(c(F)3)P(=O)(c(c(F)2)c(F)c(F)c(F)c(F)2)c(c(F)1)c(F)c(F)c(F)c(F)1,"InChI=1S/C18F15OP/c19-1-4(22)10(28)16(11(29)5(1)23)35(34,17-12(30)6(24)2(20)7(25)13(17)31)18-14(32)8(26)3(21)9(27)15(18)33"
Fc(c(F)3)c(F)c(F)c(c(F)3)P(=S)(c(c(F)2)c(F)c(F)c(F)c(F)2)c(c(F)1)c(F)c(F)c(F)c(F)1,"InChI=1S/C18F15PS/c19-1-4(22)10(28)16(11(29)5(1)23)34(35,17-12(30)6(24)2(20)7(25)13(17)31)18-14(32)8(26)3(21)9(27)15(18)33"
O=C(C4)C([H])=C(C3)C([H])(C4)C([H])(C2)C([H])(C3)C([H])(C1)C(C)(C2)C([H])(O)C1,"InChI=1S/C18H26O2/c1-18-9-8-14-13-5-3-12(19)10-11(13)2-4-15(14)16(18)6-7-17(18)20/h10,13-17,20H,2-9H2,1H3/t13-,14+,15+,16-,17-,18-/m0/s1"
Oc(c2)c(ccc2)c(c1)c(O)ccc1,"InChI=1S/C12H10O2/c13-11-7-3-1-5-9(11)10-6-2-4-8-12(10)14/h1-8,13-14H"
Oc(c2)ccc(c2)c(c1)ccc(O)c1,"InChI=1S/C12H10O2/c13-11-5-1-9(2-6-11)10-3-7-12(14)8-4-10/h1-8,13-14H"
ON=C(C1)CCCC1,"InChI=1S/C6H11NO/c8-7-6-4-2-1-3-5-6/h8H,1-5H2"
NC(=O)c(c1)c(O)ccc1,"InChI=1S/C7H7NO2/c8-7(10)5-3-1-2-4-6(5)9/h1-4,9H,(H2,8,10)"
CC(C1)O1,"InChI=1S/C3H6O/c1-3-2-4-3/h3H,2H2,1H3"
COc(c1)c(OC)cc(O2)c(C=CC(=O)2)1,"InChI=1S/C11H10O4/c1-13-9-5-7-3-4-11(12)15-8(7)6-10(9)14-2/h3-6H,1-2H3"
COC(=O)C(C)c(c2)cc(cc2)C(=O)c(c1)cccc1,"InChI=1S/C17H16O3/c1-12(17(19)20-2)14-9-6-10-15(11-14)16(18)13-7-4-3-5-8-13/h3-12H,1-2H3"
CCc(c2)cc(cc2)Oc(c1)cccc1,"InChI=1S/C14H14O/c1-2-12-7-6-10-14(11-12)15-13-8-4-3-5-9-13/h3-11H,2H2,1H3"
OC(=O)CNC(=O)c(c1)cccc1,"InChI=1S/C9H9NO3/c11-8(12)6-10-9(13)7-4-2-1-3-5-7/h1-5H,6H2,(H,10,13)(H,11,12)"
COC(=O)Cc(c1)ccc(O)c1,"InChI=1S/C9H10O3/c1-12-9(11)6-7-2-4-8(10)5-3-7/h2-5,10H,6H2,1H3"
C1=CC=C2C(=C1)C=CN2,"InChI=1S/C8H7N/c1-2-4-8-7(3-1)5-6-9-8/h1-6,9H"
[O-1][N+1](=O)c(c1)ccc(Cl)c1,InChI=1S/C6H4ClNO2/c7-5-1-3-6(4-2-5)8(9)10/h1-4H
NCCO,"InChI=1S/C2H7NO/c3-1-2-4/h4H,1-3H2"
O=C(C2)Nc(c3)c(cc(Cl)c3)C(=N2)c(c1)c(Cl)ccc1,"InChI=1S/C15H10Cl2N2O/c16-9-5-6-13-11(7-9)15(18-8-14(20)19-13)10-3-1-2-4-12(10)17/h1-7H,8H2,(H,19,20)"
Clc(c3)cc(c(c3)2)C(=NCC(=O)N(C)2)c(c1)c(Cl)ccc1,"InChI=1S/C16H12Cl2N2O/c1-20-14-7-6-10(17)8-12(14)16(19-9-15(20)21)11-4-2-3-5-13(11)18/h2-8H,9H2,1H3"
CC(=O)Nc(c2)c(cc(Cl)c2)C(=O)c(c1)c(Cl)ccc1,"InChI=1S/C15H11Cl2NO2/c1-9(19)18-14-7-6-10(16)8-12(14)15(20)11-4-2-3-5-13(11)17/h2-8H,1H3,(H,18,19)"
Clc(c3)cc(c(c3)2)C(=NC(O)C(=O)N2)c(c1)c(Cl)ccc1,"InChI=1S/C15H10Cl2N2O2/c16-8-5-6-12-10(7-8)13(19-15(21)14(20)18-12)9-3-1-2-4-11(9)17/h1-7,15,21H,(H,18,20)"
O=CN(C)c(c2)c(cc(Cl)c2)C(=O)c(c1)c(Cl)ccc1,"InChI=1S/C15H11Cl2NO2/c1-18(9-19)14-7-6-10(16)8-12(14)15(20)11-4-2-3-5-13(11)17/h2-9H,1H3"
Cn(c2)c(C(=O)1)c(n2)N(C)C(=O)N(C)1,"InChI=1S/C8H10N4O2/c1-10-4-9-6-5(10)7(13)12(3)8(14)11(6)2/h4H,1-3H3"
c(c2)cc(O1)c(c2)OC1,"InChI=1S/C7H6O2/c1-2-4-7-6(3-1)8-5-9-7/h1-4H,5H2"
O=NN(C1)CCCC1,InChI=1S/C5H10N2O/c8-6-7-4-2-1-3-5-7/h1-5H2
CCCCN(N=O)CCCC,"InChI=1S/C8H18N2O/c1-3-5-7-10(9-11)8-6-4-2/h3-8H2,1-2H3"
O=NN(CC(C)C)CC(C)C,"InChI=1S/C8H18N2O/c1-7(2)5-10(9-11)6-8(3)4/h7-8H,5-6H2,1-4H3"
CCCN(N=O)CCC,"InChI=1S/C6H14N2O/c1-3-5-8(7-9)6-4-2/h3-6H2,1-2H3"
CNc(c1)c([N+1]([O-1])=O)cc(c1)[N+1]([O-1])=O,"InChI=1S/C7H7N3O4/c1-8-6-3-2-5(9(11)12)4-7(6)10(13)14/h2-4,8H,1H3"
CCC(N1)=NC(C)C1,"InChI=1S/C6H12N2/c1-3-6-7-4-5(2)8-6/h5H,3-4H2,1-2H3,(H,7,8)"
CC(C1)N=C(C)N1,"InChI=1S/C5H10N2/c1-4-3-6-5(2)7-4/h4H,3H2,1-2H3,(H,6,7)"
CCCCCCCCCCCC(N1)=NCC1,"InChI=1S/C14H28N2/c1-2-3-4-5-6-7-8-9-10-11-14-15-12-13-16-14/h2-13H2,1H3,(H,15,16)"
c(c2)ccc(c2)C(N1)=NCC1,"InChI=1S/C9H10N2/c1-2-4-8(5-3-1)9-10-6-7-11-9/h1-5H,6-7H2,(H,10,11)"
CCCCCCCCCCCCCCCCCC(N1)=NCC1,"InChI=1S/C20H40N2/c1-2-3-4-5-6-7-8-9-10-11-12-13-14-15-16-17-20-21-18-19-22-20/h2-19H2,1H3,(H,21,22)"
c(c2)ccc(c2)CC(N1)=NCC1,"InChI=1S/C10H12N2/c1-2-4-9(5-3-1)8-10-11-6-7-12-10/h1-5H,6-8H2,(H,11,12)"
COc(c2)ccc(c2)C(N1)=NCC1,"InChI=1S/C10H12N2O/c1-13-9-4-2-8(3-5-9)10-11-6-7-12-10/h2-5H,6-7H2,1H3,(H,11,12)"
CCC(N1)=NCC1,"InChI=1S/C5H10N2/c1-2-5-6-3-4-7-5/h2-4H2,1H3,(H,6,7)"
CCCCSc(n1)sc(n2)c(cnc(N)2)1,"InChI=1S/C9H12N4S2/c1-2-3-4-14-9-12-6-5-11-8(10)13-7(6)15-9/h5H,2-4H2,1H3,(H2,10,11,13)"
CCCSc(n1)sc(n2)c(cnc(N)2)1,"InChI=1S/C8H10N4S2/c1-2-3-13-8-11-5-4-10-7(9)12-6(5)14-8/h4H,2-3H2,1H3,(H2,9,10,12)"
CCSc(n1)sc(n2)c(cnc(N)2)1,"InChI=1S/C7H8N4S2/c1-2-12-7-10-4-3-9-6(8)11-5(4)13-7/h3H,2H2,1H3,(H2,8,9,11)"
Nc(n2)nc(s1)c(c2)nc(SC)1,"InChI=1S/C6H6N4S2/c1-11-6-9-3-2-8-5(7)10-4(3)12-6/h2H,1H3,(H2,7,8,10)"
c(c3)ccc(c3)c(c2)oc(n2)c(c1)cccc1,InChI=1S/C15H11NO/c1-3-7-12(8-4-1)14-11-16-15(17-14)13-9-5-2-6-10-13/h1-11H
c(c3)ccc(c3)C(=O)C(N=1)C(c(c2)cccc2)1,"InChI=1S/C15H11NO/c17-15(12-9-5-2-6-10-12)14-13(16-14)11-7-3-1-4-8-11/h1-10,14H"
c(c3)ccc(c3)c(n2)cc(o2)c(c1)cccc1,InChI=1S/C15H11NO/c1-3-7-12(8-4-1)14-11-15(17-16-14)13-9-5-2-6-10-13/h1-11H
CCS(=O)CCSP(=O)(OC)OC,"InChI=1S/C6H15O4PS2/c1-4-13(8)6-5-12-11(7,9-2)10-3/h4-6H2,1-3H3"
[O-1][N+1](=O)c(c1)ccc(c1)OP(=S)(OC)OC,"InChI=1S/C8H10NO5PS/c1-12-15(16,13-2)14-8-5-3-7(4-6-8)9(10)11/h3-6H,1-2H3"
CNC(=O)CSP(=S)(OC)OC,"InChI=1S/C5H12NO3PS2/c1-6-5(7)4-12-10(11,8-2)9-3/h4H2,1-3H3,(H,6,7)"
[C@@H]1([C@@H]([C@@H]([C@H]([C@@H]([C@@H]1Cl)Cl)Cl)Cl)Cl)Cl,"InChI=1S/C6H6Cl6/c7-1-2(8)4(10)6(12)5(11)3(1)9/h1-6H/t1-,2-,3-,4+,5+,6+"
Clc(c2)ccc(c2)C(c(c1)ccc(Cl)c1)C(Cl)(Cl)Cl,"InChI=1S/C14H9Cl5/c15-11-5-1-9(2-6-11)13(14(17,18)19)10-3-7-12(16)8-4-10/h1-8,13H"
CCOP(=O)(OCC)OP(=O)(OCC)OCC,"InChI=1S/C8H20O7P2/c1-5-11-16(9,12-6-2)15-17(10,13-7-3)14-8-4/h5-8H2,1-4H3"
CNC(=C(C)1)C(=O)N(c(c2)cccc2)N(C)1,"InChI=1S/C12H15N3O/c1-9-11(13-2)12(16)15(14(9)3)10-7-5-4-6-8-10/h4-8,13H,1-3H3"
[Na]OS(=O)(=O)CN(C)C(=C(C)1)C(=O)N(c(c2)cccc2)N(C)1,"InChI=1S/C13H17N3O4S.Na/c1-10-12(14(2)9-21(18,19)20)13(17)16(15(10)3)11-7-5-4-6-8-11"
CCCCCCCC(=O)Cc(c1)c(C)c(OC)c(c2)c(cc(C=CC)n2)1,"InChI=1S/C23H31NO2/c1-5-7-8-9-10-12-21(25)15-18-13-19-14-20(11-6-2)24-16-22(19)23(26-4)17(18)3/h6,11,13-14,16H,5,7-10,12,15H2,1-4H3/b11-6+"
CCCCCCCC(=O)C(C(=O)3)=C(C=1)C(C)(O3)C(=O)C(=C2)C(C=C(C=CC)O2)1,"InChI=1S/C23H26O5/c1-4-6-7-8-9-11-19(24)20-18-13-15-12-16(10-5-2)27-14-17(15)21(25)23(18,3)28-22(20)26/h5,10,12-14H,4,6-9,11H2,1-3H3/b10-5+/t23-/m1/s1"
OCC(O1)=CC(=O)C(O)=C1,"InChI=1S/C6H6O4/c7-2-4-1-5(8)6(9)3-10-4/h1,3,7,9H,2H2"
CCOC(=O)C(C(C)=O)Cc(c(C)1)c(C)on1,"InChI=1S/C12H17NO4/c1-5-16-12(15)11(8(3)14)6-10-7(2)13-17-9(10)4/h11H,5-6H2,1-4H3"
Cc(n3)c(c(C)o3)CC(C1)C(=O)c(c2)c(ccc2)C1,"InChI=1S/C16H17NO2/c1-10-15(11(2)19-17-10)9-13-8-7-12-5-3-4-6-14(12)16(13)18/h3-6,13H,7-9H2,1-2H3"
CC(=O)CC(=O)CCc(c(C)1)c(C)on1,"InChI=1S/C11H15NO3/c1-7(13)6-10(14)4-5-11-8(2)12-15-9(11)3/h4-6H2,1-3H3"
O=C(C2)C(CCC2)Cc(c(C)1)c(C)on1,"InChI=1S/C12H17NO2/c1-8-11(9(2)15-13-8)7-10-5-3-4-6-12(10)14/h10H,3-7H2,1-2H3"
OCc(c(C)1)c(C)on1,"InChI=1S/C6H9NO2/c1-4-6(3-8)5(2)9-7-4/h8H,3H2,1-2H3"
Cc(n1)c(C)c(C)o1,InChI=1S/C6H9NO/c1-4-5(2)7-8-6(4)3/h1-3H3
CC(=C1)OC(=O)C(Br)=C(C)1,"InChI=1S/C7H7BrO2/c1-4-3-5(2)10-7(9)6(4)8/h3H,1-2H3"
N#Cc(c1)nc(c2)c(ccc2)c1,InChI=1S/C10H6N2/c11-7-9-6-5-8-3-1-2-4-10(8)12-9/h1-6H
N#CC(O1)=Nc(c2)c(ccc2)C=C1,InChI=1S/C10H6N2O/c11-7-10-12-9-4-2-1-3-8(9)5-6-13-10/h1-6H
N#Cc(c1)[n+1]([O-1])c(c2)c(ccc2)c1,InChI=1S/C10H6N2O/c11-7-9-6-5-8-3-1-2-4-10(8)12(9)13/h1-6H
CCCC(C(=O)1)C(=O)CC(C)(C)C1,"InChI=1S/C11H18O2/c1-4-5-8-9(12)6-11(2,3)7-10(8)13/h8H,4-7H2,1-3H3"
CCCC(CCC)(C(=O)1)C(=O)CC(C)(C)C1,"InChI=1S/C14H24O2/c1-5-7-14(8-6-2)11(15)9-13(3,4)10-12(14)16/h5-10H2,1-4H3"
CCCCC(CCCC)C(=O)OC,"InChI=1S/C11H22O2/c1-4-6-8-10(9-7-5-2)11(12)13-3/h10H,4-9H2,1-3H3"
CCCCC(CCCC)(C(=O)OCC)C(=O)OCC,"InChI=1S/C15H28O4/c1-5-9-11-15(12-10-6-2,13(16)18-7-3)14(17)19-8-4/h5-12H2,1-4H3"
CC(=O)C(=C(C)3)C(=O)c(c1)c(O3)c(c2)c(ccc2)c1,"InChI=1S/C16H12O3/c1-9(17)14-10(2)19-16-12-6-4-3-5-11(12)7-8-13(16)15(14)18/h3-8H,1-2H3"
CC(=C3)Oc(c1C(=O)3)c(c2)c(ccc2)cc1,"InChI=1S/C14H10O2/c1-9-8-13(15)12-7-6-10-4-2-3-5-11(10)14(12)16-9/h2-8H,1H3"
CC(=C1)Oc(c2)c(cc(c3)c(ccc3)2)C(=O)1,"InChI=1S/C14H10O2/c1-9-6-13(15)12-7-10-4-2-3-5-11(10)8-14(12)16-9/h2-8H,1H3"
COc(c21)c(OC)c(C(=O)3)c(OC(C)=C3)c(cccc2)1,"InChI=1S/C16H14O4/c1-9-8-12(17)13-14(20-9)10-6-4-5-7-11(10)15(18-2)16(13)19-3/h4-8H,1-3H3"
COc(c1)c(C(=O)3)c(OC(C)=C3)c(c2)c(ccc2)1,"InChI=1S/C15H12O3/c1-9-7-12(16)14-13(17-2)8-10-5-3-4-6-11(10)15(14)18-9/h3-8H,1-2H3"
COc(c3)cc(c1)c(c3)c(C(=O)2)c(OC=C(C)2)c1,"InChI=1S/C15H12O3/c1-9-8-18-13-6-3-10-7-11(17-2)4-5-12(10)14(13)15(9)16/h3-8H,1-2H3"
COc(c3)cc(c1)c(c3)cc(C(=O)2)c(OC(C)=C2)1,"InChI=1S/C15H12O3/c1-9-5-14(16)13-7-10-3-4-12(17-2)6-11(10)8-15(13)18-9/h3-8H,1-2H3"
CC(=C3)C(=O)c(c(O3)1)c(c2)c(ccc2)cc1,"InChI=1S/C14H10O2/c1-9-8-16-12-7-6-10-4-2-3-5-11(10)13(12)14(9)15/h2-8H,1H3"
Cc(c2)c(ccc2)Oc(c1)nccc1,"InChI=1S/C12H11NO/c1-10-6-2-3-7-11(10)14-12-8-4-5-9-13-12/h2-9H,1H3"
Cc(c2)cc(cc2)Oc(c1)nccc1,"InChI=1S/C12H11NO/c1-10-5-4-6-11(9-10)14-12-7-2-3-8-13-12/h2-9H,1H3"
c(c2)ccc(c2)Oc(c1)nccc1,InChI=1S/C11H9NO/c1-2-6-10(7-3-1)13-11-8-4-5-9-12-11/h1-9H
COC(=C2)OC(=CC(=O)2)c(c1)cccc1,"InChI=1S/C12H10O3/c1-14-12-8-10(13)7-11(15-12)9-5-3-2-4-6-9/h2-8H,1H3"
COC(=C1)OC(C)=CC(=O)1,"InChI=1S/C7H8O3/c1-5-3-6(8)4-7(9-2)10-5/h3-4H,1-2H3"
CC(=C1)C(=O)C(C)=CO1,"InChI=1S/C7H8O2/c1-5-3-9-4-6(2)7(5)8/h3-4H,1-2H3"
CC(=C1)OC(C)=CC(=O)1,"InChI=1S/C7H8O2/c1-5-3-7(8)4-6(2)9-5/h3-4H,1-2H3"
O=C(C=1)C=COC1,InChI=1S/C5H4O2/c6-5-1-3-7-4-2-5/h1-4H
COC(=O)c(c1)c(O)cc(N)c1,"InChI=1S/C8H9NO3/c1-12-8(11)6-3-2-5(9)4-7(6)10/h2-4,10H,9H2,1H3"
COC(=O)c(c1)ccc(N)c1,"InChI=1S/C8H9NO2/c1-11-8(10)6-2-4-7(9)5-3-6/h2-5H,9H2,1H3"
c(c41)cc(cc(CC(C4)(C2)Cc(c3)c(ccc3C(=O)CCCC)2)1)C(=O)CCCC,"InChI=1S/C27H32O2/c1-3-5-7-25(28)19-9-11-21-15-27(17-23(21)13-19)16-22-12-10-20(14-24(22)18-27)26(29)8-6-4-2/h9-14H,3-8,15-18H2,1-2H3"
CCCCOC(=O)c(c1)cccc1,"InChI=1S/C11H14O2/c1-2-3-9-13-11(12)10-7-5-4-6-8-10/h4-8H,2-3,9H2,1H3"
COc(c4)cc(O3)c(c4)C([H])(O1)C([H])(C3)c(c2)c(c(OC)c(OC)c2)1,"InChI=1S/C18H18O5/c1-19-10-4-5-12-15(8-10)22-9-13-11-6-7-14(20-2)18(21-3)17(11)23-16(12)13/h4-8,13,16H,9H2,1-3H3/t13-,16-/m0/s1"
COc(c4)c(OC)c(O3)c(c4)C([H])(O1)C([H])(C3)c(c2)c(cc(OC)c(OC)2)1,"InChI=1S/C19H20O6/c1-20-13-6-5-10-17-12(9-24-18(10)19(13)23-4)11-7-15(21-2)16(22-3)8-14(11)25-17/h5-8,12,17H,9H2,1-4H3/t12-,17-/m0/s1"
COc(c4)cc(O3)c(c4)C([H])(O1)C([H])(C3)c(c2)c(cc(OC)c(OC)2)1,"InChI=1S/C18H18O5/c1-19-10-4-5-11-14(6-10)22-9-13-12-7-16(20-2)17(21-3)8-15(12)23-18(11)13/h4-8,13,18H,9H2,1-3H3/t13-,18-/m0/s1"
CC(=O)Oc(c5)cc(O4)c(c5)C([H])(O1)C([H])(C4)c(c2)c(c(O3)c(OC3)c2)1,"InChI=1S/C18H14O6/c1-9(19)23-10-2-3-12-15(6-10)20-7-13-11-4-5-14-18(22-8-21-14)17(11)24-16(12)13/h2-6,13,16H,7-8H2,1H3/t13-,16-/m0/s1"
COc(c5)c(OC)c(O4)c(c5)C([H])(O1)C([H])(C4)c(c2)c(cc(O3)c(OC3)2)1,"InChI=1S/C18H16O6/c1-19-12-4-3-9-16-11(7-21-17(9)18(12)20-2)10-5-14-15(23-8-22-14)6-13(10)24-16/h3-6,11,16H,7-8H2,1-2H3/t11-,16-/m0/s1"
Oc(c5)cc(O4)c(c5)C([H])(O1)C([H])(C4)c(c2)c(c(O3)c(OC3)c2)1,"InChI=1S/C16H12O5/c17-8-1-2-10-13(5-8)18-6-11-9-3-4-12-16(20-7-19-12)15(9)21-14(10)11/h1-5,11,14,17H,6-7H2/t11-,14-/m0/s1"
COc(c5)cc(O4)c(c5)C([H])(O1)C([H])(C4)c(c2)c(cc(O3)c(OC3)2)1,"InChI=1S/C17H14O5/c1-18-9-2-3-10-13(4-9)19-7-12-11-5-15-16(21-8-20-15)6-14(11)22-17(10)12/h2-6,12,17H,7-8H2,1H3/t12-,17-/m0/s1"
COc(c4)cc(O3)c(c4)C([H])(O1)C([H])(C3)c(c2)c(cc(OC)c2)1,"InChI=1S/C17H16O4/c1-18-10-4-6-13-15(7-10)20-9-14-12-5-3-11(19-2)8-16(12)21-17(13)14/h3-8,14,17H,9H2,1-2H3/t14-,17-/m0/s1"
COc(c2)cc(O1)c(c2)C(OC)=C(OC)C(=O)1,"InChI=1S/C12H12O5/c1-14-7-4-5-8-9(6-7)17-12(13)11(16-3)10(8)15-2/h4-6H,1-3H3"
COc(c2)cc(O1)c(c2)C=C(OC)C(=O)1,"InChI=1S/C11H10O4/c1-13-8-4-3-7-5-10(14-2)11(12)15-9(7)6-8/h3-6H,1-2H3"
COc(c2)cc(O1)c(c2)C(OC)=CC(=O)1,"InChI=1S/C11H10O4/c1-13-7-3-4-8-9(14-2)6-11(12)15-10(8)5-7/h3-6H,1-2H3"
COC(C(=O)3)=C(O)c(c1)c(O3)cc(O2)c(CC2)1,"InChI=1S/C12H10O5/c1-15-11-10(13)7-4-6-2-3-16-8(6)5-9(7)17-12(11)14/h4-5,13H,2-3H2,1H3"
CCOC(=C(OC)3)c(c1)c(OC(=O)3)cc(o2)c(cc2)1,"InChI=1S/C14H12O5/c1-3-17-12-9-6-8-4-5-18-10(8)7-11(9)19-14(15)13(12)16-2/h4-7H,3H2,1-2H3"
COC(C(=O)3)=C(OC)c(c1)c(O3)cc(O2)c(CC2)1,"InChI=1S/C13H12O5/c1-15-11-8-5-7-3-4-17-9(7)6-10(8)18-13(14)12(11)16-2/h5-6H,3-4H2,1-2H3"
COC(C(=O)3)=C(OC)c(c1)c(O3)cc(o2)c(cc2)1,"InChI=1S/C13H10O5/c1-15-11-8-5-7-3-4-17-9(7)6-10(8)18-13(14)12(11)16-2/h3-6H,1-2H3"
COC(=C3)c(c1)c(OC(=O)3)cc(O2)c(CC2)1,"InChI=1S/C12H10O4/c1-14-10-6-12(13)16-11-5-9-7(2-3-15-9)4-8(10)11/h4-6H,2-3H2,1H3"
COC(=C3)c(c1)c(OC(=O)3)cc(o2)c(cc2)1,"InChI=1S/C12H8O4/c1-14-10-6-12(13)16-11-5-9-7(2-3-15-9)4-8(10)11/h2-6H,1H3"
COC(C(=O)3)=C(O)c(c1)c(O3)cc(o2)c(cc2)1,"InChI=1S/C12H8O5/c1-15-11-10(13)7-4-6-2-3-16-8(6)5-9(7)17-12(11)14/h2-5,13H,1H3"
COC(=C(O)3)c(c(OC(=O)3)1)c(OC)c(c2)c(oc2)c1,"InChI=1S/C13H10O6/c1-16-11-6-3-4-18-7(6)5-8-9(11)12(17-2)10(14)13(15)19-8/h3-5,14H,1-2H3"
[2H]C([2H])([2H])OC(C(=O)3)=C(OC)c(c(O3)1)c(OC)c(c2)c(oc2)c1,"InChI=1S/C14H12O6/c1-16-11-7-4-5-19-8(7)6-9-10(11)12(17-2)13(18-3)14(15)20-9/h4-6H,1-3H3/i3D3"
C=CC(C)(C)OC(=C(OC)3)c(c(OC(=O)3)1)c(OC)c(c2)c(oc2)c1,"InChI=1S/C18H18O6/c1-6-18(2,3)24-15-13-12(23-17(19)16(15)21-5)9-11-10(7-8-22-11)14(13)20-4/h6-9H,1H2,2-5H3"
COC(C(=O)3)=C(OC)c(c1)c(O3)c(OC)c(o2)c(cc2)1,"InChI=1S/C14H12O6/c1-16-10-8-6-7-4-5-19-9(7)12(17-2)11(8)20-14(15)13(10)18-3/h4-6H,1-3H3"
COC(C(=O)3)=C(OC)c(c(O3)1)c(OC)c(c2)c(oc2)c1,"InChI=1S/C14H12O6/c1-16-11-7-4-5-19-8(7)6-9-10(11)12(17-2)13(18-3)14(15)20-9/h4-6H,1-3H3"
O=C(OC(COC(=O)CCCCCCCCCCCCCCC)COC(C)=O)CCCCCCCCCCCCCCC,"InChI=1S/C37H70O6/c1-4-6-8-10-12-14-16-18-20-22-24-26-28-30-36(39)42-33-35(32-41-34(3)38)43-37(40)31-29-27-25-23-21-19-17-15-13-11-9-7-5-2/h35H,4-33H2,1-3H3"
C[Si](C)(C)OC(=O)C(O[Si](C)(C)C)C(O[Si](C)(C)C)C(=O)O[Si](C)(C)C,"InChI=1S/C16H38O6Si4/c1-23(2,3)19-13(15(17)21-25(7,8)9)14(20-24(4,5)6)16(18)22-26(10,11)12/h13-14H,1-12H3"
O=C(O[Si](C)(C)C)Cc(c1)c(c2)c(ccc2)n1[Si](C)(C)C,"InChI=1S/C16H25NO2Si2/c1-20(2,3)17-12-13(11-16(18)19-21(4,5)6)14-9-7-8-10-15(14)17/h7-10,12H,11H2,1-6H3"
C[Si](C)(C)OCC(O[Si](C)(C)C)COP(=O)(O[Si](C)(C)C)O[Si](C)(C)C,"InChI=1S/C15H41O6PSi4/c1-23(2,3)18-14-15(19-24(4,5)6)13-17-22(16,20-25(7,8)9)21-26(10,11)12/h15H,13-14H2,1-12H3"
CON=C(C4)C([H])=C(C3)C(C)(C4)C([H])(C2)C([H])(C3)C([H])(C1)C(C)(C2)C(O)(C(C)=NOC)C1,"InChI=1S/C23H36N2O3/c1-15(24-27-4)23(26)13-10-20-18-7-6-16-14-17(25-28-5)8-11-21(16,2)19(18)9-12-22(20,23)3/h14,18-20,26H,6-13H2,1-5H3/b24-15+,25-17-/t18-,19+,20+,21+,22+,23+/m1/s1"
C(C([H])41)(CCC([H])(C([H])42)C(C)(C3)C(CC(C3)O[Si](C)(C)C)=CC2)(C)C(CC1)C(CCC([H])(C(C)C)CC)C,"InChI=1S/C32H58OSi/c1-10-24(22(2)3)12-11-23(4)28-15-16-29-27-14-13-25-21-26(33-34(7,8)9)17-19-31(25,5)30(27)18-20-32(28,29)6/h13,22-24,26-30H,10-12,14-21H2,1-9H3/t23-,24-,26?,27+,28-,29+,30+,31+,32-/m1/s1"
C(C3([H])1)CC(C([H])(C(CCC(C(C)C)=CC)([H])C)4)(C([H])(CC4)C1(CC=C(C32C)CC(CC2)(O[Si](C)(C)C)[H])[H])C,"InChI=1S/C32H56OSi/c1-10-24(22(2)3)12-11-23(4)28-15-16-29-27-14-13-25-21-26(33-34(7,8)9)17-19-31(25,5)30(27)18-20-32(28,29)6/h10,13,22-23,26-30H,11-12,14-21H2,1-9H3/b24-10-/t23-,26+,27+,28-,29+,30+,31+,32-/m1/s1"
C(C2([H])4)(C(C3)([H])C(CC4)(C(C3)C(C)CCC(C(C)C)=C)C)(CC=C(C12C)CC(CC1)O[Si](C)(C)C)[H],"InChI=1S/C31H54OSi/c1-21(2)22(3)10-11-23(4)27-14-15-28-26-13-12-24-20-25(32-33(7,8)9)16-18-30(24,5)29(26)17-19-31(27,28)6/h12,21,23,25-29H,3,10-11,13-20H2,1-2,4-9H3/t23-,25+,26+,27-,28+,29+,30+,31-/m1/s1"
C(C(C4)C(C3)(C)C(C4)([H])C(C2([H])C3)(CC=C(C12C)CC(CC1)O[Si](C)(C)C)[H])(CCCC(C)C)C,"InChI=1S/C30H54OSi/c1-21(2)10-9-11-22(3)26-14-15-27-25-13-12-23-20-24(31-32(6,7)8)16-18-29(23,4)28(25)17-19-30(26,27)5/h12,21-22,24-28H,9-11,13-20H2,1-8H3/t22-,24?,25+,26-,27+,28+,29+,30-/m1/s1"
C(CC(C(OC)=O)O[Si](C)(C)C)CCCCCCCCCCCCCCCCCCCC,"InChI=1S/C28H58O3Si/c1-6-7-8-9-10-11-12-13-14-15-16-17-18-19-20-21-22-23-24-25-26-27(28(29)30-2)31-32(3,4)5/h27H,6-26H2,1-5H3"
CCCCCCCCCCCCCCCCCCCCC(C(=O)OC)O[Si](C)(C)C,"InChI=1S/C26H54O3Si/c1-6-7-8-9-10-11-12-13-14-15-16-17-18-19-20-21-22-23-24-25(26(27)28-2)29-30(3,4)5/h25H,6-24H2,1-5H3"
CCCCCCCCCCCCCCCCCCC(C(=O)OC)O[Si](C)(C)C,"InChI=1S/C24H50O3Si/c1-6-7-8-9-10-11-12-13-14-15-16-17-18-19-20-21-22-23(24(25)26-2)27-28(3,4)5/h23H,6-22H2,1-5H3"
CCCCCCCCCCCCCCCCC(C(=O)OC)O[Si](C)(C)C,"InChI=1S/C22H46O3Si/c1-6-7-8-9-10-11-12-13-14-15-16-17-18-19-20-21(22(23)24-2)25-26(3,4)5/h21H,6-20H2,1-5H3"
CCCCCCCCCCCCCCC(C(=O)OC)O[Si](C)(C)C,"InChI=1S/C20H42O3Si/c1-6-7-8-9-10-11-12-13-14-15-16-17-18-19(20(21)22-2)23-24(3,4)5/h19H,6-18H2,1-5H3"
CCCCCCCCCCCCC(C(=O)OC)O[Si](C)(C)C,"InChI=1S/C18H38O3Si/c1-6-7-8-9-10-11-12-13-14-15-16-17(18(19)20-2)21-22(3,4)5/h17H,6-16H2,1-5H3"
CCCCCCCCCCC(C(=O)OC)O[Si](C)(C)C,"InChI=1S/C16H34O3Si/c1-6-7-8-9-10-11-12-13-14-15(16(17)18-2)19-20(3,4)5/h15H,6-14H2,1-5H3"
CCCCCCCCC=CCCCCCCCCCCCCCC(=O)OC,"InChI=1S/C25H48O2/c1-3-4-5-6-7-8-9-10-11-12-13-14-15-16-17-18-19-20-21-22-23-24-25(26)27-2/h10-11H,3-9,12-24H2,1-2H3/b11-10+"
CCCCCCC=CCCCCCCCC(=O)OC,"InChI=1S/C17H32O2/c1-3-4-5-6-7-8-9-10-11-12-13-14-15-16-17(18)19-2/h8-9H,3-7,10-16H2,1-2H3/b9-8+"
O=C(CCc(c1)cc(O[Si](C)(C)C)c(c1)O[Si](C)(C)C)O[Si](C)(C)C,"InChI=1S/C18H34O4Si3/c1-23(2,3)20-16-12-10-15(14-17(16)21-24(4,5)6)11-13-18(19)22-25(7,8)9/h10,12,14H,11,13H2,1-9H3"
COc(c1)c(ccc1C(O[Si](C)(C)C)C(=O)O[Si](C)(C)C)O[Si](C)(C)C,"InChI=1S/C18H34O5Si3/c1-20-16-13-14(11-12-15(16)21-24(2,3)4)17(22-25(5,6)7)18(19)23-26(8,9)10/h11-13,17H,1-10H3"
COc(c1)c(ccc(CC(=O)O[Si](C)(C)C)1)O[Si](C)(C)C,"InChI=1S/C15H26O4Si2/c1-17-14-10-12(11-15(16)19-21(5,6)7)8-9-13(14)18-20(2,3)4/h8-10H,11H2,1-7H3"
CC(CCC(=O)O[Si](C)(C)C)CC(=O)O[Si](C)(C)C,"InChI=1S/C13H28O4Si2/c1-11(10-13(15)17-19(5,6)7)8-9-12(14)16-18(2,3)4/h11H,8-10H2,1-7H3"
C[Si](C)(C)Nc(c1)cc(cc1)O[Si](C)(C)C,"InChI=1S/C12H23NOSi2/c1-15(2,3)13-11-8-7-9-12(10-11)14-16(4,5)6/h7-10,13H,1-6H3"
O=C(C1)N([Si](C)(C)C)C([H])(C1)C(=O)O[Si](C)(C)C,"InChI=1S/C11H23NO3Si2/c1-16(2,3)12-9(7-8-10(12)13)11(14)15-17(4,5)6/h9H,7-8H2,1-6H3/t9-/m1/s1"
O=C(O[Si](C)(C)C)c(c1)cccc1,"InChI=1S/C10H14O2Si/c1-13(2,3)12-10(11)9-7-5-4-6-8-9/h4-8H,1-3H3"
O=C(O[Si](C)(C)C)C([H])(C)O[Si](C)(C)C,"InChI=1S/C9H22O3Si2/c1-8(11-13(2,3)4)9(10)12-14(5,6)7/h8H,1-7H3/t8-/m0/s1"
CON=C(C4)C=C(C3)C(C)(C4)C([H])(C2)C([H])(C3)C([H])(C1)C(C)(C2)C(C(C)=NOC)C1,"InChI=1S/C23H36N2O2/c1-15(24-26-4)19-8-9-20-18-7-6-16-14-17(25-27-5)10-12-22(16,2)21(18)11-13-23(19,20)3/h14,18-21H,6-13H2,1-5H3/b24-15+,25-17-/t18-,19+,20-,21-,22-,23+/m0/s1"
C(C1(C)4)([H])(O[Si](C)(C)C)CCC1(C(C([H])(CC4)2)([H])CCc(c3)c2ccc(O[Si](C)(C)C)3)[H],"InChI=1S/C24H40O2Si2/c1-24-15-14-20-19-11-9-18(25-27(2,3)4)16-17(19)8-10-21(20)22(24)12-13-23(24)26-28(5,6)7/h9,11,16,20-23H,8,10,12-15H2,1-7H3/t20-,21-,22+,23+,24+/m1/s1"
CON=C(C4)C(C)(C3)C([H])(C4)C([H])(C1)C([H])(C3)c(c2)c(cc(O[Si](C)(C)C)c2)C1,"InChI=1S/C22H33NO2Si/c1-22-13-12-18-17-9-7-16(25-26(3,4)5)14-15(17)6-8-19(18)20(22)10-11-21(22)23-24-2/h7,9,14,18-20H,6,8,10-13H2,1-5H3/b23-21-/t18-,19-,20+,22+/m1/s1"
C(C([H])41)([H])(C(C([H])3CC4)(C)CCCC3)CCC(C)(C(C(C)CCCC(C)C)2)C1([H])CC2,"InChI=1S/C27H48/c1-19(2)9-8-10-20(3)23-14-15-24-22-13-12-21-11-6-7-17-26(21,4)25(22)16-18-27(23,24)5/h19-25H,6-18H2,1-5H3/t20-,21-,22+,23?,24+,25+,26+,27-/m1/s1"
C(C)(=O)OC(C4)CC(C3(C)C4)=CCC(C([H])23)(C(C1)([H])C(CC2)(C(C1)C(C)CCC(=CC)C(C)C)C)[H],"InChI=1S/C31H50O2/c1-8-23(20(2)3)10-9-21(4)27-13-14-28-26-12-11-24-19-25(33-22(5)32)15-17-30(24,6)29(26)16-18-31(27,28)7/h8,11,20-21,25-29H,9-10,12-19H2,1-7H3/b23-8-/t21-,25+,26+,27-,28+,29+,30+,31-/m1/s1"
CC(C4([H])C([H])(C)CCCC(C)C)(C([H])1CC4)CCC(C(C)32)(C([H])(CCC2CC(OC(C)=O)(CC3)[H])1)[H],"InChI=1S/C29H50O2/c1-19(2)8-7-9-20(3)25-12-13-26-24-11-10-22-18-23(31-21(4)30)14-16-28(22,5)27(24)15-17-29(25,26)6/h19-20,22-27H,7-18H2,1-6H3/t20-,22?,23+,24+,25-,26+,27+,28+,29-/m1/s1"
CC(C4([H])C([H])(C)CCCC(C)C)(C([H])1CC4)CCC(C(C)32)(C([H])(CC=C2CC(OC(C)=O)(CC3)[H])1)[H],"InChI=1S/C29H48O2/c1-19(2)8-7-9-20(3)25-12-13-26-24-11-10-22-18-23(31-21(4)30)14-16-28(22,5)27(24)15-17-29(25,26)6/h10,19-20,23-27H,7-9,11-18H2,1-6H3/t20-,23+,24+,25-,26+,27+,28+,29-/m1/s1"
CC(C4(C(CCC([H])(C(C)C)CC)([H])C)[H])(C1)C(CC4)(C(C3)(C(C(C2)(C(=C3[H])CC(C2)(OC)[H])C)(C1)[H])[H])[H],"InChI=1S/C30H52O/c1-8-22(20(2)3)10-9-21(4)26-13-14-27-25-12-11-23-19-24(31-7)15-17-29(23,5)28(25)16-18-30(26,27)6/h11,20-22,24-28H,8-10,12-19H2,1-7H3/t21-,22-,24+,25+,26-,27+,28+,29+,30-/m1/s1"
C(C4)=C(C1)C(C(C34[H])([H])CCC(C32[H])(C(CC2)(C(CCC(=CC)C(C)C)([H])C)[H])C)(CCC1OC)C,"InChI=1S/C30H50O/c1-8-22(20(2)3)10-9-21(4)26-13-14-27-25-12-11-23-19-24(31-7)15-17-29(23,5)28(25)16-18-30(26,27)6/h8,11,20-21,24-28H,9-10,12-19H2,1-7H3/b22-8+/t21-,24+,25+,26-,27+,28+,29+,30-/m1/s1"
CC(C4([H])C([H])(C)CCCC(C)C)(C([H])1CC4)CCC(C3(C)2)(C([H])(CCC2CC(CC3)([H])OC)1)[H],"InChI=1S/C28H50O/c1-19(2)8-7-9-20(3)24-12-13-25-23-11-10-21-18-22(29-6)14-16-27(21,4)26(23)15-17-28(24,25)5/h19-26H,7-18H2,1-6H3/t20-,21?,22+,23+,24-,25+,26+,27+,28-/m1/s1"
CC(C4([H])C([H])(C)CCCC(C)C)(C([H])1CC4)CCC(C3(C)2)(C([H])(CC=C2CC(CC3)([H])OC)1)[H],"InChI=1S/C28H48O/c1-19(2)8-7-9-20(3)24-12-13-25-23-11-10-21-18-22(29-6)14-16-27(21,4)26(23)15-17-28(24,25)5/h10,19-20,22-26H,7-9,11-18H2,1-6H3/t20-,22+,23+,24-,25+,26+,27+,28-/m1/s1"
CC(C4)(C=3CC(O[Si](C)(C)C)C4)C(C1=CC3)(CCC(C([H])(C([H])(C)C=CC([H])(C)C(C)C)2)(C1([H])CC2)C)[H],"InChI=1S/C31H52OSi/c1-21(2)22(3)10-11-23(4)27-14-15-28-26-13-12-24-20-25(32-33(7,8)9)16-18-30(24,5)29(26)17-19-31(27,28)6/h10-13,21-23,25,27-29H,14-20H2,1-9H3/b11-10+/t22-,23+,25-,27+,28-,29-,30-,31+/m0/s1"
[H]C(C41C)(CCC(=C43)C(C2(C)CC3)(CCC2([H])C([H])(C)CCC=C(C)C)C)C(C(O[Si](C)(C)C)CC1)(C)C,"InChI=1S/C33H58OSi/c1-23(2)13-12-14-24(3)25-17-21-33(8)27-15-16-28-30(4,5)29(34-35(9,10)11)19-20-31(28,6)26(27)18-22-32(25,33)7/h13,24-25,28-29H,12,14-22H2,1-11H3/t24-,25+,28-,29-,31+,32+,33-/m0/s1"
C(C1)C([H])(C(CCCC(C)C)([H])C)C(C4)(C1([H])C([H])(C(C4)([H])2)CCC(C3)C(C)2CCC(O[Si](C)(C)C)3[H])C,"InChI=1S/C30H56OSi/c1-21(2)10-9-11-22(3)26-14-15-27-25-13-12-23-20-24(31-32(6,7)8)16-18-29(23,4)28(25)17-19-30(26,27)5/h21-28H,9-20H2,1-8H3/t22-,23?,24+,25+,26-,27+,28+,29+,30-/m1/s1"
C(C1)C([H])(O)CC(=C([H])4)C1(C([H])(C3([H])C4)CCC(C)(C23[H])C(CC2)([H])C(CCC([H])(CC)C(C)C)([H])C)C,"InChI=1S/C29H50O/c1-7-21(19(2)3)9-8-20(4)25-12-13-26-24-11-10-22-18-23(30)14-16-28(22,5)27(24)15-17-29(25,26)6/h10,19-21,23-27,30H,7-9,11-18H2,1-6H3/t20-,21-,23+,24+,25-,26+,27+,28+,29-/m1/s1"
[H]C(C)(CCCC(C)C)C(C1(C)4)([H])CCC1(C(C([H])2CC4)([H])CCC([H])(C3)C2(C)CCC3([H])O)[H],"InChI=1S/C27H48O/c1-18(2)7-6-8-19(3)23-11-12-24-22-10-9-20-17-21(28)13-15-26(20,4)25(22)14-16-27(23,24)5/h18-25,28H,6-17H2,1-5H3/t19-,20+,21+,22+,23-,24+,25+,26+,27-/m1/s1"
C(C2([H])3)([H])(C(C)(C4)C(CC(C4)([H])O)=CC3)CCC(C2([H])1)(C)C([H])(CC1)C(CCCC(C)C)([H])C,"InChI=1S/C27H46O/c1-18(2)7-6-8-19(3)23-11-12-24-22-10-9-20-17-21(28)13-15-26(20,4)25(22)14-16-27(23,24)5/h9,18-19,21-25,28H,6-8,10-17H2,1-5H3/t19-,21+,22+,23-,24+,25+,26+,27-/m1/s1"
CCCCCCCCCCCCCCCCCCOCC(CO[Si](C)(C)C)O[Si](C)(C)C,"InChI=1S/C27H60O3Si2/c1-8-9-10-11-12-13-14-15-16-17-18-19-20-21-22-23-24-28-25-27(30-32(5,6)7)26-29-31(2,3)4/h27H,8-26H2,1-7H3"
CCCCCCCCCCCCCCCCOCC(COC(C)=O)OC(C)=O,"InChI=1S/C23H44O5/c1-4-5-6-7-8-9-10-11-12-13-14-15-16-17-18-26-19-23(28-22(3)25)20-27-21(2)24/h23H,4-20H2,1-3H3"
CCCCCCCCCCCCCCOCC(COC(C)=O)OC(C)=O,"InChI=1S/C21H40O5/c1-4-5-6-7-8-9-10-11-12-13-14-15-16-24-17-21(26-20(3)23)18-25-19(2)22/h21H,4-18H2,1-3H3"
CCCCCCCCCCCC([H])(O[Si](C)(C)C)C([H])(N)CO[Si](C)(C)C,"InChI=1S/C20H47NO2Si2/c1-8-9-10-11-12-13-14-15-16-17-20(23-25(5,6)7)19(21)18-22-24(2,3)4/h19-20H,8-18,21H2,1-7H3/t19-,20+/m0/s1"
CCCCCCCCCC([H])(O[Si](C)(C)C)C([H])(N)CO[Si](C)(C)C,"InChI=1S/C18H43NO2Si2/c1-8-9-10-11-12-13-14-15-18(21-23(5,6)7)17(19)16-20-22(2,3)4/h17-18H,8-16,19H2,1-7H3/t17-,18+/m0/s1"
CCCCCCCC([H])(O[Si](C)(C)C)C([H])(N)CO[Si](C)(C)C,"InChI=1S/C16H39NO2Si2/c1-8-9-10-11-12-13-16(19-21(5,6)7)15(17)14-18-20(2,3)4/h15-16H,8-14,17H2,1-7H3/t15-,16+/m0/s1"
CCCCCCCCCCCCCCCCCCCCCCCC(=O)OC,"InChI=1S/C25H50O2/c1-3-4-5-6-7-8-9-10-11-12-13-14-15-16-17-18-19-20-21-22-23-24-25(26)27-2/h3-24H2,1-2H3"
CCC=CCC=CCC=CCCCCCCCC(=O)OC,"InChI=1S/C19H32O2/c1-3-4-5-6-7-8-9-10-11-12-13-14-15-16-17-18-19(20)21-2/h4-5,7-8,10-11H,3,6,9,12-18H2,1-2H3/b5-4+,8-7+,11-10+"
CCCCCC=CCC=CCCCCCCCC(=O)OC,"InChI=1S/C19H34O2/c1-3-4-5-6-7-8-9-10-11-12-13-14-15-16-17-18-19(20)21-2/h7-8,10-11H,3-6,9,12-18H2,1-2H3/b8-7+,11-10+"
CCCCCCCCC=CCCCCCCCC(=O)OC,"InChI=1S/C19H36O2/c1-3-4-5-6-7-8-9-10-11-12-13-14-15-16-17-18-19(20)21-2/h10-11H,3-9,12-18H2,1-2H3/b11-10+"
CCCCCCCCC(CCCCCC)C(O)=O,"InChI=1S/C16H32O2/c1-3-5-7-9-10-12-14-15(16(17)18)13-11-8-6-4-2/h15H,3-14H2,1-2H3,(H,17,18)"
CCCCCCCCCCCCCC=CC(=O)OC,"InChI=1S/C17H32O2/c1-3-4-5-6-7-8-9-10-11-12-13-14-15-16-17(18)19-2/h15-16H,3-14H2,1-2H3/b16-15+"
COC(=O)CCCC1=CNC2=CC=CC=C21,"InChI=1S/C13H15NO2/c1-16-13(15)8-4-5-10-9-14-12-7-3-2-6-11(10)12/h2-3,6-7,9,14H,4-5,8H2,1H3"
COC(=O)/C=C/C1=CNC2=CC=CC=C21,"InChI=1S/C12H11NO2/c1-15-12(14)7-6-9-8-13-11-5-3-2-4-10(9)11/h2-8,13H,1H3/b7-6+"
CCCC(CCC)(C(=O)OC)C(=O)OC,"InChI=1S/C11H20O4/c1-5-7-11(8-6-2,9(12)14-3)10(13)15-4/h5-8H2,1-4H3"
COC(=O)c(c1)c(Cl)cc(c1)[N+1]([O-1])=O,"InChI=1S/C8H6ClNO4/c1-14-8(11)6-3-2-5(10(12)13)4-7(6)9/h2-4H,1H3"
COC(=O)c(c1)cc([N+1]([O-1])=O)c(Cl)c1,"InChI=1S/C8H6ClNO4/c1-14-8(11)5-2-3-6(9)7(4-5)10(12)13/h2-4H,1H3"
COC(=O)c(c1)c(ccc(Cl)1)[N+1]([O-1])=O,"InChI=1S/C8H6ClNO4/c1-14-8(11)6-4-5(9)2-3-7(6)10(12)13/h2-4H,1H3"
COC(=O)c(c1)c(Cl)ccc([N+1]([O-1])=O)1,"InChI=1S/C8H6ClNO4/c1-14-8(11)6-4-5(10(12)13)2-3-7(6)9/h2-4H,1H3"
COC(=O)c(c1)c(Cl)cc(Cl)c1,"InChI=1S/C8H6Cl2O2/c1-12-8(11)6-3-2-5(9)4-7(6)10/h2-4H,1H3"
COC(=O)c(c(Cl)1)c(Cl)ccc1,"InChI=1S/C8H6Cl2O2/c1-12-8(11)7-5(9)3-2-4-6(7)10/h2-4H,1H3"
COC(=O)c(c1)cc(Cl)c(Cl)c1,"InChI=1S/C8H6Cl2O2/c1-12-8(11)5-2-3-6(9)7(10)4-5/h2-4H,1H3"
COC(=O)c(c1)c(Cl)ccc(Cl)1,"InChI=1S/C8H6Cl2O2/c1-12-8(11)6-4-5(9)2-3-7(6)10/h2-4H,1H3"
COC(=O)c(c1)cc(Cl)cc(Cl)1,"InChI=1S/C8H6Cl2O2/c1-12-8(11)5-2-6(9)4-7(10)3-5/h2-4H,1H3"
COC(=O)CCC1=CNC2=CC=CC=C21,"InChI=1S/C12H13NO2/c1-15-12(14)7-6-9-8-13-11-5-3-2-4-10(9)11/h2-5,8,13H,6-7H2,1H3"
COC(=O)c(c1)cc(OC)cc(OC)1,"InChI=1S/C10H12O4/c1-12-8-4-7(10(11)14-3)5-9(6-8)13-2/h4-6H,1-3H3"
COC(=O)c(c1)c(OC)c(OC)cc1,"InChI=1S/C10H12O4/c1-12-8-6-4-5-7(9(8)13-2)10(11)14-3/h4-6H,1-3H3"
COC(=O)Cc(c1)ccc(OC)c1,"InChI=1S/C10H12O3/c1-12-9-5-3-8(4-6-9)7-10(11)13-2/h3-6H,7H2,1-2H3"
COC(=O)C1=CC2=CC=CC=C2N1,"InChI=1S/C10H9NO2/c1-13-10(12)9-6-7-4-2-3-5-8(7)11-9/h2-6,11H,1H3"
COC(=O)c(c1)c(Cl)ccc1,"InChI=1S/C8H7ClO2/c1-11-8(10)6-4-2-3-5-7(6)9/h2-5H,1H3"
COC(=O)c(c1)ccc(Cl)c1,"InChI=1S/C8H7ClO2/c1-11-8(10)6-2-4-7(9)5-3-6/h2-5H,1H3"
COC(=O)C=CC=CC(=O)OC,"InChI=1S/C8H10O4/c1-11-7(9)5-3-4-6-8(10)12-2/h3-6H,1-2H3/b5-3+,6-4+"
CCC(Cl)C(=O)OC,"InChI=1S/C5H9ClO2/c1-3-4(6)5(7)8-2/h4H,3H2,1-2H3"
COC(=O)CC(C)Cl,"InChI=1S/C5H9ClO2/c1-4(6)3-5(7)8-2/h4H,3H2,1-2H3"
COC(=O)c(c1)ccc(N(C)C)c1,"InChI=1S/C10H13NO2/c1-11(2)9-6-4-8(5-7-9)10(12)13-3/h4-7H,1-3H3"
COC(=O)C(=C)c(c1)occ1,"InChI=1S/C8H8O3/c1-6(8(9)10-2)7-4-3-5-11-7/h3-5H,1H2,2H3"
COC(=O)CCCCl,"InChI=1S/C5H9ClO2/c1-8-5(7)3-2-4-6/h2-4H2,1H3"
COC(=O)CC(C)(C)CC(=O)OC,"InChI=1S/C9H16O4/c1-9(2,5-7(10)12-3)6-8(11)13-4/h5-6H2,1-4H3"
COC(=O)c(c1)cc(cc1)N(C)C,"InChI=1S/C10H13NO2/c1-11(2)9-6-4-5-8(7-9)10(12)13-3/h4-7H,1-3H3"
COC(=O)c(c(O)1)c(c2)c(ccc2)cc1,"InChI=1S/C12H10O3/c1-15-12(14)11-9-5-3-2-4-8(9)6-7-10(11)13/h2-7,13H,1H3"
COC(=O)c(c1)c(OC)c(c2)c(ccc2)c1,"InChI=1S/C13H12O3/c1-15-12-10-6-4-3-5-9(10)7-8-11(12)13(14)16-2/h3-8H,1-2H3"
COC(=O)C(c21)c(c3)c(ccc3)Oc(cccc2)1,"InChI=1S/C15H12O3/c1-17-15(16)14-10-6-2-4-8-12(10)18-13-9-5-3-7-11(13)14/h2-9,14H,1H3"
COC(=O)C(c21)c(c3)c(ccc3)c(cccc2)1,"InChI=1S/C15H12O2/c1-17-15(16)14-12-8-4-2-6-10(12)11-7-3-5-9-13(11)14/h2-9,14H,1H3"
COP(=O)(OC)OC,"InChI=1S/C3H9O4P/c1-5-8(4,6-2)7-3/h1-3H3"
C(C1)C(C2)CC1C2,"InChI=1S/C7H12/c1-2-7-4-3-6(1)5-7/h6-7H,1-5H2"
OC(C1)C(C2)CC(C2)1,"InChI=1S/C7H12O/c8-7-4-5-1-2-6(7)3-5/h5-8H,1-4H2"
O=C(C1)C(C2)CC(C2)1,"InChI=1S/C7H10O/c8-7-4-5-1-2-6(7)3-5/h5-6H,1-4H2"
C(C1)C(C=2)CC1C2,"InChI=1S/C7H10/c1-2-7-4-3-6(1)5-7/h1-2,6-7H,3-5H2"
[2H]OC(C(C)(C)1)C(C)(C2)CC(C2)1,"InChI=1S/C10H18O/c1-9(2)7-4-5-10(3,6-7)8(9)11/h7-8,11H,4-6H2,1-3H3/i11D"
OC(C(C)(C)1)C(C)(C2)CC(C2)1,"InChI=1S/C10H18O/c1-9(2)7-4-5-10(3,6-7)8(9)11/h7-8,11H,4-6H2,1-3H3"
CC(C)(C21)C([2H])([2H])C(C)(CC2)C1,"InChI=1S/C10H18/c1-9(2)7-10(3)5-4-8(9)6-10/h8H,4-7H2,1-3H3/i7D2"
CC(C)(C1)C(C2)CC(C)(C2)1,"InChI=1S/C10H18/c1-9(2)7-10(3)5-4-8(9)6-10/h8H,4-7H2,1-3H3"
CC(=O)NCC(=O)NC([H])(C(C)C)C(=O)NC([H])(CC(C)C)C(=O)NC([H])(C)C(=O)OC,"InChI=1S/C19H34N4O6/c1-10(2)8-14(17(26)21-12(5)19(28)29-7)22-18(27)16(11(3)4)23-15(25)9-20-13(6)24/h10-12,14,16H,8-9H2,1-7H3,(H,20,24)(H,21,26)(H,22,27)(H,23,25)/t12-,14-,16+/m0/s1"
COC(=O)C([H])(C)NC(=O)C([H])(CC(C)C)NC(=O)C([H])(C(C)C)NC(=O)C([H])(C)NC(C)=O,"InChI=1S/C20H36N4O6/c1-10(2)9-15(18(27)22-13(6)20(29)30-8)23-19(28)16(11(3)4)24-17(26)12(5)21-14(7)25/h10-13,15-16H,9H2,1-8H3,(H,21,25)(H,22,27)(H,23,28)(H,24,26)/t12-,13-,15-,16+/m0/s1"
CC(C)C(=O)OC(=O)C(C)C,"InChI=1S/C8H14O3/c1-5(2)7(9)11-8(10)6(3)4/h5-6H,1-4H3"
CCCC(=O)OC(=O)CCC,"InChI=1S/C8H14O3/c1-3-5-7(9)11-8(10)6-4-2/h3-6H2,1-2H3"
CC(C1)C(=O)CCC1,"InChI=1S/C7H12O/c1-6-4-2-3-5-7(6)8/h6H,2-5H2,1H3"
O=C(CCCC)CCCC,"InChI=1S/C9H18O/c1-3-5-7-9(10)8-6-4-2/h3-8H2,1-2H3"
CCCCCC(=O)CCC,"InChI=1S/C9H18O/c1-3-5-6-8-9(10)7-4-2/h3-8H2,1-2H3"
NC(C1)CCCC1,"InChI=1S/C6H13N/c7-6-4-2-1-3-5-6/h6H,1-5,7H2"
CC(C)CNCC(C)C,"InChI=1S/C8H19N/c1-7(2)5-9-6-8(3)4/h7-9H,5-6H2,1-4H3"
CCCNCCC,"InChI=1S/C6H15N/c1-3-5-7-6-4-2/h7H,3-6H2,1-2H3"
CCCCNCC,"InChI=1S/C6H15N/c1-3-5-6-7-4-2/h7H,3-6H2,1-2H3"
CCCNCC,"InChI=1S/C5H13N/c1-3-5-6-4-2/h6H,3-5H2,1-2H3"
CCNCC,"InChI=1S/C4H11N/c1-3-5-4-2/h5H,3-4H2,1-2H3"
CCCC(=O)OC=C,"InChI=1S/C6H10O2/c1-3-5-6(7)8-4-2/h4H,2-3,5H2,1H3"
C=COC(=O)CC,"InChI=1S/C5H8O2/c1-3-5(6)7-4-2/h4H,2-3H2,1H3"
CC(=O)Oc(c1)ccc(C)c1,"InChI=1S/C9H10O2/c1-7-3-5-9(6-4-7)11-8(2)10/h3-6H,1-2H3"
CC(=O)Oc(c1)cc(C)cc1,"InChI=1S/C9H10O2/c1-7-4-3-5-9(6-7)11-8(2)10/h3-6H,1-2H3"
CCCCCCCCC=CCCCCCCCC(=O)OCC,"InChI=1S/C20H38O2/c1-3-5-6-7-8-9-10-11-12-13-14-15-16-17-18-19-20(21)22-4-2/h11-12H,3-10,13-19H2,1-2H3/b12-11-"
CC(C)C(C1)C(C2)C(CC=C(C[Si](C)(C)C)2)C(O)(C1)C[Si](C)(C)C,"InChI=1S/C21H42OSi2/c1-16(2)18-11-12-21(22,15-24(6,7)8)20-10-9-17(13-19(18)20)14-23(3,4)5/h9,16,18-20,22H,10-15H2,1-8H3"
CCCC[Sn](CCCC)(CCCC)CCCC,InChI=1S/4C4H9.Sn/c4*1-3-4-2
COc(c1)ccc(c1)C(SC)CC(SC)C[Si](C)(C)C,"InChI=1S/C16H28OS2Si/c1-17-14-9-7-13(8-10-14)16(19-3)11-15(18-2)12-20(4,5)6/h7-10,15-16H,11-12H2,1-6H3"
CC(C)=CCCC(=C)C(C1)CCC(=C)C1,"InChI=1S/C15H24/c1-12(2)6-5-7-14(4)15-10-8-13(3)9-11-15/h6,15H,3-5,7-11H2,1-2H3"
O=C(C2)C(C1)C(CC2)CC=C(C[Si](C)(C)C)1,"InChI=1S/C14H24OSi/c1-16(2,3)10-11-7-8-12-5-4-6-14(15)13(12)9-11/h7,12-13H,4-6,8-10H2,1-3H3"
C=CCC(SC)CCc(c1)cccc1,"InChI=1S/C13H18S/c1-3-7-13(14-2)11-10-12-8-5-4-6-9-12/h3-6,8-9,13H,1,7,10-11H2,2H3"
CCOC(=O)CC(C(=O)OCC)C(OCC)OCC,"InChI=1S/C13H24O6/c1-5-16-11(14)9-10(12(15)17-6-2)13(18-7-3)19-8-4/h10,13H,5-9H2,1-4H3"
COC(=O)C(C1)CC=C(C1)C[Si](C)(C)C,"InChI=1S/C12H22O2Si/c1-14-12(13)11-7-5-10(6-8-11)9-15(2,3)4/h5,11H,6-9H2,1-4H3"
CC(=O)C(C2)CC(O1)C(C2)(C[Si](C)(C)C)1,"InChI=1S/C12H22O2Si/c1-9(13)10-5-6-12(8-15(2,3)4)11(7-10)14-12/h10-11H,5-8H2,1-4H3"
O=C(COc(c1)cccc1)C[Si](C)(C)C,"InChI=1S/C12H18O2Si/c1-15(2,3)10-11(13)9-14-12-7-5-4-6-8-12/h4-8H,9-10H2,1-3H3"
C=CCC(SC)c(c1)ccc(OC)c1,"InChI=1S/C12H16OS/c1-4-5-12(14-3)10-6-8-11(13-2)9-7-10/h4,6-9,12H,1,5H2,2-3H3"
c(c1)ccc(c1)CNC[Si](C)(C)C,"InChI=1S/C11H19NSi/c1-13(2,3)10-12-9-11-7-5-4-6-8-11/h4-8,12H,9-10H2,1-3H3"
CN(C)C[Si](C)(C)c(c1)cccc1,"InChI=1S/C11H19NSi/c1-12(2)10-13(3,4)11-8-6-5-7-9-11/h5-9H,10H2,1-4H3"
CSC(SC)CCc(c1)cccc1,"InChI=1S/C11H16S2/c1-12-11(13-2)9-8-10-6-4-3-5-7-10/h3-7,11H,8-9H2,1-2H3"
c(c1)ccc(c1)SC[Si](C)(C)C,"InChI=1S/C10H16SSi/c1-12(2,3)9-11-10-7-5-4-6-8-10/h4-8H,9H2,1-3H3"
CCOC(=O)C(C=O)C(C=O)C(=O)OCC,"InChI=1S/C10H14O6/c1-3-15-9(13)7(5-11)8(6-12)10(14)16-4-2/h5-8H,3-4H2,1-2H3"
C=CC(C)(C)C(=O)c(c1)coc1,"InChI=1S/C10H12O2/c1-4-10(2,3)9(11)8-5-6-12-7-8/h4-7H,1H2,2-3H3"
CCOC(=O)CC(C=O)C(=O)OCC,"InChI=1S/C9H14O5/c1-3-13-8(11)5-7(6-10)9(12)14-4-2/h6-7H,3-5H2,1-2H3"
C=CCC(O)c(c([H])1)c([H])c([H])o1,"InChI=1S/C8H10O2/c1-2-3-8(9)7-4-5-10-6-7/h2,4-6,8-9H,1,3H2"
C=CCC(O)c(o1)c([H])c([H])c([H])1,"InChI=1S/C8H10O2/c1-2-4-7(9)8-5-3-6-10-8/h2-3,5-7,9H,1,4H2"
COCSc(c1)cccc1,"InChI=1S/C8H10OS/c1-9-7-10-8-5-3-2-4-6-8/h2-6H,7H2,1H3"
C=CCC(=O)c(c1)occ1,"InChI=1S/C8H8O2/c1-2-4-7(9)8-5-3-6-10-8/h2-3,5-6H,1,4H2"
CC(C)C(C1)C(C2)C(CC=C(C[Si](C)(C)C)2)C(=C)C1,"InChI=1S/C18H32Si/c1-13(2)16-9-7-14(3)17-10-8-15(11-18(16)17)12-19(4,5)6/h8,13,16-18H,3,7,9-12H2,1-2,4-6H3"
CC(C)C(C1)C(C2)C(CC(=C2)C[Si](C)(C)C)C(=C)C1,"InChI=1S/C18H32Si/c1-13(2)16-9-7-14(3)18-11-15(8-10-17(16)18)12-19(4,5)6/h8,13,16-18H,3,7,9-12H2,1-2,4-6H3"
CC(C)=CCCC(=O)C(C1)CC=C(C1)C[Si](C)(C)C,"InChI=1S/C17H30OSi/c1-14(2)7-6-8-17(18)16-11-9-15(10-12-16)13-19(3,4)5/h7,9,16H,6,8,10-13H2,1-5H3"
CC(C)C(C1)C(C2)C(CC=C(C[Si](C)(C)C)2)C(=O)C1,"InChI=1S/C17H30OSi/c1-12(2)14-8-9-17(18)15-7-6-13(10-16(14)15)11-19(3,4)5/h6,12,14-16H,7-11H2,1-5H3"
CC(C)C(C1)C(C2)C(CC(=C2)C[Si](C)(C)C)C(=O)C1,"InChI=1S/C17H30OSi/c1-12(2)14-8-9-17(18)16-10-13(6-7-15(14)16)11-19(3,4)5/h6,12,14-16H,7-11H2,1-5H3"
O=C(C2)C(C1)C(C2)CC=C(C[Si](C)(C)C)1,"InChI=1S/C13H22OSi/c1-15(2,3)9-10-4-5-11-6-7-13(14)12(11)8-10/h4,11-12H,5-9H2,1-3H3"
O=C(C2)C(C1)C(C2)CC(=C1)C[Si](C)(C)C,"InChI=1S/C13H22OSi/c1-15(2,3)9-10-4-6-12-11(8-10)5-7-13(12)14/h4,11-12H,5-9H2,1-3H3"
CC(C)=CC(=C)O[Si](C)(C)C,"InChI=1S/C9H18OSi/c1-8(2)7-9(3)10-11(4,5)6/h7H,3H2,1-2,4-6H3"
C=CC(=O)CCC=C(C)C,"InChI=1S/C9H14O/c1-4-9(10)7-5-6-8(2)3/h4,6H,1,5,7H2,2-3H3"
COC(=O)C(C1)CC(O)C(=C)C1,"InChI=1S/C9H14O3/c1-6-3-4-7(5-8(6)10)9(11)12-2/h7-8,10H,1,3-5H2,2H3"
CC(C)C(C1)C=CC(=O)C1,"InChI=1S/C9H14O/c1-7(2)8-3-5-9(10)6-4-8/h3,5,7-8H,4,6H2,1-2H3"
CC(C)(O)C(C1)C1,"InChI=1S/C6H12O/c1-6(2,7)5-3-4-5/h5,7H,3-4H2,1-2H3"
CC(C)C(C3)CCC(C)(C3)OC(=O)C(C2)CN(C2)Cc(c1)cccc1,"InChI=1S/C22H33NO2/c1-17(2)19-9-12-22(3,13-10-19)25-21(24)20-11-14-23(16-20)15-18-7-5-4-6-8-18/h4-8,17,19-20H,9-16H2,1-3H3"
COC(=O)C(C1)C(C(=O)OC)CN(CCc(c2)cccc2)1,"InChI=1S/C16H21NO4/c1-20-15(18)13-10-17(11-14(13)16(19)21-2)9-8-12-6-4-3-5-7-12/h3-7,13-14H,8-11H2,1-2H3"
c(c1)ccc(c1)C[Si](C)(C)C,"InChI=1S/C10H16Si/c1-11(2,3)9-10-7-5-4-6-8-10/h4-8H,9H2,1-3H3"
OCC(C2)CN(C2)Cc(c1)cccc1,"InChI=1S/C12H17NO/c14-10-12-6-7-13(9-12)8-11-4-2-1-3-5-11/h1-5,12,14H,6-10H2"
CC(C2)CN(C2)Cc(c1)cccc1,"InChI=1S/C12H17N/c1-11-7-8-13(9-11)10-12-5-3-2-4-6-12/h2-6,11H,7-10H2,1H3"
CC(=O)C(C)(C1)C(C)(C)C(C)C1,"InChI=1S/C11H20O/c1-8-6-7-11(5,9(2)12)10(8,3)4/h8H,6-7H2,1-5H3"
OC(=O)C(C)(C1)C(C)(C)C([H])(C)C1,"InChI=1S/C10H18O2/c1-7-5-6-10(4,8(11)12)9(7,2)3/h7H,5-6H2,1-4H3,(H,11,12)/t7-,10+/m1/s1"
[H]C(C)(N)c(c1)cccc1,"InChI=1S/C8H11N/c1-7(9)8-5-3-2-4-6-8/h2-7H,9H2,1H3/t7-/m1/s1"
COC(=O)C#CC(=O)OC,InChI=1S/C6H6O4/c1-9-5(7)3-4-6(8)10-2/h1-2H3
C[Si](C)(C)CI,"InChI=1S/C4H11ISi/c1-6(2,3)4-5/h4H2,1-3H3"
C=CC(=C)CC(O[Si](C)(C)C)(c(c2)cccc2)c(c1)cccc1,"InChI=1S/C21H26OSi/c1-6-18(2)17-21(22-23(3,4)5,19-13-9-7-10-14-19)20-15-11-8-12-16-20/h6-16H,1-2,17H2,3-5H3"
C(C1)CCCCC(O[Si](C)(C)C)C(I)CCCC1,"InChI=1S/C15H31IOSi/c1-18(2,3)17-15-13-11-9-7-5-4-6-8-10-12-14(15)16/h14-15H,4-13H2,1-3H3"
CC(C)=CCC=C(C)C(COC(C)=O)O[Si](C)(C)C,"InChI=1S/C15H28O3Si/c1-12(2)9-8-10-13(3)15(11-17-14(4)16)18-19(5,6)7/h9-10,15H,8,11H2,1-7H3/b13-10+"
Cc(c1)ccc(c1)CC(=C(C)C)O[Si](C)(C)C,"InChI=1S/C15H24OSi/c1-12(2)15(16-17(4,5)6)11-14-9-7-13(3)8-10-14/h7-10H,11H2,1-6H3"
CN(C)N=C(C1)CCCCCCCCCC1,"InChI=1S/C14H28N2/c1-16(2)15-14-12-10-8-6-4-3-5-7-9-11-13-14/h3-13H2,1-2H3"
COC(c(c1)cccc1)C(=C=C)[Si](C)(C)C,"InChI=1S/C14H20OSi/c1-6-13(16(3,4)5)14(15-2)12-10-8-7-9-11-12/h7-11,14H,1H2,2-5H3"
COC(c(c2)cccc2)C(C1)C(=O)CCC1,"InChI=1S/C14H18O2/c1-16-14(11-7-3-2-4-8-11)12-9-5-6-10-13(12)15/h2-4,7-8,12,14H,5-6,9-10H2,1H3"
C=CCC(OCC)C=Cc(c1)cccc1,"InChI=1S/C14H18O/c1-3-8-14(15-4-2)12-11-13-9-6-5-7-10-13/h3,5-7,9-12,14H,1,4,8H2,2H3/b12-11+"
C=CC(=C)CC(O)(CC)c(c1)cccc1,"InChI=1S/C14H18O/c1-4-12(3)11-14(15,5-2)13-9-7-6-8-10-13/h4,6-10,15H,1,3,5,11H2,2H3"
CC(C)(C)[Si](C)(C)O[Si](C)(C)C(C)(C)C,"InChI=1S/C12H30OSi2/c1-11(2,3)14(7,8)13-15(9,10)12(4,5)6/h1-10H3"
COC(CC(C)C)C(C1)C(=O)CCC1,"InChI=1S/C12H22O2/c1-9(2)8-12(14-3)10-6-4-5-7-11(10)13/h9-10,12H,4-8H2,1-3H3"
CCCCC(OC)C(C1)C(=O)CCC1,"InChI=1S/C12H22O2/c1-3-4-9-12(14-2)10-7-5-6-8-11(10)13/h10,12H,3-9H2,1-2H3"
OC(C1)C=CCCCCCCCC1,"InChI=1S/C12H22O/c13-12-10-8-6-4-2-1-3-5-7-9-11-12/h8,10,12-13H,1-7,9,11H2/b10-8+"
CC(C)=CCCC(C)(O1)C(COC(C)=O)1,"InChI=1S/C12H20O3/c1-9(2)6-5-7-12(4)11(15-12)8-14-10(3)13/h6,11H,5,7-8H2,1-4H3"
c(c1)ccc(c1)OCC(I)CO[Si](C)(C)C,"InChI=1S/C12H19IO2Si/c1-16(2,3)15-10-11(13)9-14-12-7-5-4-6-8-12/h4-8,11H,9-10H2,1-3H3"
c(c1)ccc(c1)O[Si](C)(C)[Si](C)(C)C,"InChI=1S/C11H20OSi2/c1-13(2,3)14(4,5)12-11-9-7-6-8-10-11/h6-10H,1-5H3"
C=CC(=C)CC(O)(CC)CC,"InChI=1S/C10H18O/c1-5-9(4)8-10(11,6-2)7-3/h5,11H,1,4,6-8H2,2-3H3"
C=CC(=C)CC(O)C=C(C)C,"InChI=1S/C10H16O/c1-5-9(4)7-10(11)6-8(2)3/h5-6,10-11H,1,4,7H2,2-3H3"
CC(=C)C[Si](C)(C)[Si](C)(C)C,"InChI=1S/C9H22Si2/c1-9(2)8-11(6,7)10(3,4)5/h1,8H2,2-7H3"
CCC(=C=O)[Si](C)(C)[Si](C)(C)C,"InChI=1S/C9H20OSi2/c1-7-9(8-10)12(5,6)11(2,3)4/h7H2,1-6H3"
CCCCC(C(O)=O)[Si](C)(C)C,"InChI=1S/C9H20O2Si/c1-5-6-7-8(9(10)11)12(2,3)4/h8H,5-7H2,1-4H3,(H,10,11)"
CCCCC(=C=O)[Si](C)(C)C,"InChI=1S/C9H18OSi/c1-5-6-7-9(8-10)11(2,3)4/h5-7H2,1-4H3"
C(C1)CC(=C1)O[Si](C)(C)C,"InChI=1S/C8H16OSi/c1-10(2,3)9-8-6-4-5-7-8/h6H,4-5,7H2,1-3H3"
C[Si](C)(C)OC(C)C(C)I,"InChI=1S/C7H17IOSi/c1-6(8)7(2)9-10(3,4)5/h6-7H,1-5H3"
CC=CCO[Si](C)(C)C,"InChI=1S/C7H16OSi/c1-5-6-7-8-9(2,3)4/h5-6H,7H2,1-4H3/b6-5+"
CCC(=C=O)[Si](C)(C)C,"InChI=1S/C7H14OSi/c1-5-7(6-8)9(2,3)4/h5H2,1-4H3"
CC(C2)(O1)C(CCC2)1,"InChI=1S/C7H12O/c1-7-5-3-2-4-6(7)8-7/h6H,2-5H2,1H3"
CC(O1)CC(=CC1)C[Si](C)(C)C,"InChI=1S/C10H20OSi/c1-9-7-10(5-6-11-9)8-12(2,3)4/h5,9H,6-8H2,1-4H3"
CC(=O)C(C2)C(CN(Cc(c3)cccc3)2)c(c1)cccc1,"InChI=1S/C19H21NO/c1-15(21)18-13-20(12-16-8-4-2-5-9-16)14-19(18)17-10-6-3-7-11-17/h2-11,18-19H,12-14H2,1H3/t18-,19-/m1/s1"
CC(C4)C(CCC4)=NC(C3)(C1)CC([H])(C2)CC([H])(CC([H])23)1,"InChI=1S/C17H27N/c1-12-4-2-3-5-16(12)18-17-9-13-6-14(10-17)8-15(7-13)11-17/h12-15H,2-11H2,1H3/b18-16+/t12?,13-,14+,15-,17-"
CC(C4)C(CCC4)=NC(C([H])31)C([H])(C2)CC([H])(CC([H])(C3)2)C1,"InChI=1S/C17H27N/c1-11-4-2-3-5-16(11)18-17-14-7-12-6-13(9-14)10-15(17)8-12/h11-15,17H,2-10H2,1H3/b18-16+/t11?,12-,13+,14-,15+,17?"
C=CC(=C)CC(COCc(c1)cccc1)O[Si](C)(C)C,"InChI=1S/C17H26O2Si/c1-6-15(2)12-17(19-20(3,4)5)14-18-13-16-10-8-7-9-11-16/h6-11,17H,1-2,12-14H2,3-5H3"
c(c2)ccc(c2)COCC(O1)CC(=CC1)C[Si](C)(C)C,"InChI=1S/C17H26O2Si/c1-20(2,3)14-16-9-10-19-17(11-16)13-18-12-15-7-5-4-6-8-15/h4-9,17H,10-14H2,1-3H3"
CC(C1)CC(C)(C)CC1N=C(C2)C(C)CCC2,"InChI=1S/C16H29N/c1-12-9-14(11-16(3,4)10-12)17-15-8-6-5-7-13(15)2/h12-14H,5-11H2,1-4H3/b17-15+"
C=CC(=C)CC(O[Si](C)(C)C)c(c1)cccc1,"InChI=1S/C15H22OSi/c1-6-13(2)12-15(16-17(3,4)5)14-10-8-7-9-11-14/h6-11,15H,1-2,12H2,3-5H3"
COC(=O)C(C1)C(C(=O)OC)CN(Cc(c2)cccc2)1,"InChI=1S/C15H19NO4/c1-19-14(17)12-9-16(10-13(12)15(18)20-2)8-11-6-4-3-5-7-11/h3-7,12-13H,8-10H2,1-2H3/t12-,13+"
CCOC(=O)C(C2)CN(C2)Cc(c1)cccc1,"InChI=1S/C14H19NO2/c1-2-17-14(16)13-8-9-15(11-13)10-12-6-4-3-5-7-12/h3-7,13H,2,8-11H2,1H3"
C=CC(=C)CC(O)COCc(c1)cccc1,"InChI=1S/C14H18O2/c1-3-12(2)9-14(15)11-16-10-13-7-5-4-6-8-13/h3-8,14-15H,1-2,9-11H2"
C=C(C2)CC(OC2)COCc(c1)cccc1,"InChI=1S/C14H18O2/c1-12-7-8-16-14(9-12)11-15-10-13-5-3-2-4-6-13/h2-6,14H,1,7-11H2"
c(c2)ccc(c2)CC(C)(C1)C(=O)CCC1,"InChI=1S/C14H18O/c1-14(10-6-5-9-13(14)15)11-12-7-3-2-4-8-12/h2-4,7-8H,5-6,9-11H2,1H3"
CC(C2)C(=O)C(CC2)Cc(c1)cccc1,"InChI=1S/C14H18O/c1-11-6-5-9-13(14(11)15)10-12-7-3-2-4-8-12/h2-4,7-8,11,13H,5-6,9-10H2,1H3/t11-,13+/m1/s1"
COC(=O)C(C2)CN(C2)Cc(c1)cccc1,"InChI=1S/C13H17NO2/c1-16-13(15)12-7-8-14(10-12)9-11-5-3-2-4-6-11/h2-6,12H,7-10H2,1H3"
C=CC(=C)CC(O)c(c1)cccc1,"InChI=1S/C12H14O/c1-3-10(2)9-12(13)11-7-5-4-6-8-11/h3-8,12-13H,1-2,9H2"
CCCC(C)C(O)CC(=C)C=C,"InChI=1S/C11H20O/c1-5-7-10(4)11(12)8-9(3)6-2/h6,10-12H,2-3,5,7-8H2,1,4H3"
CC(C)C(=C(C)C)O[Si](C)(C)C,"InChI=1S/C10H22OSi/c1-8(2)10(9(3)4)11-12(5,6)7/h8H,1-7H3"
C=CCC(=C)C(O)CC(C)C,"InChI=1S/C10H18O/c1-5-6-9(4)10(11)7-8(2)3/h5,8,10-11H,1,4,6-7H2,2-3H3"
C=CCOCc(c1)cccc1,"InChI=1S/C10H12O/c1-2-8-11-9-10-6-4-3-5-7-10/h2-7H,1,8-9H2"
O=CCOCc(c1)cccc1,"InChI=1S/C9H10O2/c10-6-7-11-8-9-4-2-1-3-5-9/h1-6H,7-8H2"
C(C1)C=CC(=C1)O[Si](C)(C)C,"InChI=1S/C9H16OSi/c1-11(2,3)10-9-7-5-4-6-8-9/h5,7-8H,4,6H2,1-3H3"
C[Si](C)(C)CSC[Si](C)(C)C,"InChI=1S/C8H22SSi2/c1-10(2,3)7-9-8-11(4,5)6/h7-8H2,1-6H3"
C=CC(=C)CC(C)O,"InChI=1S/C7H12O/c1-4-6(2)5-7(3)8/h4,7-8H,1-2,5H2,3H3"
C=CC(=C)CBr,"InChI=1S/C5H7Br/c1-3-5(2)4-6/h3H,1-2,4H2"
SC[Si](C)(C)C,"InChI=1S/C4H12SSi/c1-6(2,3)4-5/h5H,4H2,1-3H3"
C[Si](C)(C)c(c21)c(c3)c(ccc3)c([Si](C)(C)C)c(cccc2)1,"InChI=1S/C20H26Si2/c1-21(2,3)19-15-11-7-9-13-17(15)20(22(4,5)6)18-14-10-8-12-16(18)19/h7-14H,1-6H3"
c(c3)cc(c1)c(c3)c([Si](C)(C)C)c(c2)c(ccc2)1,"InChI=1S/C17H18Si/c1-18(2,3)17-15-10-6-4-8-13(15)12-14-9-5-7-11-16(14)17/h4-12H,1-3H3"
c(c1)ccc(c1)C#C[Si](C)([Si](C)(C)C)[Si](C)(C)C,"InChI=1S/C15H26Si3/c1-16(2,3)18(7,17(4,5)6)14-13-15-11-9-8-10-12-15/h8-12H,1-7H3"
c(c2)ccc(c2)[Si](C)(C)c(c1)cccc1,"InChI=1S/C14H16Si/c1-15(2,13-9-5-3-6-10-13)14-11-7-4-8-12-14/h3-12H,1-2H3"
c(c2)ccc(c2)[Ge](C)(C)c(c1)cccc1,"InChI=1S/C14H16Ge/c1-15(2,13-9-5-3-6-10-13)14-11-7-4-8-12-14/h3-12H,1-2H3"
CC(C)(C)C([H])=C([Si](C)(C)C)[Si](C)(C)Cl,"InChI=1S/C11H25ClSi2/c1-11(2,3)9-10(13(4,5)6)14(7,8)12/h9H,1-8H3/b10-9+"
C#C[Si](C)([Si](C)(C)C)[Si](C)(C)C,"InChI=1S/C9H22Si3/c1-9-12(8,10(2,3)4)11(5,6)7/h1H,2-8H3"
ClCCl,InChI=1S/CH2Cl2/c2-1-3/h1H2
BrCBr,InChI=1S/CH2Br2/c2-1-3/h1H2
ClC(Cl)Cl,InChI=1S/CHCl3/c2-1(3)4/h1H
CC(C1)C(CCC1)=NC(C)(C)C,"InChI=1S/C11H21N/c1-9-7-5-6-8-10(9)12-11(2,3)4/h9H,5-8H2,1-4H3/b12-10+"
C=CC(=C)CC(OC)CC(C)C,"InChI=1S/C11H20O/c1-6-10(4)8-11(12-5)7-9(2)3/h6,9,11H,1,4,7-8H2,2-3,5H3"
CC(=O)CC(C)C(C1)C(=O)CCC1,"InChI=1S/C11H18O2/c1-8(7-9(2)12)10-5-3-4-6-11(10)13/h8,10H,3-7H2,1-2H3"
C=CCC(C)C(C1)C(=O)CCC1,"InChI=1S/C11H18O/c1-3-6-9(2)10-7-4-5-8-11(10)12/h3,9-10H,1,4-8H2,2H3"
CC(C)C(=O)Cc(c1)cccc1,"InChI=1S/C11H14O/c1-9(2)11(12)8-10-6-4-3-5-7-10/h3-7,9H,8H2,1-2H3"
CC(C)C(C1)C(=O)C(=C)C(C)C1,"InChI=1S/C11H18O/c1-7(2)10-6-5-8(3)9(4)11(10)12/h7-8,10H,4-6H2,1-3H3"
O=Cc(c1)c(ccc1)C[Si](C)(C)C,"InChI=1S/C11H16OSi/c1-13(2,3)9-11-7-5-4-6-10(11)8-12/h4-8H,9H2,1-3H3"
COC(OC)CC(=O)c(c1)cccc1,"InChI=1S/C11H14O3/c1-13-11(14-2)8-10(12)9-6-4-3-5-7-9/h3-7,11H,8H2,1-2H3"
CCCCC(OC)C(C1)C(=O)CC1,"InChI=1S/C11H20O2/c1-3-4-8-11(13-2)9-6-5-7-10(9)12/h9,11H,3-8H2,1-2H3"
C[Si](C)(C)[Si](C)(C)[Si](C)(C)[Si](C)(C)C,"InChI=1S/C10H30Si4/c1-11(2,3)13(7,8)14(9,10)12(4,5)6/h1-10H3"
C[Si](C)(C)OCCCCO[Si](C)(C)C,"InChI=1S/C10H26O2Si2/c1-13(2,3)11-9-7-8-10-12-14(4,5)6/h7-10H2,1-6H3"
CC(C)CO[Si](CC)(CC)CC,"InChI=1S/C10H24OSi/c1-6-12(7-2,8-3)11-9-10(4)5/h10H,6-9H2,1-5H3"
[SiH3]OCCCC(C)(C)C(C)(C)C,"InChI=1S/C10H24OSi/c1-9(2,3)10(4,5)7-6-8-11-12/h6-8H2,1-5,12H3"
CCC(C)CC(=C)O[Si](C)(C)C,"InChI=1S/C10H22OSi/c1-7-9(2)8-10(3)11-12(4,5)6/h9H,3,7-8H2,1-2,4-6H3"
CCCCC(OC)CC(C)=C,"InChI=1S/C10H20O/c1-5-6-7-10(11-4)8-9(2)3/h10H,2,5-8H2,1,3-4H3"
CC(=C)C(C)C(=O)C(C)(C)C,"InChI=1S/C10H18O/c1-7(2)8(3)9(11)10(4,5)6/h8H,1H2,2-6H3"
c(c1)ccc(c1)CO[Si](C)(C)C,"InChI=1S/C10H16OSi/c1-12(2,3)11-9-10-7-5-4-6-8-10/h4-8H,9H2,1-3H3"
C=CCC(C1)C(=O)C(C)CC1,"InChI=1S/C10H16O/c1-3-5-9-7-4-6-8(2)10(9)11/h3,8-9H,1,4-7H2,2H3"
C=CCC(C)(C1)C(=O)CCC1,"InChI=1S/C10H16O/c1-3-7-10(2)8-5-4-6-9(10)11/h3H,1,4-8H2,2H3"
CC(=C)C(C1)CC([H])=C(C)C1,"InChI=1S/C10H16/c1-8(2)10-6-4-9(3)5-7-10/h4,10H,1,5-7H2,2-3H3"
O=C(C=1)CC(C)(C2)C(CCC2)1,"InChI=1S/C10H14O/c1-10-5-3-2-4-8(10)6-9(11)7-10/h6H,2-5,7H2,1H3"
CC(=C)C(C)C(=O)c(c1)occ1,"InChI=1S/C10H12O2/c1-7(2)8(3)10(11)9-5-4-6-12-9/h4-6,8H,1H2,2-3H3"
C[Si](C)(C)CC=C[Si](C)(C)C,"InChI=1S/C9H22Si2/c1-10(2,3)8-7-9-11(4,5)6/h7-8H,9H2,1-6H3/b8-7+"
CCCN(CCC)CCC,"InChI=1S/C9H21N/c1-4-7-10(8-5-2)9-6-3/h4-9H2,1-3H3"
CCCCCC(=O)O[Si](C)(C)C,"InChI=1S/C9H20O2Si/c1-5-6-7-8-9(10)11-12(2,3)4/h5-8H2,1-4H3"
CCC(=C(C)C)O[Si](C)(C)C,"InChI=1S/C9H20OSi/c1-7-9(8(2)3)10-11(4,5)6/h7H2,1-6H3"
CCCCC(OC)CC=C,"InChI=1S/C9H18O/c1-4-6-8-9(10-3)7-5-2/h5,9H,2,4,6-8H2,1,3H3"
C=CCC(OC)C(Br)CCC,"InChI=1S/C9H17BrO/c1-4-6-8(10)9(11-3)7-5-2/h5,8-9H,2,4,6-7H2,1,3H3"
CC(C1)=CCC(C1)C(C)=O,"InChI=1S/C9H14O/c1-7-3-5-9(6-4-7)8(2)10/h3,9H,4-6H2,1-2H3"
Clc(c1)c(ccc1)O[Si](C)(C)C,"InChI=1S/C9H13ClOSi/c1-12(2,3)11-9-7-5-4-6-8(9)10/h4-7H,1-3H3"
C=C(C1)CCC(C1)C(C)=O,"InChI=1S/C9H14O/c1-7-3-5-9(6-4-7)8(2)10/h9H,1,3-6H2,2H3"
COC(OC)C(C1)C(=O)CC1,"InChI=1S/C8H14O3/c1-10-8(11-2)6-4-3-5-7(6)9/h6,8H,3-5H2,1-2H3"
O=C(C1)C(C)(C)CCC1,"InChI=1S/C8H14O/c1-8(2)6-4-3-5-7(8)9/h3-6H2,1-2H3"
CCC(C)CC(C)=O,"InChI=1S/C7H14O/c1-4-6(2)5-7(3)8/h6H,4-5H2,1-3H3"
ClCCO[Si](C)(C)C,"InChI=1S/C5H13ClOSi/c1-8(2,3)7-5-4-6/h4-5H2,1-3H3"
CC(I)CI,"InChI=1S/C3H6I2/c1-3(5)2-4/h3H,2H2,1H3"
C[Si](C)(N([Si](C)(C)C(C)(C)C)c(c1)cc(C(C)(C)C)cc(C(C)(C)C)1)C(C)(C)C,"InChI=1S/C26H51NSi2/c1-23(2,3)20-17-21(24(4,5)6)19-22(18-20)27(28(13,14)25(7,8)9)29(15,16)26(10,11)12/h17-19H,1-16H3"
OC(=O)c(c1)cc(cc1C(C)(C)C)C(C)(C)C,"InChI=1S/C15H22O2/c1-14(2,3)11-7-10(13(16)17)8-12(9-11)15(4,5)6/h7-9H,1-6H3,(H,16,17)"
CC[Si](C)(C)[Si](C)(C)CC,"InChI=1S/C8H22Si2/c1-7-9(3,4)10(5,6)8-2/h7-8H2,1-6H3"
CC(C)(C)[Si](C)(C)C#C[Si](C)(C)C(C)(C)C,"InChI=1S/C14H30Si2/c1-13(2,3)15(7,8)11-12-16(9,10)14(4,5)6/h1-10H3"
C=CC(=C)CC(CCc(c1)cccc1)O[Si](C)(C)C,"InChI=1S/C17H26OSi/c1-6-15(2)14-17(18-19(3,4)5)13-12-16-10-8-7-9-11-16/h6-11,17H,1-2,12-14H2,3-5H3"
c(c2)ccc(c2)CCC(O1)CC(=CC1)C[Si](C)(C)C,"InChI=1S/C17H26OSi/c1-19(2,3)14-16-11-12-18-17(13-16)10-9-15-7-5-4-6-8-15/h4-8,11,17H,9-10,12-14H2,1-3H3"
CCCC(C1)C(C2)(C(=O)CCC2)C(C[Si](C)(C)C)1,"InChI=1S/C16H30OSi/c1-5-8-13-11-14(12-18(2,3)4)16(13)10-7-6-9-15(16)17/h13-14H,5-12H2,1-4H3"
COC(CC(=O)c(c2)cccc2)c(c1)cccc1,"InChI=1S/C16H16O2/c1-18-16(14-10-6-3-7-11-14)12-15(17)13-8-4-2-5-9-13/h2-11,16H,12H2,1H3"
CC(=O)CC(C1)C(=O)CCCCCCCCC1,"InChI=1S/C15H26O2/c1-13(16)12-14-10-8-6-4-2-3-5-7-9-11-15(14)17/h14H,2-12H2,1H3"
CC(C)=CCCC(=C)C(C1)CC([H])=C(C)C1,"InChI=1S/C15H24/c1-12(2)6-5-7-14(4)15-10-8-13(3)9-11-15/h6,8,15H,4-5,7,9-11H2,1-3H3"
c(c2)ccc(c2)C(O1)CC(=CC1)C[Si](C)(C)C,"InChI=1S/C15H22OSi/c1-17(2,3)12-13-9-10-16-15(11-13)14-7-5-4-6-8-14/h4-9,15H,10-12H2,1-3H3"
O=CCC(c(c1)cccc1)C(C(C)=O)C(OC)OC,"InChI=1S/C15H20O4/c1-11(17)14(15(18-2)19-3)13(9-10-16)12-7-5-4-6-8-12/h4-8,10,13-15H,9H2,1-3H3"
COC(C=Cc(c2)cccc2)C(C1)C(=O)CC1,"InChI=1S/C15H18O2/c1-17-15(13-8-5-9-14(13)16)11-10-12-6-3-2-4-7-12/h2-4,6-7,10-11,13,15H,5,8-9H2,1H3/b11-10+"
O=C(C=Cc(c2)cccc2)c(c1)cccc1,InChI=1S/C15H12O/c16-15(14-9-5-2-6-10-14)12-11-13-7-3-1-4-8-13/h1-12H/b12-11+
C[Si](C)(C)OCc(c1)c(ccc1)C[Si](C)(C)C,"InChI=1S/C14H26OSi2/c1-16(2,3)12-14-10-8-7-9-13(14)11-15-17(4,5)6/h7-10H,11-12H2,1-6H3"
C[Si](C)(C)CC(C1)C(C2)(C(=O)CCC2)C(C)1,"InChI=1S/C14H26OSi/c1-11-9-12(10-16(2,3)4)14(11)8-6-5-7-13(14)15/h11-12H,5-10H2,1-4H3"
CC(C)=C(Cc(c1)cccc1)O[Si](C)(C)C,"InChI=1S/C14H22OSi/c1-12(2)14(15-16(3,4)5)11-13-9-7-6-8-10-13/h6-10H,11H2,1-5H3"
CC(C)=CCCC(=O)C(C1)CC=C(C)C1,"InChI=1S/C14H22O/c1-11(2)5-4-6-14(15)13-9-7-12(3)8-10-13/h5,7,13H,4,6,8-10H2,1-3H3"
CCCCC(OC)CC(=O)c(c1)cccc1,"InChI=1S/C14H20O2/c1-3-4-10-13(16-2)11-14(15)12-8-6-5-7-9-12/h5-9,13H,3-4,10-11H2,1-2H3"
COC(CC(C)C)CC(=O)c(c1)cccc1,"InChI=1S/C14H20O2/c1-11(2)9-13(16-3)10-14(15)12-7-5-4-6-8-12/h4-8,11,13H,9-10H2,1-3H3"
CCCCC(C(C)=O)Cc(c1)cccc1,"InChI=1S/C14H20O/c1-3-4-10-14(12(2)15)11-13-8-6-5-7-9-13/h5-9,14H,3-4,10-11H2,1-2H3"
CCCCCC(=O)CCc(c1)cccc1,"InChI=1S/C14H20O/c1-2-3-5-10-14(15)12-11-13-8-6-4-7-9-13/h4,6-9H,2-3,5,10-12H2,1H3"
C=CC(=C)CC(O)CCc(c1)cccc1,"InChI=1S/C14H18O/c1-3-12(2)11-14(15)10-9-13-7-5-4-6-8-13/h3-8,14-15H,1-2,9-11H2"
C=C(C2)CC(OC2)CCc(c1)cccc1,"InChI=1S/C14H18O/c1-12-9-10-15-14(11-12)8-7-13-5-3-2-4-6-13/h2-6,14H,1,7-11H2"
CCCCCCC(C)O[Si](C)(CC)CC,"InChI=1S/C13H30OSi/c1-6-9-10-11-12-13(4)14-15(5,7-2)8-3/h13H,6-12H2,1-5H3"
CC(C1)CC(O[Si](C)(C)C)C(C1)C(C)C,"InChI=1S/C13H28OSi/c1-10(2)12-8-7-11(3)9-13(12)14-15(4,5)6/h10-13H,7-9H2,1-6H3"
C[Si](C)(C)OC(C1)C(C)(C2)C(C)(C)C(C2)1,"InChI=1S/C13H26OSi/c1-12(2)10-7-8-13(12,3)11(9-10)14-15(4,5)6/h10-11H,7-9H2,1-6H3"
COC(OC)c(c1)c(ccc1)C[Si](C)(C)C,"InChI=1S/C13H22O2Si/c1-14-13(15-2)12-9-7-6-8-11(12)10-16(3,4)5/h6-9,13H,10H2,1-5H3"
CC[Si](CC)(CC)OCc(c1)cccc1,"InChI=1S/C13H22OSi/c1-4-15(5-2,6-3)14-12-13-10-8-7-9-11-13/h7-11H,4-6,12H2,1-3H3"
CCCC(CC=C)C(C1)C(=O)CCC1,"InChI=1S/C13H22O/c1-3-7-11(8-4-2)12-9-5-6-10-13(12)14/h3,11-12H,1,4-10H2,2H3"
COc(c1)ccc(c1)CC(=C)O[Si](C)(C)C,"InChI=1S/C13H20O2Si/c1-11(15-16(3,4)5)10-12-6-8-13(14-2)9-7-12/h6-9H,1,10H2,2-5H3"
CCC(=O)C(C)C(OC)c(c1)cccc1,"InChI=1S/C13H18O2/c1-4-12(14)10(2)13(15-3)11-8-6-5-7-9-11/h5-10,13H,4H2,1-3H3"
CCOC(OCC)CC(=O)c(c1)cccc1,"InChI=1S/C13H18O3/c1-3-15-13(16-4-2)10-12(14)11-8-6-5-7-9-11/h5-9,13H,3-4,10H2,1-2H3"
c(c3)ccc(c3)C(C1)CC(C)(O2)OC(C)(O2)1,"InChI=1S/C13H16O3/c1-12-8-11(10-6-4-3-5-7-10)9-13(2,14-12)16-15-12/h3-7,11H,8-9H2,1-2H3"
COC(c(c2)cccc2)C(C1)C(=O)CC1,"InChI=1S/C13H16O2/c1-15-13(10-6-3-2-4-7-10)11-8-5-9-12(11)14/h2-4,6-7,11,13H,5,8-9H2,1H3"
C#CCC(CC(C)=O)c(c1)cccc1,"InChI=1S/C13H14O/c1-3-7-13(10-11(2)14)12-8-5-4-6-9-12/h1,4-6,8-9,13H,7,10H2,2H3"
CC(=C2)CC(CC(=O)2)c(c1)cccc1,"InChI=1S/C13H14O/c1-10-7-12(9-13(14)8-10)11-5-3-2-4-6-11/h2-6,8,12H,7,9H2,1H3"
CCCCCC(=C(C)C)O[Si](C)(C)C,"InChI=1S/C12H26OSi/c1-7-8-9-10-12(11(2)3)13-14(4,5)6/h7-10H2,1-6H3"
CC(=C)CCC(CCC(C)=O)C(C)=O,"InChI=1S/C12H20O2/c1-9(2)5-7-12(11(4)14)8-6-10(3)13/h12H,1,5-8H2,2-4H3"
CC(=C)CC(C)C(C1)C(=O)CCC1,"InChI=1S/C12H20O/c1-9(2)8-10(3)11-6-4-5-7-12(11)13/h10-11H,1,4-8H2,2-3H3"
COCc(c1)c(ccc1)C[Si](C)(C)C,"InChI=1S/C12H20OSi/c1-13-9-11-7-5-6-8-12(11)10-14(2,3)4/h5-8H,9-10H2,1-4H3"
C=C(Cc(c1)cccc1)O[Si](C)(C)C,"InChI=1S/C12H18OSi/c1-11(13-14(2,3)4)10-12-8-6-5-7-9-12/h5-9H,1,10H2,2-4H3"
C=CCC(OC)C=Cc(c1)cccc1,"InChI=1S/C13H16O/c1-3-7-13(14-2)11-10-12-8-5-4-6-9-12/h3-6,8-11,13H,1,7H2,2H3/b11-10+"
CC(=C)C(C)C(=O)c(c1)cccc1,"InChI=1S/C12H14O/c1-9(2)10(3)12(13)11-7-5-4-6-8-11/h4-8,10H,1H2,2-3H3"
CCCCCCCCO[Si](C)(C)C,"InChI=1S/C11H26OSi/c1-5-6-7-8-9-10-11-12-13(2,3)4/h5-11H2,1-4H3"
CCCCCCC(C)O[Si](C)(C)C,"InChI=1S/C11H26OSi/c1-6-7-8-9-10-11(2)12-13(3,4)5/h11H,6-10H2,1-5H3"
CCCCCC(C)=NC(C)(C)C,"InChI=1S/C11H23N/c1-6-7-8-9-10(2)12-11(3,4)5/h6-9H2,1-5H3/b12-10-"
OCc(c1)c(ccc1)C[Si](C)(C)C,"InChI=1S/C11H18OSi/c1-13(2,3)9-11-7-5-4-6-10(11)8-12/h4-7,12H,8-9H2,1-3H3"
CC(C)[Si](C)(C)[Si](C)(C)O[Si](C)(C)[Si](C)(C)C(C)C,"InChI=1S/C14H38OSi4/c1-13(2)16(5,6)18(9,10)15-19(11,12)17(7,8)14(3)4/h13-14H,1-12H3"
OC(=O)CNC(=O)c(c1)ccc(C)c1,"InChI=1S/C10H11NO3/c1-7-2-4-8(5-3-7)10(14)11-6-9(12)13/h2-5H,6H2,1H3,(H,11,14)(H,12,13)"
OC(=O)CNC(=O)c(c1)cc(C)cc1,"InChI=1S/C10H11NO3/c1-7-3-2-4-8(5-7)10(14)11-6-9(12)13/h2-5H,6H2,1H3,(H,11,14)(H,12,13)"
OC(=O)CNC(=O)c(c1)c(C)ccc1,"InChI=1S/C10H11NO3/c1-7-4-2-3-5-8(7)10(14)11-6-9(12)13/h2-5H,6H2,1H3,(H,11,14)(H,12,13)"
OC(=O)CNC(=O)c(c([2H])1)c([2H])c([2H])c([2H])c([2H])1,"InChI=1S/C9H9NO3/c11-8(12)6-10-9(13)7-4-2-1-3-5-7/h1-5H,6H2,(H,10,13)(H,11,12)/i1D,2D,3D,4D,5D"
OC(=O)CNC(=O)Cc(c1)cccc1,"InChI=1S/C10H11NO3/c12-9(11-7-10(13)14)6-8-4-2-1-3-5-8/h1-5H,6-7H2,(H,11,12)(H,13,14)"
COC(=O)C#Cc(c1)cccc1,"InChI=1S/C10H8O2/c1-12-10(11)8-7-9-5-3-2-4-6-9/h2-6H,1H3"
COC(=O)C=Cc(c1)ccc(C)c1,"InChI=1S/C11H12O2/c1-9-3-5-10(6-4-9)7-8-11(12)13-2/h3-8H,1-2H3/b8-7+"
O=Cc(c1)ccc(c1)C(=O)OC,"InChI=1S/C9H8O3/c1-12-9(11)8-4-2-7(6-10)3-5-8/h2-6H,1H3"
COC(=O)CC(=CC(=O)OC)C(=O)OC,"InChI=1S/C9H12O6/c1-13-7(10)4-6(9(12)15-3)5-8(11)14-2/h4H,5H2,1-3H3/b6-4+"
COC(=O)CC(C(=O)OC)c(c1)cccc1,"InChI=1S/C12H14O4/c1-15-11(13)8-10(12(14)16-2)9-6-4-3-5-7-9/h3-7,10H,8H2,1-2H3"
COC(=O)C([H])(C1)C(C)(C)C(C)(C1)C(=O)OC,"InChI=1S/C12H20O4/c1-11(2)8(9(13)15-4)6-7-12(11,3)10(14)16-5/h8H,6-7H2,1-5H3/t8-,12+/m1/s1"
OCCSC,"InChI=1S/C3H8OS/c1-5-3-2-4/h4H,2-3H2,1H3"
COC(=O)CC(C)(CC)CC(=O)OC,"InChI=1S/C10H18O4/c1-5-10(2,6-8(11)13-3)7-9(12)14-4/h5-7H2,1-4H3"
COC(=O)Cc(c1)ccc(C)c1,"InChI=1S/C10H12O2/c1-8-3-5-9(6-4-8)7-10(11)12-2/h3-6H,7H2,1-2H3"
COC(=O)C(C1)C(CC=C1)C(=O)OC,"InChI=1S/C10H14O4/c1-13-9(11)7-5-3-4-6-8(7)10(12)14-2/h3-4,7-8H,5-6H2,1-2H3"
COC(=O)Cc(c1)c(c2)c(ccc2)cc1,"InChI=1S/C13H12O2/c1-15-13(14)9-11-7-4-6-10-5-2-3-8-12(10)11/h2-8H,9H2,1H3"
COC(=O)Cc(c1)c(ccc1)C(=O)OC,"InChI=1S/C11H12O4/c1-14-10(12)7-8-5-3-4-6-9(8)11(13)15-2/h3-6H,7H2,1-2H3"
COC(=O)CC(C1)CCCC1,"InChI=1S/C9H16O2/c1-11-9(10)7-8-5-3-2-4-6-8/h8H,2-7H2,1H3"
COC(=O)CC(C1)CCC1,"InChI=1S/C8H14O2/c1-10-8(9)6-7-4-2-3-5-7/h7H,2-6H2,1H3"
CCCC(CCC)C(=O)OC,"InChI=1S/C9H18O2/c1-4-6-8(7-5-2)9(10)11-3/h8H,4-7H2,1-3H3"
COC(=O)C(C1)CCC1,"InChI=1S/C7H12O2/c1-9-7(8)6-4-2-3-5-6/h6H,2-5H2,1H3"
COC(=O)C(C)c(c1)cccc1,"InChI=1S/C10H12O2/c1-8(10(11)12-2)9-6-4-3-5-7-9/h3-8H,1-2H3"
COC(=O)C(C(=O)OC)Cc(c1)cccc1,"InChI=1S/C12H14O4/c1-15-11(13)10(12(14)16-2)8-9-6-4-3-5-7-9/h3-7,10H,8H2,1-2H3"
COC(=O)C(C1)CCCC1,"InChI=1S/C8H14O2/c1-10-8(9)7-5-3-2-4-6-7/h7H,2-6H2,1H3"
CCOc(c1)c(ccc1)C(=O)OC,"InChI=1S/C10H12O3/c1-3-13-9-7-5-4-6-8(9)10(11)12-2/h4-7H,3H2,1-2H3"
CCCCCc(c1)ccc(c1)C(=O)OC,"InChI=1S/C13H18O2/c1-3-4-5-6-11-7-9-12(10-8-11)13(14)15-2/h7-10H,3-6H2,1-2H3"
CCCCc(c1)ccc(c1)C(=O)OC,"InChI=1S/C12H16O2/c1-3-4-5-10-6-8-11(9-7-10)12(13)14-2/h6-9H,3-5H2,1-2H3"
COC(=O)c(c1)ccc(c1)C(C)(C)C,"InChI=1S/C12H16O2/c1-12(2,3)10-7-5-9(6-8-10)11(13)14-4/h5-8H,1-4H3"
CCCc(c1)ccc(c1)C(=O)OC,"InChI=1S/C11H14O2/c1-3-4-9-5-7-10(8-6-9)11(12)13-2/h5-8H,3-4H2,1-2H3"
COC(=O)c(c1)cc(C)cc(C)1,"InChI=1S/C10H12O2/c1-7-4-8(2)6-9(5-7)10(11)12-3/h4-6H,1-3H3"
COC(=O)c(c1)c(C)ccc1,"InChI=1S/C9H10O2/c1-7-5-3-4-6-8(7)9(10)11-2/h3-6H,1-2H3"
COC(=O)c(c1)cc(C)c(C)c1,"InChI=1S/C10H12O2/c1-7-4-5-9(6-8(7)2)10(11)12-3/h4-6H,1-3H3"
COC(=O)c(c1)c(C)ccc(C)1,"InChI=1S/C10H12O2/c1-7-4-5-8(2)9(6-7)10(11)12-3/h4-6H,1-3H3"
O=C(OC)C1=CC=C(C=C1C)C,"InChI=1S/C10H12O2/c1-7-4-5-9(8(2)6-7)10(11)12-3/h4-6H,1-3H3"
COC(=O)c(c1)cc(C)cc1,"InChI=1S/C9H10O2/c1-7-4-3-5-8(6-7)9(10)11-2/h3-6H,1-2H3"
COC(=O)c(c1)ccc(C)c1,"InChI=1S/C9H10O2/c1-7-3-5-8(6-4-7)9(10)11-2/h3-6H,1-2H3"
CCCCCCCCC=CCCCCCCCCCCCC(=O)OC,"InChI=1S/C23H44O2/c1-3-4-5-6-7-8-9-10-11-12-13-14-15-16-17-18-19-20-21-22-23(24)25-2/h10-11H,3-9,12-22H2,1-2H3/b11-10+"
CCCCCCCCCCCCCCC=CCCCC(=O)OC,"InChI=1S/C21H40O2/c1-3-4-5-6-7-8-9-10-11-12-13-14-15-16-17-18-19-20-21(22)23-2/h16-17H,3-15,18-20H2,1-2H3/b17-16-"
CCCCC=CCCCCCCCC(=O)OC,"InChI=1S/C15H28O2/c1-3-4-5-6-7-8-9-10-11-12-13-14-15(16)17-2/h6-7H,3-5,8-14H2,1-2H3/b7-6-"
COC(=O)CCCCCCCCCCCCCCCCCC(C)C,"InChI=1S/C22H44O2/c1-21(2)19-17-15-13-11-9-7-5-4-6-8-10-12-14-16-18-20-22(23)24-3/h21H,4-20H2,1-3H3"
COC(=O)CCCCCCCCCCCCCCCCC(C)C,"InChI=1S/C21H42O2/c1-20(2)18-16-14-12-10-8-6-4-5-7-9-11-13-15-17-19-21(22)23-3/h20H,4-19H2,1-3H3"
COC(=O)CCCCCCCCCCCCCCCC(C)C,"InChI=1S/C20H40O2/c1-19(2)17-15-13-11-9-7-5-4-6-8-10-12-14-16-18-20(21)22-3/h19H,4-18H2,1-3H3"
COC(=O)CCCCCCCCCCCCCCC(C)C,"InChI=1S/C19H38O2/c1-18(2)16-14-12-10-8-6-4-5-7-9-11-13-15-17-19(20)21-3/h18H,4-17H2,1-3H3"
COC(=O)CCCCCCCCCCCCCC(C)C,"InChI=1S/C18H36O2/c1-17(2)15-13-11-9-7-5-4-6-8-10-12-14-16-18(19)20-3/h17H,4-16H2,1-3H3"
COC(=O)C(C)=CC=C(C)C(=O)OC,"InChI=1S/C10H14O4/c1-7(9(11)13-3)5-6-8(2)10(12)14-4/h5-6H,1-4H3/b7-5+,8-6+"
COC(=O)CC=CCC(=O)OC,"InChI=1S/C8H12O4/c1-11-7(9)5-3-4-6-8(10)12-2/h3-4H,5-6H2,1-2H3/b4-3+"
c([Sn](c(c4)cccc4)(c(c3)cccc3)c(c2)cccc2)(c1)cccc1,InChI=1S/4C6H5.Sn/c4*1-2-4-6-5-3-1
c(c3)ccc(c3)[Sn](Cl)(c(c2)cccc2)c(c1)cccc1,InChI=1S/3C6H5.ClH.Sn/c3*1-2-4-6-5-3-1
CCCC[Sn](CCCC)(CCCC)OC(C)=O,InChI=1S/3C4H9.C2H4O2.Sn/c3*1-3-4-2
CCCC[Sn](Cl)(CCCC)CCCC,InChI=1S/3C4H9.ClH.Sn/c3*1-3-4-2
CCCC[Sn](F)(CCCC)CCCC,InChI=1S/3C4H9.FH.Sn/c3*1-3-4-2
CC[Sn](CC)(CC)CC,InChI=1S/4C2H5.Sn/c4*1-2
COC(=O)CCCCCCCCCCCCC(C)C,"InChI=1S/C17H34O2/c1-16(2)14-12-10-8-6-4-5-7-9-11-13-15-17(18)19-3/h16H,4-15H2,1-3H3"
COC(=O)CCCCCCCCCCCC(C)C,"InChI=1S/C16H32O2/c1-15(2)13-11-9-7-5-4-6-8-10-12-14-16(17)18-3/h15H,4-14H2,1-3H3"
COC(=O)CCCCCCCCCCC(C)C,"InChI=1S/C15H30O2/c1-14(2)12-10-8-6-4-5-7-9-11-13-15(16)17-3/h14H,4-13H2,1-3H3"
COC(=O)CCCCCCCCCC(C)C,"InChI=1S/C14H28O2/c1-13(2)11-9-7-5-4-6-8-10-12-14(15)16-3/h13H,4-12H2,1-3H3"
COC(=O)CCCCCCCCC(C)C,"InChI=1S/C13H26O2/c1-12(2)10-8-6-4-5-7-9-11-13(14)15-3/h12H,4-11H2,1-3H3"
CCCCCC(C)CCC(=O)OC,"InChI=1S/C11H22O2/c1-4-5-6-7-10(2)8-9-11(12)13-3/h10H,4-9H2,1-3H3"
COC(=O)c(c1)c(c2)c(ccc2)cc1,"InChI=1S/C12H10O2/c1-14-12(13)11-8-4-6-9-5-2-3-7-10(9)11/h2-8H,1H3"
CCCCOc(c1)ccc(c1)C(=O)OC,"InChI=1S/C12H16O3/c1-3-4-9-15-11-7-5-10(6-8-11)12(13)14-2/h5-8H,3-4,9H2,1-2H3"
Oc(c(C(c(c4[2H])c(c(c([2H])c4[2H])[2H])[2H])C)1)c(C(c(c3[2H])c(c(c([2H])c3[2H])[2H])[2H])C)cc(C(c(c2[2H])c(c(c([2H])c([2H])2)[2H])[2H])C)c1,"InChI=1S/C30H30O/c1-21(24-13-7-4-8-14-24)27-19-28(22(2)25-15-9-5-10-16-25)30(31)29(20-27)23(3)26-17-11-6-12-18-26/h4-23,31H,1-3H3/i4D,5D,6D,7D,8D,9D,10D,11D,12D,13D,14D,15D,16D,17D,18D"
c(c4)c(ccc4)C(c(c2)c(c(cc(C(c(c3)cccc3)C)2)C(c(c1)cccc1)C)O)C,"InChI=1S/C30H30O/c1-21(24-13-7-4-8-14-24)27-19-28(22(2)25-15-9-5-10-16-25)30(31)29(20-27)23(3)26-17-11-6-12-18-26/h4-23,31H,1-3H3"
[2H]c(c([2H])3)c([2H])c([2H])c(c([2H])3)C(C)c(c2)c(O)c(cc2)C(C)c(c([2H])1)c([2H])c([2H])c([2H])c([2H])1,"InChI=1S/C22H22O/c1-16(18-10-5-3-6-11-18)20-14-9-15-21(22(20)23)17(2)19-12-7-4-8-13-19/h3-17,23H,1-2H3/i3D,4D,5D,6D,7D,8D,10D,11D,12D,13D"
c(c3)ccc(c3)C(C)c(c2)c(O)c(cc2)C(C)c(c1)cccc1,"InChI=1S/C22H22O/c1-16(18-10-5-3-6-11-18)20-14-9-15-21(22(20)23)17(2)19-12-7-4-8-13-19/h3-17,23H,1-2H3"
COC(=O)c(c1)c(C(=O)OC)c(c2)c(ccc2)c1,"InChI=1S/C14H12O4/c1-17-13(15)11-8-7-9-5-3-4-6-10(9)12(11)14(16)18-2/h3-8H,1-2H3"
[H]C(N=1)=NC(N1)NC(=O)C(F)(F)C(F)(F)F,"InChI=1S/C5H3F5N4O/c6-4(7,5(8,9)10)2(15)13-3-11-1-12-14-3/h1,3H,(H,13,15)"
O=C(Nn(c1)cnn1)C(F)(F)C(F)(F)F,"InChI=1S/C5H3F5N4O/c6-4(7,5(8,9)10)3(15)13-14-1-11-12-2-14/h1-2H,(H,13,15)"
COC(=O)c(c(OC)1)c(c2)c(ccc2)cc1,"InChI=1S/C13H12O3/c1-15-11-8-7-9-5-3-4-6-10(9)12(11)13(14)16-2/h3-8H,1-2H3"
Oc(c2)ccc(c2)C(C)c(c([2H])1)c([2H])c([2H])c([2H])c([2H])1,"InChI=1S/C14H14O/c1-11(12-5-3-2-4-6-12)13-7-9-14(15)10-8-13/h2-11,15H,1H3/i2D,3D,4D,5D,6D"
COC(=O)c(c1)c(O)c(c2)c(ccc2)c1,"InChI=1S/C12H10O3/c1-15-12(14)10-7-6-8-4-2-3-5-9(8)11(10)13/h2-7,13H,1H3"
Oc(c2)ccc(c2)C(C)c(c1)cccc1,"InChI=1S/C14H14O/c1-11(12-5-3-2-4-6-12)13-7-9-14(15)10-8-13/h2-11,15H,1H3"
O=C(Nn(c1)cnn1)C(F)(F)F,"InChI=1S/C4H3F3N4O/c5-4(6,7)3(12)10-11-1-8-9-2-11/h1-2H,(H,10,12)"
C1=NNC(=N1)NC(=O)C(F)(F)F,"InChI=1S/C4H3F3N4O/c5-4(6,7)2(12)10-3-8-1-9-11-3/h1H,(H2,8,9,10,11,12)"
NCCNCCNCCN,"InChI=1S/C6H18N4/c7-1-3-9-5-6-10-4-2-8/h9-10H,1-8H2"
CC(=O)OCOc(c1)cccc1,"InChI=1S/C9H10O3/c1-8(10)11-7-12-9-5-3-2-4-6-9/h2-6H,7H2,1H3"
O=C(C=C)C,"InChI=1S/C4H6O/c1-3-4(2)5/h3H,1H2,2H3"
CC(=C)C(=O)OC(C)c(c1)cccc1,"InChI=1S/C12H14O2/c1-9(2)12(13)14-10(3)11-7-5-4-6-8-11/h4-8,10H,1H2,2-3H3"
[2H]C([2H])([2H])C(C([2H])([2H])[2H])OC(C)=O,"InChI=1S/C5H10O2/c1-4(2)7-5(3)6/h4H,1-3H3/i1D3,2D3"
[2H]C([2H])([2H])C(C)OC(=O)C(C)=C,"InChI=1S/C7H12O2/c1-5(2)7(8)9-6(3)4/h6H,1H2,2-4H3/i3D3"
CCNc(c1)ccc(C)c1,"InChI=1S/C9H13N/c1-3-10-9-6-4-8(2)5-7-9/h4-7,10H,3H2,1-2H3"
CCNc(c1)cc(C)cc1,"InChI=1S/C9H13N/c1-3-10-9-6-4-5-8(2)7-9/h4-7,10H,3H2,1-2H3"
CCc(c1)ccc(N)c1,"InChI=1S/C8H11N/c1-2-7-3-5-8(9)6-4-7/h3-6H,2,9H2,1H3"
CCc(c1)cc(N)cc1,"InChI=1S/C8H11N/c1-2-7-4-3-5-8(9)6-7/h3-6H,2,9H2,1H3"
CNc(c1)cc(C)cc1,"InChI=1S/C8H11N/c1-7-4-3-5-8(6-7)9-2/h3-6,9H,1-2H3"
COCC(=O)OC,"InChI=1S/C4H8O3/c1-6-3-4(5)7-2/h3H2,1-2H3"
[2H]C([2H])([2H])OC(=O)CC(=O)OC([2H])([2H])[2H],"InChI=1S/C5H8O4/c1-8-4(6)3-5(7)9-2/h3H2,1-2H3/i1D3,2D3"
CCCOCCC,"InChI=1S/C6H14O/c1-3-5-7-6-4-2/h3-6H2,1-2H3"
O=C=Nc(c1)cc(N=C=O)c(C)c1,"InChI=1S/C9H6N2O2/c1-7-2-3-8(10-5-12)4-9(7)11-6-13/h2-4H,1H3"
N#Cc(c1)c(C=O)ccc1,"InChI=1S/C8H5NO/c9-5-7-3-1-2-4-8(7)6-10/h1-4,6H"
O=Cc(c1)c(C=O)ccc1,InChI=1S/C8H6O2/c9-5-7-3-1-2-4-8(7)6-10/h1-6H
OC(=O)C(C)(C)O,"InChI=1S/C4H8O3/c1-4(2,7)3(5)6/h7H,1-2H3,(H,5,6)"
Cc(c1)cc(N)cc1,"InChI=1S/C7H9N/c1-6-3-2-4-7(8)5-6/h2-5H,8H2,1H3"
O=C(N1)NC(=O)C(=C1)C(C)(C)C,"InChI=1S/C8H12N2O2/c1-8(2,3)5-4-9-7(12)10-6(5)11/h4H,1-3H3,(H2,9,10,11,12)"
CN(C)c(n1)ncc(c1)[N+1]([O-1])=O,"InChI=1S/C6H8N4O2/c1-9(2)6-7-3-5(4-8-6)10(11)12/h3-4H,1-2H3"
CC(C2)N(C(=O)1)C(CC2)=NC=C1,"InChI=1S/C9H12N2O/c1-7-3-2-4-8-10-6-5-9(12)11(7)8/h5-7H,2-4H2,1H3"
CN(C)c(n1)ncc(Cl)c1,"InChI=1S/C6H8ClN3/c1-10(2)6-8-3-5(7)4-9-6/h3-4H,1-2H3"
c(c2)ccc(c2)c(n1)nccc1,InChI=1S/C10H8N2/c1-2-5-9(6-3-1)10-11-7-4-8-12-10/h1-8H
CC(=O)C(=C(O)1)C(O)=NCN1,"InChI=1S/C6H8N2O3/c1-3(9)4-5(10)7-2-8-6(4)11/h7,10H,2H2,1H3,(H,8,11)"
NC(=O)c(c(O)1)c(O)ncn1,"InChI=1S/C5H5N3O3/c6-3(9)2-4(10)7-1-8-5(2)11/h1H,(H2,6,9)(H2,7,8,10,11)"
COc(n1)ncc(c1)[N+1]([O-1])=O,"InChI=1S/C5H5N3O3/c1-11-5-6-2-4(3-7-5)8(9)10/h2-3H,1H3"
N#CC(C(=O)1)=C(Cl)N=CN1,"InChI=1S/C5H2ClN3O/c6-4-3(1-7)5(10)9-2-8-4/h2H,(H,8,9,10)"
CC(=O)C(=C(O)1)C(=O)NC=N1,"InChI=1S/C6H6N2O3/c1-3(9)4-5(10)7-2-8-6(4)11/h2H,1H3,(H2,7,8,10,11)"
COc(n1)ncc(Cl)c1,"InChI=1S/C5H5ClN2O/c1-9-5-7-2-4(6)3-8-5/h2-3H,1H3"
COc(c1)cnc(OC)n1,"InChI=1S/C6H8N2O2/c1-9-5-3-7-6(10-2)8-4-5/h3-4H,1-2H3"
O=Cc(c(O)1)c(O)ncn1,"InChI=1S/C5H4N2O3/c8-1-3-4(9)6-2-7-5(3)10/h1-2H,(H2,6,7,9,10)"
COc(n1)ncc(C)c1,"InChI=1S/C6H8N2O/c1-5-3-7-6(9-2)8-4-5/h3-4H,1-2H3"
CN(C)c(c1)cncn1,"InChI=1S/C6H9N3/c1-9(2)6-3-7-5-8-4-6/h3-5H,1-2H3"
CN(C)c(n1)nccc1,"InChI=1S/C6H9N3/c1-9(2)6-7-4-3-5-8-6/h3-5H,1-2H3"
CC(=O)c(c1)cncn1,"InChI=1S/C6H6N2O/c1-5(9)6-2-7-4-8-3-6/h2-4H,1H3"
Nc(n1)[n+1]([O-1])ccc1,"InChI=1S/C4H5N3O/c5-4-6-2-1-3-7(4)8/h1-3H,(H2,5,6)"
COc(c1)cncn1,"InChI=1S/C5H6N2O/c1-8-5-2-6-4-7-3-5/h2-4H,1H3"
COc(n1)nccc1,"InChI=1S/C5H6N2O/c1-8-5-6-3-2-4-7-5/h2-4H,1H3"
[O-1][N+1](=O)c(c1)ccc(c1)[Si](C)([Si](C)(C)C)[Si](C)(C)C,"InChI=1S/C13H25NO2Si3/c1-17(2,3)19(7,18(4,5)6)13-10-8-12(9-11-13)14(15)16/h8-11H,1-7H3"
[O-1][N+1](=O)c(c1)cc(cc1)[Si](C)([Si](C)(C)C)[Si](C)(C)C,"InChI=1S/C13H25NO2Si3/c1-17(2,3)19(7,18(4,5)6)13-10-8-9-12(11-13)14(15)16/h8-11H,1-7H3"
[O-1][N+1](=O)c(c1)ccc(c1)[Si](C)(C)[Si](C)(C)[Si](C)(C)C,"InChI=1S/C13H25NO2Si3/c1-17(2,3)19(6,7)18(4,5)13-10-8-12(9-11-13)14(15)16/h8-11H,1-7H3"
[O-1][N+1](=O)c(c1)cc(cc1)[Si](C)(C)[Si](C)(C)[Si](C)(C)C,"InChI=1S/C13H25NO2Si3/c1-17(2,3)19(6,7)18(4,5)13-10-8-9-12(11-13)14(15)16/h8-11H,1-7H3"
[O-1][N+1](=O)c(c1)ccc(c1)[Si](C)(C)[Si](C)(C)C,"InChI=1S/C11H19NO2Si2/c1-15(2,3)16(4,5)11-8-6-10(7-9-11)12(13)14/h6-9H,1-5H3"
[O-1][N+1](=O)c(c1)cc(cc1)[Si](C)(C)[Si](C)(C)C,"InChI=1S/C11H19NO2Si2/c1-15(2,3)16(4,5)11-8-6-7-10(9-11)12(13)14/h6-9H,1-5H3"
[O-1][N+1](=O)c(c1)ccc(c1)[Si](C)(C)C,"InChI=1S/C9H13NO2Si/c1-13(2,3)9-6-4-8(5-7-9)10(11)12/h4-7H,1-3H3"
C=CC[Si](C)(C)Cc(c1)cccc1,"InChI=1S/C12H18Si/c1-4-10-13(2,3)11-12-8-6-5-7-9-12/h4-9H,1,10-11H2,2-3H3"
O=C(C(C)(C)1)C(C)(C)CC(=CC1)C[Sn](C)(C)C,"InChI=1S/C12H19O.3CH3.Sn/c1-9-6-7-11(2,3)10(13)12(4,5)8-9"
C=CC(C[Si](C)(C)C)(C1)C(C)(C)C(=O)C(C)(C)1,"InChI=1S/C15H28OSi/c1-9-15(11-17(6,7)8)10-13(2,3)12(16)14(15,4)5/h9H,1,10-11H2,2-8H3"
C[Si](C)(C)CC(=C1)CC(C)(C)C(=O)C(C)(C)C1,"InChI=1S/C15H28OSi/c1-14(2)9-8-12(11-17(5,6)7)10-15(3,4)13(14)16/h8H,9-11H2,1-7H3"
C[Si](C)(C)CC(C1)C(C)(C)C(=O)C(C)(C)1,"InChI=1S/C13H26OSi/c1-12(2)8-10(9-15(5,6)7)13(3,4)11(12)14/h10H,8-9H2,1-7H3"
C=CCC(C)(C)C(=C(C)C)O[Si](C)(C)C,"InChI=1S/C13H26OSi/c1-9-10-13(4,5)12(11(2)3)14-15(6,7)8/h9H,1,10H2,2-8H3"
C=CCC(C)(C)C(=C)O[Si](C)(C)C,"InChI=1S/C11H22OSi/c1-8-9-11(3,4)10(2)12-13(5,6)7/h8H,1-2,9H2,3-7H3"
CCC=CC(=C(C)C)O[Si](C)(C)C,"InChI=1S/C11H22OSi/c1-7-8-9-11(10(2)3)12-13(4,5)6/h8-9H,7H2,1-6H3/b9-8+"
C=CCC(C)(C)C(=O)C(C)C,"InChI=1S/C10H18O/c1-6-7-10(4,5)9(11)8(2)3/h6,8H,1,7H2,2-5H3"
C=CC(=C)CC(C)(C)C(C)=O,"InChI=1S/C10H16O/c1-6-8(2)7-10(4,5)9(3)11/h6H,1-2,7H2,3-5H3"
C=CC(=C)CCC(=O)C(C)C,"InChI=1S/C10H16O/c1-5-9(4)6-7-10(11)8(2)3/h5,8H,1,4,6-7H2,2-3H3"
C=CCC(C)(C)C(C)=O,"InChI=1S/C8H14O/c1-5-6-8(3,4)7(2)9/h5H,1,6H2,2-4H3"
C=CCCC(=O)C(C)C,"InChI=1S/C8H14O/c1-4-5-6-8(9)7(2)3/h4,7H,1,5-6H2,2-3H3"
CC(C)(C)c(c1)cc(C(C)(C)C)c(c1C(C)(C)C)[Si](F)(F)C(C)(C)C,"InChI=1S/C22H38F2Si/c1-19(2,3)15-13-16(20(4,5)6)18(17(14-15)21(7,8)9)25(23,24)22(10,11)12/h13-14H,1-12H3"
CC(C)(C)c(c1)cc(C(C)(C)C)c([Si](F)(F)F)c1C(C)(C)C,"InChI=1S/C18H29F3Si/c1-16(2,3)12-10-13(17(4,5)6)15(22(19,20)21)14(11-12)18(7,8)9/h10-11H,1-9H3"
C[Si](C)(C)C(O)c(c1)ccc(c1)[Si](C)(C)[Si](C)(C)C,"InChI=1S/C15H30OSi3/c1-17(2,3)15(16)13-9-11-14(12-10-13)19(7,8)18(4,5)6/h9-12,15-16H,1-8H3"
CC(C)(C)[Si](F)(F)C([Si](C)(C)C)([Si](C)(C)C)[Si](C)(C)C,"InChI=1S/C14H36F2Si4/c1-13(2,3)20(15,16)14(17(4,5)6,18(7,8)9)19(10,11)12/h1-12H3"
CC(=O)C(C)(C1)CC=C(C1)C[Si](C)(C)C,"InChI=1S/C13H24OSi/c1-11(14)13(2)8-6-12(7-9-13)10-15(3,4)5/h6H,7-10H2,1-5H3"
CC(=O)c(c1)ccc(c1)[Si](C)(C)[Si](C)(C)C,"InChI=1S/C13H22OSi2/c1-11(14)12-7-9-13(10-8-12)16(5,6)15(2,3)4/h7-10H,1-6H3"
CN(C)N=CC(C1)CC=C(C1)C[Si](C)(C)C,"InChI=1S/C13H26N2Si/c1-15(2)14-10-12-6-8-13(9-7-12)11-16(3,4)5/h8,10,12H,6-7,9,11H2,1-5H3/b14-10+"
C[Si](C)(C)[Si]([Si](C)(C)C)([Si](C)(C)C)[Si](C)(C)C,"InChI=1S/C12H36Si5/c1-13(2,3)17(14(4,5)6,15(7,8)9)16(10,11)12/h1-12H3"
ClC[Si](C)(C)N(c(c1)cccc1)[Si](C)(C)C,"InChI=1S/C12H22ClNSi2/c1-15(2,3)14(16(4,5)11-13)12-9-7-6-8-10-12/h6-10H,11H2,1-5H3"
C=C(C1)CC(C)(C)C(=O)C(C)(C)C1,"InChI=1S/C12H20O/c1-9-6-7-11(2,3)10(13)12(4,5)8-9/h1,6-8H2,2-5H3"
C=CC(=C)CC(C)(C)C(=O)C(C)C,"InChI=1S/C12H20O/c1-7-10(4)8-12(5,6)11(13)9(2)3/h7,9H,1,4,8H2,2-3,5-6H3"
c(c2)ccc(c2)[SiH2]c(c1)cccc1,"InChI=1S/C12H12Si/c1-3-7-11(8-4-1)13-12-9-5-2-6-10-12/h1-10H,13H2"
FC(F)(F)[Si]([Si](C)(C)C)([Si](C)(C)C)[Si](C)(C)C,"InChI=1S/C10H27F3Si4/c1-14(2,3)17(10(11,12)13,15(4,5)6)16(7,8)9/h1-9H3"
c(c1)ccc(c1)N(C)[Si](C)(C)C,"InChI=1S/C10H17NSi/c1-11(12(2,3)4)10-8-6-5-7-9-10/h5-9H,1-4H3"
ClC[Si](C)(C)N(C)c(c1)cccc1,"InChI=1S/C10H16ClNSi/c1-12(13(2,3)9-11)10-7-5-4-6-8-10/h4-8H,9H2,1-3H3"
C=C(C1)CCC(C)(C1)C(C)=O,"InChI=1S/C10H16O/c1-8-4-6-10(3,7-5-8)9(2)11/h1,4-7H2,2-3H3"
c(c2)cc(C1)c(c2)[Si](C)(C)O1,"InChI=1S/C9H12OSi/c1-11(2)9-6-4-3-5-8(9)7-10-11/h3-6H,7H2,1-2H3"
C[Si](C)(C)C#C[Si](C)(C)C,"InChI=1S/C8H18Si2/c1-9(2,3)7-8-10(4,5)6/h1-6H3"
C=CC(=C)C[Si](C)(C)C,"InChI=1S/C8H16Si/c1-6-8(2)7-9(3,4)5/h6H,1-2,7H2,3-5H3"
C=CCCC(=O)C(C)(C)Br,"InChI=1S/C8H13BrO/c1-4-5-6-7(10)8(2,3)9/h4H,1,5-6H2,2-3H3"
c(c1)ccc(c1)[Si](C)(C)Cl,"InChI=1S/C8H11ClSi/c1-10(2,9)8-6-4-3-5-7-8/h3-7H,1-2H3"
CN(C)N=C(C1)CCC1,"InChI=1S/C7H14N2/c1-9(2)8-7-5-3-4-6-7/h3-6H2,1-2H3"
CC[SiH](C)CC,"InChI=1S/C5H14Si/c1-4-6(3)5-2/h6H,4-5H2,1-3H3"
C[Si](C)(Cl)[Si](C)(C)Cl,"InChI=1S/C4H12Cl2Si2/c1-7(2,5)8(3,4)6/h1-4H3"
C[Si](C)(C)OC(=O)c(c21)c(c3)c(ccc3)cc(cccc2)1,"InChI=1S/C18H18O2Si/c1-21(2,3)20-18(19)17-15-10-6-4-8-13(15)12-14-9-5-7-11-16(14)17/h4-12H,1-3H3"
O=C(CCCCC(=O)O[Si](C)(C)C)O[Si](C)(C)C,"InChI=1S/C12H26O4Si2/c1-17(2,3)15-11(13)9-7-8-10-12(14)16-18(4,5)6/h7-10H2,1-6H3"
CCCCCCCCCCCCC(=O)O[Si](C)(C)C,"InChI=1S/C16H34O2Si/c1-5-6-7-8-9-10-11-12-13-14-15-16(17)18-19(2,3)4/h5-15H2,1-4H3"
c(c2)ccc(c2)C(c(c1)cccc1)C(=O)O[Si](C)(C)C,"InChI=1S/C17H20O2Si/c1-20(2,3)19-17(18)16(14-10-6-4-7-11-14)15-12-8-5-9-13-15/h4-13,16H,1-3H3"
C[Si](C)(C)OC(=O)C(c21)c(c3)c(ccc3)c(cccc2)1,"InChI=1S/C17H18O2Si/c1-20(2,3)19-17(18)16-14-10-6-4-8-12(14)13-9-5-7-11-15(13)16/h4-11,16H,1-3H3"
c(c2)ccc(c2)C(C(C1)CCC1)C(=O)O[Si](C)(C)C,"InChI=1S/C16H24O2Si/c1-19(2,3)18-16(17)15(14-11-7-8-12-14)13-9-5-4-6-10-13/h4-6,9-10,14-15H,7-8,11-12H2,1-3H3"
O=C(CCCC(=O)O[Si](C)(C)C)O[Si](C)(C)C,"InChI=1S/C11H24O4Si2/c1-16(2,3)14-10(12)8-7-9-11(13)15-17(4,5)6/h7-9H2,1-6H3"
COc(c1)cc(CC(=O)O[Si](C)(C)C)c(OC)c1,"InChI=1S/C13H20O4Si/c1-15-11-6-7-12(16-2)10(8-11)9-13(14)17-18(3,4)5/h6-8H,9H2,1-5H3"
O=C(O[Si](C)(C)C)C1=CC=C(OCCCC)C=C1,"InChI=1S/C14H22O3Si/c1-5-6-11-16-13-9-7-12(8-10-13)14(15)17-18(2,3)4/h7-10H,5-6,11H2,1-4H3"
CCCCCc(c1)ccc(c1)C(=O)O[Si](C)(C)C,"InChI=1S/C15H24O2Si/c1-5-6-7-8-13-9-11-14(12-10-13)15(16)17-18(2,3)4/h9-12H,5-8H2,1-4H3"
O=C(CCC(=O)O[Si](C)(C)C)O[Si](C)(C)C,"InChI=1S/C10H22O4Si2/c1-15(2,3)13-9(11)7-8-10(12)14-16(4,5)6/h7-8H2,1-6H3"
O=C(O[Si](C)(C)C)Cc(c1)c(c2)c(ccc2)cc1,"InChI=1S/C15H18O2Si/c1-18(2,3)17-15(16)11-13-9-6-8-12-7-4-5-10-14(12)13/h4-10H,11H2,1-3H3"
C=CCCCCCCCCC(=O)O[Si](C)(C)C,"InChI=1S/C14H28O2Si/c1-5-6-7-8-9-10-11-12-13-14(15)16-17(2,3)4/h5H,1,6-13H2,2-4H3"
COc(c1)c(OC)cc(c1)C(=O)O[Si](C)(C)C,"InChI=1S/C12H18O4Si/c1-14-10-7-6-9(8-11(10)15-2)12(13)16-17(3,4)5/h6-8H,1-5H3"
COc(c1)ccc(c1)C=CC(=O)O[Si](C)(C)C,"InChI=1S/C13H18O3Si/c1-15-12-8-5-11(6-9-12)7-10-13(14)16-17(2,3)4/h5-10H,1-4H3/b10-7+"
COc(c1)cc(cc1)C=CC(=O)O[Si](C)(C)C,"InChI=1S/C13H18O3Si/c1-15-12-7-5-6-11(10-12)8-9-13(14)16-17(2,3)4/h5-10H,1-4H3/b9-8+"
CC(C)(C)c(c1)ccc(c1)C(=O)O[Si](C)(C)C,"InChI=1S/C14H22O2Si/c1-14(2,3)12-9-7-11(8-10-12)13(15)16-17(4,5)6/h7-10H,1-6H3"
CCCCc(c1)ccc(c1)C(=O)O[Si](C)(C)C,"InChI=1S/C14H22O2Si/c1-5-6-7-12-8-10-13(11-9-12)14(15)16-17(2,3)4/h8-11H,5-7H2,1-4H3"
O=C(CC(=O)O[Si](C)(C)C)O[Si](C)(C)C,"InChI=1S/C9H20O4Si2/c1-14(2,3)12-8(10)7-9(11)13-15(4,5)6/h7H2,1-6H3"
CC(C)CCCCCCC(=O)O[Si](C)(C)C,"InChI=1S/C13H28O2Si/c1-12(2)10-8-6-7-9-11-13(14)15-16(3,4)5/h12H,6-11H2,1-5H3"
CCOc(c1)c(ccc1)C(=O)O[Si](C)(C)C,"InChI=1S/C12H18O3Si/c1-5-14-11-9-7-6-8-10(11)12(13)15-16(2,3)4/h6-9H,5H2,1-4H3"
CCC(c(c1)cccc1)C(=O)O[Si](C)(C)C,"InChI=1S/C13H20O2Si/c1-5-12(11-9-7-6-8-10-11)13(14)15-16(2,3)4/h6-10,12H,5H2,1-4H3"
Cc(c1)ccc(c1)C=CC(=O)O[Si](C)(C)C,"InChI=1S/C13H18O2Si/c1-11-5-7-12(8-6-11)9-10-13(14)15-16(2,3)4/h5-10H,1-4H3/b10-9+"
O=C(CCC(C1)CCCC1)O[Si](C)(C)C,"InChI=1S/C12H24O2Si/c1-15(2,3)14-12(13)10-9-11-7-5-4-6-8-11/h11H,4-10H2,1-3H3"
COc(c1)ccc(c1)C(=O)O[Si](C)(C)C,"InChI=1S/C11H16O3Si/c1-13-10-7-5-9(6-8-10)11(12)14-15(2,3)4/h5-8H,1-4H3"
COc(c1)c(ccc1)C(=O)O[Si](C)(C)C,"InChI=1S/C11H16O3Si/c1-13-10-8-6-5-7-9(10)11(12)14-15(2,3)4/h5-8H,1-4H3"
Cc(c1)cc(c(C)c1)C(=O)O[Si](C)(C)C,"InChI=1S/C12H18O2Si/c1-9-6-7-10(2)11(8-9)12(13)14-15(3,4)5/h6-8H,1-5H3"
O=C(CCc(c1)cccc1)O[Si](C)(C)C,"InChI=1S/C12H18O2Si/c1-15(2,3)14-12(13)10-9-11-7-5-4-6-8-11/h4-8H,9-10H2,1-3H3"
Cc(c1)ccc(c1)CC(=O)O[Si](C)(C)C,"InChI=1S/C12H18O2Si/c1-10-5-7-11(8-6-10)9-12(13)14-15(2,3)4/h5-8H,9H2,1-4H3"
c(c1)ccc(c1)C(C)C(=O)O[Si](C)(C)C,"InChI=1S/C12H18O2Si/c1-10(11-8-6-5-7-9-11)12(13)14-15(2,3)4/h5-10H,1-4H3"
O=Cc(c1)ccc(c1)C(=O)O[Si](C)(C)C,"InChI=1S/C11H14O3Si/c1-15(2,3)14-11(13)10-6-4-9(8-12)5-7-10/h4-8H,1-3H3"
O=C(C=Cc(c1)cccc1)O[Si](C)(C)C,"InChI=1S/C12H16O2Si/c1-15(2,3)14-12(13)10-9-11-7-5-4-6-8-11/h4-10H,1-3H3/b10-9+"
O=C(CC(C1)CCCC1)O[Si](C)(C)C,"InChI=1S/C11H22O2Si/c1-14(2,3)13-11(12)9-10-7-5-4-6-8-10/h10H,4-9H2,1-3H3"
O=C(CC(C1)CCC1)O[Si](C)(C)C,"InChI=1S/C10H20O2Si/c1-13(2,3)12-10(11)8-9-6-4-5-7-9/h9H,4-8H2,1-3H3"
C(C1)CCC(C1)C(=O)O[Si](C)(C)C,"InChI=1S/C10H20O2Si/c1-13(2,3)12-10(11)9-7-5-4-6-8-9/h9H,4-8H2,1-3H3"
C(C1)=CCC(C1)C(=O)O[Si](C)(C)C,"InChI=1S/C10H18O2Si/c1-13(2,3)12-10(11)9-7-5-4-6-8-9/h4-5,9H,6-8H2,1-3H3"
C(C1)C=CC([H])(C4)C(C(C3([H])C4)([H])CCC(C3([H])2)(C)C([H])(CC2)C(CCCC(C)C)([H])C)(C)1,"InChI=1S/C27H46/c1-19(2)9-8-10-20(3)23-14-15-24-22-13-12-21-11-6-7-17-26(21,4)25(22)16-18-27(23,24)5/h6,11,19-25H,7-10,12-18H2,1-5H3/t20-,21-,22+,23-,24+,25+,26+,27-/m1/s1"
C(C3([H])4)(C)(C([H])(CC4)C(CCCC(C)C)([H])C)CCC(C3([H])1)([H])C(C)(C2)C(C=CC2)=CC1,"InChI=1S/C27H44/c1-19(2)9-8-10-20(3)23-14-15-24-22-13-12-21-11-6-7-17-26(21,4)25(22)16-18-27(23,24)5/h6,11-12,19-20,22-25H,7-10,13-18H2,1-5H3/t20-,22+,23-,24+,25+,26+,27-/m1/s1"
COc(c3)cc(c(c3)2)C(C=N2)(C1)C(=C)N(C1)C(=O)C(F)(F)F,"InChI=1S/C15H13F3N2O2/c1-9-14(5-6-20(9)13(21)15(16,17)18)8-19-12-4-3-10(22-2)7-11(12)14/h3-4,7-8H,1,5-6H2,2H3"
C(C(C([2H])([2H])[2H])([2H])CCCC(C)C(C1)C(C)(C4)C(C(C([H])2C4)([H])CCC([H])(C3)C2(C)CCC3([H])O)([H])C1)([2H])([2H])[2H],"InChI=1S/C27H48O/c1-18(2)7-6-8-19(3)23-11-12-24-22-10-9-20-17-21(28)13-15-26(20,4)25(22)14-16-27(23,24)5/h18-25,28H,6-17H2,1-5H3/t19-,20+,21+,22+,23?,24+,25+,26+,27-/m1/s1/i1D3,2D3,18D"
C(C([H])41)([H])(C(C)(C([H])3CC4)CCC(C3)([H])O)CCC(C)(C(C(C)CCCC(C)C)2)C1([H])CC2,"InChI=1S/C27H48O/c1-18(2)7-6-8-19(3)23-11-12-24-22-10-9-20-17-21(28)13-15-26(20,4)25(22)14-16-27(23,24)5/h18-25,28H,6-17H2,1-5H3/t19-,20+,21-,22+,23?,24+,25+,26+,27-/m1/s1"
O(C1CC2=CCC3C(CCC4(C)C(CCC34)C(C)CCC(CC)C(C)C)C2(C)CC1)[Si](C)(C)C,"InChI=1S/C32H58OSi/c1-10-24(22(2)3)12-11-23(4)28-15-16-29-27-14-13-25-21-26(33-34(7,8)9)17-19-31(25,5)30(27)18-20-32(28,29)6/h13,22-24,26-30H,10-12,14-21H2,1-9H3/t23-,24-,26+,27+,28-,29+,30+,31+,32-/m1/s1"
C(CC([H])(C)C(C)C)C(C(C4)(C(C)(C3(C4)[H])CCC([H])(C31[H])C(C2)(C(CC([H])(O[Si](C)(C)C)C2)=C([H])C1)C)[H])([H])C,"InChI=1S/C31H56OSi/c1-21(2)22(3)10-11-23(4)27-14-15-28-26-13-12-24-20-25(32-33(7,8)9)16-18-30(24,5)29(26)17-19-31(27,28)6/h12,21-23,25-29H,10-11,13-20H2,1-9H3/t22-,23-,25+,26+,27-,28+,29+,30+,31-/m1/s1"
C[Si](C)(C)OC([H])(C1)CCC(C([H])42)(C1=C([H])CC2(C(C3(C)CC4)([H])CCC3([H])C(C)CCCC(C)C)[H])C,"InChI=1S/C30H54OSi/c1-21(2)10-9-11-22(3)26-14-15-27-25-13-12-23-20-24(31-32(6,7)8)16-18-29(23,4)28(25)17-19-30(26,27)5/h12,21-22,24-28H,9-11,13-20H2,1-8H3/t22-,24+,25+,26-,27+,28+,29+,30-/m1/s1"
C(C14)CC(C(CCC(C34)C(C)(C(=CC3)2)CCC(OC(=O)C(C(C(F)(F)F)(F)F)(F)F)(C2)[H])1C)C(CCCC(C)C)C,"InChI=1S/C31H45F7O2/c1-18(2)7-6-8-19(3)23-11-12-24-22-10-9-20-17-21(13-15-27(20,4)25(22)14-16-28(23,24)5)40-26(39)29(32,33)30(34,35)31(36,37)38/h9,18-19,21-25H,6-8,10-17H2,1-5H3/t19-,21+,22?,23?,24?,25?,27+,28-/m1/s1"
C(CC(OC(C(F)(F)F)C(F)(F)F)=O)C(C(C4)(C(C3(C4)[H])(C)CCC(C3([H])1)(C(C)(C2)C(CC(C2)OC(C(F)(F)F)=O)([H])C(C1)OC(=O)C(F)(F)F)[H])[H])([H])C,"InChI=1S/C31H38F12O6/c1-14(4-7-22(44)49-23(28(32,33)34)29(35,36)37)17-5-6-18-16-13-21(48-25(46)31(41,42)43)20-12-15(47-24(45)30(38,39)40)8-10-27(20,3)19(16)9-11-26(17,18)2/h14-21,23H,4-13H2,1-3H3/t14-,15-,16+,17-,18+,19+,20+,21-,26-,27-/m1/s1"
C(C(OC(C(F)(F)F)=O)3)(C(C(C(C4)(C3(CC(C4)OC(C(F)(F)F)=O)[H])C)2[H])(C(C1)(C(C)(CC2)C([H])(C1)C(CCC(=O)OC(C(F)(F)F)C(F)(F)F)([H])C)[H])[H])OC(C(F)(F)F)=O,"InChI=1S/C33H37F15O8/c1-13(4-7-19(49)54-23(29(34,35)36)30(37,38)39)15-5-6-16-20-17(9-11-27(15,16)2)28(3)10-8-14(53-24(50)31(40,41)42)12-18(28)21(55-25(51)32(43,44)45)22(20)56-26(52)33(46,47)48/h13-18,20-23H,4-12H2,1-3H3/t13-,14-,15-,16+,17+,18+,20+,21+,22-,27-,28-/m1/s1"
C(C4([H])1)CC(C(CCC([H])(C4([H])3)C(C([H])2CC3)(CCC(C2)OC(=O)C(F)(F)F)C)(C)1)([H])C(CCC(=O)OC(C(F)(F)F)C(F)(F)F)([H])C,"InChI=1S/C29H39F9O4/c1-15(4-9-22(39)42-23(27(30,31)32)28(33,34)35)19-7-8-20-18-6-5-16-14-17(41-24(40)29(36,37)38)10-12-25(16,2)21(18)11-13-26(19,20)3/h15-21,23H,4-14H2,1-3H3/t15-,16+,17+,18+,19-,20+,21+,25+,26-/m1/s1"
CCCCCCCCCCCCCCCCCCCCCC(C(=O)OC)O[Si](C)(C)C,"InChI=1S/C27H56O3Si/c1-6-7-8-9-10-11-12-13-14-15-16-17-18-19-20-21-22-23-24-25-26(27(28)29-2)30-31(3,4)5/h26H,6-25H2,1-5H3"
CCCCCCCCCCCCCCCCCCCC(C(=O)OC)O[Si](C)(C)C,"InChI=1S/C25H52O3Si/c1-6-7-8-9-10-11-12-13-14-15-16-17-18-19-20-21-22-23-24(25(26)27-2)28-29(3,4)5/h24H,6-23H2,1-5H3"
CCCCCCCCCCCCCCCCCC(C(=O)OC)O[Si](C)(C)C,"InChI=1S/C23H48O3Si/c1-6-7-8-9-10-11-12-13-14-15-16-17-18-19-20-21-22(23(24)25-2)26-27(3,4)5/h22H,6-21H2,1-5H3"
CCCCCCCCCCCCCCCC(O)CC(=O)OCC,"InChI=1S/C20H40O3/c1-3-5-6-7-8-9-10-11-12-13-14-15-16-17-19(21)18-20(22)23-4-2/h19,21H,3-18H2,1-2H3"
C(C1(C)4)([H])(CC(O)CC4)CCC(C2([H])3)(C(C(C(C(C([H])(CC3)C([H])(C)CCC(=O)OC)2C)=O)([2H])[2H])1[H])[H],"InChI=1S/C25H40O4/c1-15(5-10-23(28)29-4)19-8-9-20-18-7-6-16-13-17(26)11-12-24(16,2)21(18)14-22(27)25(19,20)3/h15-21,26H,5-14H2,1-4H3/t15-,16-,17-,18+,19-,20+,21+,24+,25-/m1/s1/i14D2"
[H]C(C3)(C4([H])5)C([H])(CCC(C)(C(C(CCCC(C)C)C)CC5)4)C(C)(C(C23)(O2)1)CCC(C1)O[Si](C)(C)C,"InChI=1S/C30H54O2Si/c1-20(2)10-9-11-21(3)24-12-13-25-23-18-27-30(31-27)19-22(32-33(6,7)8)14-17-29(30,5)26(23)15-16-28(24,25)4/h20-27H,9-19H2,1-8H3/t21-,22+,23+,24-,25+,26+,27+,28-,29-,30+/m1/s1"
C(CCCCCCCC(OCCCCCCCCCCCCCCCCCC)=O)CCCCCCC,"InChI=1S/C34H68O2/c1-3-5-7-9-11-13-15-17-18-19-21-23-25-27-29-31-33-36-34(35)32-30-28-26-24-22-20-16-14-12-10-8-6-4-2/h3-33H2,1-2H3"
CCCCCCCCC=CCCCCCCCCCCO,"InChI=1S/C20H40O/c1-2-3-4-5-6-7-8-9-10-11-12-13-14-15-16-17-18-19-20-21/h9-10,21H,2-8,11-20H2,1H3/b10-9+"
CCCCCCCCCCCCC(=O)CC,"InChI=1S/C15H30O/c1-3-5-6-7-8-9-10-11-12-13-14-15(16)4-2/h3-14H2,1-2H3"
CCCCCCCCCCCCC(O)CC,"InChI=1S/C15H32O/c1-3-5-6-7-8-9-10-11-12-13-14-15(16)4-2/h15-16H,3-14H2,1-2H3"
CCCCCCCCCCCCCCC(C)C(=O)OC,"InChI=1S/C18H36O2/c1-4-5-6-7-8-9-10-11-12-13-14-15-16-17(2)18(19)20-3/h17H,4-16H2,1-3H3"
CCCCCCCCC([H])=C([H])CCCCCCCC(=O)N(C1)CCC1,"InChI=1S/C22H41NO/c1-2-3-4-5-6-7-8-9-10-11-12-13-14-15-16-19-22(24)23-20-17-18-21-23/h9-10H,2-8,11-21H2,1H3/b10-9-"
CCCCCCCCCCCCCCCCCC(=O)N(C1)CCC1,"InChI=1S/C22H43NO/c1-2-3-4-5-6-7-8-9-10-11-12-13-14-15-16-19-22(24)23-20-17-18-21-23/h2-21H2,1H3"
CCCCCCCCCCCCCCCCC(=O)N(C1)CCC1,"InChI=1S/C21H41NO/c1-2-3-4-5-6-7-8-9-10-11-12-13-14-15-18-21(23)22-19-16-17-20-22/h2-20H2,1H3"
CCCCCC(C)C,"InChI=1S/C8H18/c1-4-5-6-7-8(2)3/h8H,4-7H2,1-3H3"
CC(N)=O,"InChI=1S/C2H5NO/c1-2(3)4/h1H3,(H2,3,4)"
COC(=O)c(c1)ccc(c1)C(=O)OC,"InChI=1S/C10H10O4/c1-13-9(11)7-3-5-8(6-4-7)10(12)14-2/h3-6H,1-2H3"
CCCCCCCCCOC(=O)c(c1)cccc1,"InChI=1S/C16H24O2/c1-2-3-4-5-6-7-11-14-18-16(17)15-12-9-8-10-13-15/h8-10,12-13H,2-7,11,14H2,1H3"
CCCCCCCCCCCOC(=O)c(c1)cccc1,"InChI=1S/C18H28O2/c1-2-3-4-5-6-7-8-9-13-16-20-18(19)17-14-11-10-12-15-17/h10-12,14-15H,2-9,13,16H2,1H3"
CC(O)CCC(C)O,"InChI=1S/C6H14O2/c1-5(7)3-4-6(2)8/h5-8H,3-4H2,1-2H3"
COc(c1)c(N)ccc1,"InChI=1S/C7H9NO/c1-9-7-5-3-2-4-6(7)8/h2-5H,8H2,1H3"
CC(C)CC(=O)c(c1)cccc1,"InChI=1S/C11H14O/c1-9(2)8-11(12)10-6-4-3-5-7-10/h3-7,9H,8H2,1-2H3"
CC(C)CC(C)O,"InChI=1S/C6H14O/c1-5(2)4-6(3)7/h5-7H,4H2,1-3H3"
CC(C)C(C)O,"InChI=1S/C5H12O/c1-4(2)5(3)6/h4-6H,1-3H3"
CCC(O)CO,"InChI=1S/C4H10O2/c1-2-4(6)3-5/h4-6H,2-3H2,1H3"
CCC(N)CO,"InChI=1S/C4H11NO/c1-2-4(5)3-6/h4,6H,2-3,5H2,1H3"
NCCCO,"InChI=1S/C3H9NO/c4-2-1-3-5/h5H,1-4H2"
N#Cc(c1)ccc(c1)C(=O)OC(C)C,"InChI=1S/C11H11NO2/c1-8(2)14-11(13)10-5-3-9(7-12)4-6-10/h3-6,8H,1-2H3"
N#Cc(c1)ccc(c1)C(=O)OC(C([2H])([2H])[2H])C([2H])([2H])[2H],"InChI=1S/C11H11NO2/c1-8(2)14-11(13)10-5-3-9(7-12)4-6-10/h3-6,8H,1-2H3/i1D3,2D3"
COc(c1)cc(cc1)C(=O)OCC(C)C,"InChI=1S/C12H16O3/c1-9(2)8-15-12(13)10-5-4-6-11(7-10)14-3/h4-7,9H,8H2,1-3H3"
CC(C)COC(=O)c(c1)cc(cc1)[N+1]([O-1])=O,"InChI=1S/C11H13NO4/c1-8(2)7-16-11(13)9-4-3-5-10(6-9)12(14)15/h3-6,8H,7H2,1-2H3"
N#Cc(c1)cc(cc1)C(=O)OCC(C)C,"InChI=1S/C12H13NO2/c1-9(2)8-15-12(14)11-5-3-4-10(6-11)7-13/h3-6,9H,8H2,1-2H3"
[O-1][N+1](=O)c(c1)ccc(c1)C(=O)Cl,InChI=1S/C7H4ClNO3/c8-7(10)5-1-3-6(4-2-5)9(11)12/h1-4H
CC(=O)C(C)(C)C,"InChI=1S/C6H12O/c1-5(7)6(2,3)4/h1-4H3"
CC(=C)c(c1)cccc1,"InChI=1S/C9H10/c1-8(2)9-6-4-3-5-7-9/h3-7H,1H2,2H3"
CCCOCCO,"InChI=1S/C5H12O2/c1-2-4-7-5-3-6/h6H,2-5H2,1H3"
CCCCC(CC)COC(=O)C(C)=C,"InChI=1S/C12H22O2/c1-5-7-8-11(6-2)9-14-12(13)10(3)4/h11H,3,5-9H2,1-2,4H3"
C=CCOC(=O)C(C)=C,"InChI=1S/C7H10O2/c1-4-5-9-7(8)6(2)3/h4H,1-2,5H2,3H3"
CCCCCCOC(=O)C(C)=C,"InChI=1S/C10H18O2/c1-4-5-6-7-8-12-10(11)9(2)3/h2,4-8H2,1,3H3"
CC(=C)C(=O)OC(C)(C)C,"InChI=1S/C8H14O2/c1-6(2)7(9)10-8(3,4)5/h1H2,2-5H3"
CC(C)COC(=O)C(C)=C,"InChI=1S/C8H14O2/c1-6(2)5-10-8(9)7(3)4/h6H,3,5H2,1-2,4H3"
CCCCOC(=O)C(C)=C,"InChI=1S/C8H14O2/c1-4-5-6-10-8(9)7(2)3/h2,4-6H2,1,3H3"
CC(C)OC(=O)C(C)=C,"InChI=1S/C7H12O2/c1-5(2)7(8)9-6(3)4/h6H,1H2,2-4H3"
CCOC(=O)C(C)=C,"InChI=1S/C6H10O2/c1-4-8-6(7)5(2)3/h2,4H2,1,3H3"
CC(=C)C(O)=O,"InChI=1S/C4H6O2/c1-3(2)4(5)6/h1H2,2H3,(H,5,6)"
CCc(c1)cccc1,"InChI=1S/C8H10/c1-2-8-6-4-3-5-7-8/h3-7H,2H2,1H3"
CC(C)C(=O)c(c1)cccc1,"InChI=1S/C10H12O/c1-8(2)10(11)9-6-4-3-5-7-9/h3-8H,1-2H3"
O=Cc(c1)cc(cc1)[N+1]([O-1])=O,InChI=1S/C7H5NO3/c9-5-6-2-1-3-7(4-6)8(10)11/h1-5H
CC(=O)c(c1)ccc(c1)[N+1]([O-1])=O,"InChI=1S/C8H7NO3/c1-6(10)7-2-4-8(5-3-7)9(11)12/h2-5H,1H3"
[2H]C([2H])([2H])C([2H])(O)C([2H])([2H])[2H],"InChI=1S/C3H8O/c1-3(2)4/h3-4H,1-2H3/i1D3,2D3,3D"
[2H]C([2H])([2H])C([H])(O)C([2H])([2H])[2H],"InChI=1S/C3H8O/c1-3(2)4/h3-4H,1-2H3/i1D3,2D3"
[2H]C(C)(C)O,"InChI=1S/C3H8O/c1-3(2)4/h3-4H,1-2H3/i3D"
CCOc(c1)ccc(c1)[N+1]([O-1])=O,"InChI=1S/C8H9NO3/c1-2-12-8-5-3-7(4-6-8)9(10)11/h3-6H,2H2,1H3"
N#Cc(c1)c(C)ccc1,"InChI=1S/C8H7N/c1-7-4-2-3-5-8(7)6-9/h2-5H,1H3"
CCCCCCCC=CC,"InChI=1S/C10H20/c1-3-5-7-9-10-8-6-4-2/h3,5H,4,6-10H2,1-2H3/b5-3+"
Nc(c2)ccc(c2)c(c1)cccc1,"InChI=1S/C12H11N/c13-12-8-6-11(7-9-12)10-4-2-1-3-5-10/h1-9H,13H2"
Cc(c2)cc(c1)c(c2)nc(C)c1,"InChI=1S/C11H11N/c1-8-3-6-11-10(7-8)5-4-9(2)12-11/h3-7H,1-2H3"
Cc(c1)nc(c2)c(ccc2)c(C)1,"InChI=1S/C11H11N/c1-8-7-9(2)12-11-6-4-3-5-10(8)11/h3-7H,1-2H3"
Cc(c1)c(c2)c(ccc2)nc1,"InChI=1S/C10H9N/c1-8-6-7-11-10-5-3-2-4-9(8)10/h2-7H,1H3"
Cc(c1)nc(c2)c(ccc2)c1,"InChI=1S/C10H9N/c1-8-6-7-9-4-2-3-5-10(9)11-8/h2-7H,1H3"
Cc(c1)cc(N)cc(C)1,"InChI=1S/C8H11N/c1-6-3-7(2)5-8(9)4-6/h3-5H,9H2,1-2H3"
Cn(c1)ccc1,"InChI=1S/C5H7N/c1-6-4-2-3-5-6/h2-5H,1H3"
[O-1][N+1](=O)c(c3)c(c(=O)1)c(cc3)c(=O)c(c2)c(ccc2)1,InChI=1S/C14H7NO4/c16-13-8-4-1-2-5-9(8)14(17)12-10(13)6-3-7-11(12)15(18)19/h1-7H
[O-1][N+1](=O)c(c2)c(c1cc2)c(ccc1)[N+1]([O-1])=O,InChI=1S/C10H6N2O4/c13-11(14)8-5-1-3-7-4-2-6-9(10(7)8)12(15)16/h1-6H
[O-1][N+1](=O)c(c3)cc(C1)c(c3)c(c2)c(ccc2)1,"InChI=1S/C13H9NO2/c15-14(16)11-5-6-13-10(8-11)7-9-3-1-2-4-12(9)13/h1-6,8H,7H2"
[O-1][N+1](=O)c(c1)c(c3)c(c(cc3)2)c(CC2)c1,"InChI=1S/C12H9NO2/c14-13(15)11-7-6-9-5-4-8-2-1-3-10(11)12(8)9/h1-3,6-7H,4-5H2"
[O-1][N+1](=O)c(c2)cc(cc2)c(c1)cccc1,InChI=1S/C12H9NO2/c14-13(15)12-8-4-7-11(9-12)10-5-2-1-3-6-10/h1-9H
[O-1][N+1](=O)c(c2)c(ccc2)c(c1)cccc1,InChI=1S/C12H9NO2/c14-13(15)12-9-5-4-8-11(12)10-6-2-1-3-7-10/h1-9H
[O-1][N+1](=O)c(c1)cc(c2)c(ccc2)c1,InChI=1S/C10H7NO2/c12-11(13)10-6-5-8-3-1-2-4-9(8)7-10/h1-7H
[O-1][N+1](=O)c(c1)c(c2)c(ccc2)cc1,InChI=1S/C10H7NO2/c12-11(13)10-7-3-5-8-4-1-2-6-9(8)10/h1-7H
Cc(c1)cc([N+1]([O-1])=O)c(c1)[N+1]([O-1])=O,"InChI=1S/C7H6N2O4/c1-5-2-3-6(8(10)11)7(4-5)9(12)13/h2-4H,1H3"
[O-1][N+1](=O)c(c1)c(C)c(cc1)[N+1]([O-1])=O,"InChI=1S/C7H6N2O4/c1-5-6(8(10)11)3-2-4-7(5)9(12)13/h2-4H,1H3"
[O-1][N+1](=O)c(c1)cc([N+1]([O-1])=O)c(C)c1,"InChI=1S/C7H6N2O4/c1-5-2-3-6(8(10)11)4-7(5)9(12)13/h2-4H,1H3"
c(c6)cc(c(c6)5)c(c4)c(c15)c(c3c4)c(c2cc3)c(ccc2)c1,InChI=1S/C22H12/c1-2-7-17-16(6-1)18-11-10-14-9-8-13-4-3-5-15-12-19(17)22(18)21(14)20(13)15/h1-12H
c(c5)cc(c1)c(c5)cc(c32)c1c(c4)c(c(cc4)ccc3)2,InChI=1S/C20H12/c1-2-6-15-12-19-17-10-4-8-13-7-3-9-16(20(13)17)18(19)11-14(15)5-1/h1-12H
c(c5)cc(c1)c(c5)c(c4)c(c(cc4)2)c1c(c3)c(ccc3)2,InChI=1S/C20H12/c1-2-7-14-13(6-1)12-19-16-9-4-3-8-15(16)18-11-5-10-17(14)20(18)19/h1-12H
c(c5)cc(c4)c(c5)c(c1)c(c34)c(c2cc3)c(ccc2)c1,InChI=1S/C20H12/c1-2-7-17-15(4-1)12-16-9-8-13-5-3-6-14-10-11-18(17)20(16)19(13)14/h1-12H
Cc(c3)cc(c1)c(c3)c(c2)c(ccc2)c1,"InChI=1S/C15H12/c1-11-6-9-15-13(10-11)8-7-12-4-2-3-5-14(12)15/h2-10H,1H3"
Cc(c2)cc(c1)c(c2)cc(C)c1,"InChI=1S/C12H12/c1-9-3-5-12-8-10(2)4-6-11(12)7-9/h3-8H,1-2H3"
Cc(c1)c(C)cc(c2)c(ccc2)1,"InChI=1S/C12H12/c1-9-7-11-5-3-4-6-12(11)8-10(9)2/h3-8H,1-2H3"
Cc(c1)cc(c(C)2)c(ccc2)c1,"InChI=1S/C12H12/c1-9-6-7-11-5-3-4-10(2)12(11)8-9/h3-8H,1-2H3"
Cc(c1)c(C)c(c2)c(ccc2)c1,"InChI=1S/C12H12/c1-9-7-8-11-5-3-4-6-12(11)10(9)2/h3-8H,1-2H3"
c(c3)cc(C=1)c(c32)c(ccc2)C1,InChI=1S/C12H8/c1-3-9-4-2-6-11-8-7-10(5-1)12(9)11/h1-8H
C(=C2)C=CC(=C1)C(=C2)C=C1,InChI=1S/C10H8/c1-2-5-9-7-4-8-10(9)6-3-1/h1-8H
CC(C)C(C1)CC(O)C(C)C1,"InChI=1S/C10H20O/c1-7(2)9-5-4-8(3)10(11)6-9/h7-11H,4-6H2,1-3H3"
COC(=O)CNC(=O)C([H])(C)NC(=O)C([H])(C)NC(=O)CNC(C)=O,"InChI=1S/C13H22N4O6/c1-7(12(21)15-6-11(20)23-4)17-13(22)8(2)16-10(19)5-14-9(3)18/h7-8H,5-6H2,1-4H3,(H,14,18)(H,15,21)(H,16,19)(H,17,22)/t7-,8+/m0/s1"
C(C1)CCCCCCCCCC1,InChI=1S/C12H24/c1-2-4-6-8-10-12-11-9-7-5-3-1/h1-12H2
C(C1)CCCCC=CCCCC1,"InChI=1S/C12H22/c1-2-4-6-8-10-12-11-9-7-5-3-1/h1-2H,3-12H2/b2-1-"
C(C1)C=CCCC=CCCC=C1,"InChI=1S/C12H18/c1-2-4-6-8-10-12-11-9-7-5-3-1/h1-2,7-10H,3-6,11-12H2/b2-1-,9-7+,10-8+"
C(C1)C=CCCC=C1,"InChI=1S/C8H12/c1-2-4-6-8-7-5-3-1/h1-2,7-8H,3-6H2/b2-1-,8-7-"
C(C1)CC=CC=CC1,"InChI=1S/C8H12/c1-2-4-6-8-7-5-3-1/h1-4H,5-8H2/b3-1-,4-2-"
C(C=1)C=CC=CC1,"InChI=1S/C7H8/c1-2-4-6-7-5-3-1/h1-6H,7H2"
CC(C)c(c1)ccc(C(C)C)c1,"InChI=1S/C12H18/c1-9(2)11-5-7-12(8-6-11)10(3)4/h5-10H,1-4H3"
Cc(c1)cc(C)c(C)c1,"InChI=1S/C9H12/c1-7-4-5-8(2)9(3)6-7/h4-6H,1-3H3"
Cc(c1)ccc(C)c1,"InChI=1S/C8H10/c1-7-3-5-8(2)6-4-7/h3-6H,1-2H3"
Cc(c1)cc(C)cc1,"InChI=1S/C8H10/c1-7-4-3-5-8(2)6-7/h3-6H,1-2H3"
Cc(c1)c(C)ccc1,"InChI=1S/C8H10/c1-7-5-3-4-6-8(7)2/h3-6H,1-2H3"
CCCCCCOCCCCCC,"InChI=1S/C12H26O/c1-3-5-7-9-11-13-12-10-8-6-4-2/h3-12H2,1-2H3"
CC(C)COCC(C)C,"InChI=1S/C8H18O/c1-7(2)5-9-6-8(3)4/h7-8H,5-6H2,1-4H3"
[2H]C([2H])([2H])C(=O)c(c1)cccc1,"InChI=1S/C8H8O/c1-7(9)8-5-3-2-4-6-8/h2-6H,1H3/i1D3"
O=CCC(C)C,"InChI=1S/C5H10O/c1-5(2)3-4-6/h4-5H,3H2,1-2H3"
O=CC(C)C,"InChI=1S/C4H8O/c1-4(2)3-5/h3-4H,1-2H3"
CCCC=O,"InChI=1S/C4H8O/c1-2-3-4-5/h4H,2-3H2,1H3"
CC(C)(C)CC([Si](C)(C)C)[Si](C)(C)C,"InChI=1S/C12H30Si2/c1-12(2,3)10-11(13(4,5)6)14(7,8)9/h11H,10H2,1-9H3"
CC(C)(C)C=C([Si](C)(C)C)[Si](C)(C)C,"InChI=1S/C12H28Si2/c1-12(2,3)10-11(13(4,5)6)14(7,8)9/h10H,1-9H3"
CC[Si](CC)(CC)C=CC(C)(C)C,"InChI=1S/C12H26Si/c1-7-13(8-2,9-3)11-10-12(4,5)6/h10-11H,7-9H2,1-6H3/b11-10+"
CC[Si](CC)(CC)C=C[Si](C)(C)C,"InChI=1S/C11H26Si2/c1-7-13(8-2,9-3)11-10-12(4,5)6/h10-11H,7-9H2,1-6H3/b11-10+"
C(C1)CC=C(C1)[Si](C)(C)C,"InChI=1S/C9H18Si/c1-10(2,3)9-7-5-4-6-8-9/h7H,4-6,8H2,1-3H3"
C[SiH](C)C=CC(C)(C)C,"InChI=1S/C8H18Si/c1-8(2,3)6-7-9(4)5/h6-7,9H,1-5H3/b7-6+"
C[Si](C)(C)C(C1)=CCC1,"InChI=1S/C8H16Si/c1-9(2,3)8-6-4-5-7-8/h6H,4-5,7H2,1-3H3"
CC[Si](C)(CC)CC,"InChI=1S/C7H18Si/c1-5-8(4,6-2)7-3/h5-7H2,1-4H3"
Cc(c(C)3)cc(c21)c(c3)[Si](C)(C)[Si](C)(C)c(cc(C)c(C)c2)1,"InChI=1S/C20H28Si2/c1-13-9-17-18-10-14(2)16(4)12-20(18)22(7,8)21(5,6)19(17)11-15(13)3/h9-12H,1-8H3"
c(c4)ccc(c4)[Si](C)(c21)c(c3)c(ccc3)c(cccc2)1,"InChI=1S/C19H16Si/c1-20(15-9-3-2-4-10-15)18-13-7-5-11-16(18)17-12-6-8-14-19(17)20/h2-14H,1H3"
c(c3)cc(c21)c(c3)[Si](C)(C)[Si](C)(C)[Si](C)(C)c(cccc2)1,"InChI=1S/C18H26Si3/c1-19(2)17-13-9-7-11-15(17)16-12-8-10-14-18(16)20(3,4)21(19,5)6/h7-14H,1-6H3"
c(c3)cc(c21)c(c3)[Si]([Si](C)(C)C)([Si](C)(C)C)c(cccc2)1,"InChI=1S/C18H26Si3/c1-19(2,3)21(20(4,5)6)17-13-9-7-11-15(17)16-12-8-10-14-18(16)21/h7-14H,1-6H3"
Cc(c(C)3)cc(c21)c(c3)[Si](C)(C)c(cc(C)c(C)c2)1,"InChI=1S/C18H22Si/c1-11-7-15-16-8-12(2)14(4)10-18(16)19(5,6)17(15)9-13(11)3/h7-10H,1-6H3"
c(c3)cc(c21)c(c3)[Si](C)(C)O[Si](C)(C)c(cccc2)1,"InChI=1S/C16H20OSi2/c1-18(2)15-11-7-5-9-13(15)14-10-6-8-12-16(14)19(3,4)17-18/h5-12H,1-4H3"
c(c3)cc(c21)c(c3)[Si](C)([Si](C)(C)C)c(cccc2)1,"InChI=1S/C16H20Si2/c1-17(2,3)18(4)15-11-7-5-9-13(15)14-10-6-8-12-16(14)18/h5-12H,1-4H3"
c(c3)cc(c21)c(c3)[Si](C)(C)[Si](C)(C)c(cccc2)1,"InChI=1S/C16H20Si2/c1-17(2)15-11-7-5-9-13(15)14-10-6-8-12-16(14)18(17,3)4/h5-12H,1-4H3"
c(c3)cc(c21)c(c3)[Si](C)(C)c(cccc2)1,"InChI=1S/C14H14Si/c1-15(2)13-9-5-3-7-11(13)12-8-4-6-10-14(12)15/h3-10H,1-2H3"
CC(C)[Si](C)(C(C)C)N(C)[Si](C)(C(C)C)C(C)C,"InChI=1S/C15H37NSi2/c1-12(2)17(10,13(3)4)16(9)18(11,14(5)6)15(7)8/h12-15H,1-11H3"
c(c1)ccc(c1)N(C)[Si](C)(C)C(C)(C)C,"InChI=1S/C13H23NSi/c1-13(2,3)15(5,6)14(4)12-10-8-7-9-11-12/h7-11H,1-6H3"
c(c1)ccc(c1)N([Si](C)(C)C)[Si](C)(C)C,"InChI=1S/C12H23NSi2/c1-14(2,3)13(15(4,5)6)12-10-8-7-9-11-12/h7-11H,1-6H3"
CN[Si](C)(C(C)C)C(C)C,"InChI=1S/C8H21NSi/c1-7(2)10(6,9-5)8(3)4/h7-9H,1-6H3"
CC(C)[SiH](C)C(C)C,"InChI=1S/C7H18Si/c1-6(2)8(5)7(3)4/h6-8H,1-5H3"
CC(C)[Si](C)(Cl)C(C)C,"InChI=1S/C7H17ClSi/c1-6(2)9(5,8)7(3)4/h6-7H,1-5H3"
Cc(c1)cc(C)c(c(C)1)[Si](C)(Cl)Cl,"InChI=1S/C10H14Cl2Si/c1-7-5-8(2)10(9(3)6-7)13(4,11)12/h5-6H,1-4H3"
C[Si](C)(C)C([Si](C)(C)C)[Si](C)(C)C,"InChI=1S/C10H28Si3/c1-11(2,3)10(12(4,5)6)13(7,8)9/h10H,1-9H3"
C[Si](C)(C)[Si](Cl)([Si](C)(C)C)[Si](C)(C)C,"InChI=1S/C9H27ClSi4/c1-11(2,3)14(10,12(4,5)6)13(7,8)9/h1-9H3"
C[Si](C)(C)C[Si](C)(C)C,"InChI=1S/C7H20Si2/c1-8(2,3)7-9(4,5)6/h7H2,1-6H3"
C[Si](C)(C)C(Cl)[Si](C)(C)C,"InChI=1S/C7H19ClSi2/c1-9(2,3)7(8)10(4,5)6/h7H,1-6H3"
C[Si](C)(C)C(Cl)(Cl)[Si](C)(C)C,"InChI=1S/C7H18Cl2Si2/c1-10(2,3)7(8,9)11(4,5)6/h1-6H3"
C[Si](C)(C)[Si](C)(C)Cl,"InChI=1S/C5H15ClSi2/c1-7(2,3)8(4,5)6/h1-5H3"
c(c3)ccc(c3)[SiH](c(c2)cccc2)c(c1)cccc1,"InChI=1S/C18H16Si/c1-4-10-16(11-5-1)19(17-12-6-2-7-13-17)18-14-8-3-9-15-18/h1-15,19H"
c(c2)ccc(c2)[SiH](C)[SiH](C)c(c1)cccc1,"InChI=1S/C14H18Si2/c1-15(13-9-5-3-6-10-13)16(2)14-11-7-4-8-12-14/h3-12,15-16H,1-2H3"
[H]C(CC([H])=C([H])I)=C([H])I,"InChI=1S/C5H6I2/c6-4-2-1-3-5-7/h2-5H,1H2/b4-2-,5-3-"
CC(=C)c(c1)ccc(c1)[Si](C)(C)[Si](C)(C)C,"InChI=1S/C14H24Si2/c1-12(2)13-8-10-14(11-9-13)16(6,7)15(3,4)5/h8-11H,1H2,2-7H3"
O=Cc(c1)ccc(c1)[Si](C)(C)OC(C)(C)C,"InChI=1S/C13H20O2Si/c1-13(2,3)15-16(4,5)12-8-6-11(10-14)7-9-12/h6-10H,1-5H3"
C[Si](C)(C)C(O1)c(c2)c(ccc2)[Si](C)(C)1,"InChI=1S/C12H20OSi2/c1-14(2,3)12-10-8-6-7-9-11(10)15(4,5)13-12/h6-9,12H,1-5H3"
O=Cc(c1)c(ccc1)[Si](C)(C)[Si](C)(C)C,"InChI=1S/C12H20OSi2/c1-14(2,3)15(4,5)12-9-7-6-8-11(12)10-13/h6-10H,1-5H3"
O=Cc(c1)ccc(c1)[Si](C)(C)[Si](C)(C)C,"InChI=1S/C12H20OSi2/c1-14(2,3)15(4,5)12-8-6-11(10-13)7-9-12/h6-10H,1-5H3"
CC(=C)c(c1)ccc(c1)[Si](C)(C)OC,"InChI=1S/C12H18OSi/c1-10(2)11-6-8-12(9-7-11)14(4,5)13-3/h6-9H,1H2,2-5H3"
CC(=C)c(c1)ccc(c1)[Si](C)(C)C,"InChI=1S/C12H18Si/c1-10(2)11-6-8-12(9-7-11)13(3,4)5/h6-9H,1H2,2-5H3"
CC(=C)c(c1)ccc(c1)[SiH](C)C,"InChI=1S/C11H16Si/c1-9(2)10-5-7-11(8-6-10)12(3)4/h5-8,12H,1H2,2-4H3"
COc(c1)ccc(c1)[Si](C)(C)OC,"InChI=1S/C10H16O2Si/c1-11-9-5-7-10(8-6-9)13(3,4)12-2/h5-8H,1-4H3"
COc(c1)ccc(c1)[Si](C)(C)C,"InChI=1S/C10H16OSi/c1-11-9-5-7-10(8-6-9)12(2,3)4/h5-8H,1-4H3"
COc(c1)ccc(c1)[SiH](C)C,"InChI=1S/C9H14OSi/c1-10-8-4-6-9(7-5-8)11(2)3/h4-7,11H,1-3H3"
CO[Si](C)(C)c(c1)cccc1,"InChI=1S/C9H14OSi/c1-10-11(2,3)9-7-5-4-6-8-9/h4-8H,1-3H3"
COc(c1)ccc(c1)[Si](C)(C)Cl,"InChI=1S/C9H13ClOSi/c1-11-8-4-6-9(7-5-8)12(2,3)10/h4-7H,1-3H3"
CC(C)(C)O[Si](C)(C)C,"InChI=1S/C7H18OSi/c1-7(2,3)8-9(4,5)6/h1-6H3"
c(c2)cc(C1)c(c2)[Si](C)(C1)[Si](C)(C)C,"InChI=1S/C12H20Si2/c1-13(2,3)14(4)10-9-11-7-5-6-8-12(11)14/h5-8H,9-10H2,1-4H3"
C[SiH](Cl)CCc(c1)c(Cl)ccc1,"InChI=1S/C9H12Cl2Si/c1-12(11)7-6-8-4-2-3-5-9(8)10/h2-5,12H,6-7H2,1H3"
ClCCc(c1)c(Cl)ccc1,"InChI=1S/C8H8Cl2/c9-6-5-7-3-1-2-4-8(7)10/h1-4H,5-6H2"
CC(C)(C)C([H])=C([H])[Si](C)(C)C,"InChI=1S/C9H20Si/c1-9(2,3)7-8-10(4,5)6/h7-8H,1-6H3/b8-7+"
C[Si](C)(C)C(=C)[Si](C)(C)C,"InChI=1S/C8H20Si2/c1-8(9(2,3)4)10(5,6)7/h1H2,2-7H3"
C[SiH](C)C([H])=C([H])[Si](C)(C)C,"InChI=1S/C7H18Si2/c1-8(2)6-7-9(3,4)5/h6-8H,1-5H3/b7-6+"
[H]C([Si](C)(C)C)=C([H])[Si](C)(C)Cl,"InChI=1S/C7H17ClSi2/c1-9(2,3)6-7-10(4,5)8/h6-7H,1-5H3/b7-6+"
C=1C(=CC(=CC1C(C)(C)C)C(C)(C)C)C(C)(C)C,"InChI=1S/C18H30/c1-16(2,3)13-10-14(17(4,5)6)12-15(11-13)18(7,8)9/h10-12H,1-9H3"
CC(C)(C)c(c1)cc(cc1C(C)(C)C)[Si](C)(C)C,"InChI=1S/C17H30Si/c1-16(2,3)13-10-14(17(4,5)6)12-15(11-13)18(7,8)9/h10-12H,1-9H3"
CC(C)(C)c(c1)cc(cc1)C(C)(C)C,"InChI=1S/C14H22/c1-13(2,3)11-8-7-9-12(10-11)14(4,5)6/h7-10H,1-6H3"
CC(C)(C)c(c1)ccc(c1)C(C)(C)C,"InChI=1S/C14H22/c1-13(2,3)11-7-9-12(10-8-11)14(4,5)6/h7-10H,1-6H3"
[O-1][N+1](=O)c(c1)cc(cc1C(C)(C)C)C(C)(C)C,"InChI=1S/C14H21NO2/c1-13(2,3)10-7-11(14(4,5)6)9-12(8-10)15(16)17/h7-9H,1-6H3"
CC(C)(C)c(c1)cc(cc(Br)1)C(C)(C)C,"InChI=1S/C14H21Br/c1-13(2,3)10-7-11(14(4,5)6)9-12(15)8-10/h7-9H,1-6H3"
CC(C)(C)Nc(c1)cccc1,"InChI=1S/C10H15N/c1-10(2,3)11-9-7-5-4-6-8-9/h4-8,11H,1-3H3"
O=C=Nc(c1)cccc1,InChI=1S/C7H5NO/c9-6-8-7-4-2-1-3-5-7/h1-5H
c(c1)(cc(c([Si](O)(F)c(c2C(C)(C)C)c(cc(C(C)(C)C)c2)C(C)(C)C)c1C)C)C,"InChI=1S/C27H41FOSi/c1-17-13-18(2)23(19(3)14-17)30(28,29)24-21(26(7,8)9)15-20(25(4,5)6)16-22(24)27(10,11)12/h13-16,29H,1-12H3"
c(c1)(cc(C)c([Si](F)(F)c(c2C(C)(C)C)c(cc(C(C)(C)C)c2)C(C)(C)C)c1C)C,"InChI=1S/C27H40F2Si/c1-17-13-18(2)23(19(3)14-17)30(28,29)24-21(26(7,8)9)15-20(25(4,5)6)16-22(24)27(10,11)12/h13-16H,1-12H3"
FCO[SiH](C(C)(C)C)c(c1C(C)(C)C)c(cc(C(C)(C)C)c1)C(C)(C)C,"InChI=1S/C23H41FOSi/c1-20(2,3)16-13-17(21(4,5)6)19(18(14-16)22(7,8)9)26(25-15-24)23(10,11)12/h13-14,26H,15H2,1-12H3"
CC=C([Si](C)(C)C)[Si](C)(C)C,"InChI=1S/C9H22Si2/c1-8-9(10(2,3)4)11(5,6)7/h8H,1-7H3"
CC(=C)[Si](C)(C)C,"InChI=1S/C6H14Si/c1-6(2)7(3,4)5/h1H2,2-5H3"
c(c3)ccc(c3)C(=C(c(c2)cccc2)1)[Si](C)(C)[Si](C)(C)[Si](C)(C)1,"InChI=1S/C20H28Si3/c1-21(2)19(17-13-9-7-10-14-17)20(18-15-11-8-12-16-18)22(3,4)23(21,5)6/h7-16H,1-6H3"
c(c3)ccc(c3)C([Si](C)(C)1)=C(c(c2)cccc2)[Si](C)(C)O1,"InChI=1S/C18H22OSi2/c1-20(2)17(15-11-7-5-8-12-15)18(21(3,4)19-20)16-13-9-6-10-14-16/h5-14H,1-4H3"
ClC[Si](C)(C)C,"InChI=1S/C4H11ClSi/c1-6(2,3)4-5/h4H2,1-3H3"
ClC[Si](C)(C)Cl,"InChI=1S/C3H8Cl2Si/c1-6(2,5)3-4/h3H2,1-2H3"
c(c1[Si](C(c(c5)cccc5)=3)(C(c(c4)cccc4)=C([H])C3[H])Cc(c2)cccc2)cccc1,"InChI=1S/C29H24Si/c1-5-13-24(14-6-1)23-30(27-19-11-4-12-20-27)28(25-15-7-2-8-16-25)21-22-29(30)26-17-9-3-10-18-26/h1-22H,23H2"
c(c3)ccc(c3)C(=C([H])1)[Si](C)(C)C(c(c2)cccc2)=C([H])1,"InChI=1S/C18H18Si/c1-19(2)17(15-9-5-3-6-10-15)13-14-18(19)16-11-7-4-8-12-16/h3-14H,1-2H3"
CC(C)c(c1)cc(C(C)C)c(c(C(C)C)1)[Si](F)(F)C(C)(C)C,"InChI=1S/C19H32F2Si/c1-12(2)15-10-16(13(3)4)18(17(11-15)14(5)6)22(20,21)19(7,8)9/h10-14H,1-9H3"
CCCCN(c(c1)cccc1)[Si](C)(C)C(C)(C)C,"InChI=1S/C16H29NSi/c1-7-8-14-17(15-12-10-9-11-13-15)18(5,6)16(2,3)4/h9-13H,7-8,14H2,1-6H3"
c(c1)ccc(c1)N([Si](C)(C)C(C)(C)C)[Si](C)(C)C(C)(C)C,"InChI=1S/C18H35NSi2/c1-17(2,3)20(7,8)19(16-14-12-11-13-15-16)21(9,10)18(4,5)6/h11-15H,1-10H3"
c(c1)ccc(c1)N[Si](C)(C)C(C)(C)C,"InChI=1S/C12H21NSi/c1-12(2,3)14(4,5)13-11-9-7-6-8-10-11/h6-10,13H,1-5H3"
CCN(c(c1)cccc1)[Si](C)(C)C(C)(C)C,"InChI=1S/C14H25NSi/c1-7-15(13-11-9-8-10-12-13)16(5,6)14(2,3)4/h8-12H,7H2,1-6H3"
ClC[Si](C)(C)N(C1)c(c2)c(ccc2)C1,"InChI=1S/C11H16ClNSi/c1-14(2,9-12)13-8-7-10-5-3-4-6-11(10)13/h3-6H,7-9H2,1-2H3"
c(c2)cc(C1)c(c2)N([Si](C)(C)C)[Si](C)(C)1,"InChI=1S/C12H21NSi2/c1-14(2,3)13-12-9-7-6-8-11(12)10-15(13,4)5/h6-9H,10H2,1-5H3"
c(c2)cc(C1)c(c2)N(C)[Si](C)(C)1,"InChI=1S/C10H15NSi/c1-11-10-7-5-4-6-9(10)8-12(11,2)3/h4-7H,8H2,1-3H3"
c(c1)ccc(c1)C#C[Ge](C)(C)[Si](C)(C)C,"InChI=1S/C13H20GeSi/c1-14(2,15(3,4)5)12-11-13-9-7-6-8-10-13/h6-10H,1-5H3"
c(c1)ccc(c1)C#C[Si](C)(C)[Ge](C)(C)C,"InChI=1S/C13H20GeSi/c1-14(2,3)15(4,5)12-11-13-9-7-6-8-10-13/h6-10H,1-5H3"
[SiH3][SiH2]c(c(C)1)c(C)c(C)c(C)c(C)1,"InChI=1S/C11H20Si2/c1-6-7(2)9(4)11(13-12)10(5)8(6)3/h13H2,1-5,12H3"
c(c1)ccc(c1)[Ge](C)(C)[Si](C)(C)C,"InChI=1S/C11H20GeSi/c1-12(2,13(3,4)5)11-9-7-6-8-10-11/h6-10H,1-5H3"
c(c1)ccc(c1)C#C[Si](C)(C)C,"InChI=1S/C11H14Si/c1-12(2,3)10-9-11-7-5-4-6-8-11/h4-8H,1-3H3"
C[Si](C)(C)[Ge](C)(C)O[Ge](C)(C)[Si](C)(C)C,"InChI=1S/C10H30Ge2OSi2/c1-11(2,14(5,6)7)13-12(3,4)15(8,9)10/h1-10H3"
C[Si](C)(C)[SiH]([Si](C)(C)C)[Si](C)(C)C,"InChI=1S/C9H28Si4/c1-11(2,3)10(12(4,5)6)13(7,8)9/h10H,1-9H3"
CC(C)(C)C#C[Si](C)(C)C,"InChI=1S/C9H18Si/c1-9(2,3)7-8-10(4,5)6/h1-6H3"
C[Si](C)(C)C([H])=C([H])[Ge](C)(C)C,"InChI=1S/C8H20GeSi/c1-9(2,3)7-8-10(4,5)6/h7-8H,1-6H3/b8-7+"
c(c1)ccc(c1)[Ge](C)(C)Cl,"InChI=1S/C8H11ClGe/c1-10(2,9)8-6-4-3-5-7-8/h3-7H,1-2H3"
[H]C(C)=C([H])[Si](C)(C)C,"InChI=1S/C6H14Si/c1-5-6-7(2,3)4/h5-6H,1-4H3/b6-5-"
CCCCOC(=O)c(c1)ccc(N)c1,"InChI=1S/C11H15NO2/c1-2-3-8-14-11(13)9-4-6-10(12)7-5-9/h4-7H,2-3,8,12H2,1H3"
OC(=O)c(c1)c(N)ccc1,"InChI=1S/C7H7NO2/c8-6-4-2-1-3-5(6)7(9)10/h1-4H,8H2,(H,9,10)"
CC(C)COC(=O)c(c1)c(ccc1)C(=O)OCC(C)C,"InChI=1S/C16H22O4/c1-11(2)9-19-15(17)13-7-5-6-8-14(13)16(18)20-10-12(3)4/h5-8,11-12H,9-10H2,1-4H3"
c(c1)ccc(c1)S(=O)(=O)Cl,"InChI=1S/C6H5ClO2S/c7-10(8,9)6-4-2-1-3-5-6/h1-5H"
Nc(c1)c(c2)c(ccc2)cc1,"InChI=1S/C10H9N/c11-10-7-3-5-8-4-1-2-6-9(8)10/h1-7H,11H2"
[2H]C([2H])([2H])OC(=O)c(c1)ccc(c1)C(=O)OC([2H])([2H])[2H],"InChI=1S/C10H10O4/c1-13-9(11)7-3-5-8(6-4-7)10(12)14-2/h3-6H,1-2H3/i1D3,2D3"
[2H]C([2H])([2H])OC(=O)c(c1)cc(cc1)C(=O)OC([2H])([2H])[2H],"InChI=1S/C10H10O4/c1-13-9(11)7-4-3-5-8(6-7)10(12)14-2/h3-6H,1-2H3/i1D3,2D3"
[2H]C([2H])([2H])OC(=O)c(c1)c(ccc1)C(=O)OC([2H])([2H])[2H],"InChI=1S/C10H10O4/c1-13-9(11)7-5-3-4-6-8(7)10(12)14-2/h3-6H,1-2H3/i1D3,2D3"
CCCOC(=O)c(c1)ccc(N)c1,"InChI=1S/C10H13NO2/c1-2-7-13-10(12)8-3-5-9(11)6-4-8/h3-6H,2,7,11H2,1H3"
Nc(c1)ccc(N)c1,"InChI=1S/C6H8N2/c7-5-1-2-6(8)4-3-5/h1-4H,7-8H2"
Nc(c1)cc(N)cc1,"InChI=1S/C6H8N2/c7-5-2-1-3-6(8)4-5/h1-4H,7-8H2"
OCC(C)OCC(C)OCC(C)O,"InChI=1S/C9H20O4/c1-7(11)5-12-9(3)6-13-8(2)4-10/h7-11H,4-6H2,1-3H3"
COCCOCCOCCO,"InChI=1S/C7H16O4/c1-9-4-5-11-7-6-10-3-2-8/h8H,2-7H2,1H3"
[2H]C([2H])([2H])C([2H])(C([2H])([2H])[2H])OC(=O)c(c1)cccc1,"InChI=1S/C10H12O2/c1-8(2)12-10(11)9-6-4-3-5-7-9/h3-8H,1-2H3/i1D3,2D3,8D"
CCC(O)C(O)=O,"InChI=1S/C4H8O3/c1-2-3(5)4(6)7/h3,5H,2H2,1H3,(H,6,7)"
COc(c3)cc(O2)c(c3)C([H])(O)C(C2)c(c1)cccc1,"InChI=1S/C16H16O3/c1-18-12-7-8-13-15(9-12)19-10-14(16(13)17)11-5-3-2-4-6-11/h2-9,14,16-17H,10H2,1H3/t14?,16-/m1/s1"
COc(c3)cc(O2)c(c3)C([2H])(O)C(C2)c(c1)cccc1,"InChI=1S/C16H16O3/c1-18-12-7-8-13-15(9-12)19-10-14(16(13)17)11-5-3-2-4-6-11/h2-9,14,16-17H,10H2,1H3/t14?,16-/m0/s1/i16D"
COc(c3)cc(O2)c(c3)C=C(C2)c(c1)cccc1,"InChI=1S/C16H14O2/c1-17-15-8-7-13-9-14(11-18-16(13)10-15)12-5-3-2-4-6-12/h2-10H,11H2,1H3"
c(c3)ccc(c3)C(C1)C(=O)c(c2)c(ccc2)O1,"InChI=1S/C15H12O2/c16-15-12-8-4-5-9-14(12)17-10-13(15)11-6-2-1-3-7-11/h1-9,13H,10H2"
COc(c3)cc(O1)c(c3)C([H])(O)CC([H])(c(c2)cccc2)1,"InChI=1S/C16H16O3/c1-18-12-7-8-13-14(17)10-15(19-16(13)9-12)11-5-3-2-4-6-11/h2-9,14-15,17H,10H2,1H3/t14-,15+/m0/s1"
c(c3)ccc(c3)C(O1)C([2H])([2H])C(O)c(c2)c(ccc2)1,"InChI=1S/C15H14O2/c16-13-10-15(11-6-2-1-3-7-11)17-14-9-5-4-8-12(13)14/h1-9,13,15-16H,10H2/i10D2"
CC(C1)Oc(c2)c(ccc2)C(O)1,"InChI=1S/C10H12O2/c1-7-6-9(11)8-4-2-3-5-10(8)12-7/h2-5,7,9,11H,6H2,1H3/t7-,9-/m0/s1"
COc(c4)ccc(c4)C(C(=O)3)=C(O)c(c(O3)1)c(OC)c(C=2)c(OC(C)(C)C2)c1,"InChI=1S/C22H20O6/c1-22(2)10-9-14-15(28-22)11-16-18(20(14)26-4)19(23)17(21(24)27-16)12-5-7-13(25-3)8-6-12/h5-11,23H,1-4H3"
[2H]C([2H])([2H])C(=O)OCCOC(=O)C([2H])([2H])[2H],"InChI=1S/C6H10O4/c1-5(7)9-3-4-10-6(2)8/h3-4H2,1-2H3/i1D3,2D3"
CC(=O)OC(C(C)1)C(OC(C)=O)C(C(C)C)CC1,"InChI=1S/C14H24O4/c1-8(2)12-7-6-9(3)13(17-10(4)15)14(12)18-11(5)16/h8-9,12-14H,6-7H2,1-5H3"
CC(=O)OC(C1)C(CCC1)OC(C)=O,"InChI=1S/C10H16O4/c1-7(11)13-9-5-3-4-6-10(9)14-8(2)12/h9-10H,3-6H2,1-2H3"
CC(=O)OC(C(C)(C)1)C(C)(C2)CC(C2)1,"InChI=1S/C12H20O2/c1-8(13)14-10-11(2,3)9-5-6-12(10,4)7-9/h9-10H,5-7H2,1-4H3"
CC(=O)OC(C1)C(CCC(C)1)=C(C)C,"InChI=1S/C12H20O2/c1-8(2)11-6-5-9(3)7-12(11)14-10(4)13/h9,12H,5-7H2,1-4H3"
CC(=O)OC(C1)C(=CCC(C)1)C(C)C,"InChI=1S/C12H20O2/c1-8(2)11-6-5-9(3)7-12(11)14-10(4)13/h6,8-9,12H,5,7H2,1-4H3"
CC(=O)OC(C=1)C(CCC(C)1)C(C)C,"InChI=1S/C12H20O2/c1-8(2)11-6-5-9(3)7-12(11)14-10(4)13/h7-8,11-12H,5-6H2,1-4H3"
CC(=O)OC(C)(C)C#CC(C)(C)OC(C)=O,"InChI=1S/C12H18O4/c1-9(13)15-11(3,4)7-8-12(5,6)16-10(2)14/h1-6H3"
C=CC(C(C)C)OC(C)=O,"InChI=1S/C8H14O2/c1-5-8(6(2)3)10-7(4)9/h5-6,8H,1H2,2-4H3"
CC(=O)OCC(C)(C)C,"InChI=1S/C7H14O2/c1-6(8)9-5-7(2,3)4/h5H2,1-4H3"
O=C(O1)C(=C)C([H])(C2)C([H])1CC(C)(C([H])(O)4)C2(O3)C(C)(CC4)3,"InChI=1S/C15H20O4/c1-8-9-6-15-13(2,7-10(9)18-12(8)17)11(16)4-5-14(15,3)19-15/h9-11,16H,1,4-7H2,2-3H3/t9-,10+,11+,13-,14+,15-/m0/s1"
[H]C(C)(C3)C(C1)C(C)(CC3)CC([H])(O2)C([H])1C(C)(O)C(=O)2,"InChI=1S/C15H24O3/c1-9-5-4-6-14(2)8-12-11(7-10(9)14)15(3,17)13(16)18-12/h9-12,17H,4-8H2,1-3H3/t9-,10?,11-,12+,14+,15-/m0/s1"
O=C(O1)C(=C)C([H])(C4)C([H])1CC(C)(C([H])43)C([H])(O2)C([H])(C(=O)C([H])(C)3)2,"InChI=1S/C15H18O4/c1-6-8-4-9-7(2)11(16)12-13(19-12)15(9,3)5-10(8)18-14(6)17/h7-10,12-13H,1,4-5H2,2-3H3/t7-,8-,9+,10-,12+,13+,15-/m1/s1"
CC(C4)CC(C(C4)C(C)C)OC(=O)C(C(O)2)(C31)C(CCC3)(CC(CC)2)1,"InChI=1S/C22H36O3/c1-5-15-12-21-10-6-7-18(21)22(21,19(15)23)20(24)25-17-11-14(4)8-9-16(17)13(2)3/h13-19,23H,5-12H2,1-4H3/t14-,15-,16?,17-,18+,19+,21+,22?/m1/s1"
CC(C4)CC(C(C4)C(C)C)OC(=O)C(C(=O)2)(C31)C(CCC3)(CC(CC)2)1,"InChI=1S/C22H34O3/c1-5-15-12-21-10-6-7-18(21)22(21,19(15)23)20(24)25-17-11-14(4)8-9-16(17)13(2)3/h13-18H,5-12H2,1-4H3/t14-,15?,16?,17-,18?,21?,22?/m1/s1"
CCC(CC(C2)=CCC2)C(=O)CC(=O)OC(C1)C(CCC(C)1)C(C)C,"InChI=1S/C22H36O3/c1-5-18(13-17-8-6-7-9-17)20(23)14-22(24)25-21-12-16(4)10-11-19(21)15(2)3/h8,15-16,18-19,21H,5-7,9-14H2,1-4H3/t16-,18?,19+,21-/m1/s1"
CCCC(=O)CC(=O)OC(C1)C(CCC(C)1)C(C)C,"InChI=1S/C16H28O3/c1-5-6-13(17)10-16(18)19-15-9-12(4)7-8-14(15)11(2)3/h11-12,14-15H,5-10H2,1-4H3/t12-,14?,15-/m0/s1"
CCC(C1)C(O)C(C(=O)OC)(C32)C(CCC3)12,"InChI=1S/C13H20O3/c1-3-8-7-12-6-4-5-9(12)13(12,10(8)14)11(15)16-2/h8-10,14H,3-7H2,1-2H3"
COC(=O)C(C(=O)2)(C31)C(CCC3)(CC(CC)(CC)2)1,"InChI=1S/C15H22O3/c1-4-13(5-2)9-14-8-6-7-10(14)15(14,11(13)16)12(17)18-3/h10H,4-9H2,1-3H3"
CCC(C1)C(=O)C(C(=O)OC)(C32)C(CCC3)12,"InChI=1S/C13H18O3/c1-3-8-7-12-6-4-5-9(12)13(12,10(8)14)11(15)16-2/h8-9H,3-7H2,1-2H3"
COC(=O)C(C(=O)2)(C31)C(CCC3)(CC2)1,"InChI=1S/C11H14O3/c1-14-9(13)11-7-3-2-5-10(7,11)6-4-8(11)12/h7H,2-6H2,1H3"
COC(=O)CC(=O)CCC(C1)=CCC1,"InChI=1S/C11H16O3/c1-14-11(13)8-10(12)7-6-9-4-2-3-5-9/h4H,2-3,5-8H2,1H3"
OCC(C1)=C([H])CC1,"InChI=1S/C6H10O/c7-5-6-3-1-2-4-6/h3,7H,1-2,4-5H2"
CC(=O)CCC([H])(C(C)(C)1)C([H])(C(=C([H])2)C(=C)CC2)1,"InChI=1S/C15H22O/c1-10-6-5-7-12(10)14-13(15(14,3)4)9-8-11(2)16/h7,13-14H,1,5-6,8-9H2,2-4H3/t13-,14+/m0/s1"
CC(O)CCC(C(C)(C)1)C(C(=C2)C(=O)CC2)1,"InChI=1S/C14H22O2/c1-9(15)7-8-11-13(14(11,2)3)10-5-4-6-12(10)16/h5,9,11,13,15H,4,6-8H2,1-3H3"
COc(c2)cc(O1)c(c2)C(OC)=C(C)C(=O)1,"InChI=1S/C12H12O4/c1-7-11(15-3)9-5-4-8(14-2)6-10(9)16-12(7)13/h4-6H,1-3H3"
COc(c2)cc(O1)c(c2)C(O)=C(C)C(=O)1,"InChI=1S/C11H10O4/c1-6-10(12)8-4-3-7(14-2)5-9(8)15-11(6)13/h3-5,12H,1-2H3"
COc(c1)c(C)cc(C=2)c(OC(=O)C2)1,"InChI=1S/C11H10O3/c1-7-5-8-3-4-11(12)14-10(8)6-9(7)13-2/h3-6H,1-2H3"
CC(=O)Oc(c1)c(C)cc(C=2)c(OC(=O)C2)1,"InChI=1S/C12H10O4/c1-7-5-9-3-4-12(14)16-11(9)6-10(7)15-8(2)13/h3-6H,1-2H3"
O=C(C=2)Oc(c1)c(C2)cc(C)c(O)1,"InChI=1S/C10H8O3/c1-6-4-7-2-3-10(12)13-9(7)5-8(6)11/h2-5,11H,1H3"
COc(c2)cc(O1)c(c2)C(C)=CC(=O)1,"InChI=1S/C11H10O3/c1-7-5-11(12)14-10-6-8(13-2)3-4-9(7)10/h3-6H,1-2H3"
CC(=O)Oc(c2)cc(O1)c(c2)C(C)=CC(=O)1,"InChI=1S/C12H10O4/c1-7-5-12(14)16-11-6-9(15-8(2)13)3-4-10(7)11/h3-6H,1-2H3"
Oc(c2)cc(O1)c(c2)C(C)=CC(=O)1,"InChI=1S/C10H8O3/c1-6-4-10(12)13-9-5-7(11)2-3-8(6)9/h2-5,11H,1H3"
Oc(c4)cc(O3)c(c(O)4)C(=O)C(=C([H])3)c(c2)cc(C1)c(c2)OC(C)(C)C1,"InChI=1S/C20H18O5/c1-20(2)6-5-12-7-11(3-4-16(12)25-20)14-10-24-17-9-13(21)8-15(22)18(17)19(14)23/h3-4,7-10,21-22H,5-6H2,1-2H3"
CC(C)=CCc(c(O)3)cc(cc3)C(=C1)C(=O)c(c(O)2)c(cc(O)c2)O1,"InChI=1S/C20H18O5/c1-11(2)3-4-13-7-12(5-6-16(13)22)15-10-25-18-9-14(21)8-17(23)19(18)20(15)24/h3,5-10,21-23H,4H2,1-2H3"
c(c23)cc(cc(OC=C(c(c4)cc(O5)c(CCC5(C)C)c4)C3=O)2)OCc(c1)cccc1,"InChI=1S/C27H24O4/c1-27(2)13-12-19-8-9-20(14-24(19)31-27)23-17-30-25-15-21(10-11-22(25)26(23)28)29-16-18-6-4-3-5-7-18/h3-11,14-15,17H,12-13,16H2,1-2H3"
Oc(c4)cc(O3)c(c4)C(=O)C(=C([H])3)c(c2)cc(C1)c(c2)OC(C)(C)C1,"InChI=1S/C20H18O4/c1-20(2)8-7-13-9-12(3-6-17(13)24-20)16-11-23-18-10-14(21)4-5-15(18)19(16)22/h3-6,9-11,21H,7-8H2,1-2H3"
c(c(CC=C(C)C)1)c(C(=C4)C(c(c2)c(O4)cc(OC(=O)c(c3)cccc3)c2)=O)ccc1O,"InChI=1S/C27H22O5/c1-17(2)8-9-20-14-19(10-13-24(20)28)23-16-31-25-15-21(11-12-22(25)26(23)29)32-27(30)18-6-4-3-5-7-18/h3-8,10-16,28H,9H2,1-2H3"
CCCCOc(c1)ccc(c1)C(=O)O[Si](C)(C)C,"InChI=1S/C14H22O3Si/c1-5-6-11-16-13-9-7-12(8-10-13)14(15)17-18(2,3)4/h7-10H,5-6,11H2,1-4H3"
C[Si](C)(C)OC(=O)C(C1)=CC(O[Si](C)(C)C)C(O[Si](C)(C)C)C(O[Si](C)(C)C)1,"InChI=1S/C19H42O5Si4/c1-25(2,3)21-16-13-15(19(20)24-28(10,11)12)14-17(22-26(4,5)6)18(16)23-27(7,8)9/h13,16-18H,14H2,1-12H3/t16-,17-,18-/m0/s1"
C[Si](C)(C)OC(=O)C(C1)C(C(=O)O[Si](C)(C)C)C(C(=O)O[Si](C)(C)C)C(C(=O)O[Si](C)(C)C)1,"InChI=1S/C21H42O8Si4/c1-30(2,3)26-18(22)14-13-15(19(23)27-31(4,5)6)17(21(25)29-33(10,11)12)16(14)20(24)28-32(7,8)9/h14-17H,13H2,1-12H3"
c(O[Si](C)(C)C)(c2)ccc(c2)C(CCC(=O)O[Si](C)(C)C)(c(c1)ccc(O[Si](C)(C)C)c1)C,"InChI=1S/C26H42O4Si3/c1-26(20-19-25(27)30-33(8,9)10,21-11-15-23(16-12-21)28-31(2,3)4)22-13-17-24(18-14-22)29-32(5,6)7/h11-18H,19-20H2,1-10H3"
O=C(O[Si](C)(C)C)C(O[Si](C)(C)C)CCCCCCCCCCCCCCCCCCCC,"InChI=1S/C28H60O3Si2/c1-8-9-10-11-12-13-14-15-16-17-18-19-20-21-22-23-24-25-26-27(30-32(2,3)4)28(29)31-33(5,6)7/h27H,8-26H2,1-7H3"
C[Si](C)(C)OC(=O)C(O[Si](C)(C)C)c(c1)cc(O[Si](C)(C)C)c(c1)O[Si](C)(C)C,"InChI=1S/C20H40O5Si4/c1-26(2,3)22-17-14-13-16(15-18(17)23-27(4,5)6)19(24-28(7,8)9)20(21)25-29(10,11)12/h13-15,19H,1-12H3"
C(CCCCCCCCC(=O)O[Si](C)(C)C)CCCCCCCC(=O)O[Si](C)(C)C,"InChI=1S/C24H50O4Si2/c1-29(2,3)27-23(25)21-19-17-15-13-11-9-7-8-10-12-14-16-18-20-22-24(26)28-30(4,5)6/h7-22H2,1-6H3"
C(CCCCCCCC(=O)O[Si](C)(C)C)CCCCCCC(=O)O[Si](C)(C)C,"InChI=1S/C22H46O4Si2/c1-27(2,3)25-21(23)19-17-15-13-11-9-7-8-10-12-14-16-18-20-22(24)26-28(4,5)6/h7-20H2,1-6H3"
CC(C)CCCCCCCCCCCCCCCCCC(=O)O[Si](C)(C)C,"InChI=1S/C24H50O2Si/c1-23(2)21-19-17-15-13-11-9-7-6-8-10-12-14-16-18-20-22-24(25)26-27(3,4)5/h23H,6-22H2,1-5H3"
O=C(C=Cc(c1)cc(O[Si](C)(C)C)c(c1)O[Si](C)(C)C)O[Si](C)(C)C,"InChI=1S/C18H32O4Si3/c1-23(2,3)20-16-12-10-15(14-17(16)21-24(4,5)6)11-13-18(19)22-25(7,8)9/h10-14H,1-9H3/b13-11+"
O=C(O[Si](C)(C)C)CC(CC(=O)O[Si](C)(C)C)C(=O)O[Si](C)(C)C,"InChI=1S/C15H32O6Si3/c1-22(2,3)19-13(16)10-12(15(18)21-24(7,8)9)11-14(17)20-23(4,5)6/h12H,10-11H2,1-9H3"
O=C(O[Si](C)(C)C)CC(=CC(=O)O[Si](C)(C)C)C(=O)O[Si](C)(C)C,"InChI=1S/C15H30O6Si3/c1-22(2,3)19-13(16)10-12(15(18)21-24(7,8)9)11-14(17)20-23(4,5)6/h10H,11H2,1-9H3/b12-10-"
C(CCCCCC(=O)O[Si](C)(C)C)CCCCCC(=O)O[Si](C)(C)C,"InChI=1S/C19H40O4Si2/c1-24(2,3)22-18(20)16-14-12-10-8-7-9-11-13-15-17-19(21)23-25(4,5)6/h7-17H2,1-6H3"
C[Si](C)(C)OC(=O)c(c2)c(ccc2)c(c1)c(ccc1)C(=O)O[Si](C)(C)C,"InChI=1S/C20H26O4Si2/c1-25(2,3)23-19(21)17-13-9-7-11-15(17)16-12-8-10-14-18(16)20(22)24-26(4,5)6/h7-14H,1-6H3"
O=C(O[Si](C)(C)C)Cc(c1)c(ccc(O[Si](C)(C)C)1)O[Si](C)(C)C,"InChI=1S/C17H32O4Si3/c1-22(2,3)19-15-10-11-16(20-23(4,5)6)14(12-15)13-17(18)21-24(7,8)9/h10-12H,13H2,1-9H3"
O=C(O[Si](C)(C)C)Cc(c1)cc(O[Si](C)(C)C)c(c1)O[Si](C)(C)C,"InChI=1S/C17H32O4Si3/c1-22(2,3)19-15-11-10-14(12-16(15)20-23(4,5)6)13-17(18)21-24(7,8)9/h10-12H,13H2,1-9H3"
C[Si](C)(C)Oc(c1)ccc(c1)C(O[Si](C)(C)C)C(=O)O[Si](C)(C)C,"InChI=1S/C17H32O4Si3/c1-22(2,3)19-15-12-10-14(11-13-15)16(20-23(4,5)6)17(18)21-24(7,8)9/h10-13,16H,1-9H3"
CC(C)CCCCCCCCCCCCCCCCC(=O)O[Si](C)(C)C,"InChI=1S/C23H48O2Si/c1-22(2)20-18-16-14-12-10-8-6-7-9-11-13-15-17-19-21-23(24)25-26(3,4)5/h22H,6-21H2,1-5H3"
O=C(O[Si](C)(C)C)CC(C)(CC(=O)O[Si](C)(C)C)O[Si](C)(C)C,"InChI=1S/C15H34O5Si3/c1-15(20-23(8,9)10,11-13(16)18-21(2,3)4)12-14(17)19-22(5,6)7/h11-12H2,1-10H3"
C(CCCCCC(=O)O[Si](C)(C)C)CCCCC(=O)O[Si](C)(C)C,"InChI=1S/C18H38O4Si2/c1-23(2,3)21-17(19)15-13-11-9-7-8-10-12-14-16-18(20)22-24(4,5)6/h7-16H2,1-6H3"
CC(C)C(C3)=CC(=C2)C([H])(C3)C(C)(C1)C([H])(C2)C(C)(CC1)C(=O)O[Si](C)(C)C,"InChI=1S/C23H38O2Si/c1-16(2)17-9-11-19-18(15-17)10-12-20-22(19,3)13-8-14-23(20,4)21(24)25-26(5,6)7/h10,15-16,19-20H,8-9,11-14H2,1-7H3/t19-,20+,22+,23+/m0/s1"
C(CCCC=CC(=O)O[Si](C)(C)C)CCCCC(=O)O[Si](C)(C)C,"InChI=1S/C18H36O4Si2/c1-23(2,3)21-17(19)15-13-11-9-7-8-10-12-14-16-18(20)22-24(4,5)6/h13,15H,7-12,14,16H2,1-6H3/b15-13+"
C[Si](C)(C)OC(=O)C(O[Si](C)(C)C)(c(c2)cccc2)c(c1)cccc1,"InChI=1S/C20H28O3Si2/c1-24(2,3)22-19(21)20(23-25(4,5)6,17-13-9-7-10-14-17)18-15-11-8-12-16-18/h7-16H,1-6H3"
C[Si](C)(C)OC(=O)c(c1)cc(O[Si](C)(C)C)c(c1)O[Si](C)(C)C,"InChI=1S/C16H30O4Si3/c1-21(2,3)18-14-11-10-13(16(17)20-23(7,8)9)12-15(14)19-22(4,5)6/h10-12H,1-9H3"
C[Si](C)(C)OC(=O)c(c1)c(O[Si](C)(C)C)c(cc1)O[Si](C)(C)C,"InChI=1S/C16H30O4Si3/c1-21(2,3)18-14-12-10-11-13(15(14)19-22(4,5)6)16(17)20-23(7,8)9/h10-12H,1-9H3"
CCCCCCCCCCC(O[Si](C)(C)C)C(=O)O[Si](C)(C)C,"InChI=1S/C18H40O3Si2/c1-8-9-10-11-12-13-14-15-16-17(20-22(2,3)4)18(19)21-23(5,6)7/h17H,8-16H2,1-7H3"
C(CCCCC(=O)O[Si](C)(C)C)CCCCC(=O)O[Si](C)(C)C,"InChI=1S/C17H36O4Si2/c1-22(2,3)20-16(18)14-12-10-8-7-9-11-13-15-17(19)21-23(4,5)6/h7-15H2,1-6H3"
c(c2)ccc(c2)c(c1)c(O[Si](C)(C)C)c(cc1)C(=O)O[Si](C)(C)C,"InChI=1S/C19H26O3Si2/c1-23(2,3)21-18-16(15-11-8-7-9-12-15)13-10-14-17(18)19(20)22-24(4,5)6/h7-14H,1-6H3"
O=C(O[Si](C)(C)C)CC(O[Si](C)(C)C)C(=O)O[Si](C)(C)C,"InChI=1S/C13H30O5Si3/c1-19(2,3)16-11(13(15)18-21(7,8)9)10-12(14)17-20(4,5)6/h11H,10H2,1-9H3"
C(CCCCC(=O)O[Si](C)(C)C)CCCC(=O)O[Si](C)(C)C,"InChI=1S/C16H34O4Si2/c1-21(2,3)19-15(17)13-11-9-7-8-10-12-14-16(18)20-22(4,5)6/h7-14H2,1-6H3"
C[Si](C)(C)OC(=O)C(C1)C(C)(C)C(C)(C1)C(=O)O[Si](C)(C)C,"InChI=1S/C16H32O4Si2/c1-15(2)12(13(17)19-21(4,5)6)10-11-16(15,3)14(18)20-22(7,8)9/h12H,10-11H2,1-9H3"
COc(c1)c(O[Si](C)(C)C)c(OC)cc1C(=O)O[Si](C)(C)C,"InChI=1S/C15H26O5Si2/c1-17-12-9-11(15(16)20-22(6,7)8)10-13(18-2)14(12)19-21(3,4)5/h9-10H,1-8H3"
COc(c1)c(ccc(C=CC(=O)O[Si](C)(C)C)1)O[Si](C)(C)C,"InChI=1S/C16H26O4Si2/c1-18-15-12-13(8-10-14(15)19-21(2,3)4)9-11-16(17)20-22(5,6)7/h8-12H,1-7H3/b11-9+"
O=C(O[Si](C)(C)C)CC(c(c1)cccc1)C(=O)O[Si](C)(C)C,"InChI=1S/C16H26O4Si2/c1-21(2,3)19-15(17)12-14(13-10-8-7-9-11-13)16(18)20-22(4,5)6/h7-11,14H,12H2,1-6H3"
c(c1)ccc(c1)CC(C(=O)O[Si](C)(C)C)C(=O)O[Si](C)(C)C,"InChI=1S/C16H26O4Si2/c1-21(2,3)19-15(17)14(16(18)20-22(4,5)6)12-13-10-8-7-9-11-13/h7-11,14H,12H2,1-6H3"
C(CCCC(=O)O[Si](C)(C)C)CCCC(=O)O[Si](C)(C)C,"InChI=1S/C15H32O4Si2/c1-20(2,3)18-14(16)12-10-8-7-9-11-13-15(17)19-21(4,5)6/h7-13H2,1-6H3"
C[Si](C)(C)OC(=O)c(c1)c(O[Si](C)(C)C)cc(c2)c(ccc2)1,"InChI=1S/C17H24O3Si2/c1-21(2,3)19-16-12-14-10-8-7-9-13(14)11-15(16)17(18)20-22(4,5)6/h7-12H,1-6H3"
CCCC(CCC)(C(=O)O[Si](C)(C)C)C(=O)O[Si](C)(C)C,"InChI=1S/C15H32O4Si2/c1-9-11-15(12-10-2,13(16)18-20(3,4)5)14(17)19-21(6,7)8/h9-12H2,1-8H3"
O=C(O[Si](C)(C)C)CC(C1)(CCC1)CC(=O)O[Si](C)(C)C,"InChI=1S/C15H30O4Si2/c1-20(2,3)18-13(16)11-15(9-7-8-10-15)12-14(17)19-21(4,5)6/h7-12H2,1-6H3"
CCCCCCCCCCCCCC(C)C(=O)O[Si](C)(C)C,"InChI=1S/C19H40O2Si/c1-6-7-8-9-10-11-12-13-14-15-16-17-18(2)19(20)21-22(3,4)5/h18H,6-17H2,1-5H3"
c(c1)ccc(c1)C(C(=O)O[Si](C)(C)C)C(=O)O[Si](C)(C)C,"InChI=1S/C15H24O4Si2/c1-20(2,3)18-14(16)13(12-10-8-7-9-11-12)15(17)19-21(4,5)6/h7-11,13H,1-6H3"
C[Si](C)(C)OCC(O[Si](C)(C)C)C(=O)O[Si](C)(C)C,"InChI=1S/C12H30O4Si3/c1-17(2,3)14-10-11(15-18(4,5)6)12(13)16-19(7,8)9/h11H,10H2,1-9H3"
O=C(CCCCCCC(=O)O[Si](C)(C)C)O[Si](C)(C)C,"InChI=1S/C14H30O4Si2/c1-19(2,3)17-13(15)11-9-7-8-10-12-14(16)18-20(4,5)6/h7-12H2,1-6H3"
C[Si](C)(C)OC(=O)C(C(C1)CCC1)C(=O)O[Si](C)(C)C,"InChI=1S/C14H28O4Si2/c1-19(2,3)17-13(15)12(11-9-7-8-10-11)14(16)18-20(4,5)6/h11-12H,7-10H2,1-6H3"
O=C(CC=CCC(=O)O[Si](C)(C)C)O[Si](C)(C)C,"InChI=1S/C12H24O4Si2/c1-17(2,3)15-11(13)9-7-8-10-12(14)16-18(4,5)6/h7-8H,9-10H2,1-6H3/b8-7+"
COc(c1)c(ccc1C(=O)O[Si](C)(C)C)O[Si](C)(C)C,"InChI=1S/C14H24O4Si2/c1-16-13-10-11(14(15)18-20(5,6)7)8-9-12(13)17-19(2,3)4/h8-10H,1-7H3"
c(c1)ccc(c1)C(CO[Si](C)(C)C)C(=O)O[Si](C)(C)C,"InChI=1S/C15H26O3Si2/c1-19(2,3)17-12-14(13-10-8-7-9-11-13)15(16)18-20(4,5)6/h7-11,14H,12H2,1-6H3"
O=C(O[Si](C)(C)C)C=C(O[Si](C)(C)C)c(c1)cccc1,"InChI=1S/C15H24O3Si2/c1-19(2,3)17-14(13-10-8-7-9-11-13)12-15(16)18-20(4,5)6/h7-12H,1-6H3/b14-12+"
O=C(C=Cc(c1)ccc(c1)O[Si](C)(C)C)O[Si](C)(C)C,"InChI=1S/C15H24O3Si2/c1-19(2,3)17-14-10-7-13(8-11-14)9-12-15(16)18-20(4,5)6/h7-12H,1-6H3/b12-9+"
O=C(CCCCCC(=O)O[Si](C)(C)C)O[Si](C)(C)C,"InChI=1S/C13H28O4Si2/c1-18(2,3)16-12(14)10-8-7-9-11-13(15)17-19(4,5)6/h7-11H2,1-6H3"
Cc(c1)cc(O[Si](C)(C)C)c(c1)C(=O)O[Si](C)(C)C,"InChI=1S/C14H24O3Si2/c1-11-8-9-12(14(15)17-19(5,6)7)13(10-11)16-18(2,3)4/h8-10H,1-7H3"
Cc(c1)c(O[Si](C)(C)C)c(cc1)C(=O)O[Si](C)(C)C,"InChI=1S/C14H24O3Si2/c1-11-9-8-10-12(13(11)16-18(2,3)4)14(15)17-19(5,6)7/h8-10H,1-7H3"
c(c1)ccc(c1)C(O[Si](C)(C)C)C(=O)O[Si](C)(C)C,"InChI=1S/C14H24O3Si2/c1-18(2,3)16-13(12-10-8-7-9-11-12)14(15)17-19(4,5)6/h7-11,13H,1-6H3"
CC(=C)C(=O)Cl,"InChI=1S/C4H5ClO/c1-3(2)4(5)6/h1H2,2H3"
CCOC(=O)c(c1)ccc(I)c1,"InChI=1S/C9H9IO2/c1-2-12-9(11)7-3-5-8(10)6-4-7/h3-6H,2H2,1H3"
CCCOC(=O)c(c1)c(ccc1)C(=O)OCCC,"InChI=1S/C14H18O4/c1-3-9-17-13(15)11-7-5-6-8-12(11)14(16)18-10-4-2/h5-8H,3-4,9-10H2,1-2H3"
OC(=O)c(c1)cc(Cl)cc1,"InChI=1S/C7H5ClO2/c8-6-3-1-2-5(4-6)7(9)10/h1-4H,(H,9,10)"
OC(=O)c(c1)ccc(F)c1,"InChI=1S/C7H5FO2/c8-6-3-1-5(2-4-6)7(9)10/h1-4H,(H,9,10)"
CCOC(=O)c(c1)cc(F)cc1,"InChI=1S/C9H9FO2/c1-2-12-9(11)7-4-3-5-8(10)6-7/h3-6H,2H2,1H3"
OC(=O)c(c1)cc(F)cc1,"InChI=1S/C7H5FO2/c8-6-3-1-2-5(4-6)7(9)10/h1-4H,(H,9,10)"
OC(=O)c(c1)c(F)ccc1,"InChI=1S/C7H5FO2/c8-6-4-2-1-3-5(6)7(9)10/h1-4H,(H,9,10)"
CCOC(=O)c(c1)cc(N)cc1,"InChI=1S/C9H11NO2/c1-2-12-9(11)7-4-3-5-8(10)6-7/h3-6H,2,10H2,1H3"
CCOC(=O)c(c1)ccc(F)c1,"InChI=1S/C9H9FO2/c1-2-12-9(11)7-3-5-8(10)6-4-7/h3-6H,2H2,1H3"
CC(C)COC(=O)c(c1)ccc(c1)[N+1]([O-1])=O,"InChI=1S/C11H13NO4/c1-8(2)7-16-11(13)9-3-5-10(6-4-9)12(14)15/h3-6,8H,7H2,1-2H3"
N#Cc(c1)ccc(c1)C(=O)OCC(C)C,"InChI=1S/C12H13NO2/c1-9(2)8-15-12(14)11-5-3-10(7-13)4-6-11/h3-6,9H,8H2,1-2H3"
N#Cc(c1)ccc(c1)C(O)=O,"InChI=1S/C8H5NO2/c9-5-6-1-3-7(4-2-6)8(10)11/h1-4H,(H,10,11)"
COc(c1)ccc(c1)C(=O)OCC(C)C,"InChI=1S/C12H16O3/c1-9(2)8-15-12(13)10-4-6-11(14-3)7-5-10/h4-7,9H,8H2,1-3H3"
[2H]C([2H])([2H])C([H])(C([2H])([2H])[2H])OC(=O)C(C)=C,"InChI=1S/C7H12O2/c1-5(2)7(8)9-6(3)4/h6H,1H2,2-4H3/i3D3,4D3"
CC(=C)C(=O)OC([2H])(C)C,"InChI=1S/C7H12O2/c1-5(2)7(8)9-6(3)4/h6H,1H2,2-4H3/i6D"
[2H]C([2H])([2H])C([2H])(C([2H])([2H])[2H])OC(=O)C(C)=C,"InChI=1S/C7H12O2/c1-5(2)7(8)9-6(3)4/h6H,1H2,2-4H3/i3D3,4D3,6D"
COC(C1)C(OC)C(O)C(OC)O1,"InChI=1S/C8H16O5/c1-10-5-4-13-8(12-3)6(9)7(5)11-2/h5-9H,4H2,1-3H3/t5-,6-,7+,8?/m1/s1"
[O-1][N+1](=O)c(c1)cc([N+1]([O-1])=O)c(NCCO[Si](C)(C)C)c1,"InChI=1S/C11H17N3O5Si/c1-20(2,3)19-7-6-12-10-5-4-9(13(15)16)8-11(10)14(17)18/h4-5,8,12H,6-7H2,1-3H3"
COC(O1)C([H])(O[Si](C)(C)C)C(O[Si](C)(C)C)C(O[Si](C)(C)C)C(COP(=O)(O[Si](C)(C)C)O[Si](C)(C)C)1,"InChI=1S/C22H55O9PSi5/c1-24-22-21(29-35(8,9)10)20(28-34(5,6)7)19(27-33(2,3)4)18(26-22)17-25-32(23,30-36(11,12)13)31-37(14,15)16/h18-22H,17H2,1-16H3"
C=CCl,"InChI=1S/C2H3Cl/c1-2-3/h2H,1H2"
[O-1][N+1](=O)c(c1)cc([N+1]([O-1])=O)c(O)c(C)1,"InChI=1S/C7H6N2O5/c1-4-2-5(8(11)12)3-6(7(4)10)9(13)14/h2-3,10H,1H3"
ClC(C(Cl)=1)=C(Cl)C(Cl)(Cl)C(Cl)1,"InChI=1S/C5Cl6/c6-1-2(7)4(9)5(10,11)3(1)8"
ClC(Cl)=C(Cl)C(Cl)=C(Cl)Cl,InChI=1S/C4Cl6/c5-1(3(7)8)2(6)4(9)10
[H]C(=C([H])3)C(Cl)C(C31)C(Cl)(C(Cl)=2)C(Cl)(Cl)C(Cl)(C(Cl)2)1,"InChI=1S/C10H5Cl7/c11-4-2-1-3-5(4)9(15)7(13)6(12)8(3,14)10(9,16)17/h1-5H"
FC(Cl)(Cl)Cl,"InChI=1S/CCl3F/c2-1(3,4)5"
CCl,InChI=1S/CH3Cl/c1-2/h1H3
CBr,InChI=1S/CH3Br/c1-2/h1H3
FC(F)(Cl)Cl,"InChI=1S/CCl2F2/c2-1(3,4)5"
Clc(c2)ccc(c2)Oc(c1)cccc1,InChI=1S/C12H9ClO/c13-10-6-8-12(9-7-10)14-11-4-2-1-3-5-11/h1-9H
c(c2)ccc(c2)Oc(c1)ccc(Br)c1,InChI=1S/C12H9BrO/c13-10-6-8-12(9-7-10)14-11-4-2-1-3-5-11/h1-9H
CC(C)(Cl)OC(C)(C)Cl,"InChI=1S/C6H12Cl2O/c1-5(2,7)9-6(3,4)8/h1-4H3"
ClCCOCOCCCl,InChI=1S/C5H10Cl2O2/c6-1-3-8-5-9-4-2-7/h1-5H2
ClC(=C(Cl)1)C(Cl)(C(Cl)(Cl)2)C([H])(C([H])54)C([H])(C([H])(C5)C([H])(O3)C([H])34)C(Cl)12,"InChI=1S/C12H8Cl6O/c13-8-9(14)11(16)5-3-1-2(6-7(3)19-6)4(5)10(8,15)12(11,17)18/h2-7H,1H2/t2-,3+,4-,5+,6-,7+,10-,11+"
Nc(c2)c(Cl)cc(c2)c(c1)cc(Cl)c(N)c1,"InChI=1S/C12H10Cl2N2/c13-9-5-7(1-3-11(9)15)8-2-4-12(16)10(14)6-8/h1-6H,15-16H2"
ClCC(Cl)Cl,"InChI=1S/C2H3Cl3/c3-1-2(4)5/h2H,1H2"
CC(Cl)(Cl)Cl,"InChI=1S/C2H3Cl3/c1-2(3,4)5/h1H3"
ClC(Cl)(Cl)C(Cl)(Cl)Cl,"InChI=1S/C2Cl6/c3-1(4,5)2(6,7)8"
CC(Cl)Cl,"InChI=1S/C2H4Cl2/c1-2(3)4/h2H,1H3"
CCCl,"InChI=1S/C2H5Cl/c1-2-3/h2H2,1H3"
Clc(c1)cc(Cl)c(Cl)c1,InChI=1S/C6H3Cl3/c7-4-1-2-5(8)6(9)3-4/h1-3H
ClCC=CCl,"InChI=1S/C3H4Cl2/c4-2-1-3-5/h1-2H,3H2/b2-1+"
CC(Cl)CCl,"InChI=1S/C3H6Cl2/c1-3(5)2-4/h3H,2H2,1H3"
C=C(Cl)Cl,InChI=1S/C2H2Cl2/c1-2(3)4/h1H2
Clc(c2)ccc(c2)C(C(Cl)Cl)c(c1)ccc(Cl)c1,"InChI=1S/C14H10Cl4/c15-11-5-1-9(2-6-11)13(14(17)18)10-3-7-12(16)8-4-10/h1-8,13-14H"
Oc(c1)cc(C)c(Cl)c1,"InChI=1S/C7H7ClO/c1-5-4-6(9)2-3-7(5)8/h2-4,9H,1H3"
Clc(c1)cc(c2)c(ccc2)c1,InChI=1S/C10H7Cl/c11-10-6-5-8-3-1-2-4-9(8)7-10/h1-7H
C=COCCCl,"InChI=1S/C4H7ClO/c1-2-6-4-3-5/h2H,1,3-4H2"
ClCOCCl,InChI=1S/C2H4Cl2O/c3-1-5-2-4/h1-2H2
Oc(c(Cl)1)c(Cl)c(Cl)c(Cl)c(Cl)1,InChI=1S/C6HCl5O/c7-1-2(8)4(10)6(12)5(11)3(1)9/h12H
Nc(c2)ccc(c2)c(c1)ccc(N)c1,"InChI=1S/C12H12N2/c13-11-5-1-9(2-6-11)10-3-7-12(14)8-4-10/h1-8H,13-14H2"
N#CCCCCCCCCSC,"InChI=1S/C10H19NS/c1-12-10-8-6-4-2-3-5-7-9-11/h2-8,10H2,1H3"
N#CCCCCCCCSC,"InChI=1S/C9H17NS/c1-11-9-7-5-3-2-4-6-8-10/h2-7,9H2,1H3"
S=C=NCCc(c1)cccc1,"InChI=1S/C9H9NS/c11-8-10-7-6-9-4-2-1-3-5-9/h1-5H,6-7H2"
N#CCCCCCCSC,"InChI=1S/C8H15NS/c1-10-8-6-4-2-3-5-7-9/h2-6,8H2,1H3"
N#CCCCCCSC,"InChI=1S/C7H13NS/c1-9-7-5-3-2-4-6-8/h2-5,7H2,1H3"
N#CCCc(c1)cccc1,"InChI=1S/C9H9N/c10-8-4-7-9-5-2-1-3-6-9/h1-3,5-6H,4,7H2"
N#CCCCCSC,"InChI=1S/C6H11NS/c1-8-6-4-2-3-5-7/h2-4,6H2,1H3"
C=CCCCN=C=S,"InChI=1S/C6H9NS/c1-2-3-4-5-7-6-8/h2H,1,3-5H2"
C=CCCN=C=S,"InChI=1S/C5H7NS/c1-2-3-4-6-5-7/h2H,1,3-4H2"
C=CCCC#N,"InChI=1S/C5H7N/c1-2-3-4-5-6/h2H,1,3-4H2"
CSSSSC,InChI=1S/C2H6S4/c1-3-5-6-4-2/h1-2H3
CCCCCSSC,"InChI=1S/C6H14S2/c1-3-4-5-6-8-7-2/h3-6H2,1-2H3"
CCCCCSS,"InChI=1S/C5H12S2/c1-2-3-4-5-7-6/h6H,2-5H2,1H3"
CSSSC,InChI=1S/C2H6S3/c1-3-5-4-2/h1-2H3
C=CCSSC,"InChI=1S/C4H8S2/c1-3-4-6-5-2/h3H,1,4H2,2H3"
CCCCCCC(O1)C(=O)C=C(C)1,"InChI=1S/C11H18O2/c1-3-4-5-6-7-11-10(12)8-9(2)13-11/h8,11H,3-7H2,1-2H3"
CCCC(C1)C([H])=NN(C)1,"InChI=1S/C7H14N2/c1-3-4-7-5-8-9(2)6-7/h5,7H,3-4,6H2,1-2H3"
CCCN(C1)N=C(C)C1,"InChI=1S/C7H14N2/c1-3-5-9-6-4-7(2)8-9/h3-6H2,1-2H3"
CC(C)N(C1)N=C(C)C1,"InChI=1S/C7H14N2/c1-6(2)9-5-4-7(3)8-9/h6H,4-5H2,1-3H3"
CCC(C)(N1)CC(C)=N1,"InChI=1S/C7H14N2/c1-4-7(3)5-6(2)8-9-7/h9H,4-5H2,1-3H3"
CCC(C(C)1)N(C)N=C1,"InChI=1S/C7H14N2/c1-4-7-6(2)5-8-9(7)3/h5-7H,4H2,1-3H3"
CCC(=N1)C(C)CN(C)1,"InChI=1S/C7H14N2/c1-4-7-6(2)5-9(3)8-7/h6H,4-5H2,1-3H3"
C=CCN(C1)N=C([H])C1,"InChI=1S/C6H10N2/c1-2-5-8-6-3-4-7-8/h2,4H,1,3,5-6H2"
CCCC(C1)NN=C1,"InChI=1S/C6H12N2/c1-2-3-6-4-5-7-8-6/h5-6,8H,2-4H2,1H3"
CCC(C=1)CN(C)N1,"InChI=1S/C6H12N2/c1-3-6-4-7-8(2)5-6/h4,6H,3,5H2,1-2H3"
CC(=N1)CC(C)(C)N1,"InChI=1S/C6H12N2/c1-5-4-6(2,3)8-7-5/h8H,4H2,1-3H3"
CC(N1)C(C)C(C)=N1,"InChI=1S/C6H12N2/c1-4-5(2)7-8-6(4)3/h4-5,7H,1-3H3"
[H]C(=N1)C(C)C(C)N(C)1,"InChI=1S/C6H12N2/c1-5-4-7-8(3)6(5)2/h4-6H,1-3H3"
CN(C1)N=C(C)C(C)1,"InChI=1S/C6H12N2/c1-5-4-8(3)7-6(5)2/h5H,4H2,1-3H3"
CCC(C1)=NNC1,"InChI=1S/C5H10N2/c1-2-5-3-4-6-7-5/h6H,2-4H2,1H3"
CC(C)(C1)NN=C1,"InChI=1S/C5H10N2/c1-5(2)3-4-6-7-5/h4,7H,3H2,1-2H3"
CC(C=1)C(C)NN1,"InChI=1S/C5H10N2/c1-4-3-6-7-5(4)2/h3-5,7H,1-2H3"
[H]C(C1)=NN(C)C(C)1,"InChI=1S/C5H10N2/c1-5-3-4-6-7(5)2/h4-5H,3H2,1-2H3"
CC(C1)NN=C1,"InChI=1S/C4H8N2/c1-4-2-3-5-6-4/h3-4,6H,2H2,1H3"
CC(C1)=NNC1,"InChI=1S/C4H8N2/c1-4-2-3-5-6-4/h5H,2-3H2,1H3"
CCCCN(CCCC)N=CC=C(C)C,"InChI=1S/C13H26N2/c1-5-7-11-15(12-8-6-2)14-10-9-13(3)4/h9-10H,5-8,11-12H2,1-4H3/b14-10+"
CCCN(CCC)N=CC=C(C)C,"InChI=1S/C11H22N2/c1-5-9-13(10-6-2)12-8-7-11(3)4/h7-8H,5-6,9-10H2,1-4H3/b12-8+"
CCN(CC)N=CC(=C)C(C)C,"InChI=1S/C10H20N2/c1-6-12(7-2)11-8-10(5)9(3)4/h8-9H,5-7H2,1-4H3/b11-8+"
CCCC(=C)C=NN(CC)CC,"InChI=1S/C10H20N2/c1-5-8-10(4)9-11-12(6-2)7-3/h9H,4-8H2,1-3H3"
CCN(CC)N=CC(C)=C(C)C,"InChI=1S/C10H20N2/c1-6-12(7-2)11-8-10(5)9(3)4/h8H,6-7H2,1-5H3/b11-8+"
CCC=C(C)C=NN(CC)CC,"InChI=1S/C10H20N2/c1-5-8-10(4)9-11-12(6-2)7-3/h8-9H,5-7H2,1-4H3/b10-8+,11-9+"
CC(C)NN=CC(=C)C(C)C,"InChI=1S/C9H18N2/c1-7(2)9(5)6-10-11-8(3)4/h6-8,11H,5H2,1-4H3/b10-6+"
CCCC(=C)C=NNC(C)C,"InChI=1S/C9H18N2/c1-5-6-9(4)7-10-11-8(2)3/h7-8,11H,4-6H2,1-3H3"
CC=C(C)C(C)=NNC(C)C,"InChI=1S/C9H18N2/c1-6-8(4)9(5)11-10-7(2)3/h6-7,10H,1-5H3/b8-6+,11-9+"
CCC(=C)C=NN(CC)CC,"InChI=1S/C9H18N2/c1-5-9(4)8-10-11(6-2)7-3/h8H,4-7H2,1-3H3"
CC=C(C)C=NN(CC)CC,"InChI=1S/C9H18N2/c1-5-9(4)8-10-11(6-2)7-3/h5,8H,6-7H2,1-4H3/b9-5-,10-8+"
CC=CC=NN(CC)CC,"InChI=1S/C8H16N2/c1-4-7-8-9-10(5-2)6-3/h4,7-8H,5-6H2,1-3H3/b7-4+,9-8+"
CCN(CC)N=CC(C)=C,"InChI=1S/C8H16N2/c1-5-10(6-2)9-7-8(3)4/h7H,3,5-6H2,1-2,4H3/b9-7+"
CC=CC=NNC(C)C,"InChI=1S/C7H14N2/c1-4-5-6-8-9-7(2)3/h4-7,9H,1-3H3/b5-4+,8-6+"
CN(C)N=C(C)C(C)=C,"InChI=1S/C7H14N2/c1-6(2)7(3)8-9(4)5/h1H2,2-5H3/b8-7-"
CC(C)=CC=NN(C)C,"InChI=1S/C7H14N2/c1-7(2)5-6-8-9(3)4/h5-6H,1-4H3/b8-6+"
CC=C(C)C=NN(C)C,"InChI=1S/C7H14N2/c1-5-7(2)6-8-9(3)4/h5-6H,1-4H3/b7-5-,8-6+"
CC=CC=NN(C)C,"InChI=1S/C6H12N2/c1-4-5-6-7-8(2)3/h4-6H,1-3H3/b5-4+,7-6+"
C=CC=NN(CC=C)CC=C,"InChI=1S/C9H14N2/c1-4-7-10-11(8-5-2)9-6-3/h4-7H,1-3,8-9H2/b10-7+"
CCC=NN(CC=C)CC=C,"InChI=1S/C9H16N2/c1-4-7-10-11(8-5-2)9-6-3/h5-7H,2-4,8-9H2,1H3/b10-7+"
C=CCN(C)N=C(C)CC,"InChI=1S/C8H16N2/c1-5-7-10(4)9-8(3)6-2/h5H,1,6-7H2,2-4H3/b9-8-"
CCC(C)=NNC(C)C=C,"InChI=1S/C8H16N2/c1-5-7(3)9-10-8(4)6-2/h5,7,9H,1,6H2,2-4H3/b10-8-"
CCCC=NNCC=CC,"InChI=1S/C8H16N2/c1-3-5-7-9-10-8-6-4-2/h3,5,8-9H,4,6-7H2,1-2H3/b5-3+,10-8+"
C#CCN(C)N=C(C)C,"InChI=1S/C7H12N2/c1-5-6-9(4)8-7(2)3/h1H,6H2,2-4H3"
C=CCN(C)N=C(C)C,"InChI=1S/C7H14N2/c1-5-6-9(4)8-7(2)3/h5H,1,6H2,2-4H3"
C=CCNN=CC(C)C,"InChI=1S/C7H14N2/c1-4-5-8-9-6-7(2)3/h4,6-8H,1,5H2,2-3H3/b9-6+"
CC=NNC(C)C=C,"InChI=1S/C6H12N2/c1-4-6(3)8-7-5-2/h4-6,8H,1H2,2-3H3/b7-5+"
C=CCNN=C(C)C,"InChI=1S/C6H12N2/c1-4-5-7-8-6(2)3/h4,7H,1,5H2,2-3H3"
CCC=NNCC=C,"InChI=1S/C6H12N2/c1-3-5-7-8-6-4-2/h3,6-7H,1,4-5H2,2H3/b8-6+"
C=CCNN=CC,"InChI=1S/C5H10N2/c1-3-5-7-6-4-2/h3-4,7H,1,5H2,2H3/b6-4+"
CCOCCN(C)N=C(C)CC,"InChI=1S/C9H20N2O/c1-5-9(3)10-11(4)7-8-12-6-2/h5-8H2,1-4H3/b10-9-"
CC(C)CN(CC(C)C)N=C(C)C,"InChI=1S/C11H24N2/c1-9(2)7-13(8-10(3)4)12-11(5)6/h9-10H,7-8H2,1-6H3"
CCCCN(CCCC)N=C(C)C,"InChI=1S/C11H24N2/c1-5-7-9-13(10-8-6-2)12-11(3)4/h5-10H2,1-4H3"
CC(C)=NN(C(C)C)C(C)C,"InChI=1S/C9H20N2/c1-7(2)10-11(8(3)4)9(5)6/h8-9H,1-6H3"
CC(C)CC(C)=NN(C)C,"InChI=1S/C8H18N2/c1-7(2)6-8(3)9-10(4)5/h7H,6H2,1-5H3/b9-8-"
CCC(C)=NN(CC)CC,"InChI=1S/C8H18N2/c1-5-8(4)9-10(6-2)7-3/h5-7H2,1-4H3/b9-8-"
CCN(N=C(C)C)C(C)C,"InChI=1S/C8H18N2/c1-6-10(8(4)5)9-7(2)3/h8H,6H2,1-5H3"
CCC(CC)=NN(C)C,"InChI=1S/C7H16N2/c1-5-7(6-2)8-9(3)4/h5-6H2,1-4H3"
CCN(CC)N=C(C)C,"InChI=1S/C7H16N2/c1-5-9(6-2)8-7(3)4/h5-6H2,1-4H3"
CC(C)=NN(C)C,InChI=1S/C5H12N2/c1-5(2)6-7(3)4/h1-4H3
CCCC=NN(C)CCOCC,"InChI=1S/C9H20N2O/c1-4-6-7-10-11(3)8-9-12-5-2/h7H,4-6,8-9H2,1-3H3/b10-7+"
c(c3)ccc(c3)C=NN(Cc(c2)cccc2)Cc(c1)cccc1,"InChI=1S/C21H20N2/c1-4-10-19(11-5-1)16-22-23(17-20-12-6-2-7-13-20)18-21-14-8-3-9-15-21/h1-16H,17-18H2/b22-16+"
CCCC=NN(CC(C)C)CC(C)C,"InChI=1S/C12H26N2/c1-6-7-8-13-14(9-11(2)3)10-12(4)5/h8,11-12H,6-7,9-10H2,1-5H3/b13-8+"
CCCC=NN(CCCC)CCCC,"InChI=1S/C12H26N2/c1-4-7-10-13-14(11-8-5-2)12-9-6-3/h10H,4-9,11-12H2,1-3H3/b13-10+"
CCCCCCC=NN(CC)CC,"InChI=1S/C11H24N2/c1-4-7-8-9-10-11-12-13(5-2)6-3/h11H,4-10H2,1-3H3/b12-11+"
CCCC=NN(CC(C)C)C(C)C,"InChI=1S/C11H24N2/c1-6-7-8-12-13(11(4)5)9-10(2)3/h8,10-11H,6-7,9H2,1-5H3/b12-8+"
CCC=NN(CCC)CCC,"InChI=1S/C9H20N2/c1-4-7-10-11(8-5-2)9-6-3/h7H,4-6,8-9H2,1-3H3/b10-7+"
CCN(CC)N=CC(C)C,"InChI=1S/C8H18N2/c1-5-10(6-2)9-7-8(3)4/h7-8H,5-6H2,1-4H3/b9-7+"
CC=NN(C(C)C)C(C)C,"InChI=1S/C8H18N2/c1-6-9-10(7(2)3)8(4)5/h6-8H,1-5H3/b9-6+"
CC=NN(C1)CCCCC1,"InChI=1S/C8H16N2/c1-2-9-10-7-5-3-4-6-8-10/h2H,3-8H2,1H3/b9-2+"
CCCCC=NN(C)C,"InChI=1S/C7H16N2/c1-4-5-6-7-8-9(2)3/h7H,4-6H2,1-3H3/b8-7-"
CCC=NN(CC)CC,"InChI=1S/C7H16N2/c1-4-7-8-9(5-2)6-3/h7H,4-6H2,1-3H3/b8-7+"
CC=NN(CC)C(C)C,"InChI=1S/C7H16N2/c1-5-8-9(6-2)7(3)4/h5,7H,6H2,1-4H3/b8-5+"
CCCN(N=C)CCC,"InChI=1S/C7H16N2/c1-4-6-9(8-3)7-5-2/h3-7H2,1-2H3"
CC=NN(C1)CCCC1,"InChI=1S/C7H14N2/c1-2-8-9-6-4-3-5-7-9/h2H,3-7H2,1H3/b8-2+"
CC(C)C=NN(C)C,"InChI=1S/C6H14N2/c1-6(2)5-7-8(3)4/h5-6H,1-4H3/b7-5+"
CCCC=NN(C)C,"InChI=1S/C6H14N2/c1-4-5-6-7-8(2)3/h6H,4-5H2,1-3H3/b7-6+"
CC=NN(CC)CC,"InChI=1S/C6H14N2/c1-4-7-8(5-2)6-3/h4H,5-6H2,1-3H3/b7-4+"
CC=NN(C1)CCC1,"InChI=1S/C6H12N2/c1-2-7-8-5-3-4-6-8/h2H,3-6H2,1H3/b7-2+"
CCC=NN(C)C,"InChI=1S/C5H12N2/c1-4-5-6-7(2)3/h5H,4H2,1-3H3/b6-5+"
CC=NN(C)C,"InChI=1S/C4H10N2/c1-4-5-6(2)3/h4H,1-3H3/b5-4+"
C=NN(C)C,"InChI=1S/C3H8N2/c1-4-5(2)3/h1H2,2-3H3"
CCC(C)NN=C(C)CC,"InChI=1S/C8H18N2/c1-5-7(3)9-10-8(4)6-2/h7,9H,5-6H2,1-4H3/b10-8-"
CCNN=C(C)CC,"InChI=1S/C6H14N2/c1-4-6(3)8-7-5-2/h7H,4-5H2,1-3H3/b8-6-"
CC(C)NN=C(C)C,"InChI=1S/C6H14N2/c1-5(2)7-8-6(3)4/h5,7H,1-4H3"
CCCNN=C(C)C,"InChI=1S/C6H14N2/c1-4-5-7-8-6(2)3/h7H,4-5H2,1-3H3"
CCNN=C(C)C,"InChI=1S/C5H12N2/c1-4-6-7-5(2)3/h6H,4H2,1-3H3"
CNN=C(C)C,"InChI=1S/C4H10N2/c1-4(2)6-5-3/h5H,1-3H3"
CCCNN=Cc(c1)cccc1,"InChI=1S/C10H14N2/c1-2-8-11-12-9-10-6-4-3-5-7-10/h3-7,9,11H,2,8H2,1H3/b12-9+"
CC(C)C=NNc(c1)cccc1,"InChI=1S/C10H14N2/c1-9(2)8-11-12-10-6-4-3-5-7-10/h3-9,12H,1-2H3/b11-8+"
CCCCCCCCC=CCCCCCCCCCC(=O)OC,"InChI=1S/C21H40O2/c1-3-4-5-6-7-8-9-10-11-12-13-14-15-16-17-18-19-20-21(22)23-2/h10-11H,3-9,12-20H2,1-2H3/b11-10+"
CCCCCCCCCCCCCCCCOCC(CO[Si](C)(C)C)O[Si](C)(C)C,"InChI=1S/C25H56O3Si2/c1-8-9-10-11-12-13-14-15-16-17-18-19-20-21-22-26-23-25(28-30(5,6)7)24-27-29(2,3)4/h25H,8-24H2,1-7H3"
CCCCCCCCCCCCCCOCC(CO[Si](C)(C)C)O[Si](C)(C)C,"InChI=1S/C23H52O3Si2/c1-8-9-10-11-12-13-14-15-16-17-18-19-20-24-21-23(26-28(5,6)7)22-25-27(2,3)4/h23H,8-22H2,1-7H3"
O=C(C=3)OC(C=2)C(C3)(C1)C(=O)OC(C)(C2)1,"InChI=1S/C11H10O4/c1-10-4-2-7-11(6-10,9(13)15-10)5-3-8(12)14-7/h2-5,7H,6H2,1H3"
O=C(C=3)OC(C1)C(C3)(C(=O)2)CC(C)(O2)C(I)1,"InChI=1S/C11H11IO4/c1-10-5-11(9(14)16-10)3-2-8(13)15-7(11)4-6(10)12/h2-3,6-7H,4-5H2,1H3"
COc(c1)cc(c(=O)2)c(c(=O)cc(O)2)c(OC)1,"InChI=1S/C12H10O5/c1-16-6-3-7-11(10(4-6)17-2)8(13)5-9(14)12(7)15/h3-5,14H,1-2H3"
Oc(c2)cc(c(=O)1)c(c(O)2)c(=O)cc(O)1,"InChI=1S/C10H6O5/c11-4-1-5-9(6(12)2-4)7(13)3-8(14)10(5)15/h1-3,11-12,14H"
COC(=O)CCC(C1)=CC(=O)C1,"InChI=1S/C9H12O3/c1-12-9(11)5-3-7-2-4-8(10)6-7/h6H,2-5H2,1H3"
COC(=O)CC(=C(C)1)C(=O)CC1,"InChI=1S/C9H12O3/c1-6-3-4-8(10)7(6)5-9(11)12-2/h3-5H2,1-2H3"
OCCC(C)(C)OCCC(C)(C)OCCC(C)=C,"InChI=1S/C15H30O3/c1-13(2)7-11-17-15(5,6)9-12-18-14(3,4)8-10-16/h16H,1,7-12H2,2-6H3"
OCCC(C)(C)OCCC(C)=C,"InChI=1S/C10H20O2/c1-9(2)5-8-12-10(3,4)6-7-11/h11H,1,5-8H2,2-4H3"
CC(=C)COC(C)(C)COC(C)(C)CO,"InChI=1S/C12H24O3/c1-10(2)7-14-12(5,6)9-15-11(3,4)8-13/h13H,1,7-9H2,2-6H3"
CC(=C)COC(C(C)C)OCC(C)(C)OCC(C)=C,"InChI=1S/C16H30O3/c1-12(2)9-17-15(14(5)6)18-11-16(7,8)19-10-13(3)4/h14-15H,1,3,9-11H2,2,4-8H3"
OCC(C)(C)OCC(C)=C,"InChI=1S/C8H16O2/c1-7(2)5-10-8(3,4)6-9/h9H,1,5-6H2,2-4H3"
CC(=C)COC(OCC(C)=C)C(C)C,"InChI=1S/C12H22O2/c1-9(2)7-13-12(11(5)6)14-8-10(3)4/h11-12H,1,3,7-8H2,2,4-6H3"
COc(c(C)1)c(=O)c(O)c(C)c(=O)1,"InChI=1S/C9H10O4/c1-4-6(10)5(2)9(13-3)8(12)7(4)11/h11H,1-3H3"
CCC(C)CCCCCCCCCCCCCCC(=O)O[Si](C)(C)C,"InChI=1S/C22H46O2Si/c1-6-21(2)19-17-15-13-11-9-7-8-10-12-14-16-18-20-22(23)24-25(3,4)5/h21H,6-20H2,1-5H3"
CCC(C)CCCCCCCCCCCCCC(=O)O[Si](C)(C)C,"InChI=1S/C21H44O2Si/c1-6-20(2)18-16-14-12-10-8-7-9-11-13-15-17-19-21(22)23-24(3,4)5/h20H,6-19H2,1-5H3"
CCC(C)CCCCCCCCCCCCC(=O)O[Si](C)(C)C,"InChI=1S/C20H42O2Si/c1-6-19(2)17-15-13-11-9-7-8-10-12-14-16-18-20(21)22-23(3,4)5/h19H,6-18H2,1-5H3"
O=C(O[Si](C)(C)C)CCCCCCCCCCC(C)CC,"InChI=1S/C18H38O2Si/c1-6-17(2)15-13-11-9-7-8-10-12-14-16-18(19)20-21(3,4)5/h17H,6-16H2,1-5H3"
CCC(C)CCCCCCCCCC(=O)O[Si](C)(C)C,"InChI=1S/C17H36O2Si/c1-6-16(2)14-12-10-8-7-9-11-13-15-17(18)19-20(3,4)5/h16H,6-15H2,1-5H3"
CCC(C)CCCCCCCCC(=O)O[Si](C)(C)C,"InChI=1S/C16H34O2Si/c1-6-15(2)13-11-9-7-8-10-12-14-16(17)18-19(3,4)5/h15H,6-14H2,1-5H3"
CCC(C)CCCCCCCC(=O)O[Si](C)(C)C,"InChI=1S/C15H32O2Si/c1-6-14(2)12-10-8-7-9-11-13-15(16)17-18(3,4)5/h14H,6-13H2,1-5H3"
C(CCCCCCCCCCCCCCCCCC)(O[Si](C)(C)C)C(=O)O[Si](C)(C)C,"InChI=1S/C26H56O3Si2/c1-8-9-10-11-12-13-14-15-16-17-18-19-20-21-22-23-24-25(28-30(2,3)4)26(27)29-31(5,6)7/h25H,8-24H2,1-7H3"
CCCCCCCCCCCCCCCCC(O[Si](C)(C)C)C(=O)O[Si](C)(C)C,"InChI=1S/C24H52O3Si2/c1-8-9-10-11-12-13-14-15-16-17-18-19-20-21-22-23(26-28(2,3)4)24(25)27-29(5,6)7/h23H,8-22H2,1-7H3"
CCCCCCCCCCCCCCC(O[Si](C)(C)C)C(=O)O[Si](C)(C)C,"InChI=1S/C22H48O3Si2/c1-8-9-10-11-12-13-14-15-16-17-18-19-20-21(24-26(2,3)4)22(23)25-27(5,6)7/h21H,8-20H2,1-7H3"
CCCCCCCCCCCCC(O[Si](C)(C)C)C(=O)O[Si](C)(C)C,"InChI=1S/C20H44O3Si2/c1-8-9-10-11-12-13-14-15-16-17-18-19(22-24(2,3)4)20(21)23-25(5,6)7/h19H,8-18H2,1-7H3"
C[Si](C)(C)OC(=O)c(c1O[Si](C)(C)C)c(c2)c(ccc2)cc1,"InChI=1S/C17H24O3Si2/c1-21(2,3)19-15-12-11-13-9-7-8-10-14(13)16(15)17(18)20-22(4,5)6/h7-12H,1-6H3"
C[Si](C)(C)OC(=O)c(c1)c(O[Si](C)(C)C)c(c2)c(ccc2)c1,"InChI=1S/C17H24O3Si2/c1-21(2,3)19-16-14-10-8-7-9-13(14)11-12-15(16)17(18)20-22(4,5)6/h7-12H,1-6H3"
O=C(O[Si](C)(C)C)c(c1)cc(c2)c(ccc2)c1,"InChI=1S/C14H16O2Si/c1-17(2,3)16-14(15)13-9-8-11-6-4-5-7-12(11)10-13/h4-10H,1-3H3"
C[Si](C)(C)OC(=O)c(c1)c(c2)c(ccc2)cc1,"InChI=1S/C14H16O2Si/c1-17(2,3)16-14(15)13-10-6-8-11-7-4-5-9-12(11)13/h4-10H,1-3H3"
C[Si](C)(C)OC(=O)c(c1)c(C(=O)O[Si](C)(C)C)cc(C(=O)O[Si](C)(C)C)c(C(=O)O[Si](C)(C)C)1,"InChI=1S/C22H38O8Si4/c1-31(2,3)27-19(23)15-13-17(21(25)29-33(7,8)9)18(22(26)30-34(10,11)12)14-16(15)20(24)28-32(4,5)6/h13-14H,1-12H3"
C[Si](C)(C)OC(=O)c(c1)cc(cc1C(=O)O[Si](C)(C)C)C(=O)O[Si](C)(C)C,"InChI=1S/C18H30O6Si3/c1-25(2,3)22-16(19)13-10-14(17(20)23-26(4,5)6)12-15(11-13)18(21)24-27(7,8)9/h10-12H,1-9H3"
C[Si](C)(C)OC(=O)c(c1)c(C(=O)O[Si](C)(C)C)c(cc1)C(=O)O[Si](C)(C)C,"InChI=1S/C18H30O6Si3/c1-25(2,3)22-16(19)13-11-10-12-14(17(20)23-26(4,5)6)15(13)18(21)24-27(7,8)9/h10-12H,1-9H3"
O=C(O[Si](C)(C)C)c(c1)ccc(c1)C(=O)O[Si](C)(C)C,"InChI=1S/C14H22O4Si2/c1-19(2,3)17-13(15)11-7-9-12(10-8-11)14(16)18-20(4,5)6/h7-10H,1-6H3"
C[Si](C)(C)OC(=O)c(c1)c(ccc1)C(=O)O[Si](C)(C)C,"InChI=1S/C14H22O4Si2/c1-19(2,3)17-13(15)11-9-7-8-10-12(11)14(16)18-20(4,5)6/h7-10H,1-6H3"
C[Si](C)(C)OC(=O)c(c1O[Si](C)(C)C)c(ccc1)O[Si](C)(C)C,"InChI=1S/C16H30O4Si3/c1-21(2,3)18-13-11-10-12-14(19-22(4,5)6)15(13)16(17)20-23(7,8)9/h10-12H,1-9H3"
Cc(c1)cc(cc(C)1)C(=O)O[Si](C)(C)C,"InChI=1S/C12H18O2Si/c1-9-6-10(2)8-11(7-9)12(13)14-15(3,4)5/h6-8H,1-5H3"
Cc(c1)c(C)cc(c1)C(=O)O[Si](C)(C)C,"InChI=1S/C12H18O2Si/c1-9-6-7-11(8-10(9)2)12(13)14-15(3,4)5/h6-8H,1-5H3"
O=C(O[Si](C)(C)C)C1=CC=C(C=C1C)C,"InChI=1S/C12H18O2Si/c1-9-6-7-11(10(2)8-9)12(13)14-15(3,4)5/h6-8H,1-5H3"
Cc(c1)ccc(c1)C(=O)O[Si](C)(C)C,"InChI=1S/C11H16O2Si/c1-9-5-7-10(8-6-9)11(12)13-14(2,3)4/h5-8H,1-4H3"
Cc(c1)cc(cc1)C(=O)O[Si](C)(C)C,"InChI=1S/C11H16O2Si/c1-9-6-5-7-10(8-9)11(12)13-14(2,3)4/h5-8H,1-4H3"
Cc(c1)c(ccc1)C(=O)O[Si](C)(C)C,"InChI=1S/C11H16O2Si/c1-9-7-5-6-8-10(9)11(12)13-14(2,3)4/h5-8H,1-4H3"
CCCCCCCCC=CCCCCCCCCCCCCCC(=O)O[Si](C)(C)C,"InChI=1S/C27H54O2Si/c1-5-6-7-8-9-10-11-12-13-14-15-16-17-18-19-20-21-22-23-24-25-26-27(28)29-30(2,3)4/h12-13H,5-11,14-26H2,1-4H3/b13-12-"
CCCCCCCCCCCCCCC=CCCCC(=O)O[Si](C)(C)C,"InChI=1S/C23H46O2Si/c1-5-6-7-8-9-10-11-12-13-14-15-16-17-18-19-20-21-22-23(24)25-26(2,3)4/h18-19H,5-17,20-22H2,1-4H3/b19-18-"
CCCCCCCCC=CCCCCCCCCCCCC(=O)O[Si](C)(C)C,"InChI=1S/C25H50O2Si/c1-5-6-7-8-9-10-11-12-13-14-15-16-17-18-19-20-21-22-23-24-25(26)27-28(2,3)4/h12-13H,5-11,14-24H2,1-4H3/b13-12-"
CCC=CCC=CCC=CCCCCCCCC(=O)O[Si](C)(C)C,"InChI=1S/C21H38O2Si/c1-5-6-7-8-9-10-11-12-13-14-15-16-17-18-19-20-21(22)23-24(2,3)4/h6-7,9-10,12-13H,5,8,11,14-20H2,1-4H3/b7-6-,10-9-,13-12-"
CCCCCC=CCC=CCCCCCCCC(=O)O[Si](C)(C)C,"InChI=1S/C21H40O2Si/c1-5-6-7-8-9-10-11-12-13-14-15-16-17-18-19-20-21(22)23-24(2,3)4/h9-10,12-13H,5-8,11,14-20H2,1-4H3/b10-9+,13-12+"
CCCCCCCCC=CCCCCCCCC(=O)O[Si](C)(C)C,"InChI=1S/C21H42O2Si/c1-5-6-7-8-9-10-11-12-13-14-15-16-17-18-19-20-21(22)23-24(2,3)4/h12-13H,5-11,14-20H2,1-4H3/b13-12-"
CCCCCCC=CCCCCCCCC(=O)O[Si](C)(C)C,"InChI=1S/C19H38O2Si/c1-5-6-7-8-9-10-11-12-13-14-15-16-17-18-19(20)21-22(2,3)4/h10-11H,5-9,12-18H2,1-4H3/b11-10+"
CCCCC=CCCCCCCCC(=O)O[Si](C)(C)C,"InChI=1S/C17H34O2Si/c1-5-6-7-8-9-10-11-12-13-14-15-16-17(18)19-20(2,3)4/h8-9H,5-7,10-16H2,1-4H3/b9-8-"
CCCCCCCCCCCCCCCCCCCCCCC(=O)O[Si](C)(C)C,"InChI=1S/C26H54O2Si/c1-5-6-7-8-9-10-11-12-13-14-15-16-17-18-19-20-21-22-23-24-25-26(27)28-29(2,3)4/h5-25H2,1-4H3"
CCCCCCCCCCCCCCCCCCCCCC(=O)O[Si](C)(C)C,"InChI=1S/C25H52O2Si/c1-5-6-7-8-9-10-11-12-13-14-15-16-17-18-19-20-21-22-23-24-25(26)27-28(2,3)4/h5-24H2,1-4H3"
CCCCCCCCCCCCCCCCCCCCC(=O)O[Si](C)(C)C,"InChI=1S/C24H50O2Si/c1-5-6-7-8-9-10-11-12-13-14-15-16-17-18-19-20-21-22-23-24(25)26-27(2,3)4/h5-23H2,1-4H3"
CCCCCCCCCCCCCCCCCCCC(=O)O[Si](C)(C)C,"InChI=1S/C23H48O2Si/c1-5-6-7-8-9-10-11-12-13-14-15-16-17-18-19-20-21-22-23(24)25-26(2,3)4/h5-22H2,1-4H3"
CCCCCCCCCCCCCCCCCCC(=O)O[Si](C)(C)C,"InChI=1S/C22H46O2Si/c1-5-6-7-8-9-10-11-12-13-14-15-16-17-18-19-20-21-22(23)24-25(2,3)4/h5-21H2,1-4H3"
CCCCCCCCCCCCCCCCCC(=O)O[Si](C)(C)C,"InChI=1S/C21H44O2Si/c1-5-6-7-8-9-10-11-12-13-14-15-16-17-18-19-20-21(22)23-24(2,3)4/h5-20H2,1-4H3"
CCCCCCCCCCCCCCCCC(=O)O[Si](C)(C)C,"InChI=1S/C20H42O2Si/c1-5-6-7-8-9-10-11-12-13-14-15-16-17-18-19-20(21)22-23(2,3)4/h5-19H2,1-4H3"
CCCCCCCCCCCCCCC(=O)O[Si](C)(C)C,"InChI=1S/C18H38O2Si/c1-5-6-7-8-9-10-11-12-13-14-15-16-17-18(19)20-21(2,3)4/h5-17H2,1-4H3"
CCCCCCCCCCCC(=O)O[Si](C)(C)C,"InChI=1S/C15H32O2Si/c1-5-6-7-8-9-10-11-12-13-14-15(16)17-18(2,3)4/h5-14H2,1-4H3"
CCCCCCCCCCC(=O)O[Si](C)(C)C,"InChI=1S/C14H30O2Si/c1-5-6-7-8-9-10-11-12-13-14(15)16-17(2,3)4/h5-13H2,1-4H3"
CCCCCCCCCC(=O)O[Si](C)(C)C,"InChI=1S/C13H28O2Si/c1-5-6-7-8-9-10-11-12-13(14)15-16(2,3)4/h5-12H2,1-4H3"
CCCCCCCCC(=O)O[Si](C)(C)C,"InChI=1S/C12H26O2Si/c1-5-6-7-8-9-10-11-12(13)14-15(2,3)4/h5-11H2,1-4H3"
CCCCCCCC(=O)O[Si](C)(C)C,"InChI=1S/C11H24O2Si/c1-5-6-7-8-9-10-11(12)13-14(2,3)4/h5-10H2,1-4H3"
CCCCCCC(=O)O[Si](C)(C)C,"InChI=1S/C10H22O2Si/c1-5-6-7-8-9-10(11)12-13(2,3)4/h5-9H2,1-4H3"
CCCCNN=CCC,"InChI=1S/C7H16N2/c1-3-5-7-9-8-6-4-2/h6,9H,3-5,7H2,1-2H3/b8-6+"
CCNN=CC(C)C,"InChI=1S/C6H14N2/c1-4-7-8-5-6(2)3/h5-7H,4H2,1-3H3/b8-5+"
CCCC=NNCC,"InChI=1S/C6H14N2/c1-3-5-6-8-7-4-2/h6-7H,3-5H2,1-2H3/b8-6+"
CCCCNN=CC,"InChI=1S/C6H14N2/c1-3-5-6-8-7-4-2/h4,8H,3,5-6H2,1-2H3/b7-4+"
CNN=CC(C)C,"InChI=1S/C5H12N2/c1-5(2)4-7-6-3/h4-6H,1-3H3/b7-4+"
CC=NNC(C)C,"InChI=1S/C5H12N2/c1-4-6-7-5(2)3/h4-5,7H,1-3H3/b6-4+"
CCCNN=CC,"InChI=1S/C5H12N2/c1-3-5-7-6-4-2/h4,7H,3,5H2,1-2H3/b6-4+"
CCNN=CC,"InChI=1S/C4H10N2/c1-3-5-6-4-2/h3,6H,4H2,1-2H3/b5-3+"
CC=NNC,"InChI=1S/C3H8N2/c1-3-5-4-2/h3-4H,1-2H3/b5-3+"
CC=CCNN(CC=CC)CC=CC,"InChI=1S/C12H22N2/c1-4-7-10-13-14(11-8-5-2)12-9-6-3/h4-9,13H,10-12H2,1-3H3/b7-4+,8-5+,9-6+"
C=CCNN(CC=C)CC=C,"InChI=1S/C9H16N2/c1-4-7-10-11(8-5-2)9-6-3/h4-6,10H,1-3,7-9H2"
CCCCC(C)NN(CC)CC,"InChI=1S/C10H24N2/c1-5-8-9-10(4)11-12(6-2)7-3/h10-11H,5-9H2,1-4H3"
CCCNN(CCC)CCC,"InChI=1S/C9H22N2/c1-4-7-10-11(8-5-2)9-6-3/h10H,4-9H2,1-3H3"
CCCCCNN(CC)CC,"InChI=1S/C9H22N2/c1-4-7-8-9-10-11(5-2)6-3/h10H,4-9H2,1-3H3"
CCC(C)NN(CC)CC,"InChI=1S/C8H20N2/c1-5-8(4)9-10(6-2)7-3/h8-9H,5-7H2,1-4H3"
CCN(CC)NC(C)C,"InChI=1S/C7H18N2/c1-5-9(6-2)8-7(3)4/h7-8H,5-6H2,1-4H3"
CCCNN(CC)CC,"InChI=1S/C7H18N2/c1-4-7-8-9(5-2)6-3/h8H,4-7H2,1-3H3"
CN(C)NC(C)C(C)C,"InChI=1S/C7H18N2/c1-6(2)7(3)8-9(4)5/h6-8H,1-5H3"
CCCC(C)NN(C)C,"InChI=1S/C7H18N2/c1-5-6-7(2)8-9(3)4/h7-8H,5-6H2,1-4H3"
CCCCCNN(C)C,"InChI=1S/C7H18N2/c1-4-5-6-7-8-9(2)3/h8H,4-7H2,1-3H3"
CCC(C)NN(C)C,"InChI=1S/C6H16N2/c1-5-6(2)7-8(3)4/h6-7H,5H2,1-4H3"
CCCCNN(C)C,"InChI=1S/C6H16N2/c1-4-5-6-7-8(2)3/h7H,4-6H2,1-3H3"
CCCNN(C)C,"InChI=1S/C5H14N2/c1-4-5-6-7(2)3/h6H,4-5H2,1-3H3"
CCNN(C)C,"InChI=1S/C4H12N2/c1-4-5-6(2)3/h5H,4H2,1-3H3"
CNN(C)C,"InChI=1S/C3H10N2/c1-4-5(2)3/h4H,1-3H3"
CCCN=NC(CC)NN(CCC)CCC,"InChI=1S/C12H28N4/c1-5-9-13-14-12(8-4)15-16(10-6-2)11-7-3/h12,15H,5-11H2,1-4H3/b14-13-"
CCN=NC(C(C)C)NN(CC)CC,"InChI=1S/C10H24N4/c1-6-11-12-10(9(4)5)13-14(7-2)8-3/h9-10,13H,6-8H2,1-5H3/b12-11-"
CCN=NC(C)NN(C(C)C)C(C)C,"InChI=1S/C10H24N4/c1-7-11-12-10(6)13-14(8(2)3)9(4)5/h8-10,13H,7H2,1-6H3/b12-11+"
CCN=NC(C)NN(C1)CCCC1,"InChI=1S/C9H20N4/c1-3-10-11-9(2)12-13-7-5-4-6-8-13/h9,12H,3-8H2,1-2H3/b11-10+"
CCCCN=NC(C)NN(C)C,"InChI=1S/C8H20N4/c1-5-6-7-9-10-8(2)11-12(3)4/h8,11H,5-7H2,1-4H3/b10-9-"
CCN=NC(NN(C)C)C(C)C,"InChI=1S/C8H20N4/c1-6-9-10-8(7(2)3)11-12(4)5/h7-8,11H,6H2,1-5H3/b10-9+"
CCN=NC(CCC)NN(C)C,"InChI=1S/C8H20N4/c1-5-7-8(10-9-6-2)11-12(3)4/h8,11H,5-7H2,1-4H3/b10-9+"
CCN=NC(C)NN(CC)CC,"InChI=1S/C8H20N4/c1-5-9-10-8(4)11-12(6-2)7-3/h8,11H,5-7H2,1-4H3/b10-9+"
CCN=NC(C)NN(C)C,"InChI=1S/C6H16N4/c1-5-7-8-6(2)9-10(3)4/h6,9H,5H2,1-4H3/b8-7+"
CC(C)N(C(C)C)N=NN(C(C)C)C(C)C,"InChI=1S/C12H28N4/c1-9(2)15(10(3)4)13-14-16(11(5)6)12(7)8/h9-12H,1-8H3/b14-13+"
CN(C)N=NN(C(C)C)C(C)C,"InChI=1S/C8H20N4/c1-7(2)12(8(3)4)10-9-11(5)6/h7-8H,1-6H3/b10-9+"
CC(C)N(C)N=NN(C)C(C)C,"InChI=1S/C8H20N4/c1-7(2)11(5)9-10-12(6)8(3)4/h7-8H,1-6H3/b10-9+"
CCN(CC)N=NN(CC)CC,"InChI=1S/C8H20N4/c1-5-11(6-2)9-10-12(7-3)8-4/h5-8H2,1-4H3/b10-9+"
N(=NN(CC)CC)N(C)C,"InChI=1S/C6H16N4/c1-5-10(6-2)8-7-9(3)4/h5-6H2,1-4H3/b8-7+"
CN(C)N=NN(C)C,InChI=1S/C4H12N4/c1-7(2)5-6-8(3)4/h1-4H3/b6-5+
CC(C)CN(C1)N=C(C)C1,"InChI=1S/C8H16N2/c1-7(2)6-10-5-4-8(3)9-10/h7H,4-6H2,1-3H3"
CCCCN(N=1)C(C)CC([H])1,"InChI=1S/C8H16N2/c1-3-4-7-10-8(2)5-6-9-10/h6,8H,3-5,7H2,1-2H3"
CCC(C=1)CN(N1)C(C)C,"InChI=1S/C8H16N2/c1-4-8-5-9-10(6-8)7(2)3/h5,7-8H,4,6H2,1-3H3"
CCC(C1)=NN(C1)C(C)C,"InChI=1S/C8H16N2/c1-4-8-5-6-10(9-8)7(2)3/h7H,4-6H2,1-3H3"
CC(C)N(C1)N=C(C)C(C)1,"InChI=1S/C8H16N2/c1-6(2)10-5-7(3)8(4)9-10/h6-7H,5H2,1-4H3"
[H]C(C1)=NN(C(C)C)C(C)1,"InChI=1S/C7H14N2/c1-6(2)9-7(3)4-5-8-9/h5-7H,4H2,1-3H3"
CCC(C)NNC(C)CC,"InChI=1S/C8H20N2/c1-5-7(3)9-10-8(4)6-2/h7-10H,5-6H2,1-4H3"
CCCCNNCCCC,"InChI=1S/C8H20N2/c1-3-5-7-9-10-8-6-4-2/h9-10H,3-8H2,1-2H3"
CCCCNNCC,"InChI=1S/C6H16N2/c1-3-5-6-8-7-4-2/h7-8H,3-6H2,1-2H3"
CC(C)NNC(C)C,"InChI=1S/C6H16N2/c1-5(2)7-8-6(3)4/h5-8H,1-4H3"
CCCNNC(C)C,"InChI=1S/C6H16N2/c1-4-5-7-8-6(2)3/h6-8H,4-5H2,1-3H3"
CCCNNCCC,"InChI=1S/C6H16N2/c1-3-5-7-8-6-4-2/h7-8H,3-6H2,1-2H3"
CCNNCC,"InChI=1S/C4H12N2/c1-3-5-6-4-2/h5-6H,3-4H2,1-2H3"
CCN(N)c(c1)cccc1,"InChI=1S/C8H12N2/c1-2-10(9)8-6-4-3-5-7-8/h3-7H,2,9H2,1H3"
CC=CCN(N)CC=CC,"InChI=1S/C8H16N2/c1-3-5-7-10(9)8-6-4-2/h3-6H,7-9H2,1-2H3/b5-3+,6-4+"
C=CCN(N)CC=C,"InChI=1S/C6H12N2/c1-3-5-8(7)6-4-2/h3-4H,1-2,5-7H2"
C#CCN(C)N,"InChI=1S/C4H8N2/c1-3-4-6(2)5/h1H,4-5H2,2H3"
C=CCN(C)N,"InChI=1S/C4H10N2/c1-3-4-6(2)5/h3H,1,4-5H2,2H3"
NN(C1)CCCCC1,InChI=1S/C6H14N2/c7-8-5-3-1-2-4-6-8/h1-7H2
NN(C1)CCCC1,InChI=1S/C5H12N2/c6-7-4-2-1-3-5-7/h1-6H2
CC(C)CN(N)CC(C)C,"InChI=1S/C8H20N2/c1-7(2)5-10(9)6-8(3)4/h7-8H,5-6,9H2,1-4H3"
CCCCN(N)CCCC,"InChI=1S/C8H20N2/c1-3-5-7-10(9)8-6-4-2/h3-9H2,1-2H3"
CC(C)N(N)C(C)C,"InChI=1S/C6H16N2/c1-5(2)8(7)6(3)4/h5-6H,7H2,1-4H3"
CCCN(N)CCC,"InChI=1S/C6H16N2/c1-3-5-8(7)6-4-2/h3-7H2,1-2H3"
CCC(C)N(N)CC,"InChI=1S/C6H16N2/c1-4-6(3)8(7)5-2/h6H,4-5,7H2,1-3H3"
CCN(N)CC(C)C,"InChI=1S/C6H16N2/c1-4-8(7)5-6(2)3/h6H,4-5,7H2,1-3H3"
CCCCN(N)CC,"InChI=1S/C6H16N2/c1-3-5-6-8(7)4-2/h3-7H2,1-2H3"
CC(C)CN(C)N,"InChI=1S/C5H14N2/c1-5(2)4-7(3)6/h5H,4,6H2,1-3H3"
CCCCN(C)N,"InChI=1S/C5H14N2/c1-3-4-5-7(2)6/h3-6H2,1-2H3"
CCN(N)CC,"InChI=1S/C4H12N2/c1-3-6(5)4-2/h3-5H2,1-2H3"
CC(C)N(C)N,"InChI=1S/C4H12N2/c1-4(2)6(3)5/h4H,5H2,1-3H3"
CCCN(C)N,"InChI=1S/C4H12N2/c1-3-4-6(2)5/h3-5H2,1-2H3"
CN(C)N,"InChI=1S/C2H8N2/c1-4(2)3/h3H2,1-2H3"
COCCNN,"InChI=1S/C3H10N2O/c1-6-3-2-5-4/h5H,2-4H2,1H3"
NNCc(c1)cccc1,"InChI=1S/C7H10N2/c8-9-6-7-4-2-1-3-5-7/h1-5,9H,6,8H2"
NNc(c1)cccc1,"InChI=1S/C6H8N2/c7-8-6-4-2-1-3-5-6/h1-5,8H,7H2"
C=CC(C)NN,"InChI=1S/C4H10N2/c1-3-4(2)6-5/h3-4,6H,1,5H2,2H3"
CC=CCNN,"InChI=1S/C4H10N2/c1-2-3-4-6-5/h2-3,6H,4-5H2,1H3/b3-2+"
C=CCNN,"InChI=1S/C3H8N2/c1-2-3-5-4/h2,5H,1,3-4H2"
CCCCCCCNN,"InChI=1S/C7H18N2/c1-2-3-4-5-6-7-9-8/h9H,2-8H2,1H3"
CCC(C)NN,"InChI=1S/C4H12N2/c1-3-4(2)6-5/h4,6H,3,5H2,1-2H3"
NNCC(C)C,"InChI=1S/C4H12N2/c1-4(2)3-6-5/h4,6H,3,5H2,1-2H3"
NNC(C)C,"InChI=1S/C3H10N2/c1-3(2)5-4/h3,5H,4H2,1-2H3"
CCCNN,"InChI=1S/C3H10N2/c1-2-3-5-4/h5H,2-4H2,1H3"
CCNN,"InChI=1S/C2H8N2/c1-2-4-3/h4H,2-3H2,1H3"
COc(c2)ccc(c2)C(=O)C=Cc(c1)cccc1,"InChI=1S/C16H14O2/c1-18-15-10-8-14(9-11-15)16(17)12-7-13-5-3-2-4-6-13/h2-12H,1H3/b12-7+"
COc(c2)ccc(c2)C=CC(=O)c(c1)cccc1,"InChI=1S/C16H14O2/c1-18-15-10-7-13(8-11-15)9-12-16(17)14-5-3-2-4-6-14/h2-12H,1H3/b12-9+"
CC(C)C(C2)CC(O1)C(C)(C2)1,"InChI=1S/C10H18O/c1-7(2)8-4-5-10(3)9(6-8)11-10/h7-9H,4-6H2,1-3H3"
CC(C2)CC(O1)C(C2)(C(C)C)1,"InChI=1S/C10H18O/c1-7(2)10-5-4-8(3)6-9(10)11-10/h7-9H,4-6H2,1-3H3"
CC(=C)C(C2)CC(O1)C(C)(C2)1,"InChI=1S/C10H16O/c1-7(2)8-4-5-10(3)9(6-8)11-10/h8-9H,1,4-6H2,2-3H3"
COc(c1)nc(C)nc(C)1,"InChI=1S/C7H10N2O/c1-5-4-7(10-3)9-6(2)8-5/h4H,1-3H3"
CCOc(c1)nc(CC)nc(C)1,"InChI=1S/C9H14N2O/c1-4-8-10-7(3)6-9(11-8)12-5-2/h6H,4-5H2,1-3H3"
CCc(n1)nc(OC)cc(C)1,"InChI=1S/C8H12N2O/c1-4-7-9-6(2)5-8(10-7)11-3/h5H,4H2,1-3H3"
CCc(n1)nc(OC(C)C)cc(C)1,"InChI=1S/C10H16N2O/c1-5-9-11-8(4)6-10(12-9)13-7(2)3/h6-7H,5H2,1-4H3"
COc(n1)cc(C)nc1,"InChI=1S/C6H8N2O/c1-5-3-6(9-2)8-4-7-5/h3-4H,1-2H3"
Cc(n2)cc(nc2)c(c1)cccc1,"InChI=1S/C11H10N2/c1-9-7-11(13-8-12-9)10-5-3-2-4-6-10/h2-8H,1H3"
Cc(c2)nc(nc2)c(c1)cccc1,"InChI=1S/C11H10N2/c1-9-7-8-12-11(13-9)10-5-3-2-4-6-10/h2-8H,1H3"
Cc(c2)nc(nc(Cl)2)c(c1)cccc1,"InChI=1S/C11H9ClN2/c1-8-7-10(12)14-11(13-8)9-5-3-2-4-6-9/h2-7H,1H3"
CC(=O)C=C(C)O[Co]OC(C)=CC(C)=O,InChI=1S/2C5H8O2.Co/c2*1-4(6)3-5(2)7
CC(=O)C=C(C)O[Al](OC(C)=CC(C)=O)OC(C)=CC(C)=O,InChI=1S/3C5H8O2.Al/c3*1-4(6)3-5(2)7
CC(=O)C=C(C)O[Pt]OC(C)=CC(C)=O,InChI=1S/2C5H8O2.Pt/c2*1-4(6)3-5(2)7
CC(=O)C([N+1]([O-1])=O)=C(C)O[Cu]OC(C)=C(C(C)=O)[N+1]([O-1])=O,InChI=1S/2C5H7NO4.Cu/c2*1-3(7)5(4(2)8)6(9)10
CC(=O)C(Br)=C(C)O[Pd]OC(C)=C(Br)C(C)=O,InChI=1S/2C5H7BrO2.Pd/c2*1-3(7)5(6)4(2)8
CC(=O)C=C(C)O[Pd]OC(C)=CC(C)=O,InChI=1S/2C5H8O2.Pd/c2*1-4(6)3-5(2)7
CC(=O)C=C(C)O[Ni]OC(C)=CC(C)=O,InChI=1S/2C5H8O2.Ni/c2*1-4(6)3-5(2)7
CC(=O)C=C(C)O[Co](OC(C)=CC(C)=O)OC(C)=CC(C)=O,InChI=1S/3C5H8O2.Co/c3*1-4(6)3-5(2)7
CC(C)C([H])(C2)C(C31)C(C(C)=CC3)C(C)(C2)1,"InChI=1S/C15H24/c1-9(2)11-7-8-15(4)12-6-5-10(3)14(15)13(11)12/h5,9,11-14H,6-8H2,1-4H3/t11-,12?,13?,14-,15-/m0/s1"
CC(C1)=C([H])C(O)C(C)(C)C(C2)OC(C)(C2)C(O)C1,"InChI=1S/C15H26O3/c1-10-5-6-11(16)15(4)8-7-13(18-15)14(2,3)12(17)9-10/h9,11-13,16-17H,5-8H2,1-4H3/b10-9-"
CC(=O)OC([H])(C2)C(C)(C)C([H])(OC(C)=O)C([H])=C(C)CCC([H])(O1)C(C)(C2)1,"InChI=1S/C19H30O5/c1-12-7-8-16-19(6,24-16)10-9-15(22-13(2)20)18(4,5)17(11-12)23-14(3)21/h11,15-17H,7-10H2,1-6H3/b12-11-/t15-,16-,17-,19-/m0/s1"
O=C(C1)CC([H])(C2)C([H])1CC(=O)2,"InChI=1S/C8H10O2/c9-7-1-5-2-8(10)4-6(5)3-7/h5-6H,1-4H2"
O=C(C1)Cc(c2)c(ccc2)1,"InChI=1S/C9H8O/c10-9-5-7-3-1-2-4-8(7)6-9/h1-4H,5-6H2"
O=C(C1)c(c2)c(ccc2)C1,"InChI=1S/C9H8O/c10-9-6-5-7-3-1-2-4-8(7)9/h1-4H,5-6H2"
CCCCNC(C)=O,"InChI=1S/C6H13NO/c1-3-4-5-7-6(2)8/h3-5H2,1-2H3,(H,7,8)"
COC(=O)C([H])(C)NC(=O)C([H])(C)NC(=O)C([H])(C)NC(C)=O,"InChI=1S/C12H21N3O5/c1-6(13-9(4)16)10(17)14-7(2)11(18)15-8(3)12(19)20-5/h6-8H,1-5H3,(H,13,16)(H,14,17)(H,15,18)/t6-,7-,8+/m1/s1"
COC(=O)C([H])(C)NC(=O)C([H])(C)NC(=O)CNC(C)=O,"InChI=1S/C11H19N3O5/c1-6(13-9(16)5-12-8(3)15)10(17)14-7(2)11(18)19-4/h6-7H,5H2,1-4H3,(H,12,15)(H,13,16)(H,14,17)/t6-,7+/m1/s1"
COC(=O)CNC(=O)C([H])(C)NC(=O)C([H])(C)NC(C)=O,"InChI=1S/C11H19N3O5/c1-6(10(17)12-5-9(16)19-4)14-11(18)7(2)13-8(3)15/h6-7H,5H2,1-4H3,(H,12,17)(H,13,15)(H,14,18)/t6-,7+/m0/s1"
COC(=O)CNC(=O)C([H])(C)NC(=O)CNC(C)=O,"InChI=1S/C10H17N3O5/c1-6(10(17)12-5-9(16)18-3)13-8(15)4-11-7(2)14/h6H,4-5H2,1-3H3,(H,11,14)(H,12,17)(H,13,15)/t6-/m1/s1"
COC(=O)C([H])(C)NC(=O)CNC(=O)CNC(C)=O,"InChI=1S/C10H17N3O5/c1-6(10(17)18-3)13-9(16)5-12-8(15)4-11-7(2)14/h6H,4-5H2,1-3H3,(H,11,14)(H,12,15)(H,13,16)/t6-/m1/s1"
COC(=O)CNC(=O)CNC(=O)CNC(C)=O,"InChI=1S/C9H15N3O5/c1-6(13)10-3-7(14)11-4-8(15)12-5-9(16)17-2/h3-5H2,1-2H3,(H,10,13)(H,11,14)(H,12,15)"
COC(=O)C([H])(C)NC(=O)C([H])(C)NC(C)=O,"InChI=1S/C9H16N2O4/c1-5(10-7(3)12)8(13)11-6(2)9(14)15-4/h5-6H,1-4H3,(H,10,12)(H,11,13)/t5-,6+/m1/s1"
COC(=O)CNC(=O)CNC(C)=O,"InChI=1S/C7H12N2O4/c1-5(10)8-3-6(11)9-4-7(12)13-2/h3-4H2,1-2H3,(H,8,10)(H,9,11)"
C(CC(c(c4)cccc4)c(c3)cccc3)C(c(c2)cccc2)c(c1)cccc1,"InChI=1S/C28H26/c1-5-13-23(14-6-1)27(24-15-7-2-8-16-24)21-22-28(25-17-9-3-10-18-25)26-19-11-4-12-20-26/h1-20,27-28H,21-22H2"
c(c2)ccc(c2)C(=C)c(c1)cccc1,"InChI=1S/C14H12/c1-12(13-8-4-2-5-9-13)14-10-6-3-7-11-14/h2-11H,1H2"
CCCCC(C1)CCCC1,"InChI=1S/C10H20/c1-2-3-7-10-8-5-4-6-9-10/h10H,2-9H2,1H3"
CCCC(C1)CCCC1,"InChI=1S/C9H18/c1-2-6-9-7-4-3-5-8-9/h9H,2-8H2,1H3"
NCCCCCO,"InChI=1S/C5H13NO/c6-4-2-1-3-5-7/h7H,1-6H2"
CC(C2)C(C1)C(C)(C)C(C2)1,"InChI=1S/C10H18/c1-7-4-5-8-6-9(7)10(8,2)3/h7-9H,4-6H2,1-3H3"
CC(C)CC(N1)C(=O)NC(C)C(=O)1,"InChI=1S/C9H16N2O2/c1-5(2)4-7-9(13)10-6(3)8(12)11-7/h5-7H,4H2,1-3H3,(H,10,13)(H,11,12)"
OCC(N1)C(=O)NCC(=O)1,"InChI=1S/C5H8N2O3/c8-2-3-5(10)6-1-4(9)7-3/h3,8H,1-2H2,(H,6,10)(H,7,9)"
OCC(N1)C(=O)NC(C)C(=O)1,"InChI=1S/C6H10N2O3/c1-3-5(10)8-4(2-9)6(11)7-3/h3-4,9H,2H2,1H3,(H,7,11)(H,8,10)"
CSCCC(N1)C(=O)NCC(=O)1,"InChI=1S/C7H12N2O2S/c1-12-3-2-5-7(11)8-4-6(10)9-5/h5H,2-4H2,1H3,(H,8,11)(H,9,10)"
CCCCC(CC)CN,"InChI=1S/C8H19N/c1-3-5-6-8(4-2)7-9/h8H,3-7,9H2,1-2H3"
CCCCCCC(C)N,"InChI=1S/C8H19N/c1-3-4-5-6-7-8(2)9/h8H,3-7,9H2,1-2H3"
CCCCCCCN,"InChI=1S/C7H17N/c1-2-3-4-5-6-7-8/h2-8H2,1H3"
CCCCCCN,"InChI=1S/C6H15N/c1-2-3-4-5-6-7/h2-7H2,1H3"
CCCCCN,"InChI=1S/C5H13N/c1-2-3-4-5-6/h2-6H2,1H3"
Fc(c1)ccc(c1)[N+1]([O-1])=O,InChI=1S/C6H4FNO2/c7-5-1-3-6(4-2-5)8(9)10/h1-4H
Fc(c1)cc(cc1)[N+1]([O-1])=O,InChI=1S/C6H4FNO2/c7-5-2-1-3-6(4-5)8(9)10/h1-4H
[O-1][N+1](=O)c(c1)c(F)ccc1,InChI=1S/C6H4FNO2/c7-5-3-1-2-4-6(5)8(9)10/h1-4H
COc(c1)c(ccc1)[N+1]([O-1])=O,"InChI=1S/C7H7NO3/c1-11-7-5-3-2-4-6(7)8(9)10/h2-5H,1H3"
[O-1][N+1](=O)c(c1)c(N)ccc1,"InChI=1S/C6H6N2O2/c7-5-3-1-2-4-6(5)8(9)10/h1-4H,7H2"
N#Cc(c1)ccc(C)c1,"InChI=1S/C8H7N/c1-7-2-4-8(6-9)5-3-7/h2-5H,1H3"
N#Cc(c1)cc(C)cc1,"InChI=1S/C8H7N/c1-7-3-2-4-8(5-7)6-9/h2-5H,1H3"
[O-1][N+1](=O)c(c1)c(C)ccc1,"InChI=1S/C7H7NO2/c1-6-4-2-3-5-7(6)8(9)10/h2-5H,1H3"
CCOC(=O)c(c1)cc(O)cc1,"InChI=1S/C9H10O3/c1-2-12-9(11)7-4-3-5-8(10)6-7/h3-6,10H,2H2,1H3"
CC(C)COC(=O)c(c1)ccc(I)c1,"InChI=1S/C11H13IO2/c1-8(2)7-14-11(13)9-3-5-10(12)6-4-9/h3-6,8H,7H2,1-2H3"
CC(C)COC(=O)c(c1)ccc(Br)c1,"InChI=1S/C11H13BrO2/c1-8(2)7-14-11(13)9-3-5-10(12)6-4-9/h3-6,8H,7H2,1-2H3"
CC(C)COC(=O)c(c1)ccc(Cl)c1,"InChI=1S/C11H13ClO2/c1-8(2)7-14-11(13)9-3-5-10(12)6-4-9/h3-6,8H,7H2,1-2H3"
CC(C)COC(=O)c(c1)ccc(F)c1,"InChI=1S/C11H13FO2/c1-8(2)7-14-11(13)9-3-5-10(12)6-4-9/h3-6,8H,7H2,1-2H3"
CC(C)COC(=O)c(c1)c(I)ccc1,"InChI=1S/C11H13IO2/c1-8(2)7-14-11(13)9-5-3-4-6-10(9)12/h3-6,8H,7H2,1-2H3"
CC(C)COC(=O)c(c1)c(Br)ccc1,"InChI=1S/C11H13BrO2/c1-8(2)7-14-11(13)9-5-3-4-6-10(9)12/h3-6,8H,7H2,1-2H3"
CC(C)COC(=O)c(c1)c(Cl)ccc1,"InChI=1S/C11H13ClO2/c1-8(2)7-14-11(13)9-5-3-4-6-10(9)12/h3-6,8H,7H2,1-2H3"
CC(C)COC(=O)c(c1)c(F)ccc1,"InChI=1S/C11H13FO2/c1-8(2)7-14-11(13)9-5-3-4-6-10(9)12/h3-6,8H,7H2,1-2H3"
CCCCCOC(=O)c(c1)c(N)ccc1,"InChI=1S/C12H17NO2/c1-2-3-6-9-15-12(14)10-7-4-5-8-11(10)13/h4-5,7-8H,2-3,6,9,13H2,1H3"
CC(C)COC(=O)c(c1)ccc(N)c1,"InChI=1S/C11H15NO2/c1-8(2)7-14-11(13)9-3-5-10(12)6-4-9/h3-6,8H,7,12H2,1-2H3"
CC(C)OC(=O)c(c1)ccc(N)c1,"InChI=1S/C10H13NO2/c1-7(2)13-10(12)8-3-5-9(11)6-4-8/h3-7H,11H2,1-2H3"
Cc(c1)cc(Br)cc1,"InChI=1S/C7H7Br/c1-6-3-2-4-7(8)5-6/h2-5H,1H3"
c(c6)(cc(c(c6)C(C(C1(c(c5)c(O)cc(O)c5)[H])([H])C(c(c32)c(cc(c2C(C(=C(c(c4)c(O)cc(O)c4)O3)CC=C(C)C)=O)O)O)C=C(C)C1)=O)O)O,"InChI=1S/C40H36O11/c1-18(2)4-8-26-38(50)36-33(48)17-32(47)35(40(36)51-39(26)25-11-7-22(43)16-31(25)46)28-13-19(3)12-27(23-9-5-20(41)14-29(23)44)34(28)37(49)24-10-6-21(42)15-30(24)45/h4-7,9-11,13-17,27-28,34,41-48H,8,12H2,1-3H3/t27-,28-,34-/m1/s1"
CC(C)=CCc(c(O)3)c(O1)c(c(O)c3)C(=O)C(CC=C(C)C)=C(c(c2)c(O)cc(O)c2)1,"InChI=1S/C25H26O6/c1-13(2)5-8-17-20(28)12-21(29)22-23(30)18(9-6-14(3)4)24(31-25(17)22)16-10-7-15(26)11-19(16)27/h5-7,10-12,26-29H,8-9H2,1-4H3"
CC(C)=CCc(c(O)3)c(O)cc(c3)c(o1)c([H])c(c2)c(cc(O)c2)1,"InChI=1S/C19H18O4/c1-11(2)3-6-15-16(21)7-13(8-17(15)22)18-9-12-4-5-14(20)10-19(12)23-18/h3-5,7-10,20-22H,6H2,1-2H3"
c(c1)c(cc(o2)c1cc2c(c6)cc(c(c6O)C(C3C(=O)c(c5O)ccc(c5CC=C(C)C)O)C=C(CC(c(c(O)4)ccc(O)c4)3)C)O)O,"InChI=1S/C39H36O9/c1-19(2)4-8-26-30(42)11-10-27(38(26)46)39(47)36-28(25-9-7-23(40)17-31(25)43)12-20(3)13-29(36)37-32(44)14-22(15-33(37)45)34-16-21-5-6-24(41)18-35(21)48-34/h4-7,9-11,13-18,28-29,36,40-46H,8,12H2,1-3H3"
c(c7)c(C12O)c(cc7O)OC(C(=O)c(c(O)3)c(cc(O)c3C(C4C(=O)c(c6)c(O)cc(c6)O)C=C(C)CC4c(c5O)ccc(O)c5)O2)1CC=C(C)C,"InChI=1S/C40H36O12/c1-18(2)10-11-39-38(49)35-32(52-40(39,50)27-9-6-22(43)16-31(27)51-39)17-30(46)34(37(35)48)26-13-19(3)12-25(23-7-4-20(41)14-28(23)44)33(26)36(47)24-8-5-21(42)15-29(24)45/h4-10,13-17,25-26,33,41-46,48,50H,11-12H2,1-3H3"
CN(C(=O)1)C([H])(CC(C)C)C(=O)OC(C(N(C)C([H])(CC(C)C)C(=O)OC(C(N(C)C([H])(CC(C)C)C(=O)OC1(C(C)C)[H])=O)(C(C)C)[H])=O)(C(C)C)[H],"InChI=1S/C36H63N3O9/c1-19(2)16-25-34(43)46-29(23(9)10)32(41)38(14)27(18-21(5)6)36(45)48-30(24(11)12)33(42)39(15)26(17-20(3)4)35(44)47-28(22(7)8)31(40)37(25)13/h19-30H,16-18H2,1-15H3/t25-,26-,27-,28+,29+,30+/m0/s1"
CC1=C(C(=O)C2=C(C1=O)C[C@@H]3CN4[C@H]([C@H]2N3C)CC5=C([C@@H]4CNC(=O)C(=O)C)C(=O)C(=C(C5=O)C)OC)OC,"InChI=1S/C28H31N3O8/c1-11-22(33)15-7-14-10-31-17(21(30(14)4)20(15)25(36)27(11)39-6)8-16-19(18(31)9-29-28(37)13(3)32)24(35)26(38-5)12(2)23(16)34/h14,17-18,21H,7-10H2,1-6H3,(H,29,37)/t14-,17+,18+,21-/m1/s1"
O=C(C(C)=O)NCC(N52)(c(c1=O)c(CC2(C(c34)(N(C)C(C5([H])C#N)([H])Cc3c(c(c(OC)c4=O)C)=O)[H])[H])c(c(c(OC)1)C)=O)[H],"InChI=1S/C29H30N4O8/c1-11-23(35)14-8-17-22-21-15(24(36)12(2)28(41-6)26(21)38)7-16(32(22)4)18(9-30)33(17)19(10-31-29(39)13(3)34)20(14)25(37)27(11)40-5/h16-19,22H,7-8,10H2,1-6H3,(H,31,39)/t16?,17-,18-,19-,22?/m0/s1"
[H]C(O)(C(OC)7[H])C([H])(C)OC(C7([H])O)(OC([H])(C([H])(O)1)C(Oc(c25)cccc(c(O)c(c64)C(Oc(c36)ccc(c3C(=O)Oc45)C)=O)2)(OC([H])(C)C1([H])O)[H])[H],"InChI=1S/C32H32O14/c1-10-8-9-15-18-16(10)29(38)45-26-17-13(23(35)20(19(18)26)30(39)43-15)6-5-7-14(17)44-32-28(24(36)21(33)11(2)42-32)46-31-25(37)27(40-4)22(34)12(3)41-31/h5-9,11-12,21-22,24-25,27-28,31-37H,1-4H3"
CC(O1)C1C(=O)C(O)(C(C)3)C(O)C(C(O)4)(O2)C(C(=O)c(c5)c(c(O)cc5)4)(C(O)3)2,"InChI=1S/C19H20O9/c1-6-12(21)18-13(22)8-4-3-5-9(20)10(8)14(23)19(18,28-18)16(25)17(6,26)15(24)11-7(2)27-11/h3-7,11-12,14,16,20-21,23,25-26H,1-2H3"
[H]C(C2)(C1)C([H])(CCC2)CC1,"InChI=1S/C9H16/c1-2-5-9-7-3-6-8(9)4-1/h8-9H,1-7H2/t8-,9+"
C1CC[C@H]2CC(=O)CC[C@H]2C1,"InChI=1S/C10H16O/c11-10-6-5-8-3-1-2-4-9(8)7-10/h8-9H,1-7H2/t8-,9+/m1/s1"
O=C(C1)C([H])(C2)C([H])(CCC2)CC1,"InChI=1S/C10H16O/c11-10-7-3-5-8-4-1-2-6-9(8)10/h8-9H,1-7H2/t8-,9+/m0/s1"
[H]C(C2)(C1)C([H])(CCC2)CCC1,"InChI=1S/C10H18/c1-2-6-10-8-4-3-7-9(10)5-1/h9-10H,1-8H2"
CC(=O)OC([H])(C1)CCC([H])(C1)C(C)(C)C,"InChI=1S/C12H22O2/c1-9(13)14-11-7-5-10(6-8-11)12(2,3)4/h10-11H,5-8H2,1-4H3/t10-,11-"
CC(=O)OC([H])(C1)C([H])(CCC1)C(C)(C)C,"InChI=1S/C12H22O2/c1-9(13)14-11-8-6-5-7-10(11)12(2,3)4/h10-11H,5-8H2,1-4H3/t10-,11-/m1/s1"
N#CC=C(C)CCC=C(C)C,"InChI=1S/C10H15N/c1-9(2)5-4-6-10(3)7-8-11/h5,7H,4,6H2,1-3H3/b10-7-"
COC(=O)C([H])(C)NC(=O)C([H])(C(C)C)NC(=O)CNC(C)=O,"InChI=1S/C13H23N3O5/c1-7(2)11(16-10(18)6-14-9(4)17)12(19)15-8(3)13(20)21-5/h7-8,11H,6H2,1-5H3,(H,14,17)(H,15,19)(H,16,18)/t8-,11+/m0/s1"
COC(=O)CNC(=O)C([H])(C(C)C)NC(=O)C([H])(C)NC(C)=O,"InChI=1S/C13H23N3O5/c1-7(2)11(13(20)14-6-10(18)21-5)16-12(19)8(3)15-9(4)17/h7-8,11H,6H2,1-5H3,(H,14,20)(H,15,17)(H,16,19)/t8-,11+/m0/s1"
COC(=O)CNC(=O)C([H])(C(C)C)NC(=O)CNC(C)=O,"InChI=1S/C12H21N3O5/c1-7(2)11(12(19)14-6-10(18)20-4)15-9(17)5-13-8(3)16/h7,11H,5-6H2,1-4H3,(H,13,16)(H,14,19)(H,15,17)/t11-/m1/s1"
CC(=O)NCC(=O)NC([H])(CC(C)C)C(=O)NC([H])(C)C(=O)OC,"InChI=1S/C14H25N3O5/c1-8(2)6-11(17-12(19)7-15-10(4)18)13(20)16-9(3)14(21)22-5/h8-9,11H,6-7H2,1-5H3,(H,15,18)(H,16,20)(H,17,19)/t9-,11+/m0/s1"
COC(=O)CNC(=O)C([H])(CC(C)C)NC(=O)C([H])(C)NC(C)=O,"InChI=1S/C14H25N3O5/c1-8(2)6-11(14(21)15-7-12(19)22-5)17-13(20)9(3)16-10(4)18/h8-9,11H,6-7H2,1-5H3,(H,15,21)(H,16,18)(H,17,20)/t9-,11+/m0/s1"
COC(=O)C([H])(C)NC(=O)C([H])(CC(C)C)NC(=O)C([H])(C)NC(C)=O,"InChI=1S/C15H27N3O5/c1-8(2)7-12(14(21)17-10(4)15(22)23-6)18-13(20)9(3)16-11(5)19/h8-10,12H,7H2,1-6H3,(H,16,19)(H,17,21)(H,18,20)/t9-,10-,12+/m0/s1"
CCOC(=O)CNC(=O)C([H])(CCSC)NC(=O)CNC(C)=O,"InChI=1S/C13H23N3O5S/c1-4-21-12(19)8-15-13(20)10(5-6-22-3)16-11(18)7-14-9(2)17/h10H,4-8H2,1-3H3,(H,14,17)(H,15,20)(H,16,18)/t10-/m1/s1"
COC(=O)C([H])(C)NC(=O)C([H])(Cc(c1)cccc1)NC(=O)C([H])(C)NC(C)=O,"InChI=1S/C18H25N3O5/c1-11(19-13(3)22)16(23)21-15(10-14-8-6-5-7-9-14)17(24)20-12(2)18(25)26-4/h5-9,11-12,15H,10H2,1-4H3,(H,19,22)(H,20,24)(H,21,23)/t11-,12-,15+/m0/s1"
CC(=O)NCC(=O)NC([H])(Cc(c1)cccc1)C(=O)NC([H])(C)C(=O)OC,"InChI=1S/C17H23N3O5/c1-11(17(24)25-3)19-16(23)14(9-13-7-5-4-6-8-13)20-15(22)10-18-12(2)21/h4-8,11,14H,9-10H2,1-3H3,(H,18,21)(H,19,23)(H,20,22)/t11-,14+/m0/s1"
COC(=O)CNC(=O)C([H])(Cc(c1)cccc1)NC(=O)C([H])(C)NC(C)=O,"InChI=1S/C17H23N3O5/c1-11(19-12(2)21)16(23)20-14(9-13-7-5-4-6-8-13)17(24)18-10-15(22)25-3/h4-8,11,14H,9-10H2,1-3H3,(H,18,24)(H,19,21)(H,20,23)/t11-,14-/m1/s1"
COC(=O)CNC(=O)C([H])(NC(=O)CNC(C)=O)Cc(c1)cccc1,"InChI=1S/C16H21N3O5/c1-11(20)17-9-14(21)19-13(8-12-6-4-3-5-7-12)16(23)18-10-15(22)24-2/h3-7,13H,8-10H2,1-2H3,(H,17,20)(H,18,23)(H,19,21)/t13-/m1/s1"
COC(=O)C([H])(C)NC(=O)C([H])(Cc(c1)cccc1)NC(=O)C([H])(NC(C)=O)C(C)C,"InChI=1S/C20H29N3O5/c1-12(2)17(22-14(4)24)19(26)23-16(11-15-9-7-6-8-10-15)18(25)21-13(3)20(27)28-5/h6-10,12-13,16-17H,11H2,1-5H3,(H,21,25)(H,22,24)(H,23,26)/t13-,16+,17+/m0/s1"
COC(=O)C([H])(C)NC(=O)C([H])(CC(C)C)NC(=O)C([H])(NC(C)=O)C(C)C,"InChI=1S/C17H31N3O5/c1-9(2)8-13(15(22)18-11(5)17(24)25-7)20-16(23)14(10(3)4)19-12(6)21/h9-11,13-14H,8H2,1-7H3,(H,18,22)(H,19,21)(H,20,23)/t11-,13-,14-/m0/s1"
COC(=O)CNC(=O)C([H])(CC(C)C)NC(=O)C([H])(NC(C)=O)C(C)C,"InChI=1S/C16H29N3O5/c1-9(2)7-12(15(22)17-8-13(21)24-6)19-16(23)14(10(3)4)18-11(5)20/h9-10,12,14H,7-8H2,1-6H3,(H,17,22)(H,18,20)(H,19,23)/t12-,14-/m0/s1"
COC(=O)C([H])(C)NC(=O)CNC(=O)C([H])(NC(C)=O)C(C)C,"InChI=1S/C13H23N3O5/c1-7(2)11(16-9(4)17)12(19)14-6-10(18)15-8(3)13(20)21-5/h7-8,11H,6H2,1-5H3,(H,14,19)(H,15,18)(H,16,17)/t8-,11-/m0/s1"
COC(=O)CNC(=O)C([H])(C)NC(=O)C([H])(NC(C)=O)C(C)C,"InChI=1S/C13H23N3O5/c1-7(2)11(16-9(4)17)13(20)15-8(3)12(19)14-6-10(18)21-5/h7-8,11H,6H2,1-5H3,(H,14,19)(H,15,20)(H,16,17)/t8-,11-/m0/s1"
CC(C)C(N1)C(=O)NC(C)C(=O)1,"InChI=1S/C8H14N2O2/c1-4(2)6-8(12)9-5(3)7(11)10-6/h4-6H,1-3H3,(H,9,12)(H,10,11)"
CC(C)CC(N1)C(=O)NCC(=O)1,"InChI=1S/C8H14N2O2/c1-5(2)3-6-8(12)9-4-7(11)10-6/h5-6H,3-4H2,1-2H3,(H,9,12)(H,10,11)"
CC(C)C(N1)C(=O)NCC(=O)1,"InChI=1S/C7H12N2O2/c1-4(2)6-7(11)8-3-5(10)9-6/h4,6H,3H2,1-2H3,(H,8,11)(H,9,10)"
CC(N1)C(=O)NC(C)C(=O)1,"InChI=1S/C6H10N2O2/c1-3-5(9)8-4(2)6(10)7-3/h3-4H,1-2H3,(H,7,10)(H,8,9)"
COC(=O)CC([H])(NC(C)=O)C(=O)OC,"InChI=1S/C8H13NO5/c1-5(10)9-6(8(12)14-3)4-7(11)13-2/h6H,4H2,1-3H3,(H,9,10)/t6-/m0/s1"
COC(=O)CCC([H])(NC(C)=O)C(=O)OC,"InChI=1S/C9H15NO5/c1-6(11)10-7(9(13)15-3)4-5-8(12)14-2/h7H,4-5H2,1-3H3,(H,10,11)/t7-/m1/s1"
CCOC(=O)CC([H])(NC(C)=O)C(=O)OCC,"InChI=1S/C10H17NO5/c1-4-15-9(13)6-8(11-7(3)12)10(14)16-5-2/h8H,4-6H2,1-3H3,(H,11,12)/t8-/m0/s1"
CCOC(=O)CCC([H])(NC(C)=O)C(=O)OCC,"InChI=1S/C11H19NO5/c1-4-16-10(14)7-6-9(12-8(3)13)11(15)17-5-2/h9H,4-7H2,1-3H3,(H,12,13)/t9-/m1/s1"
COC(=O)C([H])(NC(C)=O)Cc(c1)cccc1,"InChI=1S/C12H15NO3/c1-9(14)13-11(12(15)16-2)8-10-6-4-3-5-7-10/h3-7,11H,8H2,1-2H3,(H,13,14)/t11-/m1/s1"
COC(=O)C([H])(CCSC)NC(C)=O,"InChI=1S/C8H15NO3S/c1-6(10)9-7(4-5-13-3)8(11)12-2/h7H,4-5H2,1-3H3,(H,9,10)/t7-/m1/s1"
COC(=O)C([H])(CO)NC(C)=O,"InChI=1S/C6H11NO4/c1-4(9)7-5(3-8)6(10)11-2/h5,8H,3H2,1-2H3,(H,7,9)/t5-/m1/s1"
COC(=O)C([H])(CC(C)C)NC(C)=O,"InChI=1S/C9H17NO3/c1-6(2)5-8(9(12)13-4)10-7(3)11/h6,8H,5H2,1-4H3,(H,10,11)/t8-/m1/s1"
COC(=O)C([H])(NC(C)=O)C(C)C,"InChI=1S/C8H15NO3/c1-5(2)7(8(11)12-4)9-6(3)10/h5,7H,1-4H3,(H,9,10)/t7-/m0/s1"
CCC([H])(C)C([H])(NC(C)=O)C(=O)OC,"InChI=1S/C9H17NO3/c1-5-6(2)8(9(12)13-4)10-7(3)11/h6,8H,5H2,1-4H3,(H,10,11)/t6-,8-/m0/s1"
COC(=O)C([H])(C)NC(C)=O,"InChI=1S/C6H11NO3/c1-4(6(9)10-3)7-5(2)8/h4H,1-3H3,(H,7,8)/t4-/m1/s1"
COC(=O)CNC(C)=O,"InChI=1S/C5H9NO3/c1-4(7)6-3-5(8)9-2/h3H2,1-2H3,(H,6,7)"
Cc(c1)ccc(I)c1,"InChI=1S/C7H7I/c1-6-2-4-7(8)5-3-6/h2-5H,1H3"
Cc(c1)cc(I)cc1,"InChI=1S/C7H7I/c1-6-3-2-4-7(8)5-6/h2-5H,1H3"
Cc(c1)c(I)ccc1,"InChI=1S/C7H7I/c1-6-4-2-3-5-7(6)8/h2-5H,1H3"
CCOC(=O)c(c1)c(N)ccc1,"InChI=1S/C9H11NO2/c1-2-12-9(11)7-5-3-4-6-8(7)10/h3-6H,2,10H2,1H3"
COC(=O)c(c1)c(N)ccc1,"InChI=1S/C8H9NO2/c1-11-8(10)6-4-2-3-5-7(6)9/h2-5H,9H2,1H3"
CC(C)COC(=O)c(c1)ccc(O)c1,"InChI=1S/C11H14O3/c1-8(2)7-14-11(13)9-3-5-10(12)6-4-9/h3-6,8,12H,7H2,1-2H3"
CC(C)OC(=O)c(c1)ccc(O)c1,"InChI=1S/C10H12O3/c1-7(2)13-10(12)8-3-5-9(11)6-4-8/h3-7,11H,1-2H3"
CCCOC(=O)c(c1)ccc(O)c1,"InChI=1S/C10H12O3/c1-2-7-13-10(12)8-3-5-9(11)6-4-8/h3-6,11H,2,7H2,1H3"
COC(=O)c(c1)ccc(O)c1,"InChI=1S/C8H8O3/c1-11-8(10)6-2-4-7(9)5-3-6/h2-5,9H,1H3"
COC(=O)c(c1)cc(O)cc1,"InChI=1S/C8H8O3/c1-11-8(10)6-3-2-4-7(9)5-6/h2-5,9H,1H3"
[2H]C([2H])([2H])C([2H])(C([2H])([2H])[2H])OC(=O)c(c1)c(C)ccc1,"InChI=1S/C11H14O2/c1-8(2)13-11(12)10-7-5-4-6-9(10)3/h4-8H,1-3H3/i1D3,2D3,8D"
[2H]C([2H])([2H])C(C([2H])([2H])[2H])OC(=O)c(c1)c(C)ccc1,"InChI=1S/C11H14O2/c1-8(2)13-11(12)10-7-5-4-6-9(10)3/h4-8H,1-3H3/i1D3,2D3"
[2H]C(C)(C)OC(=O)c(c1)c(C)ccc1,"InChI=1S/C11H14O2/c1-8(2)13-11(12)10-7-5-4-6-9(10)3/h4-8H,1-3H3/i8D"
[2H]C([2H])([2H])C(C)OC(=O)c(c1)c(C)ccc1,"InChI=1S/C11H14O2/c1-8(2)13-11(12)10-7-5-4-6-9(10)3/h4-8H,1-3H3/i1D3"
CC(C)CCOC(=O)c(c1)ccc(C)c1,"InChI=1S/C13H18O2/c1-10(2)8-9-15-13(14)12-6-4-11(3)5-7-12/h4-7,10H,8-9H2,1-3H3"
CC(C)CCOC(=O)c(c1)c(C)ccc1,"InChI=1S/C13H18O2/c1-10(2)8-9-15-13(14)12-7-5-4-6-11(12)3/h4-7,10H,8-9H2,1-3H3"
CCCCCOC(=O)c(c1)ccc(C)c1,"InChI=1S/C13H18O2/c1-3-4-5-10-15-13(14)12-8-6-11(2)7-9-12/h6-9H,3-5,10H2,1-2H3"
CCCCCOC(=O)c(c1)c(C)ccc1,"InChI=1S/C13H18O2/c1-3-4-7-10-15-13(14)12-9-6-5-8-11(12)2/h5-6,8-9H,3-4,7,10H2,1-2H3"
CC(C)COC(=O)c(c1)ccc(C)c1,"InChI=1S/C12H16O2/c1-9(2)8-14-12(13)11-6-4-10(3)5-7-11/h4-7,9H,8H2,1-3H3"
CC(C)COC(=O)c(c1)c(C)ccc1,"InChI=1S/C12H16O2/c1-9(2)8-14-12(13)11-7-5-4-6-10(11)3/h4-7,9H,8H2,1-3H3"
CCCCOC(=O)c(c1)ccc(C)c1,"InChI=1S/C12H16O2/c1-3-4-9-14-12(13)11-7-5-10(2)6-8-11/h5-8H,3-4,9H2,1-2H3"
CCCCOC(=O)c(c1)cc(C)cc1,"InChI=1S/C12H16O2/c1-3-4-8-14-12(13)11-7-5-6-10(2)9-11/h5-7,9H,3-4,8H2,1-2H3"
CCCCOC(=O)c(c1)c(C)ccc1,"InChI=1S/C12H16O2/c1-3-4-9-14-12(13)11-8-6-5-7-10(11)2/h5-8H,3-4,9H2,1-2H3"
CC(C)OC(=O)c(c1)ccc(C)c1,"InChI=1S/C11H14O2/c1-8(2)13-11(12)10-6-4-9(3)5-7-10/h4-8H,1-3H3"
CC(C)OC(=O)c(c1)c(C)ccc1,"InChI=1S/C11H14O2/c1-8(2)13-11(12)10-7-5-4-6-9(10)3/h4-8H,1-3H3"
CCOC(=O)c(c1)c(C)ccc1,"InChI=1S/C10H12O2/c1-3-12-10(11)9-7-5-4-6-8(9)2/h4-7H,3H2,1-2H3"
Cc(c1)cc(cc1)C(O)=O,"InChI=1S/C8H8O2/c1-6-3-2-4-7(5-6)8(9)10/h2-5H,1H3,(H,9,10)"
OC(=O)c(c1)c(C)ccc1,"InChI=1S/C8H8O2/c1-6-4-2-3-5-7(6)8(9)10/h2-5H,1H3,(H,9,10)"
CC(C)(C)OC(=O)c(c1)cccc1,"InChI=1S/C11H14O2/c1-11(2,3)13-10(12)9-7-5-4-6-8-9/h4-8H,1-3H3"
CC(C1)C(O)CCC1,"InChI=1S/C7H14O/c1-6-4-2-3-5-7(6)8/h6-8H,2-5H2,1H3"
C(C1=4)C(O)CCC(C)1C(C(CC4)3[H])(CCC(C)(C32[H])C(CC2)C(C)CCC(C(C)C)CC)[H],"InChI=1S/C29H50O/c1-7-21(19(2)3)9-8-20(4)25-12-13-26-24-11-10-22-18-23(30)14-16-28(22,5)27(24)15-17-29(25,26)6/h10,19-21,23-27,30H,7-9,11-18H2,1-6H3/t20-,21-,23+,24+,25-,26+,27+,28+,29-/m1/s1"
Oc(c1)cc(Cl)cc1,"InChI=1S/C6H5ClO/c7-5-2-1-3-6(8)4-5/h1-4,8H"
Clc(c1)cc(Cl)c(O)c(Cl)1,"InChI=1S/C6H3Cl3O/c7-3-1-4(8)6(10)5(9)2-3/h1-2,10H"
Oc(c1)c(Cl)cc(Cl)c(Cl)1,"InChI=1S/C6H3Cl3O/c7-3-1-5(9)6(10)2-4(3)8/h1-2,10H"
Oc(c1)cc(Cl)cc(Cl)1,"InChI=1S/C6H4Cl2O/c7-4-1-5(8)3-6(9)2-4/h1-3,9H"
Oc(c1)c(Cl)cc(Cl)c1,"InChI=1S/C6H4Cl2O/c7-4-1-2-6(9)5(8)3-4/h1-3,9H"
Oc(c1)c(Cl)c(Cl)cc1,"InChI=1S/C6H4Cl2O/c7-4-2-1-3-5(9)6(4)8/h1-3,9H"
Clc(c1)c(O)c(Cl)cc1,"InChI=1S/C6H4Cl2O/c7-4-2-1-3-5(8)6(4)9/h1-3,9H"
Oc(c1)c(Cl)ccc(Cl)1,"InChI=1S/C6H4Cl2O/c7-4-1-2-5(8)6(9)3-4/h1-3,9H"
[O-1][N+1](=O)c(c4)c(c1)c(c3c4)c(c2cc3)c(ccc2)c1,InChI=1S/C16H9NO2/c18-17(19)14-9-7-12-5-4-10-2-1-3-11-6-8-13(14)16(12)15(10)11/h1-9H
